month,k,symbol,entry_px,exit_px,bought,sold,gross_return,net_return,bench_return,excess_return,px_fallback
2015-07-31,85,000070,128122,119781,True,False,-0.065102,-0.0661666,-0.0486234,-0.0175432,False
2015-07-31,85,000230,34744,27795,True,True,-0.200006,-0.203714,-0.0486234,-0.15509,False
2015-07-31,85,001060,24132,26063,True,True,0.0800182,0.0750127,-0.0486234,0.123636,False
2015-07-31,85,001360,8530,8643,True,True,0.0132474,0.00855125,-0.0486234,0.0571746,False
2015-07-31,85,002020,61000,84200,True,True,0.380328,0.37393,-0.0486234,0.422554,False
2015-07-31,85,002630,14309,13611,True,False,-0.0487805,-0.0498636,-0.0486234,-0.00124028,False
2015-07-31,85,002790,193054,170107,True,True,-0.118863,-0.122947,-0.0486234,-0.0743236,False
2015-07-31,85,006340,2710,2285,True,True,-0.156827,-0.160734,-0.0486234,-0.112111,False
2015-07-31,85,007570,63098,52862,True,False,-0.162224,-0.163178,-0.0486234,-0.114554,False
2015-07-31,85,008930,104764,129926,True,False,0.240178,0.238766,-0.0486234,0.287389,False
2015-07-31,85,009240,299000,319000,True,False,0.0668896,0.0656748,-0.0486234,0.114298,False
2015-07-31,85,009420,11400,9820,True,False,-0.138596,-0.139577,-0.0486234,-0.090954,False
2015-07-31,85,011000,25980,40140,True,True,0.545035,0.537874,-0.0486234,0.586497,False
2015-07-31,85,011090,32050,31500,True,False,-0.0171607,-0.0182798,-0.0486234,0.0303435,False
2015-07-31,85,023590,31050,29650,True,False,-0.0450886,-0.0461759,-0.0486234,0.00244744,False
2015-07-31,85,047810,98400,91300,True,False,-0.0721545,-0.073211,-0.0486234,-0.0245876,False
2015-07-31,85,079160,73518,72567,True,False,-0.0129356,-0.0140596,-0.0486234,0.0345638,False
2015-07-31,85,090430,412000,374000,True,True,-0.092233,-0.0964403,-0.0486234,-0.0478169,False
2015-07-31,85,128940,316828,345010,True,False,0.0889505,0.0877105,-0.0486234,0.136334,False
2015-07-31,85,192820,192121,205025,True,False,0.067166,0.0659508,-0.0486234,0.114574,False
2015-08-31,86,000070,119781,91086,False,False,-0.239562,-0.239562,0.0204434,-0.260006,False
2015-08-31,86,002630,13611,11068,False,False,-0.186834,-0.186834,0.0204434,-0.207278,False
2015-08-31,86,003060,37010,20682,True,False,-0.441178,-0.441814,0.0204434,-0.462258,False
2015-08-31,86,005690,5280,5050,True,True,-0.0435606,-0.0479934,0.0204434,-0.0684368,False
2015-08-31,86,007070,56534,51915,True,False,-0.081703,-0.0827487,0.0204434,-0.103192,False
2015-08-31,86,007570,52862,59966,False,True,0.134388,0.130417,0.0204434,0.109974,False
2015-08-31,86,008930,129926,117139,False,False,-0.0984176,-0.0984176,0.0204434,-0.118861,False
2015-08-31,86,009240,319000,282000,False,False,-0.115987,-0.115987,0.0204434,-0.136431,False
2015-08-31,86,009420,9820,12750,False,True,0.298371,0.293826,0.0204434,0.273383,False
2015-08-31,86,011090,31500,33150,False,False,0.052381,0.052381,0.0204434,0.0319376,False
2015-08-31,86,017800,44416,34545,True,False,-0.22224,-0.223125,0.0204434,-0.243569,False
2015-08-31,86,023590,29650,29250,False,False,-0.0134907,-0.0134907,0.0204434,-0.0339341,False
2015-08-31,86,025560,35352,51856,True,False,0.466848,0.465177,0.0204434,0.444734,False
2015-08-31,86,027410,52449,52320,True,False,-0.00245953,-0.00359543,0.0204434,-0.0240388,False
2015-08-31,86,039130,154340,142130,True,False,-0.0791111,-0.0801597,0.0204434,-0.100603,False
2015-08-31,86,047810,91300,70000,False,False,-0.233297,-0.233297,0.0204434,-0.25374,False
2015-08-31,86,079160,72567,67180,False,False,-0.0742348,-0.0742348,0.0204434,-0.0946782,False
2015-08-31,86,128940,345010,305556,False,False,-0.114356,-0.114356,0.0204434,-0.134799,False
2015-08-31,86,161890,104000,99600,True,True,-0.0423077,-0.0467463,0.0204434,-0.0671897,False
2015-08-31,86,192820,205025,205503,False,True,0.00233142,-0.00117674,0.0204434,-0.0216201,False
2015-09-30,87,000070,91086,108436,False,True,0.190479,0.186313,0.056044,0.130269,False
2015-09-30,87,002020,68900,64100,True,False,-0.0696662,-0.0707256,0.056044,-0.12677,False
2015-09-30,87,002630,11068,12763,False,True,0.153144,0.149108,0.056044,0.0930642,False
2015-09-30,87,003060,20682,22559,False,False,0.0907552,0.0907552,0.056044,0.0347113,False
2015-09-30,87,006650,168500,177000,True,True,0.0504451,0.0455766,0.056044,-0.0104674,False
2015-09-30,87,007070,51915,49948,False,False,-0.0378889,-0.0378889,0.056044,-0.0939328,False
2015-09-30,87,008930,117139,108886,False,False,-0.0704548,-0.0704548,0.056044,-0.126499,False
2015-09-30,87,009240,282000,235500,False,False,-0.164894,-0.164894,0.056044,-0.220938,False
2015-09-30,87,011000,32995,33730,True,True,0.0222761,0.0175381,0.056044,-0.0385058,False
2015-09-30,87,011090,33150,24350,False,True,-0.26546,-0.268031,0.056044,-0.324075,False
2015-09-30,87,015860,13500,11800,True,True,-0.125926,-0.129977,0.056044,-0.186021,False
2015-09-30,87,017800,34545,35012,False,True,0.0135186,0.00997128,0.056044,-0.0460727,False
2015-09-30,87,023590,29250,25000,False,False,-0.145299,-0.145299,0.056044,-0.201343,False
2015-09-30,87,025560,51856,57517,False,False,0.109168,0.109168,0.056044,0.0531237,False
2015-09-30,87,026960,37000,33100,True,True,-0.105405,-0.109552,0.056044,-0.165596,False
2015-09-30,87,027410,52320,43686,False,False,-0.165023,-0.165023,0.056044,-0.221067,False
2015-09-30,87,039130,142130,121128,False,False,-0.147766,-0.147766,0.056044,-0.20381,False
2015-09-30,87,047810,70000,89900,False,True,0.284286,0.279791,0.056044,0.223747,False
2015-09-30,87,079160,67180,65912,False,False,-0.0188747,-0.0188747,0.056044,-0.0749186,False
2015-09-30,87,128940,305556,411438,False,False,0.346522,0.346522,0.056044,0.290478,False
2015-10-30,88,002020,64100,82800,False,True,0.291732,0.287211,-0.0175698,0.30478,False
2015-10-30,88,003060,22559,22160,False,False,-0.017687,-0.017687,-0.0175698,-0.000117115,False
2015-10-30,88,004060,12650,14300,True,False,0.130435,0.129148,-0.0175698,0.146717,False
2015-10-30,88,004710,22911,27086,True,False,0.182227,0.180881,-0.0175698,0.198451,False
2015-10-30,88,004800,52652,53108,True,False,0.00866064,0.00751208,-0.0175698,0.0250819,False
2015-10-30,88,007070,49948,47468,False,False,-0.0496516,-0.0496516,-0.0175698,-0.0320818,False
2015-10-30,88,007570,62315,60973,True,False,-0.0215357,-0.0226499,-0.0175698,-0.00508009,False
2015-10-30,88,008930,108886,122912,False,False,0.128814,0.128814,-0.0175698,0.146383,False
2015-10-30,88,009240,235500,242000,False,False,0.0276008,0.0276008,-0.0175698,0.0451707,False
2015-10-30,88,009830,25093,28629,True,True,0.140916,0.135628,-0.0175698,0.153198,False
2015-10-30,88,010820,5790,5410,True,False,-0.0656304,-0.0666944,-0.0175698,-0.0491245,False
2015-10-30,88,011170,232411,229554,True,True,-0.0122929,-0.0168706,-0.0175698,0.000699219,False
2015-10-30,88,023590,25000,23100,False,False,-0.076,-0.076,-0.0175698,-0.0584302,False
2015-10-30,88,025560,57517,53028,False,False,-0.0780465,-0.0780465,-0.0175698,-0.0604767,False
2015-10-30,88,027410,43686,45748,False,False,0.0472005,0.0472005,-0.0175698,0.0647703,False
2015-10-30,88,039130,121128,113313,False,True,-0.0645185,-0.0677927,-0.0175698,-0.0502229,False
2015-10-30,88,068270,52971,59696,True,False,0.126956,0.125673,-0.0175698,0.143243,False
2015-10-30,88,079160,65912,73835,False,False,0.120206,0.120206,-0.0175698,0.137776,False
2015-10-30,88,128940,411438,640105,False,False,0.555775,0.555775,-0.0175698,0.573345,False
2015-10-30,88,161890,90800,91000,True,True,0.00220264,-0.00244228,-0.0175698,0.0151276,False
2015-11-30,89,003060,22160,19065,False,False,-0.139666,-0.139666,-0.0251355,-0.114531,False
2015-11-30,89,004060,14300,12050,False,False,-0.157343,-0.157343,-0.0251355,-0.132207,False
2015-11-30,89,004710,27086,25951,False,False,-0.0419036,-0.0419036,-0.0251355,-0.0167681,False
2015-11-30,89,004800,53108,53793,False,True,0.0128982,0.0093531,-0.0251355,0.0344886,False
2015-11-30,89,005110,12220,16256,True,False,0.330278,0.328763,-0.0251355,0.353899,False
2015-11-30,89,007070,47468,46356,False,False,-0.0234263,-0.0234263,-0.0251355,0.00170915,False
2015-11-30,89,007570,60973,54708,False,False,-0.10275,-0.10275,-0.0251355,-0.0776149,False
2015-11-30,89,008600,23476,21822,True,True,-0.0704549,-0.0747631,-0.0251355,-0.0496277,False
2015-11-30,89,008700,1555,1470,True,False,-0.0546624,-0.0557388,-0.0251355,-0.0306034,False
2015-11-30,89,008930,122912,108550,False,False,-0.116848,-0.116848,-0.0251355,-0.0917124,False
2015-11-30,89,009240,242000,229500,False,False,-0.0516529,-0.0516529,-0.0251355,-0.0265174,False
2015-11-30,89,010820,5410,5310,False,False,-0.0184843,-0.0184843,-0.0251355,0.00665117,False
2015-11-30,89,023590,23100,21900,False,True,-0.0519481,-0.0552662,-0.0251355,-0.0301308,False
2015-11-30,89,025560,53028,44237,False,False,-0.16578,-0.16578,-0.0251355,-0.140645,False
2015-11-30,89,027410,45748,44846,False,False,-0.0197167,-0.0197167,-0.0251355,0.00541875,False
2015-11-30,89,047810,83500,78100,True,False,-0.0646707,-0.0657357,-0.0251355,-0.0406003,False
2015-11-30,89,068270,59696,60745,False,False,0.0175724,0.0175724,-0.0251355,0.0427078,False
2015-11-30,89,079160,73835,80490,False,False,0.0901334,0.0901334,-0.0251355,0.115269,False
2015-11-30,89,128940,640105,598740,False,False,-0.0646222,-0.0646222,-0.0251355,-0.0394868,False
2015-11-30,89,192820,177784,176828,True,True,-0.00537731,-0.00998711,-0.0251355,0.0151483,False
2015-12-30,90,002630,13161,15405,True,True,0.170504,0.165079,-0.02687,0.191949,False
2015-12-30,90,003060,19065,27128,False,False,0.422922,0.422922,-0.02687,0.449792,False
2015-12-30,90,004060,12050,11600,False,True,-0.0373444,-0.0407137,-0.02687,-0.0138437,False
2015-12-30,90,004710,25951,21323,False,True,-0.178336,-0.181212,-0.02687,-0.154342,False
2015-12-30,90,005110,16256,13123,False,True,-0.192729,-0.195554,-0.02687,-0.168684,False
2015-12-30,90,007070,46356,56107,False,False,0.21035,0.21035,-0.02687,0.23722,False
2015-12-30,90,007570,54708,69363,False,False,0.267877,0.267877,-0.02687,0.294747,False
2015-12-30,90,008700,1470,1455,False,True,-0.0102041,-0.0136684,-0.02687,0.0132017,False
2015-12-30,90,008930,108550,133278,False,False,0.227803,0.227803,-0.02687,0.254673,False
2015-12-30,90,009240,229500,280000,False,True,0.220044,0.215773,-0.02687,0.242643,False
2015-12-30,90,009830,30796,30112,True,False,-0.0222107,-0.0233241,-0.02687,0.00354595,False
2015-12-30,90,010820,5310,5420,False,False,0.0207156,0.0207156,-0.02687,0.0475857,False
2015-12-30,90,025560,44237,38280,False,False,-0.134661,-0.134661,-0.02687,-0.107791,False
2015-12-30,90,027410,44846,55413,False,False,0.235629,0.235629,-0.02687,0.262499,False
2015-12-30,90,027740,9980,9626,True,False,-0.0354709,-0.0365693,-0.02687,-0.00969922,False
2015-12-30,90,047810,78100,72300,False,False,-0.0742638,-0.0742638,-0.02687,-0.0473937,False
2015-12-30,90,068270,60745,82945,False,False,0.365462,0.365462,-0.02687,0.392332,False
2015-12-30,90,071950,29487,23517,True,True,-0.202462,-0.206158,-0.02687,-0.179288,True
2015-12-30,90,079160,80490,85560,False,False,0.0629892,0.0629892,-0.02687,0.0898592,False
2015-12-30,90,128940,598740,585619,False,False,-0.0219144,-0.0219144,-0.02687,0.00495568,False
2016-01-29,91,001060,34249,28918,True,True,-0.155654,-0.159567,0.0239619,-0.183529,False
2016-01-29,91,003060,27128,25978,False,False,-0.0423916,-0.0423916,0.0239619,-0.0663535,False
2016-01-29,91,004770,5110,4935,True,False,-0.0342466,-0.0353463,0.0239619,-0.0593081,False
2016-01-29,91,007070,56107,44133,False,False,-0.213414,-0.213414,0.0239619,-0.237376,False
2016-01-29,91,007570,69363,57504,False,False,-0.17097,-0.17097,0.0239619,-0.194932,False
2016-01-29,91,008930,133278,126154,False,False,-0.0534522,-0.0534522,0.0239619,-0.077414,False
2016-01-29,91,009830,30112,27945,False,False,-0.0719647,-0.0719647,0.0239619,-0.0959265,False
2016-01-29,91,010820,5420,4990,False,True,-0.0793358,-0.0825581,0.0239619,-0.10652,False
2016-01-29,91,025560,38280,37401,False,False,-0.0229624,-0.0229624,0.0239619,-0.0469242,False
2016-01-29,91,027410,55413,42268,False,False,-0.237219,-0.237219,0.0239619,-0.261181,False
2016-01-29,91,027740,9626,8728,False,False,-0.093289,-0.093289,0.0239619,-0.117251,False
2016-01-29,91,036420,53060,43450,True,False,-0.181116,-0.182048,0.0239619,-0.20601,False
2016-01-29,91,047810,72300,71800,False,True,-0.00691563,-0.0103914,0.0239619,-0.0343533,False
2016-01-29,91,051900,1.005e+06,891000,True,True,-0.113433,-0.117542,0.0239619,-0.141504,False
2016-01-29,91,051910,290000,305000,True,True,0.0517241,0.0468497,0.0239619,0.0228878,False
2016-01-29,91,068270,82945,73523,False,True,-0.113593,-0.116696,0.0239619,-0.140658,False
2016-01-29,91,079160,85560,74151,False,False,-0.133345,-0.133345,0.0239619,-0.157307,False
2016-01-29,91,085310,58140,56680,True,False,-0.0251118,-0.0262219,0.0239619,-0.0501838,False
2016-01-29,91,128940,585619,542964,False,False,-0.0728375,-0.0728375,0.0239619,-0.0967993,False
2016-01-29,91,170900,144955,143605,True,False,-0.00931324,-0.0104413,0.0239619,-0.0344032,False
2016-02-29,92,000100,36653,39545,True,True,0.0789021,0.0739017,0.0299434,0.0439583,False
2016-02-29,92,002630,14658,14758,True,False,0.00682221,0.00567574,0.0299434,-0.0242676,False
2016-02-29,92,003060,25978,26099,False,False,0.00465779,0.00465779,0.0299434,-0.0252856,False
2016-02-29,92,004370,406000,400000,True,False,-0.0147783,-0.0159002,0.0299434,-0.0458436,False
2016-02-29,92,004770,4935,4850,False,False,-0.0172239,-0.0172239,0.0299434,-0.0471673,False
2016-02-29,92,007070,44133,40625,False,False,-0.079487,-0.079487,0.0299434,-0.10943,False
2016-02-29,92,007570,57504,55826,False,True,-0.0291806,-0.0325784,0.0299434,-0.0625218,False
2016-02-29,92,008930,126154,125314,False,False,-0.00665853,-0.00665853,0.0299434,-0.0366019,False
2016-02-29,92,009830,27945,28629,False,False,0.0244767,0.0244767,0.0299434,-0.00546673,False
2016-02-29,92,011000,34595,38910,True,False,0.124729,0.123448,0.0299434,0.0935049,False
2016-02-29,92,025560,37401,42773,False,True,0.143633,0.13963,0.0299434,0.109686,False
2016-02-29,92,027410,42268,41882,False,False,-0.0091322,-0.0091322,0.0299434,-0.0390756,False
2016-02-29,92,027740,8728,8638,False,True,-0.0103116,-0.0137755,0.0299434,-0.0437189,False
2016-02-29,92,031820,9830,11140,True,True,0.133266,0.128013,0.0299434,0.0980698,False
2016-02-29,92,036420,43450,42980,False,True,-0.010817,-0.0142792,0.0299434,-0.0442226,False
2016-02-29,92,079160,74151,63061,False,False,-0.14956,-0.14956,0.0299434,-0.179503,False
2016-02-29,92,085310,56680,51620,False,True,-0.0892731,-0.0924607,0.0299434,-0.122404,False
2016-02-29,92,128940,542964,570854,False,False,0.0513662,0.0513662,0.0299434,0.0214228,False
2016-02-29,92,170900,143605,137754,False,False,-0.0407437,-0.0407437,0.0299434,-0.0706871,False
2016-02-29,92,185750,90103,95605,True,False,0.0610634,0.0598552,0.0299434,0.0299118,False
2016-03-31,93,002630,14758,19794,False,False,0.341239,0.341239,-0.00297243,0.344211,False
2016-03-31,93,003060,26099,32636,False,False,0.250469,0.250469,-0.00297243,0.253442,False
2016-03-31,93,004370,400000,374000,False,False,-0.065,-0.065,-0.00297243,-0.0620276,False
2016-03-31,93,004770,4850,5400,False,False,0.113402,0.113402,-0.00297243,0.116374,False
2016-03-31,93,004800,65645,55387,True,False,-0.156265,-0.157226,-0.00297243,-0.154253,False
2016-03-31,93,007070,40625,45672,False,True,0.124234,0.120299,-0.00297243,0.123271,False
2016-03-31,93,007310,911000,817000,True,True,-0.103183,-0.10734,-0.00297243,-0.104367,False
2016-03-31,93,008930,125314,113999,False,False,-0.0902932,-0.0902932,-0.00297243,-0.0873207,False
2016-03-31,93,009420,18250,15750,True,False,-0.136986,-0.137969,-0.00297243,-0.134997,False
2016-03-31,93,009830,28629,28458,False,False,-0.00597296,-0.00597296,-0.00297243,-0.00300053,False
2016-03-31,93,011000,38910,41130,False,False,0.0570547,0.0570547,-0.00297243,0.0600272,False
2016-03-31,93,011170,324328,278131,True,True,-0.142439,-0.146414,-0.00297243,-0.143441,False
2016-03-31,93,012450,41100,42782,True,False,0.0409246,0.0397393,-0.00297243,0.0427117,False
2016-03-31,93,017180,4320,5111,True,False,0.183102,0.181755,-0.00297243,0.184727,False
2016-03-31,93,027410,41882,47939,False,True,0.144621,0.140614,-0.00297243,0.143587,False
2016-03-31,93,079160,63061,72568,False,False,0.150759,0.150759,-0.00297243,0.153731,False
2016-03-31,93,096770,167762,153004,True,False,-0.0879699,-0.0890084,-0.00297243,-0.086036,False
2016-03-31,93,128940,570854,486372,False,False,-0.147992,-0.147992,-0.00297243,-0.14502,False
2016-03-31,93,170900,137754,128750,False,True,-0.0653629,-0.0686341,-0.00297243,-0.0656617,False
2016-03-31,93,185750,95605,76344,False,False,-0.201464,-0.201464,-0.00297243,-0.198492,False
2016-04-29,94,001520,7040,6960,True,False,-0.0113636,-0.0124894,-0.00882137,-0.00366803,False
2016-04-29,94,002630,19794,25129,False,False,0.269526,0.269526,-0.00882137,0.278347,False
2016-04-29,94,003060,32636,41849,False,False,0.282296,0.282296,-0.00882137,0.291117,False
2016-04-29,94,003520,7950,11900,True,False,0.496855,0.495151,-0.00882137,0.503972,False
2016-04-29,94,004370,374000,379500,False,False,0.0147059,0.0147059,-0.00882137,0.0235272,False
2016-04-29,94,004770,5400,5250,False,False,-0.0277778,-0.0277778,-0.00882137,-0.0189564,False
2016-04-29,94,004800,55387,53336,False,True,-0.0370304,-0.0404007,-0.00882137,-0.0315794,False
2016-04-29,94,006650,235500,225500,True,True,-0.0424628,-0.0469008,-0.00882137,-0.0380794,False
2016-04-29,94,008930,113999,128669,False,False,0.128685,0.128685,-0.00882137,0.137507,False
2016-04-29,94,009420,15750,17450,False,False,0.107937,0.107937,-0.00882137,0.116758,False
2016-04-29,94,009830,28458,26918,False,False,-0.0541148,-0.0541148,-0.00882137,-0.0452935,False
2016-04-29,94,011000,41130,39030,False,False,-0.0510576,-0.0510576,-0.00882137,-0.0422363,False
2016-04-29,94,012450,42782,45381,False,False,0.0607498,0.0607498,-0.00882137,0.0695712,False
2016-04-29,94,017180,5111,4674,False,False,-0.0855019,-0.0855019,-0.00882137,-0.0766805,False
2016-04-29,94,068270,71524,70881,True,False,-0.00898999,-0.0101185,-0.00882137,-0.00129709,False
2016-04-29,94,069620,89300,99500,True,True,0.114222,0.109058,-0.00882137,0.117879,False
2016-04-29,94,079160,72568,72885,False,True,0.00436832,0.000853028,-0.00882137,0.00967439,False
2016-04-29,94,096770,153004,159399,False,False,0.0417963,0.0417963,-0.00882137,0.0506177,False
2016-04-29,94,128940,486372,520001,False,False,0.0691425,0.0691425,-0.00882137,0.0779639,False
2016-04-29,94,185750,76344,78752,False,True,0.0315414,0.027931,-0.00882137,0.0367524,False
2016-05-31,95,001520,6960,6500,False,True,-0.066092,-0.0693606,0.00931191,-0.0786725,False
2016-05-31,95,002630,25129,24181,False,False,-0.0377253,-0.0377253,0.00931191,-0.0470372,False
2016-05-31,95,003060,41849,34824,False,False,-0.167865,-0.167865,0.00931191,-0.177177,False
2016-05-31,95,003520,11900,11750,False,False,-0.012605,-0.012605,0.00931191,-0.0219169,False
2016-05-31,95,004370,379500,374000,False,True,-0.0144928,-0.017942,0.00931191,-0.0272539,False
2016-05-31,95,004770,5250,4055,False,False,-0.227619,-0.227619,0.00931191,-0.236931,False
2016-05-31,95,005110,14932,13520,True,False,-0.094562,-0.095593,0.00931191,-0.104905,False
2016-05-31,95,008930,128669,129506,False,False,0.00650506,0.00650506,0.00931191,-0.00280684,False
2016-05-31,95,009420,17450,21200,False,False,0.2149,0.2149,0.00931191,0.205588,False
2016-05-31,95,009830,26918,27260,False,True,0.0127053,0.00916078,0.00931191,-0.000151123,False
2016-05-31,95,011000,39030,37925,False,True,-0.0283116,-0.0317125,0.00931191,-0.0410244,False
2016-05-31,95,012450,45381,49557,False,True,0.0920209,0.0881988,0.00931191,0.0788869,False
2016-05-31,95,014910,5800,5140,True,False,-0.113793,-0.114802,0.00931191,-0.124114,False
2016-05-31,95,015260,14059,12937,True,False,-0.0798065,-0.0808544,0.00931191,-0.0901663,False
2016-05-31,95,017180,4674,6986,False,False,0.494651,0.494651,0.00931191,0.485339,False
2016-05-31,95,027410,56315,54898,True,True,-0.025162,-0.0296801,0.00931191,-0.038992,False
2016-05-31,95,068270,70881,69382,False,True,-0.0211481,-0.0245741,0.00931191,-0.033886,False
2016-05-31,95,093240,5731,7740,True,False,0.35055,0.349012,0.00931191,0.3397,False
2016-05-31,95,096770,159399,138736,False,True,-0.129631,-0.132677,0.00931191,-0.141989,False
2016-05-31,95,128940,520001,583978,False,True,0.123032,0.119102,0.00931191,0.10979,False
2016-06-30,96,001060,51478,48504,True,False,-0.0577723,-0.0588452,0.0324543,-0.0912994,False
2016-06-30,96,002620,69241,49231,True,False,-0.288991,-0.2898,0.0324543,-0.322255,False
2016-06-30,96,002630,24181,22237,False,False,-0.0803937,-0.0803937,0.0324543,-0.112848,False
2016-06-30,96,003060,34824,38482,False,True,0.105042,0.101175,0.0324543,0.0687206,False
2016-06-30,96,003520,11750,10750,False,False,-0.0851064,-0.0851064,0.0324543,-0.117561,False
2016-06-30,96,004720,14250,16300,True,False,0.14386,0.142557,0.0324543,0.110103,False
2016-06-30,96,004770,4055,4450,False,True,0.0974106,0.0935697,0.0324543,0.0611154,False
2016-06-30,96,005110,13520,15384,False,False,0.13787,0.13787,0.0324543,0.105416,False
2016-06-30,96,008930,129506,119866,False,True,-0.0744367,-0.0776762,0.0324543,-0.11013,False
2016-06-30,96,009420,21200,22150,False,False,0.0448113,0.0448113,0.0324543,0.012357,False
2016-06-30,96,012170,41928,32300,True,False,-0.229632,-0.230509,0.0324543,-0.262963,False
2016-06-30,96,012280,10100,10225,True,True,0.0123762,0.00768416,0.0324543,-0.0247701,False
2016-06-30,96,013000,4260,4640,True,True,0.0892019,0.0841537,0.0324543,0.0516995,False
2016-06-30,96,014910,5140,7070,False,False,0.375486,0.375486,0.0324543,0.343032,False
2016-06-30,96,015260,12937,14951,False,True,0.155678,0.151633,0.0324543,0.119178,False
2016-06-30,96,017180,6986,5648,False,False,-0.191526,-0.191526,0.0324543,-0.22398,False
2016-06-30,96,018880,9760,10643,True,False,0.0904713,0.0892296,0.0324543,0.0567753,False
2016-06-30,96,019170,8110,7260,True,False,-0.104809,-0.105828,0.0324543,-0.138283,False
2016-06-30,96,093240,7740,5489,False,False,-0.290827,-0.290827,0.0324543,-0.323281,False
2016-06-30,96,204320,43500,52600,True,False,0.209195,0.207818,0.0324543,0.175364,False
2016-07-29,97,001060,48504,59329,False,False,0.223177,0.223177,0.00806611,0.215111,False
2016-07-29,97,002620,49231,65918,False,False,0.338953,0.338953,0.00806611,0.330887,False
2016-07-29,97,002630,22237,18946,False,True,-0.147997,-0.150979,0.00806611,-0.159045,False
2016-07-29,97,003520,10750,10700,False,False,-0.00465116,-0.00465116,0.00806611,-0.0127173,False
2016-07-29,97,004720,16300,15850,False,True,-0.0276074,-0.0310107,0.00806611,-0.0390768,False
2016-07-29,97,005110,15384,18520,False,True,0.203848,0.199635,0.00806611,0.191569,False
2016-07-29,97,005830,63900,68000,True,True,0.0641628,0.0592307,0.00806611,0.0511646,False
2016-07-29,97,009420,22150,20150,False,False,-0.0902935,-0.0902935,0.00806611,-0.0983596,False
2016-07-29,97,012170,32300,29501,False,False,-0.0866563,-0.0866563,0.00806611,-0.0947225,False
2016-07-29,97,014910,7070,10450,False,True,0.478076,0.472903,0.00806611,0.464837,False
2016-07-29,97,017180,5648,4647,False,False,-0.177231,-0.177231,0.00806611,-0.185297,False
2016-07-29,97,018880,10643,10875,False,False,0.0217984,0.0217984,0.00806611,0.0137323,False
2016-07-29,97,019170,7260,7250,False,True,-0.00137741,-0.00487259,0.00806611,-0.0129387,False
2016-07-29,97,033780,122000,117000,True,True,-0.0409836,-0.0454284,0.00806611,-0.0534945,False
2016-07-29,97,051900,990000,955000,True,True,-0.0353535,-0.0398244,0.00806611,-0.0478905,False
2016-07-29,97,093240,5489,5027,False,False,-0.0841683,-0.0841683,0.00806611,-0.0922344,False
2016-07-29,97,093370,7577,6747,True,False,-0.109542,-0.110556,0.00806611,-0.118622,False
2016-07-29,97,096770,145132,142180,True,False,-0.0203401,-0.0214556,0.00806611,-0.0295218,False
2016-07-29,97,128940,496211,487193,True,True,-0.0181737,-0.0227242,0.00806611,-0.0307903,False
2016-07-29,97,204320,52600,53000,False,False,0.00760456,0.00760456,0.00806611,-0.000461548,False
2016-08-31,98,001060,59329,67345,False,False,0.135111,0.135111,0.0178859,0.117225,False
2016-08-31,98,002620,65918,69241,False,False,0.0504111,0.0504111,0.0178859,0.0325253,False
2016-08-31,98,002900,6953,9150,True,False,0.315979,0.31448,0.0178859,0.296594,False
2016-08-31,98,003520,10700,12200,False,False,0.140187,0.140187,0.0178859,0.122301,False
2016-08-31,98,009420,20150,17750,False,False,-0.119107,-0.119107,0.0178859,-0.136993,False
2016-08-31,98,009540,124452,127631,True,True,0.025544,0.0207909,0.0178859,0.00290502,False
2016-08-31,98,009830,28857,27717,True,True,-0.0395051,-0.0439568,0.0178859,-0.0618426,False
2016-08-31,98,012170,29501,33337,False,False,0.130029,0.130029,0.0178859,0.112144,False
2016-08-31,98,012450,62747,65091,True,False,0.0373564,0.0361751,0.0178859,0.0182893,False
2016-08-31,98,017180,4647,4958,False,False,0.0669249,0.0669249,0.0178859,0.049039,False
2016-08-31,98,018880,10875,11572,False,False,0.064092,0.064092,0.0178859,0.0462061,False
2016-08-31,98,034020,20961,19928,True,True,-0.049282,-0.0536883,0.0178859,-0.0715742,False
2016-08-31,98,068270,76735,76807,True,False,0.000938294,-0.000201476,0.0178859,-0.0180873,False
2016-08-31,98,073240,9980,11300,True,True,0.132265,0.127017,0.0178859,0.109131,False
2016-08-31,98,093240,5027,4970,False,True,-0.0113388,-0.0147991,0.0178859,-0.0326849,False
2016-08-31,98,093370,6747,7480,False,True,0.108641,0.104761,0.0178859,0.0868748,False
2016-08-31,98,096770,142180,159891,False,False,0.124567,0.124567,0.0178859,0.106682,False
2016-08-31,98,120110,81000,82900,True,True,0.0234568,0.0187134,0.0178859,0.000827498,False
2016-08-31,98,161390,56100,59300,True,True,0.057041,0.0521419,0.0178859,0.0342561,False
2016-08-31,98,204320,53000,52200,False,False,-0.0150943,-0.0150943,0.0178859,-0.0329802,False
2016-09-30,99,001060,67345,40488,False,False,-0.398797,-0.398797,-0.0160302,-0.382767,False
2016-09-30,99,002620,69241,45699,False,False,-0.340001,-0.340001,-0.0160302,-0.323971,False
2016-09-30,99,002900,9150,6939,False,False,-0.241639,-0.241639,-0.0160302,-0.225609,False
2016-09-30,99,003520,12200,8740,False,False,-0.283607,-0.283607,-0.0160302,-0.267576,False
2016-09-30,99,005110,18483,13468,True,False,-0.27133,-0.27216,-0.0160302,-0.25613,False
2016-09-30,99,005930,32200,32600,True,True,0.0124224,0.00773007,-0.0160302,0.0237603,False
2016-09-30,99,007540,48700,39700,True,False,-0.184805,-0.185733,-0.0160302,-0.169703,False
2016-09-30,99,009420,17750,11700,False,True,-0.340845,-0.343152,-0.0160302,-0.327122,False
2016-09-30,99,012170,33337,24842,False,True,-0.254822,-0.25743,-0.0160302,-0.2414,False
2016-09-30,99,012450,65091,62646,False,False,-0.0375628,-0.0375628,-0.0160302,-0.0215326,False
2016-09-30,99,014910,11600,8410,True,False,-0.275,-0.275826,-0.0160302,-0.259795,False
2016-09-30,99,015260,19360,17596,True,False,-0.0911157,-0.0921507,-0.0160302,-0.0761204,False
2016-09-30,99,017180,4958,3762,False,True,-0.241226,-0.243882,-0.0160302,-0.227852,False
2016-09-30,99,018880,11572,9853,False,False,-0.148548,-0.148548,-0.0160302,-0.132518,False
2016-09-30,99,035420,176848,172242,True,False,-0.026045,-0.027154,-0.0160302,-0.0111238,False
2016-09-30,99,068270,76807,75665,False,True,-0.0148684,-0.0183164,-0.0160302,-0.00228619,False
2016-09-30,99,096770,159891,148084,False,True,-0.0738441,-0.0770856,-0.0160302,-0.0610554,False
2016-09-30,99,118000,111960,113290,True,False,0.0118792,0.010727,-0.0160302,0.0267572,False
2016-09-30,99,128940,380567,296495,True,False,-0.220912,-0.2218,-0.0160302,-0.205769,False
2016-09-30,99,204320,52200,53500,False,False,0.0249042,0.0249042,-0.0160302,0.0409344,False
2016-10-31,100,001060,40488,40528,False,True,0.000987947,-0.00251551,-0.00199726,-0.000518252,False
2016-10-31,100,002140,6330,6020,True,False,-0.0489731,-0.0500561,-0.00199726,-0.0480588,False
2016-10-31,100,002620,45699,39121,False,True,-0.143942,-0.146938,-0.00199726,-0.144941,False
2016-10-31,100,002900,6939,6168,False,False,-0.111111,-0.111111,-0.00199726,-0.109114,False
2016-10-31,100,003520,8740,8390,False,False,-0.0400458,-0.0400458,-0.00199726,-0.0380485,False
2016-10-31,100,004720,18900,17600,True,False,-0.0687831,-0.0698434,-0.00199726,-0.0678462,False
2016-10-31,100,004770,4705,4500,True,True,-0.0435707,-0.0480034,-0.00199726,-0.0460062,False
2016-10-31,100,005110,13468,14916,False,False,0.107514,0.107514,-0.00199726,0.109511,False
2016-10-31,100,007540,39700,38650,False,True,-0.0264484,-0.0298558,-0.00199726,-0.0278585,False
2016-10-31,100,007610,3855,3590,True,True,-0.0687419,-0.073058,-0.00199726,-0.0710608,False
2016-10-31,100,012450,62646,49097,False,False,-0.216279,-0.216279,-0.00199726,-0.214282,False
2016-10-31,100,014910,8410,9300,False,False,0.105826,0.105826,-0.00199726,0.107824,False
2016-10-31,100,015260,17596,15448,False,False,-0.122073,-0.122073,-0.00199726,-0.120076,False
2016-10-31,100,017040,3180,2895,True,True,-0.0896226,-0.093842,-0.00199726,-0.0918447,False
2016-10-31,100,018880,9853,9072,False,True,-0.0792652,-0.0824878,-0.00199726,-0.0804905,False
2016-10-31,100,035420,172242,158224,False,False,-0.0813855,-0.0813855,-0.00199726,-0.0793882,False
2016-10-31,100,036570,262500,267000,True,True,0.0171429,0.0124287,-0.00199726,0.0144259,False
2016-10-31,100,118000,113290,98630,False,False,-0.129402,-0.129402,-0.00199726,-0.127405,False
2016-10-31,100,128940,296495,302647,False,True,0.0207491,0.0171765,-0.00199726,0.0191737,False
2016-10-31,100,204320,53500,50000,False,False,-0.0654206,-0.0654206,-0.00199726,-0.0634233,False
2016-11-30,101,000660,43000,44750,True,False,0.0406977,0.0395126,0.0179721,0.0215406,False
2016-11-30,101,002140,6020,7150,False,False,0.187708,0.187708,0.0179721,0.169736,False
2016-11-30,101,002900,6168,10592,False,False,0.71725,0.71725,0.0179721,0.699278,False
2016-11-30,101,003520,8390,8780,False,False,0.0464839,0.0464839,0.0179721,0.0285118,False
2016-11-30,101,004720,17600,17900,False,False,0.0170455,0.0170455,0.0179721,-0.000926606,False
2016-11-30,101,005110,14916,18764,False,True,0.257978,0.253575,0.0179721,0.235603,False
2016-11-30,101,005490,249500,256500,True,False,0.0280561,0.0268855,0.0179721,0.0089134,False
2016-11-30,101,009540,133081,132628,True,False,-0.00340394,-0.00453877,0.0179721,-0.0225108,False
2016-11-30,101,012450,49097,44666,False,True,-0.0902499,-0.093434,0.0179721,-0.111406,False
2016-11-30,101,014910,9300,9990,False,False,0.0741935,0.0741935,0.0179721,0.0562215,False
2016-11-30,101,015260,15448,17809,False,True,0.152835,0.1488,0.0179721,0.130828,False
2016-11-30,101,029780,41700,39650,True,True,-0.0491607,-0.0535675,0.0179721,-0.0715396,False
2016-11-30,101,035420,158224,155820,False,True,-0.0151936,-0.0186405,0.0179721,-0.0366125,False
2016-11-30,101,047400,4195,2950,True,False,-0.296782,-0.297583,0.0179721,-0.315555,False
2016-11-30,101,069730,10350,9130,True,False,-0.117874,-0.118879,0.0179721,-0.136851,False
2016-11-30,101,073240,8300,8500,True,True,0.0240964,0.01935,0.0179721,0.00137793,False
2016-11-30,101,093370,6904,7128,True,False,0.032445,0.0312693,0.0179721,0.0132973,False
2016-11-30,101,118000,98630,100410,False,False,0.0180472,0.0180472,0.0179721,7.51864e-05,False
2016-11-30,101,155660,10300,9540,True,False,-0.0737864,-0.0748411,0.0179721,-0.0928131,False
2016-11-30,101,204320,50000,47100,False,False,-0.058,-0.058,0.0179721,-0.0759721,False
2016-12-29,102,000660,44750,54300,False,False,0.213408,0.213408,0.0375453,0.175863,False
2016-12-29,102,000720,41740,40767,True,True,-0.023311,-0.0278376,0.0375453,-0.0653829,False
2016-12-29,102,001060,44311,37276,True,True,-0.158764,-0.162663,0.0375453,-0.200208,False
2016-12-29,102,002140,7150,7270,False,False,0.0167832,0.0167832,0.0375453,-0.0207621,False
2016-12-29,102,002620,55878,42029,True,False,-0.247844,-0.2487,0.0375453,-0.286245,False
2016-12-29,102,002900,10592,9931,False,False,-0.0624056,-0.0624056,0.0375453,-0.0999509,False
2016-12-29,102,003520,8780,7230,False,False,-0.176538,-0.176538,0.0375453,-0.214083,False
2016-12-29,102,004720,17900,17800,False,False,-0.00558659,-0.00558659,0.0375453,-0.0431319,False
2016-12-29,102,005490,256500,269000,False,False,0.0487329,0.0487329,0.0375453,0.0111877,False
2016-12-29,102,005930,35980,39540,True,False,0.0989439,0.0976925,0.0375453,0.0601472,False
2016-12-29,102,009540,132628,120364,False,False,-0.0924692,-0.0924692,0.0375453,-0.130014,False
2016-12-29,102,011780,81700,82400,True,False,0.00856793,0.00741947,0.0375453,-0.0301258,False
2016-12-29,102,012690,6930,8010,True,False,0.155844,0.154528,0.0375453,0.116983,False
2016-12-29,102,014910,9990,6060,False,False,-0.393393,-0.393393,0.0375453,-0.430939,False
2016-12-29,102,047400,2950,2970,False,True,0.00677966,0.00325593,0.0375453,-0.0342894,False
2016-12-29,102,069730,9130,14100,False,False,0.544359,0.544359,0.0375453,0.506814,False
2016-12-29,102,093370,7128,7187,False,False,0.00827722,0.00827722,0.0375453,-0.0292681,False
2016-12-29,102,118000,100410,96410,False,True,-0.0398367,-0.0431972,0.0375453,-0.0807425,False
2016-12-29,102,155660,9540,12100,False,False,0.268344,0.268344,0.0375453,0.230799,False
2016-12-29,102,204320,47100,49200,False,True,0.044586,0.0409299,0.0375453,0.00338464,False
2017-01-31,103,000660,54300,46850,False,False,-0.137201,-0.137201,0.0110715,-0.148272,False
2017-01-31,103,002140,7270,5520,False,False,-0.240715,-0.240715,0.0110715,-0.251787,False
2017-01-31,103,002620,42029,48538,False,False,0.154869,0.154869,0.0110715,0.143798,False
2017-01-31,103,002900,9931,7220,False,False,-0.272984,-0.272984,0.0110715,-0.284055,False
2017-01-31,103,003520,7230,8360,False,False,0.156293,0.156293,0.0110715,0.145222,False
2017-01-31,103,004720,17800,15800,False,True,-0.11236,-0.115466,0.0110715,-0.126538,False
2017-01-31,103,005490,269000,291000,False,False,0.0817844,0.0817844,0.0110715,0.0707129,False
2017-01-31,103,005930,39540,38420,False,False,-0.0283257,-0.0283257,0.0110715,-0.0393972,False
2017-01-31,103,006650,272500,269500,True,True,-0.0110092,-0.0155929,0.0110715,-0.0266643,False
2017-01-31,103,009540,120364,151705,False,False,0.260385,0.260385,0.0110715,0.249314,False
2017-01-31,103,011780,82400,77600,False,False,-0.0582524,-0.0582524,0.0110715,-0.0693239,False
2017-01-31,103,012690,8010,6820,False,False,-0.148564,-0.148564,0.0110715,-0.159636,False
2017-01-31,103,014910,6060,3230,False,False,-0.466997,-0.466997,0.0110715,-0.478068,False
2017-01-31,103,034020,21076,18857,True,False,-0.105286,-0.106304,0.0110715,-0.117376,False
2017-01-31,103,036460,46900,49100,True,True,0.0469083,0.0420562,0.0110715,0.0309847,False
2017-01-31,103,069730,14100,12700,False,False,-0.0992908,-0.0992908,0.0110715,-0.110362,False
2017-01-31,103,086790,34600,36700,True,False,0.0606936,0.0594858,0.0110715,0.0484143,False
2017-01-31,103,093370,7187,6630,False,True,-0.077501,-0.0807298,0.0110715,-0.0918013,False
2017-01-31,103,105560,47500,48850,True,False,0.0284211,0.02725,0.0110715,0.0161785,False
2017-01-31,103,155660,12100,9140,False,False,-0.244628,-0.244628,0.0110715,-0.2557,False
2017-02-28,104,000660,46850,50800,False,False,0.0843116,0.0843116,0.0344308,0.0498808,False
2017-02-28,104,002140,5520,7280,False,False,0.318841,0.318841,0.0344308,0.28441,False
2017-02-28,104,002620,48538,45491,False,True,-0.0627756,-0.0660558,0.0344308,-0.100487,False
2017-02-28,104,002900,7220,6212,False,False,-0.139612,-0.139612,0.0344308,-0.174043,False
2017-02-28,104,003520,8360,8240,False,False,-0.0143541,-0.0143541,0.0344308,-0.0487849,False
2017-02-28,104,005490,291000,291000,False,False,0,0,0.0344308,-0.0344308,False
2017-02-28,104,005930,38420,41400,False,False,0.0775638,0.0775638,0.0344308,0.043133,False
2017-02-28,104,008600,30406,36507,True,True,0.200651,0.195087,0.0344308,0.160656,False
2017-02-28,104,009540,151705,149889,False,True,-0.0119706,-0.0154287,0.0344308,-0.0498595,True
2017-02-28,104,011780,77600,79300,False,True,0.0219072,0.0183305,0.0344308,-0.0161003,False
2017-02-28,104,012690,6820,7640,False,False,0.120235,0.120235,0.0344308,0.0858038,False
2017-02-28,104,014910,3230,2910,False,True,-0.0990712,-0.102224,0.0344308,-0.136655,False
2017-02-28,104,025620,276869,244497,True,False,-0.116922,-0.117927,0.0344308,-0.152358,False
2017-02-28,104,034020,18857,18397,False,True,-0.0243941,-0.0278087,0.0344308,-0.0622396,False
2017-02-28,104,036570,275000,307500,True,True,0.118182,0.112999,0.0344308,0.0785686,False
2017-02-28,104,069730,12700,15750,False,False,0.240157,0.240157,0.0344308,0.205727,False
2017-02-28,104,086790,36700,37000,False,False,0.00817439,0.00817439,0.0344308,-0.0262564,False
2017-02-28,104,105560,48850,48900,False,False,0.00102354,0.00102354,0.0344308,-0.0334073,False
2017-02-28,104,155660,9140,16050,False,False,0.756018,0.756018,0.0344308,0.721587,False
2017-02-28,104,204320,53300,51800,True,False,-0.0281426,-0.0292492,0.0344308,-0.0636801,False
2017-03-31,105,000660,50800,55300,False,False,0.0885827,0.0885827,0.0251856,0.0633971,False
2017-03-31,105,001380,8014,8735,True,False,0.0899676,0.0887264,0.0251856,0.0635408,False
2017-03-31,105,002140,7280,4000,False,False,-0.450549,-0.450549,0.0251856,-0.475735,False
2017-03-31,105,002900,6212,5133,False,False,-0.173696,-0.173696,0.0251856,-0.198882,False
2017-03-31,105,003520,8240,9080,False,True,0.101942,0.098085,0.0251856,0.0728993,False
2017-03-31,105,004720,27000,16300,True,False,-0.396296,-0.396984,0.0251856,-0.422169,False
2017-03-31,105,005490,291000,267500,False,True,-0.080756,-0.0839734,0.0251856,-0.109159,False
2017-03-31,105,005930,41400,45500,False,False,0.0990338,0.0990338,0.0251856,0.0738482,False
2017-03-31,105,011070,140000,131000,True,False,-0.0642857,-0.0653512,0.0251856,-0.0905368,False
2017-03-31,105,012690,7640,5940,False,True,-0.222513,-0.225234,0.0251856,-0.25042,False
2017-03-31,105,013000,7460,5700,True,False,-0.235925,-0.236795,0.0251856,-0.261981,False
2017-03-31,105,025620,244497,220704,False,False,-0.0973141,-0.0973141,0.0251856,-0.1225,False
2017-03-31,105,028670,5460,5210,True,True,-0.0457875,-0.05021,0.0251856,-0.0753957,False
2017-03-31,105,069730,15750,9060,False,False,-0.424762,-0.424762,0.0251856,-0.449948,False
2017-03-31,105,086790,37000,39200,False,False,0.0594595,0.0594595,0.0251856,0.0342739,False
2017-03-31,105,105560,48900,50500,False,False,0.0327198,0.0327198,0.0251856,0.00753423,False
2017-03-31,105,118000,105300,54200,True,False,-0.48528,-0.485866,0.0251856,-0.511052,False
2017-03-31,105,155660,16050,9300,False,False,-0.420561,-0.420561,0.0251856,-0.445746,False
2017-03-31,105,204320,51800,46400,False,False,-0.104247,-0.104247,0.0251856,-0.129433,False
2017-04-28,106,000660,55300,56700,False,False,0.0253165,0.0253165,0.0559252,-0.0306087,False
2017-04-28,106,001380,8735,7693,False,True,-0.11929,-0.122373,0.0559252,-0.178298,False
2017-04-28,106,002140,4000,3240,False,False,-0.19,-0.19,0.0559252,-0.245925,False
2017-04-28,106,002900,5133,6297,False,True,0.226768,0.222474,0.0559252,0.166549,False
2017-04-28,106,003280,18915,16969,True,True,-0.102881,-0.107039,0.0559252,-0.162964,False
2017-04-28,106,004720,16300,9910,False,True,-0.392025,-0.394152,0.0559252,-0.450078,False
2017-04-28,106,004770,3670,3115,True,True,-0.151226,-0.15516,0.0559252,-0.211085,False
2017-04-28,106,005930,45500,44860,False,False,-0.0140659,-0.0140659,0.0559252,-0.0699911,False
2017-04-28,106,006980,39300,34400,True,True,-0.124682,-0.128739,0.0559252,-0.184664,False
2017-04-28,106,008700,3700,3300,True,False,-0.108108,-0.109124,0.0559252,-0.165049,False
2017-04-28,106,011070,131000,134500,False,False,0.0267176,0.0267176,0.0559252,-0.0292076,False
2017-04-28,106,013000,5700,4090,False,True,-0.282456,-0.284968,0.0559252,-0.340893,False
2017-04-28,106,025620,220704,261217,False,False,0.183563,0.183563,0.0559252,0.127637,False
2017-04-28,106,032640,14500,16200,True,True,0.117241,0.112063,0.0559252,0.0561381,False
2017-04-28,106,069730,9060,6590,False,False,-0.272627,-0.272627,0.0559252,-0.328552,False
2017-04-28,106,086790,39200,40900,False,False,0.0433673,0.0433673,0.0559252,-0.0125578,False
2017-04-28,106,105560,50500,52900,False,False,0.0475248,0.0475248,0.0559252,-0.0084004,False
2017-04-28,106,118000,54200,28210,False,False,-0.47952,-0.47952,0.0559252,-0.535445,False
2017-04-28,106,155660,9300,6870,False,False,-0.26129,-0.26129,0.0559252,-0.317215,False
2017-04-28,106,204320,46400,51600,False,True,0.112069,0.108177,0.0559252,0.0522516,False
2017-05-31,107,000660,56700,66500,False,False,0.17284,0.17284,0.0254643,0.147375,False
2017-05-31,107,000720,47383,44902,True,True,-0.0523606,-0.0567526,0.0254643,-0.0822169,False
2017-05-31,107,002140,3240,3110,False,True,-0.0401235,-0.043483,0.0254643,-0.0689474,False
2017-05-31,107,005930,44860,47500,False,False,0.0588498,0.0588498,0.0254643,0.0333854,False
2017-05-31,107,005940,14150,14850,True,False,0.04947,0.0482749,0.0254643,0.0228106,False
2017-05-31,107,008700,3300,2810,False,False,-0.148485,-0.148485,0.0254643,-0.173949,False
2017-05-31,107,009150,82400,101500,True,False,0.231796,0.230393,0.0254643,0.204929,False
2017-05-31,107,009540,164686,168982,True,False,0.026086,0.0249176,0.0254643,-0.00054673,False
2017-05-31,107,010140,10327,10493,True,False,0.0160744,0.0149174,0.0254643,-0.010547,False
2017-05-31,107,011070,134500,164000,False,False,0.219331,0.219331,0.0254643,0.193867,False
2017-05-31,107,025620,261217,226744,False,True,-0.131971,-0.135009,0.0254643,-0.160473,False
2017-05-31,107,028050,12550,11900,True,True,-0.0517928,-0.0561875,0.0254643,-0.0816518,False
2017-05-31,107,028670,5480,5320,True,False,-0.0291971,-0.0303025,0.0254643,-0.0557669,False
2017-05-31,107,036570,378000,388500,True,False,0.0277778,0.0266074,0.0254643,0.00114312,False
2017-05-31,107,069730,6590,6190,False,False,-0.060698,-0.060698,0.0254643,-0.0861624,False
2017-05-31,107,086790,40900,45250,False,False,0.106357,0.106357,0.0254643,0.0808926,False
2017-05-31,107,105560,52900,58100,False,False,0.0982987,0.0982987,0.0254643,0.0728343,False
2017-05-31,107,118000,28210,23450,False,True,-0.168734,-0.171644,0.0254643,-0.197108,False
2017-05-31,107,155660,6870,6570,False,True,-0.0436681,-0.0470153,0.0254643,-0.0724796,False
2017-05-31,107,192080,46745,52588,True,False,0.124997,0.123716,0.0254643,0.098252,False
2017-06-30,108,000660,66500,65300,False,False,-0.0180451,-0.0180451,0.003456,-0.0215011,False
2017-06-30,108,003490,25125,22921,True,False,-0.0877214,-0.0887602,0.003456,-0.0922162,False
2017-06-30,108,005930,47500,48000,False,False,0.0105263,0.0105263,0.003456,0.00707032,False
2017-06-30,108,005940,14850,14150,False,False,-0.047138,-0.047138,0.003456,-0.050594,False
2017-06-30,108,006400,168393,164966,True,False,-0.0203512,-0.0214667,0.003456,-0.0249227,False
2017-06-30,108,008700,2810,2860,False,False,0.0177936,0.0177936,0.003456,0.0143376,False
2017-06-30,108,009150,101500,92300,False,False,-0.0906404,-0.0906404,0.003456,-0.0940964,False
2017-06-30,108,009540,168982,167073,False,False,-0.0112971,-0.0112971,0.003456,-0.0147531,False
2017-06-30,108,010140,10493,9370,False,True,-0.107024,-0.110149,0.003456,-0.113605,False
2017-06-30,108,011070,164000,150000,False,False,-0.0853659,-0.0853659,0.003456,-0.0888219,False
2017-06-30,108,028670,5320,5860,False,True,0.101504,0.0976485,0.003456,0.0941925,False
2017-06-30,108,032640,15600,16650,True,False,0.0673077,0.0660923,0.003456,0.0626363,False
2017-06-30,108,036570,388500,362000,False,False,-0.0682111,-0.0682111,0.003456,-0.0716671,False
2017-06-30,108,066570,80400,68000,True,False,-0.154229,-0.155192,0.003456,-0.158648,False
2017-06-30,108,069730,6190,6200,False,True,0.00161551,-0.00189015,0.003456,-0.00534615,False
2017-06-30,108,078930,68500,75300,True,False,0.0992701,0.0980183,0.003456,0.0945623,False
2017-06-30,108,086790,45250,50400,False,False,0.113812,0.113812,0.003456,0.110356,False
2017-06-30,108,093370,10352,10742,True,True,0.0376739,0.0328646,0.003456,0.0294086,False
2017-06-30,108,105560,58100,59400,False,False,0.0223752,0.0223752,0.003456,0.0189192,False
2017-06-30,108,192080,52588,53519,False,True,0.0177037,0.0141417,0.003456,0.0106857,False
2017-07-31,109,000660,65300,69000,False,False,0.0566616,0.0566616,-0.0150839,0.0717454,False
2017-07-31,109,003490,22921,21494,False,True,-0.0622573,-0.0655394,-0.0150839,-0.0504555,False
2017-07-31,109,005930,48000,46460,False,True,-0.0320833,-0.035471,-0.0150839,-0.0203872,False
2017-07-31,109,005940,14150,13900,False,True,-0.0176678,-0.021106,-0.0150839,-0.00602214,False
2017-07-31,109,006400,164966,193848,False,True,0.175079,0.170966,-0.0150839,0.18605,False
2017-07-31,109,008700,2860,2915,False,False,0.0192308,0.0192308,-0.0150839,0.0343146,False
2017-07-31,109,009150,92300,102000,False,False,0.105092,0.105092,-0.0150839,0.120176,False
2017-07-31,109,009540,167073,141773,False,True,-0.151431,-0.154401,-0.0150839,-0.139317,False
2017-07-31,109,011070,150000,185000,False,False,0.233333,0.233333,-0.0150839,0.248417,False
2017-07-31,109,020150,37700,41600,True,False,0.103448,0.102192,-0.0150839,0.117276,False
2017-07-31,109,023530,240669,233793,True,True,-0.0285704,-0.0330727,-0.0150839,-0.0179888,False
2017-07-31,109,032640,16650,14250,False,True,-0.144144,-0.14714,-0.0150839,-0.132056,False
2017-07-31,109,036570,362000,384500,False,True,0.0621547,0.0584372,-0.0150839,0.073521,False
2017-07-31,109,066570,68000,82900,False,True,0.219118,0.214851,-0.0150839,0.229935,False
2017-07-31,109,078930,75300,71000,False,False,-0.0571049,-0.0571049,-0.0150839,-0.042021,False
2017-07-31,109,086790,50400,48700,False,False,-0.0337302,-0.0337302,-0.0150839,-0.0186463,False
2017-07-31,109,090460,20750,21500,True,False,0.0361446,0.0349647,-0.0150839,0.0500486,False
2017-07-31,109,105560,59400,55400,False,False,-0.0673401,-0.0673401,-0.0150839,-0.0522562,False
2017-07-31,109,139480,251500,225000,True,False,-0.105368,-0.106387,-0.0150839,-0.0913026,False
2017-07-31,109,180640,23600,22950,True,True,-0.0275424,-0.0320494,-0.0150839,-0.0169656,False
2017-08-31,110,000660,69000,86300,False,False,0.250725,0.250725,0.0402785,0.210446,False
2017-08-31,110,001820,25550,24800,True,False,-0.0293542,-0.0304595,0.0402785,-0.0707379,False
2017-08-31,110,003670,30932,27656,True,False,-0.10591,-0.106928,0.0402785,-0.147206,False
2017-08-31,110,005070,12706,10880,True,False,-0.143712,-0.144687,0.0402785,-0.184965,False
2017-08-31,110,005490,344000,320000,True,True,-0.0697674,-0.0740788,0.0402785,-0.114357,False
2017-08-31,110,005880,3317,3270,True,True,-0.0141694,-0.0187385,0.0402785,-0.0590169,False
2017-08-31,110,008700,2915,2305,False,True,-0.209262,-0.21203,0.0402785,-0.252308,False
2017-08-31,110,009150,102000,103500,False,False,0.0147059,0.0147059,0.0402785,-0.0255726,False
2017-08-31,110,010950,126500,129000,True,False,0.0197628,0.0186016,0.0402785,-0.0216768,False
2017-08-31,110,011070,185000,151000,False,False,-0.183784,-0.183784,0.0402785,-0.224062,False
2017-08-31,110,020150,41600,35400,False,False,-0.149038,-0.149038,0.0402785,-0.189317,False
2017-08-31,110,028670,6400,5470,True,False,-0.145312,-0.146286,0.0402785,-0.186564,False
2017-08-31,110,071050,65700,61800,True,False,-0.0593607,-0.0604318,0.0402785,-0.10071,False
2017-08-31,110,078930,71000,65600,False,True,-0.0760563,-0.0792901,0.0402785,-0.119569,False
2017-08-31,110,086790,48700,48950,False,False,0.00513347,0.00513347,0.0402785,-0.035145,False
2017-08-31,110,090460,21500,22450,False,False,0.044186,0.044186,0.0402785,0.00390759,False
2017-08-31,110,093370,11132,10010,True,False,-0.100791,-0.101814,0.0402785,-0.142093,False
2017-08-31,110,105560,55400,58900,False,True,0.0631769,0.0594558,0.0402785,0.0191773,False
2017-08-31,110,139480,225000,212500,False,True,-0.0555556,-0.0588611,0.0402785,-0.0991396,False
2017-08-31,110,178920,33200,34350,True,False,0.0346386,0.0334604,0.0402785,-0.00681804,False
2017-09-29,111,000660,86300,86000,False,False,-0.00347625,-0.00347625,0.0447571,-0.0482333,False
2017-09-29,111,001820,24800,23100,False,False,-0.0685484,-0.0685484,0.0447571,-0.113305,False
2017-09-29,111,003670,27656,26064,False,False,-0.0575644,-0.0575644,0.0447571,-0.102321,False
2017-09-29,111,005070,10880,8839,False,False,-0.187592,-0.187592,0.0447571,-0.232349,False
2017-09-29,111,005420,12890,9867,True,True,-0.234523,-0.238071,0.0447571,-0.282828,False
2017-09-29,111,006400,198743,215386,True,False,0.0837413,0.0825073,0.0447571,0.0377502,False
2017-09-29,111,009150,103500,104500,False,False,0.00966184,0.00966184,0.0447571,-0.0350952,False
2017-09-29,111,010950,129000,128000,False,True,-0.00775194,-0.0112248,0.0447571,-0.0559819,False
2017-09-29,111,011070,151000,174000,False,False,0.152318,0.152318,0.0447571,0.107561,False
2017-09-29,111,020150,35400,32700,False,False,-0.0762712,-0.0762712,0.0447571,-0.121028,False
2017-09-29,111,028670,5470,5240,False,True,-0.0420475,-0.0454004,0.0447571,-0.0901574,False
2017-09-29,111,051910,396500,407000,True,False,0.0264817,0.0253129,0.0447571,-0.0194442,False
2017-09-29,111,066570,79700,91100,True,False,0.143036,0.141735,0.0447571,0.0969777,False
2017-09-29,111,066970,33144,30409,True,False,-0.0825187,-0.0835634,0.0447571,-0.128321,False
2017-09-29,111,071050,61800,62500,False,False,0.0113269,0.0113269,0.0447571,-0.0334302,False
2017-09-29,111,081000,20269,18822,True,False,-0.0713898,-0.0724472,0.0447571,-0.117204,False
2017-09-29,111,086790,48950,47200,False,False,-0.0357508,-0.0357508,0.0447571,-0.0805078,False
2017-09-29,111,090460,22450,21900,False,False,-0.0244989,-0.0244989,0.0447571,-0.069256,False
2017-09-29,111,093370,10010,8779,False,True,-0.122977,-0.126047,0.0447571,-0.170804,False
2017-09-29,111,178920,34350,35500,False,False,0.0334789,0.0334789,0.0447571,-0.0112782,False
2017-10-31,112,000660,86000,77200,False,False,-0.102326,-0.102326,-0.0262758,-0.0760498,False
2017-10-31,112,001820,23100,38600,False,False,0.670996,0.670996,-0.0262758,0.697271,False
2017-10-31,112,003670,26064,31478,False,False,0.207719,0.207719,-0.0262758,0.233995,False
2017-10-31,112,004410,3520,2970,True,False,-0.15625,-0.157211,-0.0262758,-0.130935,False
2017-10-31,112,005070,8839,9736,False,False,0.101482,0.101482,-0.0262758,0.127758,False
2017-10-31,112,005930,57500,50800,True,False,-0.116522,-0.117528,-0.0262758,-0.091252,False
2017-10-31,112,006400,215386,209022,False,False,-0.029547,-0.029547,-0.0262758,-0.00327115,False
2017-10-31,112,009150,104500,100500,False,False,-0.0382775,-0.0382775,-0.0262758,-0.0120017,False
2017-10-31,112,011070,174000,162500,False,False,-0.066092,-0.066092,-0.0262758,-0.0398161,False
2017-10-31,112,020150,32700,39700,False,False,0.214067,0.214067,-0.0262758,0.240343,False
2017-10-31,112,035720,29103,27397,True,False,-0.0586194,-0.0596913,-0.0262758,-0.0334155,False
2017-10-31,112,036570,424000,439500,True,False,0.0365566,0.0353763,-0.0262758,0.0616521,False
2017-10-31,112,051910,407000,412000,False,False,0.012285,0.012285,-0.0262758,0.0385608,False
2017-10-31,112,066570,91100,90600,False,False,-0.00548847,-0.00548847,-0.0262758,0.0207873,False
2017-10-31,112,066970,30409,39680,False,False,0.304877,0.304877,-0.0262758,0.331153,False
2017-10-31,112,071050,62500,68200,False,True,0.0912,0.0873808,-0.0262758,0.113657,False
2017-10-31,112,081000,18822,20076,False,False,0.0666242,0.0666242,-0.0262758,0.0929,False
2017-10-31,112,086790,47200,47450,False,True,0.00529661,0.00177807,-0.0262758,0.0280539,False
2017-10-31,112,090460,21900,30100,False,False,0.374429,0.374429,-0.0262758,0.400705,False
2017-10-31,112,178920,35500,55200,False,False,0.55493,0.55493,-0.0262758,0.581205,False
2017-11-30,113,000660,77200,77300,False,False,0.00129534,0.00129534,-0.00342665,0.00472199,False
2017-11-30,113,001820,38600,43550,False,False,0.128238,0.128238,-0.00342665,0.131665,False
2017-11-30,113,003670,31478,36754,False,False,0.167609,0.167609,-0.00342665,0.171036,False
2017-11-30,113,004410,2970,2560,False,True,-0.138047,-0.141064,-0.00342665,-0.137637,False
2017-11-30,113,005070,9736,11454,False,True,0.176459,0.172341,-0.00342665,0.175768,False
2017-11-30,113,005930,50800,51380,False,True,0.0114173,0.00787736,-0.00342665,0.011304,False
2017-11-30,113,006400,209022,203149,False,False,-0.0280975,-0.0280975,-0.00342665,-0.0246709,False
2017-11-30,113,009150,100500,100000,False,False,-0.00497512,-0.00497512,-0.00342665,-0.00154848,False
2017-11-30,113,011070,162500,147000,False,False,-0.0953846,-0.0953846,-0.00342665,-0.091958,False
2017-11-30,113,020150,39700,38600,False,False,-0.0277078,-0.0277078,-0.00342665,-0.0242812,False
2017-11-30,113,035720,27397,28100,False,False,0.0256597,0.0256597,-0.00342665,0.0290864,False
2017-11-30,113,036570,439500,448000,False,False,0.0193402,0.0193402,-0.00342665,0.0227668,False
2017-11-30,113,051910,412000,407000,False,True,-0.0121359,-0.0155934,-0.00342665,-0.0121668,False
2017-11-30,113,066570,90600,106500,False,False,0.175497,0.175497,-0.00342665,0.178923,False
2017-11-30,113,066970,39680,40330,False,False,0.016381,0.016381,-0.00342665,0.0198077,False
2017-11-30,113,068270,150562,170818,True,False,0.134536,0.133244,-0.00342665,0.136671,False
2017-11-30,113,081000,20076,20028,False,True,-0.00239091,-0.00588255,-0.00342665,-0.0024559,False
2017-11-30,113,090460,30100,27150,False,False,-0.0980066,-0.0980066,-0.00342665,-0.09458,False
2017-11-30,113,178920,55200,47250,False,False,-0.144022,-0.144022,-0.00342665,-0.140595,False
2017-11-30,113,207940,502535,533807,True,False,0.0622285,0.0610189,-0.00342665,0.0644456,False
2017-12-28,114,000660,77300,74900,False,True,-0.0310479,-0.0344392,0.0286434,-0.0630826,False
2017-12-28,114,001820,43550,46300,False,False,0.0631458,0.0631458,0.0286434,0.0345025,False
2017-12-28,114,003670,36754,44806,False,False,0.219078,0.219078,0.0286434,0.190435,False
2017-12-28,114,006400,203149,192868,False,True,-0.0506082,-0.053931,0.0286434,-0.0825744,False
2017-12-28,114,007460,39993,41045,True,False,0.0263046,0.0251359,0.0286434,-0.00350741,False
2017-12-28,114,008930,102034,94745,True,False,-0.071437,-0.0724943,0.0286434,-0.101138,False
2017-12-28,114,009150,100000,107500,False,False,0.075,0.075,0.0286434,0.0463566,False
2017-12-28,114,011070,147000,126000,False,True,-0.142857,-0.145857,0.0286434,-0.1745,False
2017-12-28,114,020150,38600,39050,False,False,0.011658,0.011658,0.0286434,-0.0169853,False
2017-12-28,114,034230,22650,24000,True,True,0.0596026,0.0546917,0.0286434,0.0260483,False
2017-12-28,114,035720,28100,28100,False,True,0,-0.0035,0.0286434,-0.0321434,False
2017-12-28,114,036570,448000,440000,False,True,-0.0178571,-0.0212946,0.0286434,-0.049938,False
2017-12-28,114,066570,106500,103000,False,False,-0.0328638,-0.0328638,0.0286434,-0.0615072,False
2017-12-28,114,066970,40330,38012,False,False,-0.0574758,-0.0574758,0.0286434,-0.0861192,False
2017-12-28,114,068270,170818,240491,False,False,0.407879,0.407879,0.0286434,0.379235,False
2017-12-28,114,069620,165000,183000,True,False,0.109091,0.107828,0.0286434,0.0791846,False
2017-12-28,114,090460,27150,19650,False,False,-0.276243,-0.276243,0.0286434,-0.304886,False
2017-12-28,114,128940,524895,530259,True,False,0.0102192,0.00906885,0.0286434,-0.0195745,False
2017-12-28,114,178920,47250,44050,False,False,-0.0677249,-0.0677249,0.0286434,-0.0963682,False
2017-12-28,114,207940,533807,653079,False,False,0.223437,0.223437,0.0286434,0.194793,False
2018-01-31,115,001820,46300,36000,False,False,-0.222462,-0.222462,-0.0744643,-0.147998,False
2018-01-31,115,003230,95600,95100,True,True,-0.00523013,-0.0098406,-0.0744643,0.0646237,False
2018-01-31,115,003350,10240,8190,True,True,-0.200195,-0.203902,-0.0744643,-0.129438,False
2018-01-31,115,003670,44806,39712,False,False,-0.11369,-0.11369,-0.0744643,-0.0392259,False
2018-01-31,115,005420,23287,20145,True,False,-0.134925,-0.13591,-0.0744643,-0.0614459,False
2018-01-31,115,007460,41045,38489,False,True,-0.0622731,-0.0655552,-0.0744643,0.00890912,False
2018-01-31,115,008930,94745,75250,False,True,-0.205763,-0.208543,-0.0744643,-0.134078,False
2018-01-31,115,009150,107500,91100,False,False,-0.152558,-0.152558,-0.0744643,-0.0780939,False
2018-01-31,115,009420,40550,31700,True,False,-0.218249,-0.219139,-0.0744643,-0.144675,False
2018-01-31,115,020150,39050,32000,False,False,-0.180538,-0.180538,-0.0744643,-0.106073,False
2018-01-31,115,066570,103000,99400,False,True,-0.0349515,-0.0383291,-0.0744643,0.0361351,False
2018-01-31,115,066970,38012,29807,False,False,-0.215853,-0.215853,-0.0744643,-0.141389,False
2018-01-31,115,068270,240491,269674,False,False,0.121348,0.121348,-0.0744643,0.195812,False
2018-01-31,115,069620,183000,178500,False,False,-0.0245902,-0.0245902,-0.0744643,0.0498741,False
2018-01-31,115,074610,202000,159000,True,False,-0.212871,-0.213768,-0.0744643,-0.139303,False
2018-01-31,115,081000,29584,24179,True,False,-0.1827,-0.183631,-0.0744643,-0.109166,False
2018-01-31,115,090460,19650,19900,False,False,0.0127226,0.0127226,-0.0744643,0.0871869,False
2018-01-31,115,128940,530259,407753,False,False,-0.23103,-0.23103,-0.0744643,-0.156566,False
2018-01-31,115,178920,44050,39100,False,False,-0.112372,-0.112372,-0.0744643,-0.037908,False
2018-01-31,115,207940,653079,648715,False,False,-0.00668219,-0.00668219,-0.0744643,0.0677821,False
2018-02-28,116,001820,36000,45450,False,False,0.2625,0.2625,0.0175744,0.244926,False
2018-02-28,116,002210,17000,22350,True,False,0.314706,0.313209,0.0175744,0.295634,False
2018-02-28,116,003670,39712,43851,False,False,0.104225,0.104225,0.0175744,0.086651,False
2018-02-28,116,005420,20145,20790,False,False,0.0320179,0.0320179,0.0175744,0.0144435,False
2018-02-28,116,008700,3660,3260,True,True,-0.10929,-0.113418,0.0175744,-0.130992,False
2018-02-28,116,008770,80300,98900,True,False,0.231631,0.230229,0.0175744,0.212655,False
2018-02-28,116,009150,91100,105500,False,True,0.158068,0.154015,0.0175744,0.13644,False
2018-02-28,116,009420,31700,32450,False,False,0.0236593,0.0236593,0.0175744,0.0060849,False
2018-02-28,116,018260,233000,258500,True,False,0.109442,0.108179,0.0175744,0.0906043,False
2018-02-28,116,020150,32000,38000,False,False,0.1875,0.1875,0.0175744,0.169926,False
2018-02-28,116,036420,70650,75590,True,False,0.0699222,0.0687038,0.0175744,0.0511294,False
2018-02-28,116,066970,29807,36807,False,False,0.234844,0.234844,0.0175744,0.21727,False
2018-02-28,116,068270,269674,237205,False,False,-0.120401,-0.120401,0.0175744,-0.137975,False
2018-02-28,116,069620,178500,201000,False,False,0.12605,0.12605,0.0175744,0.108476,False
2018-02-28,116,074610,159000,153000,False,False,-0.0377358,-0.0377358,0.0175744,-0.0553103,False
2018-02-28,116,081000,24179,26543,False,False,0.0977708,0.0977708,0.0175744,0.0801964,False
2018-02-28,116,090460,19900,18250,False,False,-0.0829146,-0.0829146,0.0175744,-0.100489,False
2018-02-28,116,128940,407753,451569,False,True,0.107457,0.103581,0.0175744,0.0860067,False
2018-02-28,116,178920,39100,45700,False,False,0.168798,0.168798,0.0175744,0.151224,False
2018-02-28,116,207940,648715,708350,False,False,0.0919279,0.0919279,0.0175744,0.0743535,False
2018-03-30,117,001820,45450,63800,False,False,0.40374,0.40374,0.0253518,0.378389,False
2018-03-30,117,002210,22350,16950,False,False,-0.241611,-0.241611,0.0253518,-0.266962,False
2018-03-30,117,003670,43851,32797,False,False,-0.252081,-0.252081,0.0253518,-0.277433,False
2018-03-30,117,004170,368500,417500,True,True,0.132972,0.127721,0.0253518,0.102369,False
2018-03-30,117,005420,20790,16757,False,True,-0.193987,-0.196809,0.0253518,-0.22216,False
2018-03-30,117,008770,98900,116500,False,False,0.177958,0.177958,0.0253518,0.152606,False
2018-03-30,117,009420,32450,29550,False,False,-0.0893683,-0.0893683,0.0253518,-0.11472,False
2018-03-30,117,010060,123966,124363,True,False,0.00320249,0.00206014,0.0253518,-0.0232916,False
2018-03-30,117,017180,9021,7489,True,False,-0.169826,-0.170771,0.0253518,-0.196123,False
2018-03-30,117,018260,258500,241000,False,False,-0.0676983,-0.0676983,0.0253518,-0.09305,False
2018-03-30,117,020150,38000,33500,False,False,-0.118421,-0.118421,0.0253518,-0.143773,False
2018-03-30,117,036420,75590,69220,False,False,-0.0842704,-0.0842704,0.0253518,-0.109622,False
2018-03-30,117,066970,36807,34952,False,False,-0.050398,-0.050398,0.0253518,-0.0757498,False
2018-03-30,117,068270,237205,204356,False,False,-0.138484,-0.138484,0.0253518,-0.163835,False
2018-03-30,117,069620,201000,177000,False,False,-0.119403,-0.119403,0.0253518,-0.144755,False
2018-03-30,117,074610,153000,180500,False,False,0.179739,0.179739,0.0253518,0.154387,False
2018-03-30,117,081000,26543,21524,False,True,-0.189089,-0.191928,0.0253518,-0.217279,False
2018-03-30,117,090460,18250,22500,False,True,0.232877,0.228562,0.0253518,0.20321,False
2018-03-30,117,178920,45700,43500,False,False,-0.04814,-0.04814,0.0253518,-0.0734918,False
2018-03-30,117,207940,708350,597079,False,False,-0.157085,-0.157085,0.0253518,-0.182437,False
2018-04-30,118,000520,13995,9840,True,False,-0.296892,-0.297692,-0.041507,-0.256185,False
2018-04-30,118,001820,63800,71300,False,False,0.117555,0.117555,-0.041507,0.159062,False
2018-04-30,118,002210,16950,17600,False,False,0.0383481,0.0383481,-0.041507,0.0798551,False
2018-04-30,118,003670,32797,41030,False,False,0.251029,0.251029,-0.041507,0.292536,False
2018-04-30,118,005690,16500,19250,True,False,0.166667,0.165338,-0.041507,0.206845,False
2018-04-30,118,006490,91062,78841,True,False,-0.134205,-0.135191,-0.041507,-0.0936842,False
2018-04-30,118,008770,116500,126000,False,False,0.0815451,0.0815451,-0.041507,0.123052,False
2018-04-30,118,009420,29550,32100,False,False,0.0862944,0.0862944,-0.041507,0.127801,False
2018-04-30,118,010060,124363,104497,False,False,-0.159742,-0.159742,-0.041507,-0.118235,False
2018-04-30,118,017180,7489,6723,False,False,-0.102283,-0.102283,-0.041507,-0.0607764,False
2018-04-30,118,018260,241000,212000,False,True,-0.120332,-0.123411,-0.041507,-0.0819038,False
2018-04-30,118,020150,33500,34550,False,True,0.0313433,0.0277336,-0.041507,0.0692406,False
2018-04-30,118,036420,69220,72070,False,True,0.0411731,0.037529,-0.041507,0.079036,False
2018-04-30,118,066970,34952,45151,False,True,0.2918,0.287279,-0.041507,0.328786,False
2018-04-30,118,068270,204356,202828,False,False,-0.00747715,-0.00747715,-0.041507,0.0340298,False
2018-04-30,118,069620,177000,209000,False,True,0.180791,0.176658,-0.041507,0.218165,False
2018-04-30,118,071050,90000,93900,True,True,0.0433333,0.0384978,-0.041507,0.0800048,False
2018-04-30,118,074610,180500,169500,False,False,-0.0609418,-0.0609418,-0.041507,-0.0194348,False
2018-04-30,118,178920,43500,44000,False,True,0.0114943,0.00795402,-0.041507,0.049461,False
2018-04-30,118,207940,597079,639988,False,False,0.0718649,0.0718649,-0.041507,0.113372,False
2018-05-31,119,000520,9840,9969,False,True,0.0131098,0.00956387,-0.0355012,0.0450651,False
2018-05-31,119,000660,90800,85000,True,True,-0.0638767,-0.0682153,-0.0355012,-0.0327141,False
2018-05-31,119,001260,28500,20600,True,True,-0.277193,-0.280543,-0.0355012,-0.245042,False
2018-05-31,119,001820,71300,88400,False,False,0.239832,0.239832,-0.0355012,0.275333,False
2018-05-31,119,002210,17600,15000,False,False,-0.147727,-0.147727,-0.0355012,-0.112226,False
2018-05-31,119,002760,2955,3300,True,False,0.116751,0.11548,-0.0355012,0.150981,False
2018-05-31,119,003670,41030,40348,False,False,-0.016622,-0.016622,-0.0355012,0.0188793,False
2018-05-31,119,004170,445500,399500,True,False,-0.103255,-0.104276,-0.0355012,-0.0687747,False
2018-05-31,119,005690,19250,15900,False,False,-0.174026,-0.174026,-0.0355012,-0.138525,False
2018-05-31,119,006490,78841,72297,False,False,-0.0830025,-0.0830025,-0.0355012,-0.0475013,False
2018-05-31,119,008770,126000,124000,False,False,-0.015873,-0.015873,-0.0355012,0.0196282,False
2018-05-31,119,009420,32100,24500,False,False,-0.23676,-0.23676,-0.0355012,-0.201259,False
2018-05-31,119,010060,104497,82247,False,True,-0.212925,-0.21568,-0.0355012,-0.180178,False
2018-05-31,119,017180,6723,5705,False,True,-0.15142,-0.154391,-0.0355012,-0.118889,False
2018-05-31,119,068270,202828,231476,False,False,0.141243,0.141243,-0.0355012,0.176744,False
2018-05-31,119,069460,32390,20950,True,False,-0.353195,-0.353932,-0.0355012,-0.318431,False
2018-05-31,119,074610,169500,120000,False,False,-0.292035,-0.292035,-0.0355012,-0.256534,False
2018-05-31,119,090460,27500,24450,True,False,-0.110909,-0.111922,-0.0355012,-0.0764203,False
2018-05-31,119,109070,87570,73180,True,False,-0.164326,-0.165277,-0.0355012,-0.129776,False
2018-05-31,119,207940,639988,611624,False,True,-0.0443196,-0.0476645,-0.0355012,-0.0121632,False
2018-06-29,120,001820,88400,90400,False,False,0.0226244,0.0226244,-0.00267451,0.0252989,False
2018-06-29,120,002210,15000,21350,False,False,0.423333,0.423333,-0.00267451,0.426008,False
2018-06-29,120,002760,3300,2645,False,False,-0.198485,-0.198485,-0.00267451,-0.19581,False
2018-06-29,120,003010,6030,5930,True,True,-0.0165837,-0.0211416,-0.00267451,-0.0184671,False
2018-06-29,120,003670,40348,45262,False,False,0.12179,0.12179,-0.00267451,0.124465,False
2018-06-29,120,004170,399500,332000,False,False,-0.168961,-0.168961,-0.00267451,-0.166287,False
2018-06-29,120,005690,15900,13250,False,False,-0.166667,-0.166667,-0.00267451,-0.163992,False
2018-06-29,120,006340,1915,1745,True,True,-0.0887728,-0.0929961,-0.00267451,-0.0903216,False
2018-06-29,120,006490,72297,59131,False,False,-0.18211,-0.18211,-0.00267451,-0.179435,False
2018-06-29,120,008770,124000,100500,False,False,-0.189516,-0.189516,-0.00267451,-0.186842,False
2018-06-29,120,008970,4429,3493,True,False,-0.211334,-0.212232,-0.00267451,-0.209558,False
2018-06-29,120,009420,24500,24450,False,True,-0.00204082,-0.00553367,-0.00267451,-0.00285916,False
2018-06-29,120,011390,132000,187000,True,False,0.416667,0.415054,-0.00267451,0.417728,False
2018-06-29,120,011760,35600,32700,True,True,-0.0814607,-0.0857178,-0.00267451,-0.0830433,False
2018-06-29,120,068270,231476,211232,False,False,-0.0874562,-0.0874562,-0.00267451,-0.0847816,False
2018-06-29,120,069460,20950,18280,False,False,-0.127446,-0.127446,-0.00267451,-0.124772,False
2018-06-29,120,074610,120000,99000,False,True,-0.175,-0.177887,-0.00267451,-0.175213,False
2018-06-29,120,090460,24450,25350,False,True,0.0368098,0.033181,-0.00267451,0.0358555,False
2018-06-29,120,109070,73180,86705,False,True,0.184818,0.180671,-0.00267451,0.183346,False
2018-06-29,120,178920,49850,51800,True,False,0.0391174,0.0379341,-0.00267451,0.0406086,False
2018-07-31,121,001550,25050,30850,True,False,0.231537,0.230135,0.00278225,0.227352,False
2018-07-31,121,001820,90400,88700,False,False,-0.0188053,-0.0188053,0.00278225,-0.0215876,False
2018-07-31,121,002100,10400,11200,True,False,0.0769231,0.0756968,0.00278225,0.0729145,False
2018-07-31,121,002210,21350,38000,False,False,0.779859,0.779859,0.00278225,0.777077,False
2018-07-31,121,002760,2645,2965,False,False,0.120983,0.120983,0.00278225,0.118201,False
2018-07-31,121,003670,45262,55224,False,False,0.220096,0.220096,0.00278225,0.217314,False
2018-07-31,121,004170,332000,324500,False,False,-0.0225904,-0.0225904,0.00278225,-0.0253726,False
2018-07-31,121,005690,13250,18050,False,False,0.362264,0.362264,0.00278225,0.359482,False
2018-07-31,121,006490,59131,77501,False,False,0.310666,0.310666,0.00278225,0.307884,False
2018-07-31,121,008770,100500,107500,False,True,0.0696517,0.065908,0.00278225,0.0631257,False
2018-07-31,121,008970,3493,4513,False,True,0.292013,0.287491,0.00278225,0.284708,False
2018-07-31,121,009470,36350,30000,True,False,-0.174691,-0.17563,0.00278225,-0.178413,False
2018-07-31,121,011390,187000,201500,False,False,0.0775401,0.0775401,0.00278225,0.0747579,False
2018-07-31,121,066970,47283,44734,True,True,-0.0539094,-0.0582943,0.00278225,-0.0610765,False
2018-07-31,121,068270,211232,205120,False,False,-0.028935,-0.028935,0.00278225,-0.0317173,False
2018-07-31,121,069460,18280,20675,False,False,0.131018,0.131018,0.00278225,0.128235,False
2018-07-31,121,081660,31800,41950,True,False,0.319182,0.31768,0.00278225,0.314898,False
2018-07-31,121,090080,2437,2743,True,False,0.125564,0.124283,0.00278225,0.1215,False
2018-07-31,121,178920,51800,53200,False,False,0.027027,0.027027,0.00278225,0.0242448,False
2018-07-31,121,271560,133000,107000,True,True,-0.195489,-0.199217,0.00278225,-0.202,False
2018-08-31,122,001550,30850,29000,False,False,-0.0599676,-0.0599676,0.00802273,-0.0679903,False
2018-08-31,122,001820,88700,74300,False,False,-0.162345,-0.162345,0.00802273,-0.170368,False
2018-08-31,122,002100,11200,10650,False,False,-0.0491071,-0.0491071,0.00802273,-0.0571299,False
2018-08-31,122,002210,38000,32400,False,False,-0.147368,-0.147368,0.00802273,-0.155391,False
2018-08-31,122,002760,2965,2995,False,True,0.010118,0.00658263,0.00802273,-0.0014401,False
2018-08-31,122,003580,10550,12350,True,False,0.170616,0.169283,0.00802273,0.16126,False
2018-08-31,122,003670,55224,67142,False,False,0.215812,0.215812,0.00802273,0.207789,False
2018-08-31,122,004170,324500,364500,False,True,0.123267,0.119335,0.00802273,0.111312,False
2018-08-31,122,005070,23104,22211,True,False,-0.0386513,-0.039746,0.00802273,-0.0477687,False
2018-08-31,122,005690,18050,16550,False,False,-0.0831025,-0.0831025,0.00802273,-0.0911252,False
2018-08-31,122,006490,77501,71351,False,False,-0.0793538,-0.0793538,0.00802273,-0.0873765,False
2018-08-31,122,009470,30000,28250,False,False,-0.0583333,-0.0583333,0.00802273,-0.0663561,False
2018-08-31,122,011390,201500,191000,False,False,-0.0521092,-0.0521092,0.00802273,-0.0601319,False
2018-08-31,122,017800,63222,74360,True,False,0.176173,0.174834,0.00802273,0.166811,False
2018-08-31,122,031430,40500,46500,True,False,0.148148,0.146841,0.00802273,0.138818,False
2018-08-31,122,068270,205120,226892,False,False,0.106143,0.106143,0.00802273,0.09812,False
2018-08-31,122,069460,20675,20950,False,True,0.0133011,0.00975453,0.00802273,0.0017318,True
2018-08-31,122,081660,41950,44900,False,False,0.0703218,0.0703218,0.00802273,0.0622991,False
2018-08-31,122,090080,2743,2315,False,True,-0.156034,-0.158987,0.00802273,-0.16701,False
2018-08-31,122,178920,53200,47000,False,True,-0.116541,-0.119633,0.00802273,-0.127656,False
2018-09-28,123,001550,29000,22000,False,False,-0.241379,-0.241379,-0.122136,-0.119244,False
2018-09-28,123,001820,74300,57500,False,False,-0.22611,-0.22611,-0.122136,-0.103975,False
2018-09-28,123,002100,10650,9450,False,False,-0.112676,-0.112676,-0.122136,0.00945958,False
2018-09-28,123,002210,32400,21300,False,False,-0.342593,-0.342593,-0.122136,-0.220457,False
2018-09-28,123,003580,12350,8000,False,True,-0.352227,-0.354494,-0.122136,-0.232358,False
2018-09-28,123,003670,67142,59773,False,False,-0.109752,-0.109752,-0.122136,0.0123832,False
2018-09-28,123,005070,22211,15686,False,True,-0.293773,-0.296245,-0.122136,-0.17411,False
2018-09-28,123,005690,16550,12350,False,False,-0.253776,-0.253776,-0.122136,-0.131641,False
2018-09-28,123,006360,52600,41950,True,False,-0.202471,-0.20338,-0.122136,-0.081244,False
2018-09-28,123,006490,71351,48172,False,False,-0.324859,-0.324859,-0.122136,-0.202723,False
2018-09-28,123,008770,108500,72300,True,False,-0.333641,-0.334399,-0.122136,-0.212264,False
2018-09-28,123,008970,4387,2724,True,False,-0.379075,-0.379782,-0.122136,-0.257646,False
2018-09-28,123,009420,32800,24100,True,False,-0.265244,-0.266081,-0.122136,-0.143945,False
2018-09-28,123,009470,28250,20950,False,True,-0.258407,-0.261003,-0.122136,-0.138867,False
2018-09-28,123,011390,191000,158000,False,False,-0.172775,-0.172775,-0.122136,-0.0506392,False
2018-09-28,123,017800,74360,55153,False,False,-0.258297,-0.258297,-0.122136,-0.136162,False
2018-09-28,123,031430,46500,30000,False,False,-0.354839,-0.354839,-0.122136,-0.232703,False
2018-09-28,123,036420,65399,46050,True,True,-0.295861,-0.299124,-0.122136,-0.176989,False
2018-09-28,123,068270,226892,167685,False,False,-0.260948,-0.260948,-0.122136,-0.138812,False
2018-09-28,123,081660,44900,42150,False,False,-0.0612472,-0.0612472,-0.122136,0.0608884,False
2018-10-31,124,000720,45000,54681,True,False,0.215133,0.21375,0.0414778,0.172272,False
2018-10-31,124,001550,22000,24550,False,True,0.115909,0.112003,0.0414778,0.0705256,False
2018-10-31,124,001820,57500,62700,False,False,0.0904348,0.0904348,0.0414778,0.048957,False
2018-10-31,124,002100,9450,9670,False,True,0.0232804,0.0196989,0.0414778,-0.0217788,False
2018-10-31,124,002210,21300,23600,False,False,0.107981,0.107981,0.0414778,0.0665034,False
2018-10-31,124,003670,59773,62139,False,False,0.0395831,0.0395831,0.0414778,-0.0018947,False
2018-10-31,124,004170,262000,297000,True,True,0.133588,0.128334,0.0414778,0.0868561,False
2018-10-31,124,005690,12350,14050,False,False,0.137652,0.137652,0.0414778,0.096174,False
2018-10-31,124,006360,41950,44200,False,False,0.0536353,0.0536353,0.0414778,0.0121575,False
2018-10-31,124,006490,48172,53218,False,False,0.10475,0.10475,0.0414778,0.0632719,False
2018-10-31,124,008770,72300,88300,False,True,0.2213,0.217026,0.0414778,0.175548,False
2018-10-31,124,008970,2724,2703,False,True,-0.00770925,-0.0111823,0.0414778,-0.0526601,False
2018-10-31,124,009420,24100,31850,False,False,0.321577,0.321577,0.0414778,0.280099,False
2018-10-31,124,011390,158000,192000,False,False,0.21519,0.21519,0.0414778,0.173712,False
2018-10-31,124,017800,55153,63956,False,False,0.159611,0.159611,0.0414778,0.118133,False
2018-10-31,124,028050,18250,19500,True,False,0.0684932,0.0672765,0.0414778,0.0257987,False
2018-10-31,124,031430,30000,35000,False,False,0.166667,0.166667,0.0414778,0.125189,False
2018-10-31,124,064350,22450,28000,True,True,0.247216,0.241436,0.0414778,0.199958,False
2018-10-31,124,068270,167685,186404,False,True,0.111632,0.107741,0.0414778,0.0662634,False
2018-10-31,124,081660,42150,50900,False,False,0.207592,0.207592,0.0414778,0.166114,False
2018-11-30,125,000720,54681,54972,False,False,0.00532178,0.00532178,-0.0447951,0.0501168,False
2018-11-30,125,001820,62700,54100,False,False,-0.137161,-0.137161,-0.0447951,-0.092366,False
2018-11-30,125,002210,23600,15200,False,False,-0.355932,-0.355932,-0.0447951,-0.311137,False
2018-11-30,125,003670,62139,58681,False,False,-0.0556494,-0.0556494,-0.0447951,-0.0108544,False
2018-11-30,125,005690,14050,12500,False,True,-0.11032,-0.113434,-0.0447951,-0.0686391,False
2018-11-30,125,006360,44200,44000,False,False,-0.00452489,-0.00452489,-0.0447951,0.0402702,False
2018-11-30,125,006490,53218,39736,False,False,-0.253335,-0.253335,-0.0447951,-0.20854,False
2018-11-30,125,008350,1720,2885,True,False,0.677326,0.675416,-0.0447951,0.720211,False
2018-11-30,125,009420,31850,36400,False,False,0.142857,0.142857,-0.0447951,0.187652,False
2018-11-30,125,009460,10700,15275,True,False,0.42757,0.425945,-0.0447951,0.47074,False
2018-11-30,125,010040,4530,5630,True,False,0.242826,0.24141,-0.0447951,0.286205,False
2018-11-30,125,011390,192000,165500,False,False,-0.138021,-0.138021,-0.0447951,-0.0932258,False
2018-11-30,125,017800,63956,74026,False,False,0.157452,0.157452,-0.0447951,0.202247,False
2018-11-30,125,020150,39150,41300,True,True,0.054917,0.0500277,-0.0447951,0.0948228,False
2018-11-30,125,026890,6470,5730,True,False,-0.114374,-0.115382,-0.0447951,-0.0705874,False
2018-11-30,125,028050,19500,17650,False,False,-0.0948718,-0.0948718,-0.0447951,-0.0500767,False
2018-11-30,125,031430,35000,39200,False,False,0.12,0.12,-0.0447951,0.164795,False
2018-11-30,125,032640,17700,17650,True,True,-0.00282486,-0.00744648,-0.0447951,0.0373486,False
2018-11-30,125,042660,29673,30428,True,False,0.025444,0.0242763,-0.0447951,0.0690714,False
2018-11-30,125,081660,50900,53300,False,False,0.0471513,0.0471513,-0.0447951,0.0919463,False
2018-12-28,126,000720,54972,60810,False,False,0.1062,0.1062,0.0900702,0.0161293,False
2018-12-28,126,001820,54100,65300,False,True,0.207024,0.202799,0.0900702,0.112729,False
2018-12-28,126,002210,15200,17450,False,False,0.148026,0.148026,0.0900702,0.0579561,False
2018-12-28,126,003670,58681,54131,False,True,-0.0775379,-0.0807665,0.0900702,-0.170837,False
2018-12-28,126,006360,44000,46650,False,False,0.0602273,0.0602273,0.0900702,-0.029843,False
2018-12-28,126,006490,39736,44703,False,False,0.125,0.125,0.0900702,0.0349298,False
2018-12-28,126,008350,2885,2825,False,False,-0.0207972,-0.0207972,0.0900702,-0.110867,False
2018-12-28,126,009150,104500,109500,True,True,0.0478469,0.0429904,0.0900702,-0.0470798,False
2018-12-28,126,009420,36400,35200,False,True,-0.032967,-0.0363516,0.0900702,-0.126422,False
2018-12-28,126,009460,15275,16775,False,False,0.0981997,0.0981997,0.0900702,0.00812942,False
2018-12-28,126,010040,5630,9090,False,False,0.614565,0.614565,0.0900702,0.524495,False
2018-12-28,126,011390,165500,182500,False,True,0.102719,0.0988595,0.0900702,0.00878927,False
2018-12-28,126,017800,74026,75360,False,False,0.0180207,0.0180207,0.0900702,-0.0720496,False
2018-12-28,126,026890,5730,6400,False,True,0.116928,0.113019,0.0900702,0.0229489,False
2018-12-28,126,028050,17650,16750,False,True,-0.0509915,-0.054313,0.0900702,-0.144383,False
2018-12-28,126,031430,39200,43300,False,False,0.104592,0.104592,0.0900702,0.0145216,False
2018-12-28,126,042660,30428,32249,False,False,0.0598462,0.0598462,0.0900702,-0.0302241,False
2018-12-28,126,064350,28350,26950,True,False,-0.0493827,-0.0504652,0.0900702,-0.140535,False
2018-12-28,126,081660,53300,47600,False,False,-0.106942,-0.106942,0.0900702,-0.197012,False
2018-12-28,126,180640,29800,27100,True,False,-0.090604,-0.0916396,0.0900702,-0.18171,False
2019-01-31,127,000720,60810,53513,False,False,-0.119997,-0.119997,-0.0033093,-0.116687,False
2019-01-31,127,000890,9950,8125,True,False,-0.183417,-0.184347,-0.0033093,-0.181038,False
2019-01-31,127,002100,21700,14200,True,False,-0.345622,-0.346367,-0.0033093,-0.343058,False
2019-01-31,127,002150,13650,9450,True,False,-0.307692,-0.308481,-0.0033093,-0.305171,False
2019-01-31,127,002210,17450,18250,False,True,0.0458453,0.0421848,-0.0033093,0.0454941,False
2019-01-31,127,002320,38519,40948,True,False,0.0630598,0.0618493,-0.0033093,0.0651586,False
2019-01-31,127,005690,17200,12300,True,False,-0.284884,-0.285698,-0.0033093,-0.282389,False
2019-01-31,127,006360,46650,42450,False,False,-0.0900322,-0.0900322,-0.0033093,-0.0867229,False
2019-01-31,127,006490,44703,45728,False,True,0.0229291,0.0193489,-0.0033093,0.0226582,False
2019-01-31,127,008350,2825,2295,False,False,-0.187611,-0.187611,-0.0033093,-0.184301,False
2019-01-31,127,009460,16775,14000,False,False,-0.165425,-0.165425,-0.0033093,-0.162115,False
2019-01-31,127,010040,9090,6170,False,False,-0.321232,-0.321232,-0.0033093,-0.317923,False
2019-01-31,127,014160,1425,1235,True,False,-0.133333,-0.13432,-0.0033093,-0.131011,False
2019-01-31,127,017800,75360,59354,False,False,-0.212394,-0.212394,-0.0033093,-0.209085,False
2019-01-31,127,031430,43300,46600,False,True,0.0762125,0.0724457,-0.0033093,0.075755,False
2019-01-31,127,042660,32249,28029,False,False,-0.130857,-0.130857,-0.0033093,-0.127547,False
2019-01-31,127,064350,26950,24300,False,False,-0.0983302,-0.0983302,-0.0033093,-0.0950209,False
2019-01-31,127,081000,38995,33252,True,False,-0.147275,-0.148246,-0.0033093,-0.144937,False
2019-01-31,127,081660,47600,57500,False,False,0.207983,0.207983,-0.0033093,0.211292,False
2019-01-31,127,180640,27100,25600,False,True,-0.0553506,-0.0586568,-0.0033093,-0.0553475,False
2019-02-28,128,000720,53513,52248,False,False,-0.0236391,-0.0236391,-0.0269467,0.00330762,False
2019-02-28,128,000890,8125,7700,False,False,-0.0523077,-0.0523077,-0.0269467,-0.025361,False
2019-02-28,128,001820,61900,56200,True,False,-0.092084,-0.0931179,-0.0269467,-0.0661711,False
2019-02-28,128,002100,14200,15850,False,False,0.116197,0.116197,-0.0269467,0.143144,False
2019-02-28,128,002150,9450,10400,False,False,0.100529,0.100529,-0.0269467,0.127476,False
2019-02-28,128,002320,40948,34139,False,True,-0.166284,-0.169202,-0.0269467,-0.142255,False
2019-02-28,128,005690,12300,11600,False,False,-0.0569106,-0.0569106,-0.0269467,-0.0299638,False
2019-02-28,128,006360,42450,42900,False,False,0.0106007,0.0106007,-0.0269467,0.0375474,False
2019-02-28,128,007110,2450,2495,True,False,0.0183673,0.0172077,-0.0269467,0.0441545,False
2019-02-28,128,008350,2295,2445,False,False,0.0653595,0.0653595,-0.0269467,0.0923062,False
2019-02-28,128,009460,14000,13275,False,False,-0.0517857,-0.0517857,-0.0269467,-0.024839,False
2019-02-28,128,010040,6170,6170,False,False,0,0,-0.0269467,0.0269467,False
2019-02-28,128,014160,1235,1255,False,False,0.0161943,0.0161943,-0.0269467,0.0431411,False
2019-02-28,128,017800,59354,60621,False,False,0.0213465,0.0213465,-0.0269467,0.0482932,False
2019-02-28,128,026890,6570,7900,True,True,0.202435,0.196862,-0.0269467,0.223809,False
2019-02-28,128,042660,28029,25053,False,True,-0.106176,-0.109304,-0.0269467,-0.0823574,False
2019-02-28,128,064350,24300,23650,False,False,-0.026749,-0.026749,-0.0269467,0.000197764,False
2019-02-28,128,068290,17350,18000,True,False,0.037464,0.0362826,-0.0269467,0.0632294,False
2019-02-28,128,081000,33252,30597,False,True,-0.0798448,-0.0830654,-0.0269467,-0.0561186,False
2019-02-28,128,081660,57500,79000,False,False,0.373913,0.373913,-0.0269467,0.40086,False
2019-03-29,129,000720,52248,50789,False,False,-0.0279245,-0.0279245,0.0178155,-0.04574,False
2019-03-29,129,000890,7700,6925,False,True,-0.100649,-0.103797,0.0178155,-0.121613,False
2019-03-29,129,001820,56200,59100,False,True,0.0516014,0.0479208,0.0178155,0.0301054,False
2019-03-29,129,002100,15850,15200,False,False,-0.0410095,-0.0410095,0.0178155,-0.0588249,False
2019-03-29,129,002150,10400,9650,False,True,-0.0721154,-0.075363,0.0178155,-0.0931784,False
2019-03-29,129,003670,54859,52130,True,False,-0.0497457,-0.0508278,0.0178155,-0.0686432,False
2019-03-29,129,005110,12612,10867,True,False,-0.13836,-0.139341,0.0178155,-0.157157,False
2019-03-29,129,005690,11600,11200,False,True,-0.0344828,-0.0378621,0.0178155,-0.0556775,False
2019-03-29,129,006360,42900,40600,False,False,-0.0536131,-0.0536131,0.0178155,-0.0714285,False
2019-03-29,129,007110,2495,2380,False,False,-0.0460922,-0.0460922,0.0178155,-0.0639076,False
2019-03-29,129,007700,40300,39850,True,False,-0.0111663,-0.0122922,0.0178155,-0.0301077,False
2019-03-29,129,008350,2445,2845,False,False,0.163599,0.163599,0.0178155,0.145784,False
2019-03-29,129,009460,13275,13500,False,False,0.0169492,0.0169492,0.0178155,-0.000866299,False
2019-03-29,129,010040,6170,5170,False,False,-0.162075,-0.162075,0.0178155,-0.17989,False
2019-03-29,129,014160,1255,1245,False,True,-0.00796813,-0.0114402,0.0178155,-0.0292557,False
2019-03-29,129,017800,60621,57420,False,True,-0.0528035,-0.0561187,0.0178155,-0.0739341,False
2019-03-29,129,031430,59900,62700,True,False,0.0467446,0.0455526,0.0178155,0.0277372,False
2019-03-29,129,064350,23650,21400,False,False,-0.0951374,-0.0951374,0.0178155,-0.112953,False
2019-03-29,129,068290,18000,17000,False,True,-0.0555556,-0.0588611,0.0178155,-0.0766766,False
2019-03-29,129,081660,79000,82500,False,False,0.0443038,0.0443038,0.0178155,0.0264883,False
2019-04-30,130,000720,50789,49718,False,True,-0.0210872,-0.0245134,-0.0730141,0.0485006,False
2019-04-30,130,000810,299500,271000,True,True,-0.0951586,-0.0993523,-0.0730141,-0.0263382,False
2019-04-30,130,002100,15200,15850,False,False,0.0427632,0.0427632,-0.0730141,0.115777,False
2019-04-30,130,003670,52130,49310,False,False,-0.0540955,-0.0540955,-0.0730141,0.0189186,False
2019-04-30,130,005110,10867,9272,False,False,-0.146775,-0.146775,-0.0730141,-0.0737606,False
2019-04-30,130,006360,40600,39750,False,True,-0.020936,-0.0243627,-0.0730141,0.0486514,False
2019-04-30,130,007110,2380,2245,False,True,-0.0567227,-0.0600242,-0.0730141,0.0129899,False
2019-04-30,130,007700,39850,39650,False,False,-0.00501882,-0.00501882,-0.0730141,0.0679953,False
2019-04-30,130,008350,2845,3865,False,False,0.358524,0.358524,-0.0730141,0.431538,False
2019-04-30,130,009460,13500,15225,False,False,0.127778,0.127778,-0.0730141,0.200792,False
2019-04-30,130,010040,5170,5180,False,True,0.00193424,-0.00157253,-0.0730141,0.0714415,False
2019-04-30,130,026890,6050,5800,True,False,-0.0413223,-0.042414,-0.0730141,0.0306001,False
2019-04-30,130,031430,62700,52300,False,False,-0.165869,-0.165869,-0.0730141,-0.0928551,False
2019-04-30,130,032640,14250,13900,True,True,-0.0245614,-0.0290823,-0.0730141,0.0439318,False
2019-04-30,130,035250,33800,31000,True,True,-0.0828402,-0.087091,-0.0730141,-0.0140769,False
2019-04-30,130,036570,526000,472000,True,False,-0.102662,-0.103683,-0.0730141,-0.0306693,False
2019-04-30,130,064350,21400,19350,False,True,-0.0957944,-0.0989591,-0.0730141,-0.025945,False
2019-04-30,130,081660,82500,78000,False,False,-0.0545455,-0.0545455,-0.0730141,0.0184686,False
2019-04-30,130,119650,13432,9997,True,False,-0.255733,-0.25658,-0.0730141,-0.183566,False
2019-04-30,130,181710,43713,37766,True,True,-0.136046,-0.140051,-0.0730141,-0.0670366,False
2019-05-31,131,000270,38900,44000,True,False,0.131105,0.129817,0.0643749,0.0654425,False
2019-05-31,131,000890,6425,6425,True,False,0,-0.0011387,0.0643749,-0.0655136,False
2019-05-31,131,002100,15850,18850,False,True,0.189274,0.185112,0.0643749,0.120737,False
2019-05-31,131,002210,17400,20450,True,True,0.175287,0.16984,0.0643749,0.105465,False
2019-05-31,131,003670,49310,49308,False,False,-4.05597e-05,-4.05597e-05,0.0643749,-0.0644155,False
2019-05-31,131,005110,9272,11759,False,True,0.268227,0.263788,0.0643749,0.199413,False
2019-05-31,131,006400,212449,234477,True,True,0.103686,0.0985708,0.0643749,0.0341959,False
2019-05-31,131,007700,39650,46500,False,True,0.172762,0.168657,0.0643749,0.104282,False
2019-05-31,131,008350,3865,3610,False,False,-0.0659767,-0.0659767,0.0643749,-0.130352,False
2019-05-31,131,009460,15225,15525,False,False,0.0197044,0.0197044,0.0643749,-0.0446705,False
2019-05-31,131,011280,7410,6980,True,False,-0.0580297,-0.0591023,0.0643749,-0.123477,False
2019-05-31,131,014130,6760,7030,True,False,0.0399408,0.0387566,0.0643749,-0.0256183,False
2019-05-31,131,020560,28301,26201,True,False,-0.0742023,-0.0752565,0.0643749,-0.139631,False
2019-05-31,131,026890,5800,5180,False,False,-0.106897,-0.106897,0.0643749,-0.171271,False
2019-05-31,131,027740,11676,10828,True,True,-0.0726276,-0.0769257,0.0643749,-0.141301,False
2019-05-31,131,031430,52300,43000,False,False,-0.17782,-0.17782,0.0643749,-0.242195,False
2019-05-31,131,036570,472000,478000,False,False,0.0127119,0.0127119,0.0643749,-0.051663,False
2019-05-31,131,081660,78000,77500,False,False,-0.00641026,-0.00641026,0.0643749,-0.0707852,False
2019-05-31,131,119650,9997,9700,False,True,-0.0297089,-0.0331049,0.0643749,-0.0974798,False
2019-05-31,131,180640,42500,30150,True,False,-0.290588,-0.291396,0.0643749,-0.355771,False
2019-06-28,132,000210,104819,94879,True,False,-0.0948301,-0.0958609,-0.0522909,-0.04357,False
2019-06-28,132,000270,44000,43750,False,False,-0.00568182,-0.00568182,-0.0522909,0.046609,False
2019-06-28,132,000890,6425,5625,False,False,-0.124514,-0.124514,-0.0522909,-0.0722228,False
2019-06-28,132,000910,4620,4420,True,True,-0.04329,-0.0477241,-0.0522909,0.00456673,False
2019-06-28,132,002700,2065,1715,True,True,-0.169492,-0.173341,-0.0522909,-0.12105,False
2019-06-28,132,003670,49308,44216,False,True,-0.103269,-0.106408,-0.0522909,-0.0541169,False
2019-06-28,132,004270,27627,27587,True,False,-0.00144786,-0.00258491,-0.0522909,0.0497059,False
2019-06-28,132,008060,11857,10199,True,True,-0.139833,-0.14382,-0.0522909,-0.0915288,False
2019-06-28,132,008350,3610,3130,False,False,-0.132964,-0.132964,-0.0522909,-0.0806731,False
2019-06-28,132,009460,15525,12400,False,False,-0.201288,-0.201288,-0.0522909,-0.148997,False
2019-06-28,132,011280,6980,6060,False,False,-0.131805,-0.131805,-0.0522909,-0.0795143,False
2019-06-28,132,014130,7030,6300,False,True,-0.103841,-0.106977,-0.0522909,-0.0546864,False
2019-06-28,132,020560,26201,27392,False,False,0.0454563,0.0454563,-0.0522909,0.0977471,False
2019-06-28,132,026890,5180,4690,False,True,-0.0945946,-0.0977635,-0.0522909,-0.0454727,False
2019-06-28,132,031430,43000,34000,False,True,-0.209302,-0.21207,-0.0522909,-0.159779,False
2019-06-28,132,036570,478000,487000,False,True,0.0188285,0.0152626,-0.0522909,0.0675534,False
2019-06-28,132,047400,2560,2730,True,True,0.0664062,0.0614638,-0.0522909,0.113755,False
2019-06-28,132,081660,77500,66200,False,False,-0.145806,-0.145806,-0.0522909,-0.0935156,False
2019-06-28,132,086280,81031,77030,True,True,-0.0493762,-0.053782,-0.0522909,-0.00149118,False
2019-06-28,132,180640,30150,25600,False,False,-0.150912,-0.150912,-0.0522909,-0.0986213,False
2019-07-31,133,000210,94879,92620,False,False,-0.0238093,-0.0238093,-0.0253614,0.00155209,False
2019-07-31,133,000270,43750,43000,False,False,-0.0171429,-0.0171429,-0.0253614,0.0082185,False
2019-07-31,133,000890,5625,5625,False,True,0,-0.0035,-0.0253614,0.0218614,False
2019-07-31,133,000970,12100,11200,True,False,-0.0743802,-0.0754342,-0.0253614,-0.0500728,False
2019-07-31,133,002100,13050,13550,True,True,0.0383142,0.0335019,-0.0253614,0.0588632,False
2019-07-31,133,002140,2915,3220,True,True,0.104631,0.0995116,-0.0253614,0.124873,False
2019-07-31,133,004270,27587,32516,False,False,0.178671,0.178671,-0.0253614,0.204032,False
2019-07-31,133,007110,2835,2965,True,False,0.0458554,0.0446645,-0.0253614,0.0700258,False
2019-07-31,133,008350,3130,3595,False,False,0.148562,0.148562,-0.0253614,0.173924,False
2019-07-31,133,009460,12400,14525,False,True,0.171371,0.167271,-0.0253614,0.192633,False
2019-07-31,133,010660,3505,3400,True,False,-0.0299572,-0.0310618,-0.0253614,-0.00570043,False
2019-07-31,133,011280,6060,7080,False,False,0.168317,0.168317,-0.0253614,0.193678,False
2019-07-31,133,012800,1190,1195,True,True,0.00420168,-0.000452509,-0.0253614,0.0249089,False
2019-07-31,133,014990,15400,15600,True,False,0.012987,0.0118335,-0.0253614,0.0371949,False
2019-07-31,133,020560,27392,27251,False,False,-0.00514749,-0.00514749,-0.0253614,0.0202139,False
2019-07-31,133,031820,12850,11810,True,True,-0.0809339,-0.0851935,-0.0253614,-0.0598321,False
2019-07-31,133,081000,30800,34900,True,False,0.133117,0.131827,-0.0253614,0.157188,False
2019-07-31,133,081660,66200,56300,False,False,-0.149547,-0.149547,-0.0253614,-0.124185,False
2019-07-31,133,097520,20750,18350,True,False,-0.115663,-0.11667,-0.0253614,-0.0913083,False
2019-07-31,133,180640,25600,29250,False,False,0.142578,0.142578,-0.0253614,0.167939,False
2019-08-30,134,000210,92620,92620,False,True,0,-0.0035,0.0587803,-0.0622803,False
2019-08-30,134,000270,43000,45200,False,False,0.0511628,0.0511628,0.0587803,-0.00761746,False
2019-08-30,134,000970,11200,10900,False,True,-0.0267857,-0.030192,0.0587803,-0.0889722,False
2019-08-30,134,002070,154789,144858,True,False,-0.0641583,-0.065224,0.0587803,-0.124004,False
2019-08-30,134,002700,1520,1575,True,True,0.0361842,0.0313818,0.0587803,-0.0273985,False
2019-08-30,134,004270,32516,25798,False,False,-0.206606,-0.206606,0.0587803,-0.265386,False
2019-08-30,134,005360,5720,4500,True,False,-0.213287,-0.214183,0.0587803,-0.272963,False
2019-08-30,134,007110,2965,3570,False,True,0.204047,0.199833,0.0587803,0.141053,False
2019-08-30,134,008350,3595,3265,False,False,-0.0917942,-0.0917942,0.0587803,-0.150574,False
2019-08-30,134,010660,3400,5030,False,False,0.479412,0.479412,0.0587803,0.420632,False
2019-08-30,134,011280,7080,5490,False,False,-0.224576,-0.224576,0.0587803,-0.283357,False
2019-08-30,134,012610,7910,8400,True,True,0.0619469,0.0570251,0.0587803,-0.00175517,False
2019-08-30,134,014990,15600,16975,False,False,0.088141,0.088141,0.0587803,0.0293608,False
2019-08-30,134,020560,27251,24531,False,False,-0.0998129,-0.0998129,0.0587803,-0.158593,False
2019-08-30,134,036570,545000,521000,True,False,-0.0440367,-0.0451253,0.0587803,-0.103906,False
2019-08-30,134,081000,34900,31450,False,False,-0.0988539,-0.0988539,0.0587803,-0.157634,False
2019-08-30,134,081660,56300,58500,False,False,0.0390764,0.0390764,0.0587803,-0.0197039,False
2019-08-30,134,084680,3330,3110,True,True,-0.0660661,-0.0703946,0.0587803,-0.129175,False
2019-08-30,134,097520,18350,23700,False,False,0.291553,0.291553,0.0587803,0.232773,False
2019-08-30,134,180640,29250,27400,False,False,-0.0632479,-0.0632479,0.0587803,-0.122028,False
2019-09-30,135,000080,27100,28450,True,False,0.0498155,0.0486201,0.0100208,0.0385992,False
2019-09-30,135,000270,45200,42150,False,False,-0.0674779,-0.0674779,0.0100208,-0.0774987,False
2019-09-30,135,002070,144858,177139,False,False,0.222846,0.222846,0.0100208,0.212825,False
2019-09-30,135,004270,25798,26713,False,False,0.0354679,0.0354679,0.0100208,0.025447,False
2019-09-30,135,004770,4425,3780,True,False,-0.145763,-0.146735,0.0100208,-0.156756,False
2019-09-30,135,005110,12436,10492,True,False,-0.15632,-0.157281,0.0100208,-0.167302,False
2019-09-30,135,005360,4500,4835,False,False,0.0744444,0.0744444,0.0100208,0.0644236,False
2019-09-30,135,008350,3265,3860,False,False,0.182236,0.182236,0.0100208,0.172215,False
2019-09-30,135,010660,5030,2680,False,False,-0.467197,-0.467197,0.0100208,-0.477218,False
2019-09-30,135,011280,5490,4730,False,False,-0.138434,-0.138434,0.0100208,-0.148454,False
2019-09-30,135,012450,43292,38503,True,False,-0.110621,-0.111634,0.0100208,-0.121654,False
2019-09-30,135,014990,16975,14000,False,True,-0.175258,-0.178144,0.0100208,-0.188165,False
2019-09-30,135,020560,24531,25725,False,True,0.0486731,0.0450028,0.0100208,0.0349819,False
2019-09-30,135,033250,19280,15975,True,False,-0.171421,-0.172365,0.0100208,-0.182386,False
2019-09-30,135,036570,521000,515000,False,True,-0.0115163,-0.014976,0.0100208,-0.0249969,False
2019-09-30,135,081000,31450,30550,False,True,-0.0286169,-0.0320167,0.0100208,-0.0420375,False
2019-09-30,135,081660,58500,58700,False,True,0.0034188,-9.31624e-05,0.0100208,-0.010114,False
2019-09-30,135,086280,77529,75279,True,False,-0.0290214,-0.0301271,0.0100208,-0.0401479,False
2019-09-30,135,097520,23700,24350,False,False,0.0274262,0.0274262,0.0100208,0.0174053,False
2019-09-30,135,180640,27400,30400,False,True,0.109489,0.105606,0.0100208,0.095585,False
2019-10-31,136,000080,28450,28300,False,False,-0.00527241,-0.00527241,0.00760401,-0.0128764,False
2019-10-31,136,000270,42150,43300,False,False,0.0272835,0.0272835,0.00760401,0.0196795,False
2019-10-31,136,002070,177139,167208,False,True,-0.0560633,-0.0593671,0.00760401,-0.0669711,False
2019-10-31,136,002140,3605,3260,True,False,-0.0957004,-0.0967301,0.00760401,-0.104334,False
2019-10-31,136,004270,26713,24208,False,True,-0.0937746,-0.0969464,0.00760401,-0.10455,False
2019-10-31,136,004770,3780,3530,False,False,-0.0661376,-0.0661376,0.00760401,-0.0737416,False
2019-10-31,136,005110,10492,9132,False,False,-0.129623,-0.129623,0.00760401,-0.137227,False
2019-10-31,136,005360,4835,3430,False,True,-0.290589,-0.293072,0.00760401,-0.300676,False
2019-10-31,136,007110,2760,2545,True,False,-0.0778986,-0.0789485,0.00760401,-0.0865526,False
2019-10-31,136,008350,3860,3040,False,False,-0.212435,-0.212435,0.00760401,-0.220039,False
2019-10-31,136,010660,2680,2850,False,False,0.0634328,0.0634328,0.00760401,0.0558288,False
2019-10-31,136,011280,4730,4240,False,True,-0.103594,-0.106732,0.00760401,-0.114336,False
2019-10-31,136,012450,38503,39013,False,True,0.0132457,0.00969936,0.00760401,0.00209535,False
2019-10-31,136,012610,8720,7360,True,True,-0.155963,-0.159875,0.00760401,-0.167479,False
2019-10-31,136,014580,4290,4205,True,False,-0.0198135,-0.0209297,0.00760401,-0.0285337,False
2019-10-31,136,027740,7860,7638,True,True,-0.0282443,-0.0327481,0.00760401,-0.0403521,False
2019-10-31,136,033250,15975,13255,False,False,-0.170266,-0.170266,0.00760401,-0.17787,False
2019-10-31,136,084680,4470,5410,True,False,0.210291,0.208913,0.00760401,0.201309,False
2019-10-31,136,086280,75279,75529,False,True,0.00332098,-0.000190644,0.00760401,-0.00779466,False
2019-10-31,136,097520,24350,27100,False,False,0.112936,0.112936,0.00760401,0.105332,False
2019-11-29,137,000080,28300,29200,False,False,0.0318021,0.0318021,0.0572106,-0.0254085,False
2019-11-29,137,000270,43300,44100,False,False,0.0184758,0.0184758,0.0572106,-0.0387349,False
2019-11-29,137,001360,3668,3830,True,False,0.0441658,0.0429768,0.0572106,-0.0142339,False
2019-11-29,137,002140,3260,3360,False,True,0.0306748,0.0270675,0.0572106,-0.0301431,False
2019-11-29,137,002790,81400,82800,True,True,0.017199,0.0124846,0.0572106,-0.044726,False
2019-11-29,137,004770,3530,4850,False,False,0.373938,0.373938,0.0572106,0.316727,False
2019-11-29,137,005110,9132,8516,False,False,-0.0674551,-0.0674551,0.0572106,-0.124666,False
2019-11-29,137,007110,2545,2420,False,True,-0.0491159,-0.052444,0.0572106,-0.109655,False
2019-11-29,137,008350,3040,3305,False,True,0.0871711,0.083366,0.0572106,0.0261553,False
2019-11-29,137,009460,15800,15050,True,True,-0.0474684,-0.0518831,0.0572106,-0.109094,False
2019-11-29,137,010660,2850,2780,False,False,-0.0245614,-0.0245614,0.0572106,-0.081772,False
2019-11-29,137,012330,245000,254500,True,True,0.0387755,0.0339611,0.0572106,-0.0232495,False
2019-11-29,137,014580,4205,4335,False,True,0.0309156,0.0273074,0.0572106,-0.0299033,False
2019-11-29,137,033250,13255,13805,False,True,0.0414938,0.0378485,0.0572106,-0.0193621,False
2019-11-29,137,035420,172500,187500,True,False,0.0869565,0.0857188,0.0572106,0.0285082,False
2019-11-29,137,035720,31311,30909,True,False,-0.0128389,-0.013963,0.0572106,-0.0711736,False
2019-11-29,137,068290,21900,25500,True,False,0.164384,0.163058,0.0572106,0.105847,False
2019-11-29,137,084680,5410,5540,False,False,0.0240296,0.0240296,0.0572106,-0.033181,False
2019-11-29,137,090460,20950,22050,True,True,0.052506,0.0476279,0.0572106,-0.00958272,False
2019-11-29,137,097520,27100,37700,False,False,0.391144,0.391144,0.0572106,0.333933,False
2019-12-30,138,000080,29200,29100,False,False,-0.00342466,-0.00342466,-0.0476563,0.0442316,False
2019-12-30,138,000270,44100,40200,False,True,-0.0884354,-0.0916259,-0.0476563,-0.0439696,False
2019-12-30,138,000660,96000,91800,True,False,-0.04375,-0.0448389,-0.0476563,0.00281739,False
2019-12-30,138,000990,27950,26750,True,False,-0.0429338,-0.0440236,-0.0476563,0.00363265,False
2019-12-30,138,001360,3830,3392,False,False,-0.11436,-0.11436,-0.0476563,-0.066704,False
2019-12-30,138,003580,8110,6880,True,True,-0.151665,-0.155596,-0.0476563,-0.10794,False
2019-12-30,138,004770,4850,4450,False,False,-0.0824742,-0.0824742,-0.0476563,-0.034818,False
2019-12-30,138,005110,8516,8628,False,False,0.0131517,0.0131517,-0.0476563,0.060808,False
2019-12-30,138,005930,55500,55500,True,True,0,-0.00463472,-0.0476563,0.0430216,False
2019-12-30,138,007700,56500,48650,True,False,-0.138938,-0.139919,-0.0476563,-0.0922623,False
2019-12-30,138,010660,2780,2880,False,False,0.0359712,0.0359712,-0.0476563,0.0836275,False
2019-12-30,138,011070,140000,149000,True,False,0.0642857,0.0630738,-0.0476563,0.11073,False
2019-12-30,138,021050,2860,3395,True,False,0.187063,0.185711,-0.0476563,0.233368,False
2019-12-30,138,035420,187500,178000,False,False,-0.0506667,-0.0506667,-0.0476563,-0.00301039,False
2019-12-30,138,035720,30909,31311,False,False,0.0130059,0.0130059,-0.0476563,0.0606622,False
2019-12-30,138,068290,25500,19600,False,True,-0.231373,-0.234063,-0.0476563,-0.186406,False
2019-12-30,138,074610,77700,59700,True,False,-0.23166,-0.232535,-0.0476563,-0.184879,False
2019-12-30,138,084680,5540,4710,False,False,-0.149819,-0.149819,-0.0476563,-0.102163,False
2019-12-30,138,097520,37700,34550,False,False,-0.0835544,-0.0835544,-0.0476563,-0.0358981,False
2019-12-30,138,267850,22727,18330,True,False,-0.19347,-0.194389,-0.0476563,-0.146732,False
2020-01-31,139,000080,29100,26550,False,False,-0.0876289,-0.0876289,-0.0377628,-0.0498661,False
2020-01-31,139,000660,91800,90000,False,True,-0.0196078,-0.0230392,-0.0377628,0.0147236,False
2020-01-31,139,000990,26750,24200,False,False,-0.0953271,-0.0953271,-0.0377628,-0.0575643,False
2020-01-31,139,001360,3392,3112,False,False,-0.0825472,-0.0825472,-0.0377628,-0.0447844,False
2020-01-31,139,004770,4450,4360,False,False,-0.0202247,-0.0202247,-0.0377628,0.0175381,False
2020-01-31,139,005110,8628,7520,False,True,-0.128419,-0.13147,-0.0377628,-0.0937068,False
2020-01-31,139,007700,48650,47300,False,True,-0.0277492,-0.0311521,-0.0377628,0.00661068,False
2020-01-31,139,010660,2880,2385,False,False,-0.171875,-0.171875,-0.0377628,-0.134112,False
2020-01-31,139,011070,149000,130500,False,False,-0.124161,-0.124161,-0.0377628,-0.0863983,False
2020-01-31,139,012800,1265,1110,True,False,-0.12253,-0.123529,-0.0377628,-0.085766,False
2020-01-31,139,017550,1910,1605,True,True,-0.159686,-0.16358,-0.0377628,-0.125818,False
2020-01-31,139,021050,3395,2455,False,False,-0.276878,-0.276878,-0.0377628,-0.239115,False
2020-01-31,139,035420,178000,175000,False,False,-0.0168539,-0.0168539,-0.0377628,0.0209089,False
2020-01-31,139,035720,31311,35025,False,False,0.118616,0.118616,-0.0377628,0.156379,False
2020-01-31,139,044380,7425,6965,True,False,-0.0619529,-0.063021,-0.0377628,-0.0252582,False
2020-01-31,139,074610,59700,54500,False,True,-0.0871022,-0.0902973,-0.0377628,-0.0525345,False
2020-01-31,139,084680,4710,4060,False,True,-0.138004,-0.141021,-0.0377628,-0.103258,False
2020-01-31,139,090460,20300,17750,True,True,-0.125616,-0.129668,-0.0377628,-0.0919055,False
2020-01-31,139,097520,34550,32950,False,False,-0.0463097,-0.0463097,-0.0377628,-0.00854691,False
2020-01-31,139,267850,18330,14939,False,True,-0.184997,-0.18785,-0.0377628,-0.150087,False
2020-02-28,140,000080,26550,26850,False,False,0.0112994,0.0112994,-0.131162,0.142462,False
2020-02-28,140,000990,24200,21500,False,False,-0.11157,-0.11157,-0.131162,0.0195919,False
2020-02-28,140,001360,3112,3839,False,True,0.233612,0.229294,-0.131162,0.360456,False
2020-02-28,140,002720,4777,5170,True,False,0.0822692,0.0810368,-0.131162,0.212199,False
2020-02-28,140,004770,4360,3620,False,False,-0.169725,-0.169725,-0.131162,-0.0385626,False
2020-02-28,140,008350,3765,4990,True,False,0.325365,0.323856,-0.131162,0.455018,False
2020-02-28,140,010660,2385,2060,False,True,-0.136268,-0.139291,-0.131162,-0.00812927,False
2020-02-28,140,011000,11820,39770,True,True,2.36464,2.34904,-0.131162,2.4802,False
2020-02-28,140,011070,130500,114000,False,False,-0.126437,-0.126437,-0.131162,0.00472535,False
2020-02-28,140,011790,48876,34918,True,False,-0.28558,-0.286393,-0.131162,-0.155231,False
2020-02-28,140,012690,6280,5910,True,True,-0.0589172,-0.0632788,-0.131162,0.0678833,False
2020-02-28,140,012800,1110,946,False,True,-0.147748,-0.150731,-0.131162,-0.0195685,False
2020-02-28,140,021050,2455,3225,False,False,0.313646,0.313646,-0.131162,0.444808,False
2020-02-28,140,035420,175000,166500,False,False,-0.0485714,-0.0485714,-0.131162,0.0825907,False
2020-02-28,140,035720,35025,31309,False,False,-0.106096,-0.106096,-0.131162,0.0250665,False
2020-02-28,140,036570,657000,647000,True,False,-0.0152207,-0.0163421,-0.131162,0.11482,False
2020-02-28,140,044380,6965,7485,False,True,0.074659,0.0708977,-0.131162,0.20206,False
2020-02-28,140,068290,19350,23800,True,True,0.229974,0.224274,-0.131162,0.355436,False
2020-02-28,140,097520,32950,25750,False,False,-0.218513,-0.218513,-0.131162,-0.0873508,False
2020-02-28,140,180640,68300,79500,True,False,0.163982,0.162657,-0.131162,0.293819,False
2020-03-31,141,000080,26850,32400,False,False,0.206704,0.206704,0.0777441,0.12896,False
2020-03-31,141,000660,82100,82900,True,True,0.00974421,0.00506434,0.0777441,-0.0726798,False
2020-03-31,141,000990,21500,26050,False,False,0.211628,0.211628,0.0777441,0.133884,False
2020-03-31,141,002720,5170,6182,False,True,0.195745,0.19156,0.0777441,0.113815,False
2020-03-31,141,004770,3620,3160,False,True,-0.127072,-0.130127,0.0777441,-0.207871,False
2020-03-31,141,006400,234967,271681,True,True,0.156252,0.150893,0.0777441,0.0731487,False
2020-03-31,141,008350,4990,4850,False,False,-0.0280561,-0.0280561,0.0777441,-0.1058,False
2020-03-31,141,009150,96600,110500,True,True,0.143892,0.138591,0.0777441,0.0608466,False
2020-03-31,141,009460,18575,10825,True,False,-0.417227,-0.417891,0.0777441,-0.495635,False
2020-03-31,141,011070,114000,128000,False,True,0.122807,0.118877,0.0777441,0.0411331,False
2020-03-31,141,011150,3170,4005,True,True,0.263407,0.257551,0.0777441,0.179807,False
2020-03-31,141,011790,34918,45586,False,True,0.305516,0.300946,0.0777441,0.223202,False
2020-03-31,141,020150,31000,38650,True,True,0.246774,0.240996,0.0777441,0.163252,False
2020-03-31,141,021050,3225,2930,False,False,-0.0914729,-0.0914729,0.0777441,-0.169217,False
2020-03-31,141,035420,166500,198500,False,False,0.192192,0.192192,0.0777441,0.114448,False
2020-03-31,141,035720,31309,36429,False,False,0.163531,0.163531,0.0777441,0.0857872,False
2020-03-31,141,036570,647000,633000,False,False,-0.0216383,-0.0216383,0.0777441,-0.0993824,False
2020-03-31,141,097520,25750,29200,False,False,0.133981,0.133981,0.0777441,0.0562365,False
2020-03-31,141,180640,79500,85400,False,False,0.0742138,0.0742138,0.0777441,-0.00353026,False
2020-03-31,141,207940,699623,823257,True,False,0.176715,0.175375,0.0777441,0.0976311,False
2020-04-29,142,000080,32400,36000,False,True,0.111111,0.107222,0.0667485,0.0404737,False
2020-04-29,142,000990,26050,29050,False,False,0.115163,0.115163,0.0667485,0.0484146,False
2020-04-29,142,005690,24550,24600,True,False,0.00203666,0.000895639,0.0667485,-0.0658529,False
2020-04-29,142,007570,35800,53868,True,True,0.504693,0.497719,0.0667485,0.43097,False
2020-04-29,142,008350,4850,6380,False,True,0.315464,0.31086,0.0667485,0.244111,False
2020-04-29,142,009460,10825,11425,False,True,0.0554273,0.0517333,0.0667485,-0.0150153,False
2020-04-29,142,011000,30500,35010,True,False,0.147869,0.146562,0.0667485,0.0798132,False
2020-04-29,142,012690,6950,6900,True,False,-0.00719424,-0.00832475,0.0667485,-0.0750733,False
2020-04-29,142,019170,19000,21750,True,False,0.144737,0.143433,0.0667485,0.0766848,False
2020-04-29,142,021050,2930,3245,False,False,0.107509,0.107509,0.0667485,0.04076,False
2020-04-29,142,023150,9620,8570,True,True,-0.109148,-0.113276,0.0667485,-0.180025,False
2020-04-29,142,035420,198500,233500,False,False,0.176322,0.176322,0.0667485,0.109574,False
2020-04-29,142,035720,36429,52888,False,False,0.45181,0.45181,0.0667485,0.385062,False
2020-04-29,142,036570,633000,786000,False,True,0.241706,0.23736,0.0667485,0.170612,False
2020-04-29,142,068290,24600,20950,True,False,-0.148374,-0.149344,0.0667485,-0.216092,False
2020-04-29,142,084680,4425,4545,True,False,0.0271186,0.0259491,0.0667485,-0.0407995,False
2020-04-29,142,097520,29200,32050,False,False,0.0976027,0.0976027,0.0667485,0.0308542,False
2020-04-29,142,180640,85400,89300,False,False,0.0456674,0.0456674,0.0667485,-0.0210811,False
2020-04-29,142,207940,823257,914892,False,False,0.111308,0.111308,0.0667485,0.0445594,False
2020-04-29,142,285130,50974,60982,True,True,0.196335,0.190791,0.0667485,0.124042,False
2020-05-29,143,000990,29050,29350,False,False,0.010327,0.010327,0.051283,-0.040956,False
2020-05-29,143,002720,6225,6635,True,False,0.0658635,0.0646498,0.051283,0.0133667,False
2020-05-29,143,003000,22300,28356,True,True,0.27157,0.265676,0.051283,0.214393,False
2020-05-29,143,005690,24600,19100,False,False,-0.223577,-0.223577,0.051283,-0.27486,False
2020-05-29,143,011000,35010,31870,False,False,-0.0896887,-0.0896887,0.051283,-0.140972,False
2020-05-29,143,011070,147500,176500,True,True,0.19661,0.191064,0.051283,0.139781,False
2020-05-29,143,011150,3945,3910,True,True,-0.00887199,-0.0134656,0.051283,-0.0647486,False
2020-05-29,143,011790,54046,58088,True,False,0.0747881,0.0735643,0.051283,0.0222813,False
2020-05-29,143,012690,6900,5900,False,False,-0.144928,-0.144928,0.051283,-0.196211,False
2020-05-29,143,019170,21750,30400,False,False,0.397701,0.397701,0.051283,0.346418,False
2020-05-29,143,021050,3245,4080,False,True,0.257319,0.252918,0.051283,0.201635,False
2020-05-29,143,026890,10500,10650,True,False,0.0142857,0.0131307,0.051283,-0.0381523,False
2020-05-29,143,035420,233500,270000,False,False,0.156317,0.156317,0.051283,0.105034,False
2020-05-29,143,035720,52888,54494,False,False,0.0303661,0.0303661,0.051283,-0.0209169,False
2020-05-29,143,068290,20950,21550,False,True,0.0286396,0.0250394,0.051283,-0.0262436,False
2020-05-29,143,084680,4545,4295,False,True,-0.0550055,-0.058313,0.051283,-0.109596,False
2020-05-29,143,097520,32050,31400,False,True,-0.0202808,-0.0237098,0.051283,-0.0749928,False
2020-05-29,143,180640,89300,80900,False,False,-0.0940649,-0.0940649,0.051283,-0.145348,False
2020-05-29,143,207940,914892,1.12725e+06,False,False,0.232114,0.232114,0.051283,0.180831,False
2020-05-29,143,271560,132000,134000,True,True,0.0151515,0.0104466,0.051283,-0.0408364,False
2020-06-30,144,000080,43900,41900,True,False,-0.0455581,-0.0466449,0.0581773,-0.104822,False
2020-06-30,144,000990,29350,34700,False,False,0.182283,0.182283,0.0581773,0.124105,False
2020-06-30,144,002720,6635,8850,False,False,0.333836,0.333836,0.0581773,0.275658,False
2020-06-30,144,003060,14052,11571,True,False,-0.176558,-0.177496,0.0581773,-0.235673,False
2020-06-30,144,005360,5450,10350,True,True,0.899083,0.890281,0.0581773,0.832104,False
2020-06-30,144,005690,19100,22750,False,False,0.191099,0.191099,0.0581773,0.132922,False
2020-06-30,144,006400,362241,389654,True,True,0.0756761,0.0706907,0.0581773,0.0125134,False
2020-06-30,144,007570,71937,92970,True,False,0.292381,0.290909,0.0581773,0.232732,False
2020-06-30,144,008350,6210,5570,True,False,-0.10306,-0.104081,0.0581773,-0.162258,False
2020-06-30,144,011000,31870,29740,False,False,-0.066834,-0.066834,0.0581773,-0.125011,False
2020-06-30,144,011790,58088,65701,False,True,0.13106,0.127101,0.0581773,0.0689237,False
2020-06-30,144,012690,5900,5900,False,True,0,-0.0035,0.0581773,-0.0616773,False
2020-06-30,144,019170,30400,69900,False,False,1.29934,1.29934,0.0581773,1.24116,False
2020-06-30,144,026890,10650,17100,False,False,0.605634,0.605634,0.0581773,0.547456,False
2020-06-30,144,035420,270000,301500,False,False,0.116667,0.116667,0.0581773,0.0584893,False
2020-06-30,144,035720,54494,69749,False,False,0.279939,0.279939,0.0581773,0.221762,False
2020-06-30,144,036570,904000,815000,True,False,-0.0984513,-0.0994779,0.0581773,-0.157655,False
2020-06-30,144,180640,80900,84000,False,False,0.0383189,0.0383189,0.0581773,-0.0198584,False
2020-06-30,144,207940,1.12725e+06,1.05889e+06,False,False,-0.0606449,-0.0606449,0.0581773,-0.118822,False
2020-06-30,144,285130,86402,181478,True,False,1.10039,1.098,0.0581773,1.03982,False
2020-07-31,145,000080,41900,36850,False,True,-0.120525,-0.123603,0.0317455,-0.155349,False
2020-07-31,145,000990,34700,35650,False,False,0.0273775,0.0273775,0.0317455,-0.00436798,False
2020-07-31,145,002720,8850,11903,False,False,0.344972,0.344972,0.0317455,0.313226,False
2020-07-31,145,003000,31071,31905,True,False,0.0268417,0.0256725,0.0317455,-0.00607302,False
2020-07-31,145,003060,11571,11685,False,True,0.00985222,0.00631773,0.0317455,-0.0254278,False
2020-07-31,145,003090,25850,35750,True,True,0.382979,0.376569,0.0317455,0.344824,False
2020-07-31,145,005690,22750,22050,False,False,-0.0307692,-0.0307692,0.0317455,-0.0625147,False
2020-07-31,145,007570,92970,90620,False,False,-0.025277,-0.025277,0.0317455,-0.0570225,False
2020-07-31,145,007860,6890,9700,True,False,0.407837,0.406234,0.0317455,0.374489,False
2020-07-31,145,008350,5570,5220,False,True,-0.0628366,-0.0661167,0.0317455,-0.0978622,False
2020-07-31,145,011000,29740,97515,False,False,2.27892,2.27892,0.0317455,2.24717,False
2020-07-31,145,019170,69900,143000,False,False,1.04578,1.04578,0.0317455,1.01403,False
2020-07-31,145,026890,17100,21600,False,False,0.263158,0.263158,0.0317455,0.231412,False
2020-07-31,145,035420,301500,322500,False,False,0.0696517,0.0696517,0.0317455,0.0379062,False
2020-07-31,145,035720,69749,82994,False,False,0.189895,0.189895,0.0317455,0.15815,False
2020-07-31,145,036570,815000,821000,False,True,0.00736196,0.0038362,0.0317455,-0.0279093,False
2020-07-31,145,068270,239347,241789,True,False,0.0102028,0.00905244,0.0317455,-0.0226931,False
2020-07-31,145,180640,84000,76000,False,False,-0.0952381,-0.0952381,0.0317455,-0.126984,False
2020-07-31,145,207940,1.05889e+06,1.12725e+06,False,False,0.0645601,0.0645601,0.0317455,0.0328146,False
2020-07-31,145,285130,181478,266880,False,False,0.470591,0.470591,0.0317455,0.438846,False
2020-08-31,146,000020,23500,22200,True,False,-0.0553191,-0.0563949,0.00184418,-0.058239,False
2020-08-31,146,000990,35650,37550,False,True,0.0532959,0.0496094,0.00184418,0.0477652,False
2020-08-31,146,002720,11903,9462,False,False,-0.205074,-0.205074,0.00184418,-0.206919,False
2020-08-31,146,003000,31905,24137,False,False,-0.243473,-0.243473,0.00184418,-0.245317,False
2020-08-31,146,005690,22050,20750,False,False,-0.0589569,-0.0589569,0.00184418,-0.0608011,False
2020-08-31,146,006120,78600,64000,True,False,-0.185751,-0.186678,0.00184418,-0.188522,False
2020-08-31,146,006280,266500,222500,True,True,-0.165103,-0.168973,0.00184418,-0.170817,False
2020-08-31,146,007570,90620,88830,False,False,-0.0197528,-0.0197528,0.00184418,-0.021597,False
2020-08-31,146,007860,9700,7760,False,False,-0.2,-0.2,0.00184418,-0.201844,False
2020-08-31,146,011000,97515,105695,False,False,0.0838845,0.0838845,0.00184418,0.0820403,False
2020-08-31,146,019170,143000,130500,False,False,-0.0874126,-0.0874126,0.00184418,-0.0892568,False
2020-08-31,146,026890,21600,16050,False,False,-0.256944,-0.256944,0.00184418,-0.258789,False
2020-08-31,146,035420,322500,297500,False,True,-0.0775194,-0.0807481,0.00184418,-0.0825922,False
2020-08-31,146,035720,82994,72357,False,False,-0.128166,-0.128166,0.00184418,-0.13001,False
2020-08-31,146,037270,5140,8350,True,False,0.624514,0.622664,0.00184418,0.62082,False
2020-08-31,146,068270,241789,210854,False,True,-0.127942,-0.130994,0.00184418,-0.132839,False
2020-08-31,146,112610,47923,49821,True,False,0.0396052,0.0384214,0.00184418,0.0365772,False
2020-08-31,146,180640,76000,69900,False,True,-0.0802632,-0.0834822,0.00184418,-0.0853264,False
2020-08-31,146,207940,1.12725e+06,1.0138e+06,False,False,-0.100645,-0.100645,0.00184418,-0.102489,False
2020-08-31,146,285130,266880,199826,False,False,-0.251251,-0.251251,0.00184418,-0.253096,False
2020-09-29,147,000020,22200,17850,False,False,-0.195946,-0.195946,-0.0225416,-0.173404,False
2020-09-29,147,002720,9462,8153,False,True,-0.138343,-0.141359,-0.0225416,-0.118817,False
2020-09-29,147,003000,24137,19460,False,True,-0.193769,-0.196591,-0.0225416,-0.174049,False
2020-09-29,147,004720,15050,12900,True,False,-0.142857,-0.143833,-0.0225416,-0.121292,False
2020-09-29,147,005690,20750,17900,False,True,-0.137349,-0.140369,-0.0225416,-0.117827,False
2020-09-29,147,006120,64000,62700,False,False,-0.0203125,-0.0203125,-0.0225416,0.00222908,False
2020-09-29,147,007570,88830,79321,False,False,-0.107047,-0.107047,-0.0225416,-0.0845056,False
2020-09-29,147,007860,7760,9440,False,False,0.216495,0.216495,-0.0225416,0.239036,False
2020-09-29,147,011000,105695,98005,False,False,-0.0727565,-0.0727565,-0.0225416,-0.0502149,False
2020-09-29,147,019170,130500,127000,False,False,-0.0268199,-0.0268199,-0.0225416,-0.00427834,False
2020-09-29,147,026890,16050,9460,False,False,-0.410592,-0.410592,-0.0225416,-0.38805,False
2020-09-29,147,033270,73000,48600,True,False,-0.334247,-0.335005,-0.0225416,-0.312463,False
2020-09-29,147,035720,72357,66335,False,False,-0.0832262,-0.0832262,-0.0225416,-0.0606846,False
2020-09-29,147,037270,8350,4300,False,False,-0.48503,-0.48503,-0.0225416,-0.462488,False
2020-09-29,147,051910,670000,609000,True,False,-0.0910448,-0.0920798,-0.0225416,-0.0695382,False
2020-09-29,147,100090,18300,15250,True,False,-0.166667,-0.167616,-0.0225416,-0.145074,False
2020-09-29,147,112610,49821,47686,False,False,-0.0428534,-0.0428534,-0.0225416,-0.0203118,False
2020-09-29,147,207940,1.0138e+06,1.00507e+06,False,True,-0.0086092,-0.0120791,-0.0225416,0.0104625,False
2020-09-29,147,214330,98877,68411,True,True,-0.30812,-0.311327,-0.0225416,-0.288785,False
2020-09-29,147,285130,199826,233853,False,False,0.170283,0.170283,-0.0225416,0.192825,False
2020-10-30,148,000020,17850,19150,False,False,0.0728291,0.0728291,0.154293,-0.0814643,False
2020-10-30,148,004720,12900,12400,False,True,-0.0387597,-0.042124,0.154293,-0.196417,False
2020-10-30,148,006120,62700,67400,False,True,0.0749601,0.0711978,0.154293,-0.0830957,False
2020-10-30,148,007570,79321,71825,False,False,-0.0945021,-0.0945021,0.154293,-0.248796,False
2020-10-30,148,007860,9440,11700,False,False,0.239407,0.239407,0.154293,0.0851133,False
2020-10-30,148,009830,50588,52926,True,False,0.0462165,0.0450252,0.154293,-0.109268,False
2020-10-30,148,011000,98005,88350,False,False,-0.0985154,-0.0985154,0.154293,-0.252809,False
2020-10-30,148,011930,31600,40600,True,False,0.28481,0.283347,0.154293,0.129054,False
2020-10-30,148,019170,127000,135000,False,False,0.0629921,0.0629921,0.154293,-0.0913013,False
2020-10-30,148,026890,9460,10050,False,True,0.0623679,0.0586496,0.154293,-0.0956439,False
2020-10-30,148,033270,48600,53300,False,False,0.0967078,0.0967078,0.154293,-0.0575856,False
2020-10-30,148,035720,66335,74164,False,False,0.118022,0.118022,0.154293,-0.0362713,False
2020-10-30,148,037270,4300,5070,False,False,0.17907,0.17907,0.154293,0.0247763,False
2020-10-30,148,051910,609000,808000,False,True,0.326765,0.322122,0.154293,0.167828,False
2020-10-30,148,100090,15250,19200,False,False,0.259016,0.259016,0.154293,0.104723,False
2020-10-30,148,112610,47686,60971,False,False,0.278593,0.278593,0.154293,0.1243,False
2020-10-30,148,192650,11206,12900,True,True,0.151169,0.145834,0.154293,-0.00845978,False
2020-10-30,148,285130,233853,280891,False,False,0.201143,0.201143,0.154293,0.04685,False
2020-10-30,148,336260,41900,49300,True,False,0.176611,0.175271,0.154293,0.0209777,False
2020-10-30,148,336370,15467,24333,True,True,0.57322,0.565929,0.154293,0.411636,False
2020-11-30,149,000020,19150,19750,False,True,0.0313316,0.0277219,0.114864,-0.087142,False
2020-11-30,149,001470,84532,72121,True,False,-0.14682,-0.147792,0.114864,-0.262656,False
2020-11-30,149,005690,21800,17350,True,True,-0.204128,-0.207817,0.114864,-0.322681,False
2020-11-30,149,006280,361500,421000,True,False,0.164592,0.163266,0.114864,0.048402,False
2020-11-30,149,007570,71825,74174,False,False,0.0327045,0.0327045,0.114864,-0.0821594,False
2020-11-30,149,007860,11700,10250,False,False,-0.123932,-0.123932,0.114864,-0.238796,False
2020-11-30,149,009830,52926,55321,False,True,0.0452519,0.0415935,0.114864,-0.0732704,False
2020-11-30,149,011000,88350,72970,False,False,-0.17408,-0.17408,0.114864,-0.288944,False
2020-11-30,149,011200,13300,14900,True,False,0.120301,0.119025,0.114864,0.00416117,False
2020-11-30,149,011930,40600,34450,False,False,-0.151478,-0.151478,0.114864,-0.266342,False
2020-11-30,149,019170,135000,126000,False,False,-0.0666667,-0.0666667,0.114864,-0.181531,False
2020-11-30,149,033270,53300,67500,False,False,0.266417,0.266417,0.114864,0.151553,False
2020-11-30,149,034020,15780,13126,True,False,-0.168188,-0.169135,0.114864,-0.283999,False
2020-11-30,149,035720,74164,78680,False,True,0.0608921,0.057179,0.114864,-0.0576849,False
2020-11-30,149,037270,5070,5200,False,True,0.025641,0.0220513,0.114864,-0.0928126,False
2020-11-30,149,100090,19200,21850,False,True,0.138021,0.134038,0.114864,0.0191739,False
2020-11-30,149,112610,60971,87551,False,False,0.435945,0.435945,0.114864,0.321081,False
2020-11-30,149,180640,75000,63200,True,True,-0.157333,-0.161239,0.114864,-0.276103,False
2020-11-30,149,285130,280891,267547,False,False,-0.047506,-0.047506,0.114864,-0.16237,False
2020-11-30,149,336260,49300,54800,False,False,0.111562,0.111562,0.114864,-0.00330203,False
2020-12-30,150,001440,11835,9629,True,True,-0.186396,-0.190167,0.0390501,-0.229217,False
2020-12-30,150,001470,72121,58703,False,True,-0.186048,-0.188897,0.0390501,-0.227947,False
2020-12-30,150,004830,8130,6660,True,True,-0.180812,-0.184609,0.0390501,-0.223659,False
2020-12-30,150,006280,421000,424000,False,False,0.00712589,0.00712589,0.0390501,-0.0319242,False
2020-12-30,150,006890,14300,13050,True,False,-0.0874126,-0.0884518,0.0390501,-0.127502,False
2020-12-30,150,007570,74174,63993,False,False,-0.137258,-0.137258,0.0390501,-0.176308,False
2020-12-30,150,007860,10250,7570,False,True,-0.261463,-0.264048,0.0390501,-0.303098,False
2020-12-30,150,011000,72970,55790,False,False,-0.235439,-0.235439,0.0390501,-0.274489,False
2020-12-30,150,011200,14900,13350,False,False,-0.104027,-0.104027,0.0390501,-0.143077,False
2020-12-30,150,011930,34450,29600,False,False,-0.140784,-0.140784,0.0390501,-0.179834,False
2020-12-30,150,019170,126000,79700,False,False,-0.36746,-0.36746,0.0390501,-0.40651,False
2020-12-30,150,033270,67500,48200,False,False,-0.285926,-0.285926,0.0390501,-0.324976,False
2020-12-30,150,034020,13126,11099,False,True,-0.154426,-0.157386,0.0390501,-0.196436,False
2020-12-30,150,051910,849000,923000,True,False,0.0871614,0.0859234,0.0390501,0.0468733,False
2020-12-30,150,066970,70979,70594,True,False,-0.00542414,-0.00655666,0.0390501,-0.0456067,False
2020-12-30,150,092220,14210,12605,True,False,-0.112949,-0.113959,0.0390501,-0.153009,False
2020-12-30,150,112610,87551,79546,False,False,-0.0914324,-0.0914324,0.0390501,-0.130482,False
2020-12-30,150,285130,267547,288897,False,False,0.0797991,0.0797991,0.0390501,0.040749,False
2020-12-30,150,336260,54800,55000,False,False,0.00364964,0.00364964,0.0390501,-0.0354004,False
2020-12-30,150,336370,24093,22599,True,True,-0.0620097,-0.066357,0.0390501,-0.105407,False
2021-01-29,151,003090,46200,36900,True,False,-0.201299,-0.202208,0.015542,-0.21775,False
2021-01-29,151,006280,424000,385500,False,False,-0.0908019,-0.0908019,0.015542,-0.106344,False
2021-01-29,151,006890,13050,13150,False,True,0.00766284,0.00413602,0.015542,-0.011406,False
2021-01-29,151,007570,63993,58064,False,True,-0.0926508,-0.0958265,0.015542,-0.111368,False
2021-01-29,151,009830,57956,54426,True,False,-0.0609083,-0.0619776,0.015542,-0.0775196,False
2021-01-29,151,011000,55790,46300,False,False,-0.170102,-0.170102,0.015542,-0.185644,False
2021-01-29,151,011200,13350,19750,False,False,0.479401,0.479401,0.015542,0.463859,False
2021-01-29,151,011930,29600,31250,False,True,0.0557432,0.0520481,0.015542,0.0365061,False
2021-01-29,151,019170,79700,85700,False,False,0.0752823,0.0752823,0.015542,0.0597403,False
2021-01-29,151,033270,48200,53500,False,False,0.109959,0.109959,0.015542,0.0944165,False
2021-01-29,151,035720,87512,100157,True,True,0.144494,0.13919,0.015542,0.123648,False
2021-01-29,151,051910,923000,863000,False,True,-0.0650054,-0.0682779,0.015542,-0.0838199,False
2021-01-29,151,063160,65500,66300,True,True,0.0122137,0.00752242,0.015542,-0.00801958,False
2021-01-29,151,066970,70594,70113,False,False,-0.00681361,-0.00681361,0.015542,-0.0223556,False
2021-01-29,151,083420,13500,12900,True,False,-0.0444444,-0.0455325,0.015542,-0.0610745,False
2021-01-29,151,092220,12605,11930,False,False,-0.0535502,-0.0535502,0.015542,-0.0690922,False
2021-01-29,151,112610,79546,73000,False,False,-0.082292,-0.082292,0.015542,-0.097834,False
2021-01-29,151,185750,149969,142907,True,True,-0.0470897,-0.0515062,0.015542,-0.0670482,False
2021-01-29,151,285130,288897,256204,False,False,-0.113165,-0.113165,0.015542,-0.128707,False
2021-01-29,151,336260,55000,52000,False,False,-0.0545455,-0.0545455,0.015542,-0.0700874,False
2021-02-26,152,003090,36900,32700,False,False,-0.113821,-0.113821,0.0145742,-0.128395,False
2021-02-26,152,004140,9743,6589,True,False,-0.32372,-0.32449,0.0145742,-0.339064,False
2021-02-26,152,004490,92700,78500,True,True,-0.153182,-0.157107,0.0145742,-0.171681,False
2021-02-26,152,005250,37700,34900,True,True,-0.0742706,-0.0785611,0.0145742,-0.0931353,False
2021-02-26,152,006280,385500,362500,False,True,-0.0596628,-0.062954,0.0145742,-0.0775282,False
2021-02-26,152,008930,57785,55762,True,True,-0.0350091,-0.0394815,0.0145742,-0.0540558,False
2021-02-26,152,009830,54426,59662,False,False,0.096204,0.096204,0.0145742,0.0816298,False
2021-02-26,152,011000,46300,38285,False,True,-0.17311,-0.176004,0.0145742,-0.190578,False
2021-02-26,152,011200,19750,28400,False,False,0.437975,0.437975,0.0145742,0.4234,False
2021-02-26,152,011780,217500,265000,True,True,0.218391,0.212744,0.0145742,0.19817,False
2021-02-26,152,019170,85700,84700,False,False,-0.0116686,-0.0116686,0.0145742,-0.0262428,False
2021-02-26,152,033270,53500,49349,False,True,-0.0775888,-0.0808172,0.0145742,-0.0953914,False
2021-02-26,152,034020,10520,12644,True,False,0.201901,0.200533,0.0145742,0.185958,False
2021-02-26,152,066570,150500,154500,True,True,0.0265781,0.0218202,0.0145742,0.00724597,False
2021-02-26,152,066970,70113,77230,False,False,0.101508,0.101508,0.0145742,0.0869334,False
2021-02-26,152,083420,12900,14150,False,True,0.0968992,0.0930601,0.0145742,0.0784859,False
2021-02-26,152,092220,11930,10930,False,True,-0.0838223,-0.0870289,0.0145742,-0.101603,False
2021-02-26,152,112610,73000,76400,False,False,0.0465753,0.0465753,0.0145742,0.0320011,False
2021-02-26,152,285130,256204,167133,False,False,-0.347657,-0.347657,0.0145742,-0.362231,False
2021-02-26,152,336260,52000,51500,False,False,-0.00961538,-0.00961538,0.0145742,-0.0241896,False
2021-03-31,153,000910,8690,8410,True,True,-0.0322209,-0.0367063,0.0133097,-0.050016,False
2021-03-31,153,003090,32700,36500,False,True,0.116208,0.112301,0.0133097,0.0989916,False
2021-03-31,153,003670,152181,141519,True,False,-0.0700613,-0.0711202,0.0133097,-0.0844299,False
2021-03-31,153,004140,6589,6753,False,False,0.02489,0.02489,0.0133097,0.0115803,False
2021-03-31,153,004830,24450,22150,True,False,-0.0940695,-0.0951011,0.0133097,-0.108411,False
2021-03-31,153,006650,327000,315000,True,True,-0.0366972,-0.0411619,0.0133097,-0.0544716,False
2021-03-31,153,007860,22100,18800,True,False,-0.149321,-0.15029,0.0133097,-0.1636,False
2021-03-31,153,009070,6500,8960,True,True,0.378462,0.372073,0.0133097,0.358763,False
2021-03-31,153,009830,59662,54073,False,False,-0.0936777,-0.0936777,0.0133097,-0.106987,False
2021-03-31,153,010060,97742,100126,True,False,0.0243907,0.0232243,0.0133097,0.0099146,False
2021-03-31,153,011200,28400,39850,False,False,0.403169,0.403169,0.0133097,0.389859,False
2021-03-31,153,019170,84700,69100,False,False,-0.184179,-0.184179,0.0133097,-0.197489,False
2021-03-31,153,034020,12644,13271,False,False,0.0495887,0.0495887,0.0133097,0.0362791,False
2021-03-31,153,047400,4080,3820,True,True,-0.0637255,-0.0680649,0.0133097,-0.0813745,False
2021-03-31,153,066970,77230,85982,False,False,0.113324,0.113324,0.0133097,0.100014,False
2021-03-31,153,112610,76400,76100,False,False,-0.0039267,-0.0039267,0.0133097,-0.0172364,False
2021-03-31,153,285130,167133,176474,False,False,0.0558896,0.0558896,0.0133097,0.0425799,False
2021-03-31,153,298020,570000,783000,True,False,0.373684,0.37212,0.0133097,0.35881,False
2021-03-31,153,298050,382000,398000,True,False,0.0418848,0.0406984,0.0133097,0.0273887,False
2021-03-31,153,336260,51500,45100,False,False,-0.124272,-0.124272,0.0133097,-0.137582,False
2021-04-30,154,001230,4463,4397,True,False,-0.0147883,-0.0159101,0.0131112,-0.0290213,False
2021-04-30,154,003670,141519,140065,False,True,-0.0102742,-0.0137383,0.0131112,-0.0268495,False
2021-04-30,154,004140,6753,6212,False,True,-0.0801125,-0.0833321,0.0131112,-0.0964433,False
2021-04-30,154,004830,22150,24950,False,False,0.126411,0.126411,0.0131112,0.1133,False
2021-04-30,154,007860,18800,19900,False,False,0.0585106,0.0585106,0.0131112,0.0453995,False
2021-04-30,154,009830,54073,53072,False,False,-0.018512,-0.018512,0.0131112,-0.0316232,False
2021-04-30,154,010060,100126,100921,False,False,0.00794,0.00794,0.0131112,-0.00517119,False
2021-04-30,154,011200,39850,47100,False,False,0.181932,0.181932,0.0131112,0.168821,False
2021-04-30,154,011780,267500,230000,True,False,-0.140187,-0.141166,0.0131112,-0.154277,False
2021-04-30,154,017550,6000,4990,True,False,-0.168333,-0.16928,0.0131112,-0.182392,False
2021-04-30,154,019170,69100,64700,False,False,-0.0636758,-0.0636758,0.0131112,-0.076787,False
2021-04-30,154,034020,13271,19496,False,False,0.469068,0.469068,0.0131112,0.455957,False
2021-04-30,154,042700,17225,16150,True,False,-0.0624093,-0.0634769,0.0131112,-0.0765881,False
2021-04-30,154,066570,156500,151500,True,True,-0.0319489,-0.0364355,0.0131112,-0.0495467,False
2021-04-30,154,066970,85982,85694,False,False,-0.00334954,-0.00334954,0.0131112,-0.0164607,False
2021-04-30,154,112610,76100,76500,False,False,0.00525624,0.00525624,0.0131112,-0.00785494,False
2021-04-30,154,285130,176474,170136,False,False,-0.0359146,-0.0359146,0.0131112,-0.0490258,False
2021-04-30,154,298020,783000,700000,False,False,-0.106003,-0.106003,0.0131112,-0.119114,False
2021-04-30,154,298050,398000,377000,False,False,-0.0527638,-0.0527638,0.0131112,-0.065875,False
2021-04-30,154,336260,45100,44100,False,False,-0.0221729,-0.0221729,0.0131112,-0.0352841,False
2021-05-31,155,001230,4397,4226,False,False,-0.0388902,-0.0388902,0.0255326,-0.0644228,False
2021-05-31,155,003580,12050,16900,True,True,0.40249,0.395989,0.0255326,0.370457,False
2021-05-31,155,004830,24950,23300,False,False,-0.0661323,-0.0661323,0.0255326,-0.0916649,False
2021-05-31,155,007860,19900,18050,False,False,-0.0929648,-0.0929648,0.0255326,-0.118497,False
2021-05-31,155,009830,53072,52425,False,True,-0.012191,-0.0156483,0.0255326,-0.0411809,False
2021-05-31,155,010060,100921,95358,False,False,-0.0551223,-0.0551223,0.0255326,-0.0806549,False
2021-05-31,155,011200,47100,44000,False,False,-0.0658174,-0.0658174,0.0255326,-0.09135,False
2021-05-31,155,011780,230000,221000,False,False,-0.0391304,-0.0391304,0.0255326,-0.064663,False
2021-05-31,155,017550,4990,4300,False,False,-0.138277,-0.138277,0.0255326,-0.163809,False
2021-05-31,155,019170,64700,85500,False,True,0.321484,0.316859,0.0255326,0.291326,False
2021-05-31,155,034020,19496,23261,False,False,0.193117,0.193117,0.0255326,0.167584,False
2021-05-31,155,042700,16150,17300,False,False,0.0712074,0.0712074,0.0255326,0.0456748,False
2021-05-31,155,058430,6740,7760,True,False,0.151335,0.150024,0.0255326,0.124492,False
2021-05-31,155,066970,85694,90700,False,False,0.0584172,0.0584172,0.0255326,0.0328845,False
2021-05-31,155,112610,76500,77600,False,False,0.0143791,0.0143791,0.0255326,-0.0111535,False
2021-05-31,155,285130,170136,172804,False,True,0.0156816,0.0121267,0.0255326,-0.0134059,False
2021-05-31,155,298000,697000,728000,True,True,0.0444763,0.0396355,0.0255326,0.0141029,False
2021-05-31,155,298020,700000,901000,False,False,0.287143,0.287143,0.0255326,0.26161,False
2021-05-31,155,298050,377000,440000,False,False,0.167109,0.167109,0.0255326,0.141576,False
2021-05-31,155,336260,44100,50300,False,True,0.14059,0.136598,0.0255326,0.111065,False
2021-06-30,156,001230,4226,4083,False,False,-0.0338381,-0.0338381,-0.0289743,-0.00486386,False
2021-06-30,156,001440,26570,22028,True,False,-0.170945,-0.171889,-0.0289743,-0.142914,False
2021-06-30,156,003530,4785,4610,True,True,-0.0365726,-0.0410378,-0.0289743,-0.0120636,False
2021-06-30,156,004140,6309,6077,True,True,-0.0367729,-0.0412371,-0.0289743,-0.0122629,False
2021-06-30,156,004830,23300,24250,False,False,0.0407725,0.0407725,-0.0289743,0.0697468,False
2021-06-30,156,007860,18050,16950,False,True,-0.0609418,-0.0642285,-0.0289743,-0.0352542,False
2021-06-30,156,009070,8160,7800,True,True,-0.0441176,-0.0485479,-0.0289743,-0.0195736,False
2021-06-30,156,010060,95358,90590,False,True,-0.050001,-0.053326,-0.0289743,-0.0243518,False
2021-06-30,156,011200,44000,39800,False,False,-0.0954545,-0.0954545,-0.0289743,-0.0664803,False
2021-06-30,156,011780,221000,204500,False,True,-0.0746606,-0.0778993,-0.0289743,-0.048925,False
2021-06-30,156,017550,4300,3735,False,True,-0.131395,-0.134435,-0.0289743,-0.105461,False
2021-06-30,156,034020,23261,20944,False,False,-0.0996088,-0.0996088,-0.0289743,-0.0706345,False
2021-06-30,156,042700,17300,18525,False,False,0.0708092,0.0708092,-0.0289743,0.0997835,False
2021-06-30,156,052690,50500,53000,True,False,0.049505,0.0483099,-0.0289743,0.0772842,False
2021-06-30,156,058430,7760,6980,False,False,-0.100515,-0.100515,-0.0289743,-0.0715412,False
2021-06-30,156,066970,90700,108500,False,False,0.196251,0.196251,-0.0289743,0.225226,False
2021-06-30,156,112610,77600,82300,False,True,0.060567,0.056855,-0.0289743,0.0858293,False
2021-06-30,156,204320,66000,62300,True,False,-0.0560606,-0.0571355,-0.0289743,-0.0281612,False
2021-06-30,156,298020,901000,915000,False,False,0.0155383,0.0155383,-0.0289743,0.0445126,False
2021-06-30,156,298050,440000,613000,False,False,0.393182,0.393182,-0.0289743,0.422156,False
2021-07-30,157,001230,4083,3874,False,True,-0.0511879,-0.0545087,-0.0167022,-0.0378064,False
2021-07-30,157,001440,22028,21519,False,False,-0.023107,-0.023107,-0.0167022,-0.00640471,False
2021-07-30,157,001470,58032,49562,True,True,-0.145954,-0.149912,-0.0167022,-0.13321,False
2021-07-30,157,003580,27000,28050,True,False,0.0388889,0.0377059,-0.0167022,0.0544081,False
2021-07-30,157,004830,24250,17050,False,False,-0.296907,-0.296907,-0.0167022,-0.280205,False
2021-07-30,157,006340,2670,2185,True,False,-0.181648,-0.18258,-0.0167022,-0.165878,False
2021-07-30,157,011000,135800,108310,True,True,-0.20243,-0.206127,-0.0167022,-0.189424,False
2021-07-30,157,011090,15100,14575,True,True,-0.0347682,-0.0392418,-0.0167022,-0.0225395,False
2021-07-30,157,011200,39800,41850,False,False,0.0515075,0.0515075,-0.0167022,0.0682098,False
2021-07-30,157,015020,8050,9530,True,False,0.183851,0.182503,-0.0167022,0.199205,False
2021-07-30,157,034020,20944,20172,False,False,-0.0368602,-0.0368602,-0.0167022,-0.020158,False
2021-07-30,157,042700,18525,17200,False,True,-0.071525,-0.0747746,-0.0167022,-0.0580724,False
2021-07-30,157,052690,53000,46500,False,False,-0.122642,-0.122642,-0.0167022,-0.105939,False
2021-07-30,157,058430,6980,6550,False,True,-0.0616046,-0.064889,-0.0167022,-0.0481867,False
2021-07-30,157,066970,108500,116100,False,False,0.0700461,0.0700461,-0.0167022,0.0867483,False
2021-07-30,157,102460,51500,55400,True,False,0.0757282,0.0745032,-0.0167022,0.0912055,False
2021-07-30,157,130660,13650,11700,True,False,-0.142857,-0.143833,-0.0167022,-0.127131,False
2021-07-30,157,204320,62300,60900,False,True,-0.0224719,-0.0258933,-0.0167022,-0.00919101,False
2021-07-30,157,298020,915000,773000,False,False,-0.155191,-0.155191,-0.0167022,-0.138489,False
2021-07-30,157,298050,613000,625000,False,False,0.0195759,0.0195759,-0.0167022,0.0362781,False
2021-08-31,158,001440,21519,20520,False,False,-0.0464241,-0.0464241,-0.0468545,0.000430408,False
2021-08-31,158,003580,28050,28500,False,False,0.0160428,0.0160428,-0.0468545,0.0628973,False
2021-08-31,158,004830,17050,15900,False,False,-0.0674487,-0.0674487,-0.0468545,-0.0205942,False
2021-08-31,158,005070,42278,48007,True,False,0.135508,0.134215,-0.0468545,0.181069,False
2021-08-31,158,006340,2185,2010,False,True,-0.0800915,-0.0833112,-0.0468545,-0.0364567,False
2021-08-31,158,011200,41850,32500,False,False,-0.223417,-0.223417,-0.0468545,-0.176562,False
2021-08-31,158,011210,92000,78200,True,False,-0.15,-0.150968,-0.0468545,-0.104113,False
2021-08-31,158,011700,3015,3170,True,True,0.0514096,0.0465366,-0.0468545,0.0933911,False
2021-08-31,158,014160,2720,2420,True,False,-0.110294,-0.111307,-0.0468545,-0.0644527,False
2021-08-31,158,014830,154883,150259,True,False,-0.0298548,-0.0309595,-0.0468545,0.015895,False
2021-08-31,158,015020,9530,8060,False,True,-0.15425,-0.15721,-0.0468545,-0.110355,False
2021-08-31,158,034020,20172,19641,False,True,-0.0263236,-0.0297315,-0.0468545,0.017123,False
2021-08-31,158,047040,7330,6650,True,True,-0.0927694,-0.0969742,-0.0468545,-0.0501197,False
2021-08-31,158,052690,46500,48750,False,False,0.0483871,0.0483871,-0.0468545,0.0952416,False
2021-08-31,158,066970,116100,175800,False,False,0.514212,0.514212,-0.0468545,0.561066,False
2021-08-31,158,102460,55400,52300,False,False,-0.0559567,-0.0559567,-0.0468545,-0.00910218,False
2021-08-31,158,120110,86800,98700,True,True,0.137097,0.131827,-0.0468545,0.178681,False
2021-08-31,158,130660,11700,15150,False,False,0.294872,0.294872,-0.0468545,0.341726,False
2021-08-31,158,298020,773000,633000,False,False,-0.181113,-0.181113,-0.0468545,-0.134258,False
2021-08-31,158,298050,625000,722000,False,False,0.1552,0.1552,-0.0468545,0.202054,False
2021-09-30,159,001440,20520,19956,False,False,-0.0274854,-0.0274854,-0.023002,-0.00448335,False
2021-09-30,159,003490,33350,30550,True,True,-0.083958,-0.0882036,-0.023002,-0.0652016,False
2021-09-30,159,003580,28500,18900,False,False,-0.336842,-0.336842,-0.023002,-0.31384,False
2021-09-30,159,004830,15900,20000,False,False,0.257862,0.257862,-0.023002,0.280864,False
2021-09-30,159,005070,48007,41587,False,False,-0.13373,-0.13373,-0.023002,-0.110728,False
2021-09-30,159,006110,28850,26550,True,False,-0.0797227,-0.0807706,-0.023002,-0.0577686,False
2021-09-30,159,011200,32500,26650,False,False,-0.18,-0.18,-0.023002,-0.156998,False
2021-09-30,159,011210,78200,83200,False,True,0.0639386,0.0602148,-0.023002,0.0832169,False
2021-09-30,159,013360,6260,6190,True,False,-0.0111821,-0.0123081,-0.023002,0.0106939,False
2021-09-30,159,014160,2420,2510,False,True,0.0371901,0.0335599,-0.023002,0.0565619,False
2021-09-30,159,014830,150259,137545,False,False,-0.0846139,-0.0846139,-0.023002,-0.0616119,False
2021-09-30,159,018470,13720,11285,True,False,-0.177478,-0.178415,-0.023002,-0.155413,False
2021-09-30,159,028670,7740,5950,True,True,-0.231266,-0.234829,-0.023002,-0.211827,False
2021-09-30,159,052690,48750,72000,False,False,0.476923,0.476923,-0.023002,0.499925,False
2021-09-30,159,066970,175800,186000,False,False,0.0580205,0.0580205,-0.023002,0.0810225,False
2021-09-30,159,102460,52300,54800,False,False,0.0478011,0.0478011,-0.023002,0.0708032,False
2021-09-30,159,105840,8900,9710,True,True,0.0910112,0.0859547,-0.023002,0.108957,False
2021-09-30,159,130660,15150,17000,False,False,0.122112,0.122112,-0.023002,0.145114,False
2021-09-30,159,298020,633000,613000,False,False,-0.0315956,-0.0315956,-0.023002,-0.00859355,False
2021-09-30,159,298050,722000,715000,False,False,-0.00969529,-0.00969529,-0.023002,0.0133067,False
2021-10-29,160,001440,19956,15551,False,True,-0.220736,-0.223463,-0.0355844,-0.187879,False
2021-10-29,160,002380,333000,276500,True,True,-0.16967,-0.173518,-0.0355844,-0.137934,False
2021-10-29,160,003580,18900,19000,False,False,0.00529101,0.00529101,-0.0355844,0.0408754,False
2021-10-29,160,004830,20000,14450,False,False,-0.2775,-0.2775,-0.0355844,-0.241916,False
2021-10-29,160,005070,41587,42575,False,False,0.0237574,0.0237574,-0.0355844,0.0593418,False
2021-10-29,160,006110,26550,28550,False,False,0.0753296,0.0753296,-0.0355844,0.110914,False
2021-10-29,160,009270,3405,2405,True,False,-0.293686,-0.29449,-0.0355844,-0.258906,False
2021-10-29,160,010060,104100,85823,True,True,-0.175572,-0.179393,-0.0355844,-0.143808,False
2021-10-29,160,011200,26650,23700,False,True,-0.110694,-0.113807,-0.0355844,-0.0782224,False
2021-10-29,160,011790,170598,187987,True,True,0.10193,0.0968226,-0.0355844,0.132407,False
2021-10-29,160,013360,6190,5700,False,False,-0.0791599,-0.0791599,-0.0355844,-0.0435756,False
2021-10-29,160,014830,137545,114428,False,True,-0.168069,-0.17098,-0.0355844,-0.135396,False
2021-10-29,160,018470,11285,10200,False,False,-0.0961453,-0.0961453,-0.0355844,-0.060561,False
2021-10-29,160,052690,72000,84100,False,False,0.168056,0.168056,-0.0355844,0.20364,False
2021-10-29,160,066970,186000,225000,False,False,0.209677,0.209677,-0.0355844,0.245262,False
2021-10-29,160,102460,54800,39450,False,True,-0.280109,-0.282629,-0.0355844,-0.247045,False
2021-10-29,160,120110,89400,70900,True,False,-0.206935,-0.207838,-0.0355844,-0.172254,False
2021-10-29,160,130660,17000,12000,False,False,-0.294118,-0.294118,-0.0355844,-0.258533,False
2021-10-29,160,298020,613000,502000,False,False,-0.181077,-0.181077,-0.0355844,-0.145492,False
2021-10-29,160,298050,715000,601000,False,False,-0.159441,-0.159441,-0.0355844,-0.123856,False
2021-11-30,161,003530,5250,6450,True,False,0.228571,0.227172,0.0550139,0.172159,False
2021-11-30,161,003580,19000,21600,False,False,0.136842,0.136842,0.0550139,0.0818282,False
2021-11-30,161,004830,14450,14700,False,True,0.017301,0.0137405,0.0550139,-0.0412735,False
2021-11-30,161,005070,42575,45785,False,False,0.0753964,0.0753964,0.0550139,0.0203824,False
2021-11-30,161,006110,28550,27250,False,True,-0.0455342,-0.0488748,0.0550139,-0.103889,False
2021-11-30,161,009270,2405,2845,False,True,0.182952,0.178812,0.0550139,0.123798,False
2021-11-30,161,011500,14900,16350,True,True,0.0973154,0.0922297,0.0550139,0.0372157,False
2021-11-30,161,011700,3400,3825,True,False,0.125,0.123719,0.0550139,0.068705,False
2021-11-30,161,013360,5700,6490,False,False,0.138596,0.138596,0.0550139,0.0835825,False
2021-11-30,161,018470,10200,10100,False,True,-0.00980392,-0.0132696,0.0550139,-0.0682836,False
2021-11-30,161,020150,129500,136500,True,False,0.0540541,0.0528538,0.0550139,-0.00216015,False
2021-11-30,161,024890,17750,20800,True,False,0.171831,0.170497,0.0550139,0.115483,False
2021-11-30,161,036420,49800,55800,True,True,0.120482,0.115289,0.0550139,0.0602749,False
2021-11-30,161,052690,84100,93000,False,False,0.105826,0.105826,0.0550139,0.0508125,False
2021-11-30,161,066970,225000,222700,False,False,-0.0102222,-0.0102222,0.0550139,-0.0652362,False
2021-11-30,161,108320,107200,167700,True,False,0.564366,0.562584,0.0550139,0.50757,False
2021-11-30,161,120110,70900,71800,False,False,0.0126939,0.0126939,0.0550139,-0.04232,False
2021-11-30,161,130660,12000,12900,False,False,0.075,0.075,0.0550139,0.0199861,False
2021-11-30,161,298020,502000,522000,False,False,0.0398406,0.0398406,0.0550139,-0.0151733,False
2021-11-30,161,298050,601000,597000,False,False,-0.00665557,-0.00665557,0.0550139,-0.0616695,False
2021-12-30,162,003530,6450,4835,False,False,-0.250388,-0.250388,-0.0833165,-0.167071,False
2021-12-30,162,003580,21600,16300,False,False,-0.24537,-0.24537,-0.0833165,-0.162054,False
2021-12-30,162,004250,10500,8470,True,False,-0.193333,-0.194252,-0.0833165,-0.110935,False
2021-12-30,162,005070,45785,40105,False,False,-0.124058,-0.124058,-0.0833165,-0.0407416,False
2021-12-30,162,011200,27150,22400,True,False,-0.174954,-0.175893,-0.0833165,-0.0925769,False
2021-12-30,162,011700,3825,3260,False,True,-0.147712,-0.150695,-0.0833165,-0.0673789,False
2021-12-30,162,011790,164018,134880,True,True,-0.177651,-0.181463,-0.0833165,-0.098146,False
2021-12-30,162,013360,6490,4295,False,True,-0.338213,-0.340529,-0.0833165,-0.257212,False
2021-12-30,162,020150,136500,96900,False,False,-0.29011,-0.29011,-0.0833165,-0.206793,False
2021-12-30,162,024890,20800,16450,False,False,-0.209135,-0.209135,-0.0833165,-0.125818,False
2021-12-30,162,037270,8030,6260,True,True,-0.220423,-0.224037,-0.0833165,-0.14072,False
2021-12-30,162,052690,93000,72000,False,False,-0.225806,-0.225806,-0.0833165,-0.14249,False
2021-12-30,162,066970,222700,177000,False,False,-0.205209,-0.205209,-0.0833165,-0.121892,False
2021-12-30,162,093370,22559,19141,True,False,-0.151514,-0.15248,-0.0833165,-0.0691634,False
2021-12-30,162,108320,167700,139700,False,False,-0.166965,-0.166965,-0.0833165,-0.0836483,False
2021-12-30,162,120110,71800,62400,False,True,-0.130919,-0.133961,-0.0833165,-0.0506445,False
2021-12-30,162,130660,12900,10250,False,True,-0.205426,-0.208207,-0.0833165,-0.124891,False
2021-12-30,162,298020,522000,423500,False,False,-0.188697,-0.188697,-0.0833165,-0.105381,False
2021-12-30,162,298050,597000,426500,False,False,-0.285595,-0.285595,-0.0833165,-0.202278,False
2021-12-30,162,352820,352000,244500,True,False,-0.305398,-0.306189,-0.0833165,-0.222872,False
2022-01-28,163,003530,4835,4955,False,False,0.024819,0.024819,-0.00700415,0.0318232,False
2022-01-28,163,003580,16300,16550,False,False,0.0153374,0.0153374,-0.00700415,0.0223416,False
2022-01-28,163,004250,8470,8830,False,False,0.042503,0.042503,-0.00700415,0.0495071,False
2022-01-28,163,004830,15400,14700,True,True,-0.0454545,-0.0498786,-0.00700415,-0.0428744,False
2022-01-28,163,004980,15700,12700,True,False,-0.191083,-0.192004,-0.00700415,-0.185,False
2022-01-28,163,005070,40105,39463,False,True,-0.016008,-0.019452,-0.00700415,-0.0124478,False
2022-01-28,163,007810,29700,31150,True,False,0.0488215,0.0476273,-0.00700415,0.0546314,False
2022-01-28,163,011070,366000,324500,True,True,-0.113388,-0.117497,-0.00700415,-0.110493,False
2022-01-28,163,011200,22400,28800,False,True,0.285714,0.281214,-0.00700415,0.288218,False
2022-01-28,163,020150,96900,90200,False,True,-0.0691434,-0.0724014,-0.00700415,-0.0653973,False
2022-01-28,163,024890,16450,15825,False,True,-0.0379939,-0.0413609,-0.00700415,-0.0343568,False
2022-01-28,163,028050,21950,23000,True,False,0.047836,0.0466428,-0.00700415,0.053647,False
2022-01-28,163,042700,18950,16700,True,True,-0.118734,-0.122818,-0.00700415,-0.115814,False
2022-01-28,163,052690,72000,88200,False,False,0.225,0.225,-0.00700415,0.232004,False
2022-01-28,163,066970,177000,194300,False,False,0.0977401,0.0977401,-0.00700415,0.104744,False
2022-01-28,163,093370,19141,20557,False,False,0.0739773,0.0739773,-0.00700415,0.0809815,False
2022-01-28,163,108320,139700,113100,False,False,-0.190408,-0.190408,-0.00700415,-0.183404,False
2022-01-28,163,298020,423500,477500,False,True,0.127509,0.123563,-0.00700415,0.130567,False
2022-01-28,163,298050,426500,467000,False,False,0.094959,0.094959,-0.00700415,0.101963,False
2022-01-28,163,352820,244500,286500,False,True,0.171779,0.167678,-0.00700415,0.174682,False
2022-02-28,164,002380,332000,340000,True,False,0.0240964,0.0229302,0.00677694,0.0161533,False
2022-02-28,164,003530,4955,5050,False,True,0.0191726,0.0156054,0.00677694,0.00882851,False
2022-02-28,164,003580,16550,13650,False,False,-0.175227,-0.175227,0.00677694,-0.182004,False
2022-02-28,164,004090,22550,16450,True,False,-0.27051,-0.271341,0.00677694,-0.278118,False
2022-02-28,164,004250,8830,8930,False,True,0.011325,0.00778539,0.00677694,0.00100845,False
2022-02-28,164,004980,12700,14250,False,True,0.122047,0.11812,0.00677694,0.111343,False
2022-02-28,164,007810,31150,30900,False,False,-0.00802568,-0.00802568,0.00677694,-0.0148026,False
2022-02-28,164,010820,4675,3965,True,False,-0.151872,-0.152837,0.00677694,-0.159614,False
2022-02-28,164,013570,7930,10050,True,True,0.267339,0.261465,0.00677694,0.254689,False
2022-02-28,164,028050,23000,25800,False,False,0.121739,0.121739,0.00677694,0.114962,False
2022-02-28,164,034020,20200,20800,True,False,0.029703,0.0285304,0.00677694,0.0217535,False
2022-02-28,164,052690,88200,85600,False,False,-0.0294785,-0.0294785,0.00677694,-0.0362554,False
2022-02-28,164,066970,194300,223900,False,False,0.152342,0.152342,0.00677694,0.145565,False
2022-02-28,164,093370,20557,19288,False,False,-0.0617308,-0.0617308,0.00677694,-0.0685077,False
2022-02-28,164,108320,113100,143500,False,True,0.268789,0.264348,0.00677694,0.257571,False
2022-02-28,164,117580,19100,11750,True,False,-0.384817,-0.385517,0.00677694,-0.392294,False
2022-02-28,164,138040,36400,40650,True,False,0.116758,0.115487,0.00677694,0.10871,False
2022-02-28,164,249420,57600,67900,True,False,0.178819,0.177477,0.00677694,0.1707,False
2022-02-28,164,298050,467000,526000,False,True,0.126338,0.122396,0.00677694,0.115619,False
2022-02-28,164,336370,29250,33050,True,True,0.129915,0.124678,0.00677694,0.117901,False
2022-03-31,165,001440,17758,16260,True,False,-0.0843563,-0.085399,-0.0347831,-0.0506159,False
2022-03-31,165,002380,340000,340500,False,True,0.00147059,-0.00203456,-0.0347831,0.0327485,False
2022-03-31,165,003580,13650,7790,False,True,-0.429304,-0.431301,-0.0347831,-0.396518,False
2022-03-31,165,004090,16450,18450,False,True,0.121581,0.117655,-0.0347831,0.152438,False
2022-03-31,165,007810,30900,28700,False,True,-0.0711974,-0.0744482,-0.0347831,-0.0396651,False
2022-03-31,165,010820,3965,3710,False,False,-0.0643127,-0.0643127,-0.0347831,-0.0295296,False
2022-03-31,165,011000,74250,55000,True,True,-0.259259,-0.262692,-0.0347831,-0.227909,False
2022-03-31,165,011070,385500,341500,True,False,-0.114137,-0.115146,-0.0347831,-0.0803631,False
2022-03-31,165,011700,8910,12800,True,False,0.436588,0.434952,-0.0347831,0.469735,False
2022-03-31,165,013360,5380,5280,True,False,-0.0185874,-0.0197049,-0.0347831,0.0150782,False
2022-03-31,165,028050,25800,25700,False,False,-0.00387597,-0.00387597,-0.0347831,0.0309071,False
2022-03-31,165,034020,20800,20350,False,False,-0.0216346,-0.0216346,-0.0347831,0.0131485,False
2022-03-31,165,052690,85600,72200,False,False,-0.156542,-0.156542,-0.0347831,-0.121759,False
2022-03-31,165,066970,223900,215000,False,False,-0.0397499,-0.0397499,-0.0347831,-0.0049668,False
2022-03-31,165,079550,71900,82400,True,False,0.146036,0.144731,-0.0347831,0.179514,False
2022-03-31,165,093370,19288,18311,False,False,-0.0506533,-0.0506533,-0.0347831,-0.0158702,False
2022-03-31,165,117580,11750,19300,False,False,0.642553,0.642553,-0.0347831,0.677336,False
2022-03-31,165,138040,40650,37750,False,True,-0.0713407,-0.074591,-0.0347831,-0.0398079,False
2022-03-31,165,249420,67900,49150,False,False,-0.276141,-0.276141,-0.0347831,-0.241358,False
2022-03-31,165,353200,28200,30250,True,False,0.072695,0.0714736,-0.0347831,0.106257,False
2022-04-29,166,000230,40500,33500,True,False,-0.17284,-0.173781,0.00278956,-0.176571,False
2022-04-29,166,001440,16260,20348,False,True,0.251415,0.247035,0.00278956,0.244245,False
2022-04-29,166,004250,11350,10250,True,False,-0.0969163,-0.0979446,0.00278956,-0.100734,False
2022-04-29,166,010820,3710,4270,False,True,0.150943,0.146915,0.00278956,0.144126,False
2022-04-29,166,011070,341500,380500,False,False,0.114202,0.114202,0.00278956,0.111412,False
2022-04-29,166,011700,12800,12150,False,False,-0.0507812,-0.0507812,0.00278956,-0.0535708,False
2022-04-29,166,013360,5280,4300,False,False,-0.185606,-0.185606,0.00278956,-0.188396,False
2022-04-29,166,013570,8780,8870,True,True,0.0102506,0.00556834,0.00278956,0.00277879,False
2022-04-29,166,028050,25700,24500,False,True,-0.0466926,-0.0500292,0.00278956,-0.0528187,False
2022-04-29,166,034020,20350,20900,False,True,0.027027,0.0234324,0.00278956,0.0206429,False
2022-04-29,166,052690,72200,76000,False,True,0.0526316,0.0489474,0.00278956,0.0461578,False
2022-04-29,166,066970,215000,259500,False,False,0.206977,0.206977,0.00278956,0.204187,False
2022-04-29,166,071090,6660,5550,True,False,-0.166667,-0.167616,0.00278956,-0.170405,False
2022-04-29,166,079550,82400,79400,False,False,-0.0364078,-0.0364078,0.00278956,-0.0391973,False
2022-04-29,166,093370,18311,22511,False,False,0.22937,0.22937,0.00278956,0.226581,False
2022-04-29,166,108320,130500,127000,True,True,-0.0268199,-0.0313303,0.00278956,-0.0341199,False
2022-04-29,166,117580,19300,14300,False,False,-0.259067,-0.259067,0.00278956,-0.261857,False
2022-04-29,166,249420,49150,43500,False,False,-0.114954,-0.114954,0.00278956,-0.117744,False
2022-04-29,166,316140,14450,15000,True,True,0.0380623,0.0332512,0.00278956,0.0304616,False
2022-04-29,166,353200,30250,33450,False,False,0.105785,0.105785,0.00278956,0.102996,False
2022-05-31,167,000230,33500,19950,False,False,-0.404478,-0.404478,-0.123677,-0.280801,False
2022-05-31,167,001250,3695,3340,True,True,-0.0960758,-0.100265,-0.123677,0.0234113,False
2022-05-31,167,002140,7120,7490,True,False,0.0519663,0.0507684,-0.123677,0.174445,False
2022-05-31,167,004250,10250,7960,False,False,-0.223415,-0.223415,-0.123677,-0.0997381,False
2022-05-31,167,005070,53539,47119,True,False,-0.119913,-0.120915,-0.123677,0.00276177,False
2022-05-31,167,006880,10800,16150,True,False,0.49537,0.493668,-0.123677,0.617344,False
2022-05-31,167,011070,380500,346000,False,False,-0.0906702,-0.0906702,-0.123677,0.0330063,False
2022-05-31,167,011700,12150,9450,False,False,-0.222222,-0.222222,-0.123677,-0.0985457,False
2022-05-31,167,013360,4300,3400,False,True,-0.209302,-0.21207,-0.123677,-0.0883933,False
2022-05-31,167,066970,259500,210000,False,False,-0.190751,-0.190751,-0.123677,-0.0670749,False
2022-05-31,167,071090,5550,4150,False,True,-0.252252,-0.254869,-0.123677,-0.131193,False
2022-05-31,167,079550,79400,73000,False,False,-0.0806045,-0.0806045,-0.123677,0.043072,False
2022-05-31,167,090460,28450,25000,True,True,-0.121265,-0.125338,-0.123677,-0.00166155,False
2022-05-31,167,093370,22511,17383,False,False,-0.2278,-0.2278,-0.123677,-0.104123,False
2022-05-31,167,105840,13150,12500,True,False,-0.0494297,-0.0505121,-0.123677,0.0731644,False
2022-05-31,167,117580,14300,11000,False,False,-0.230769,-0.230769,-0.123677,-0.107093,False
2022-05-31,167,195870,71700,62300,True,False,-0.131102,-0.132091,-0.123677,-0.00841471,False
2022-05-31,167,249420,43500,31000,False,False,-0.287356,-0.287356,-0.123677,-0.16368,False
2022-05-31,167,353200,33450,26250,False,False,-0.215247,-0.215247,-0.123677,-0.0915701,False
2022-05-31,167,383220,146000,136000,True,True,-0.0684932,-0.0728104,-0.123677,0.0508661,False
2022-06-30,168,000230,19950,32500,False,False,0.629073,0.629073,0.0434698,0.585603,False
2022-06-30,168,001790,3285,3080,True,True,-0.0624049,-0.0667504,0.0434698,-0.11022,False
2022-06-30,168,002140,7490,5430,False,False,-0.275033,-0.275033,0.0434698,-0.318503,False
2022-06-30,168,004250,7960,9450,False,True,0.187186,0.183031,0.0434698,0.139561,False
2022-06-30,168,005030,830,858,True,False,0.0337349,0.0325578,0.0434698,-0.010912,False
2022-06-30,168,005070,47119,53243,False,False,0.129969,0.129969,0.0434698,0.086499,False
2022-06-30,168,006880,16150,10700,False,False,-0.337461,-0.337461,0.0434698,-0.380931,False
2022-06-30,168,008040,16100,14300,True,True,-0.111801,-0.115918,0.0434698,-0.159388,False
2022-06-30,168,010820,3480,3750,True,False,0.0775862,0.0763592,0.0434698,0.0328893,False
2022-06-30,168,011070,346000,364500,False,False,0.0534682,0.0534682,0.0434698,0.0099984,False
2022-06-30,168,011700,9450,9100,False,False,-0.037037,-0.037037,0.0434698,-0.0805068,False
2022-06-30,168,047810,54800,57200,True,False,0.0437956,0.042607,0.0434698,-0.000862762,False
2022-06-30,168,066970,210000,229300,False,False,0.0919048,0.0919048,0.0434698,0.048435,False
2022-06-30,168,079550,73000,86900,False,False,0.190411,0.190411,0.0434698,0.146941,False
2022-06-30,168,093370,17383,18213,False,False,0.0477478,0.0477478,0.0434698,0.00427799,False
2022-06-30,168,105840,12500,13050,False,True,0.044,0.040346,0.0434698,-0.00312381,False
2022-06-30,168,117580,11000,11450,False,False,0.0409091,0.0409091,0.0434698,-0.00256072,False
2022-06-30,168,195870,62300,58300,False,False,-0.0642055,-0.0642055,0.0434698,-0.107675,False
2022-06-30,168,249420,31000,40200,False,False,0.296774,0.296774,0.0434698,0.253304,False
2022-06-30,168,353200,26250,29250,False,False,0.114286,0.114286,0.0434698,0.0708159,False
2022-07-29,169,000230,32500,29750,False,False,-0.0846154,-0.0846154,-0.0105544,-0.074061,False
2022-07-29,169,001250,3630,3630,True,False,0,-0.0011387,-0.0105544,0.00941572,False
2022-07-29,169,002140,5430,5980,False,False,0.101289,0.101289,-0.0105544,0.111844,False
2022-07-29,169,002900,9334,8184,True,True,-0.123205,-0.127269,-0.0105544,-0.116715,False
2022-07-29,169,005030,858,784,False,True,-0.0862471,-0.0894452,-0.0105544,-0.0788908,False
2022-07-29,169,005070,53243,63318,False,True,0.189227,0.185064,-0.0105544,0.195619,False
2022-07-29,169,006880,10700,9940,False,False,-0.071028,-0.071028,-0.0105544,-0.0604736,False
2022-07-29,169,010060,98140,92180,True,True,-0.0607296,-0.0650828,-0.0105544,-0.0545284,False
2022-07-29,169,010820,3750,3875,False,False,0.0333333,0.0333333,-0.0105544,0.0438878,False
2022-07-29,169,011070,364500,340000,False,False,-0.0672154,-0.0672154,-0.0105544,-0.0566609,False
2022-07-29,169,011700,9100,9070,False,False,-0.0032967,-0.0032967,-0.0105544,0.00725771,False
2022-07-29,169,047810,57200,60800,False,False,0.0629371,0.0629371,-0.0105544,0.0734915,False
2022-07-29,169,052690,66900,72400,True,False,0.0822123,0.0809799,-0.0105544,0.0915344,False
2022-07-29,169,066970,229300,226200,False,False,-0.0135194,-0.0135194,-0.0105544,-0.00296499,False
2022-07-29,169,079550,86900,104000,False,False,0.196778,0.196778,-0.0105544,0.207332,False
2022-07-29,169,093370,18213,15674,False,True,-0.139406,-0.142418,-0.0105544,-0.131864,False
2022-07-29,169,117580,11450,14100,False,False,0.231441,0.231441,-0.0105544,0.241995,False
2022-07-29,169,195870,58300,58600,False,True,0.0051458,0.00162779,-0.0105544,0.0121822,False
2022-07-29,169,249420,40200,36800,False,False,-0.0845771,-0.0845771,-0.0105544,-0.0740227,False
2022-07-29,169,353200,29250,29300,False,False,0.0017094,0.0017094,-0.0105544,0.0122638,False
2022-08-31,170,000230,29750,24000,False,False,-0.193277,-0.193277,-0.101933,-0.0913447,False
2022-08-31,170,001250,3630,2805,False,False,-0.227273,-0.227273,-0.101933,-0.12534,False
2022-08-31,170,001570,11700,16750,True,False,0.431624,0.429994,-0.101933,0.531926,False
2022-08-31,170,002140,5980,5350,False,False,-0.105351,-0.105351,-0.101933,-0.00341856,False
2022-08-31,170,006880,9940,8260,False,True,-0.169014,-0.171923,-0.101933,-0.0699899,False
2022-08-31,170,010820,3875,3000,False,True,-0.225806,-0.228516,-0.101933,-0.126584,False
2022-08-31,170,011070,340000,280500,False,False,-0.175,-0.175,-0.101933,-0.0730674,False
2022-08-31,170,011700,9070,6470,False,False,-0.286659,-0.286659,-0.101933,-0.184727,False
2022-08-31,170,017960,14400,12300,True,True,-0.145833,-0.149792,-0.101933,-0.0478595,False
2022-08-31,170,047810,60800,49400,False,False,-0.1875,-0.1875,-0.101933,-0.0855674,False
2022-08-31,170,052690,72400,56300,False,False,-0.222376,-0.222376,-0.101933,-0.120443,False
2022-08-31,170,066970,226200,178800,False,False,-0.209549,-0.209549,-0.101933,-0.107616,False
2022-08-31,170,079550,104000,93000,False,False,-0.105769,-0.105769,-0.101933,-0.00383662,False
2022-08-31,170,090460,31200,26250,True,False,-0.158654,-0.159612,-0.101933,-0.0576793,False
2022-08-31,170,105840,13050,9310,True,True,-0.28659,-0.289896,-0.101933,-0.187964,False
2022-08-31,170,117580,14100,12200,False,False,-0.134752,-0.134752,-0.101933,-0.0328192,False
2022-08-31,170,120030,143000,109500,True,True,-0.234266,-0.237815,-0.101933,-0.135882,False
2022-08-31,170,249420,36800,27900,False,False,-0.241848,-0.241848,-0.101933,-0.139915,False
2022-08-31,170,322000,68400,61000,True,False,-0.108187,-0.109203,-0.101933,-0.00727003,False
2022-08-31,170,353200,29300,21800,False,False,-0.255973,-0.255973,-0.101933,-0.15404,False
2022-09-30,171,000230,24000,23150,False,False,-0.0354167,-0.0354167,0.0498865,-0.0853031,False
2022-09-30,171,001120,39900,40450,True,False,0.0137845,0.0126301,0.0498865,-0.0372564,False
2022-09-30,171,001250,2805,2700,False,True,-0.0374332,-0.0408021,0.0498865,-0.0906886,False
2022-09-30,171,001570,16750,27200,False,False,0.623881,0.623881,0.0498865,0.573994,False
2022-09-30,171,002140,5350,4720,False,False,-0.117757,-0.117757,0.0498865,-0.167643,False
2022-09-30,171,005420,23073,24893,True,False,0.0788801,0.0776516,0.0498865,0.0277651,False
2022-09-30,171,011070,280500,293000,False,False,0.0445633,0.0445633,0.0498865,-0.00532318,False
2022-09-30,171,011700,6470,7770,False,False,0.200927,0.200927,0.0498865,0.151041,False
2022-09-30,171,012450,63868,67738,True,False,0.0605937,0.059386,0.0498865,0.00949956,False
2022-09-30,171,047810,49400,47350,False,False,-0.041498,-0.041498,0.0498865,-0.0913844,False
2022-09-30,171,052690,56300,56100,False,True,-0.0035524,-0.00703996,0.0498865,-0.0569264,False
2022-09-30,171,053690,22100,40100,True,False,0.81448,0.812413,0.0498865,0.762527,False
2022-09-30,171,066970,178800,225000,False,True,0.258389,0.253985,0.0498865,0.204098,False
2022-09-30,171,079550,93000,102500,False,False,0.102151,0.102151,0.0498865,0.0522641,False
2022-09-30,171,090460,26250,23750,False,False,-0.0952381,-0.0952381,0.0498865,-0.145125,False
2022-09-30,171,117580,12200,11550,False,True,-0.0532787,-0.0565922,0.0498865,-0.106479,False
2022-09-30,171,249420,27900,26950,False,False,-0.0340502,-0.0340502,0.0498865,-0.0839366,False
2022-09-30,171,322000,61000,59800,False,False,-0.0196721,-0.0196721,0.0498865,-0.0695586,False
2022-09-30,171,329180,117500,109000,True,False,-0.0723404,-0.0733968,0.0498865,-0.123283,False
2022-09-30,171,353200,21800,24350,False,False,0.116972,0.116972,0.0498865,0.067086,False
2022-10-31,172,000230,23150,31150,False,False,0.345572,0.345572,0.082654,0.262918,False
2022-10-31,172,001120,40450,41400,False,False,0.0234858,0.0234858,0.082654,-0.0591682,False
2022-10-31,172,001570,27200,29550,False,False,0.0863971,0.0863971,0.082654,0.00374308,False
2022-10-31,172,002140,4720,4245,False,False,-0.100636,-0.100636,0.082654,-0.18329,False
2022-10-31,172,005070,66677,63516,True,False,-0.0474077,-0.0484924,0.082654,-0.131146,False
2022-10-31,172,005420,24893,23122,False,False,-0.0711445,-0.0711445,0.082654,-0.153798,False
2022-10-31,172,005950,12800,12000,True,False,-0.0625,-0.0635675,0.082654,-0.146222,False
2022-10-31,172,006220,7650,10900,True,False,0.424837,0.423214,0.082654,0.34056,False
2022-10-31,172,010660,4520,4140,True,False,-0.0840708,-0.0851138,0.082654,-0.167768,False
2022-10-31,172,011070,293000,318500,False,True,0.0870307,0.0832261,0.082654,0.000572131,False
2022-10-31,172,011700,7770,7210,False,False,-0.0720721,-0.0720721,0.082654,-0.154726,False
2022-10-31,172,012450,67738,74564,False,False,0.100771,0.100771,0.082654,0.0181166,False
2022-10-31,172,047810,47350,49000,False,False,0.0348469,0.0348469,0.082654,-0.0478071,False
2022-10-31,172,053690,40100,36850,False,False,-0.0810474,-0.0810474,0.082654,-0.163701,False
2022-10-31,172,079550,102500,92700,False,False,-0.0956098,-0.0956098,0.082654,-0.178264,False
2022-10-31,172,090460,23750,26750,False,True,0.126316,0.122374,0.082654,0.0397197,False
2022-10-31,172,249420,26950,38400,False,False,0.424861,0.424861,0.082654,0.342207,False
2022-10-31,172,322000,59800,67300,False,False,0.125418,0.125418,0.082654,0.0427641,False
2022-10-31,172,329180,109000,119500,False,True,0.0963303,0.0924931,0.082654,0.00983914,False
2022-10-31,172,353200,24350,23700,False,True,-0.026694,-0.0301006,0.082654,-0.112755,False
2022-11-30,173,000230,31150,19900,False,False,-0.361156,-0.361156,-0.0997941,-0.261362,False
2022-11-30,173,001120,41400,34100,False,True,-0.176329,-0.179211,-0.0997941,-0.0794173,False
2022-11-30,173,001570,29550,23400,False,False,-0.208122,-0.208122,-0.0997941,-0.108328,False
2022-11-30,173,002140,4245,3440,False,True,-0.189635,-0.192471,-0.0997941,-0.0926771,False
2022-11-30,173,003670,215672,178837,True,False,-0.170792,-0.171736,-0.0997941,-0.0719419,False
2022-11-30,173,005070,63516,52650,False,True,-0.171075,-0.173976,-0.0997941,-0.0741822,False
2022-11-30,173,005420,23122,20367,False,False,-0.119151,-0.119151,-0.0997941,-0.0193565,False
2022-11-30,173,005950,12000,9150,False,False,-0.2375,-0.2375,-0.0997941,-0.137706,False
2022-11-30,173,006220,10900,10900,False,False,0,0,-0.0997941,0.0997941,False
2022-11-30,173,009830,61075,51071,True,False,-0.163799,-0.164751,-0.0997941,-0.0649567,False
2022-11-30,173,010660,4140,3130,False,False,-0.243961,-0.243961,-0.0997941,-0.144167,False
2022-11-30,173,011700,7210,6420,False,False,-0.10957,-0.10957,-0.0997941,-0.00977596,False
2022-11-30,173,012320,122500,98100,True,False,-0.199184,-0.200096,-0.0997941,-0.100301,False
2022-11-30,173,012450,74564,75378,False,False,0.0109168,0.0109168,-0.0997941,0.110711,False
2022-11-30,173,047810,49000,51500,False,False,0.0510204,0.0510204,-0.0997941,0.150814,False
2022-11-30,173,053690,36850,27150,False,False,-0.263229,-0.263229,-0.0997941,-0.163435,False
2022-11-30,173,074610,74000,47300,True,False,-0.360811,-0.361539,-0.0997941,-0.261745,False
2022-11-30,173,079550,92700,93500,False,False,0.00862999,0.00862999,-0.0997941,0.108424,False
2022-11-30,173,249420,38400,28050,False,True,-0.269531,-0.272088,-0.0997941,-0.172294,False
2022-11-30,173,322000,67300,48900,False,False,-0.273403,-0.273403,-0.0997941,-0.173609,False
2022-12-29,174,000230,19900,15910,False,False,-0.200503,-0.200503,0.0943667,-0.294869,False
2022-12-29,174,001570,23400,26600,False,False,0.136752,0.136752,0.0943667,0.0423855,False
2022-12-29,174,003670,178837,217611,False,False,0.216812,0.216812,0.0943667,0.122445,False
2022-12-29,174,005420,20367,22876,False,False,0.123189,0.123189,0.0943667,0.0288228,False
2022-12-29,174,005950,9150,9800,False,False,0.0710383,0.0710383,0.0943667,-0.0233284,False
2022-12-29,174,006220,10900,16720,False,False,0.533945,0.533945,0.0943667,0.439578,False
2022-12-29,174,009830,51071,53837,False,True,0.0541599,0.0504703,0.0943667,-0.0438963,False
2022-12-29,174,010660,3130,3285,False,True,0.0495208,0.0458474,0.0943667,-0.0485192,False
2022-12-29,174,011700,6420,7100,False,True,0.105919,0.102048,0.0943667,0.00768161,False
2022-12-29,174,011810,5669,5482,True,False,-0.0329864,-0.0340876,0.0943667,-0.128454,False
2022-12-29,174,012320,98100,87000,False,False,-0.11315,-0.11315,0.0943667,-0.207517,False
2022-12-29,174,012450,75378,82713,False,False,0.0973096,0.0973096,0.0943667,0.00294288,False
2022-12-29,174,014990,7650,7095,True,False,-0.072549,-0.0736051,0.0943667,-0.167972,False
2022-12-29,174,047810,51500,48200,False,False,-0.0640777,-0.0640777,0.0943667,-0.158444,False
2022-12-29,174,053690,27150,31250,False,False,0.151013,0.151013,0.0943667,0.0566462,False
2022-12-29,174,064350,28750,27900,True,False,-0.0295652,-0.0306703,0.0943667,-0.125037,False
2022-12-29,174,074610,47300,49600,False,True,0.0486258,0.0449556,0.0943667,-0.0494111,False
2022-12-29,174,079550,93500,80800,False,False,-0.135829,-0.135829,0.0943667,-0.230196,False
2022-12-29,174,267270,62400,58700,True,False,-0.0592949,-0.0603661,0.0943667,-0.154733,False
2022-12-29,174,322000,48900,52800,False,False,0.0797546,0.0797546,0.0943667,-0.0146121,False
2023-01-31,175,000230,15910,13620,False,True,-0.143935,-0.146931,-0.0163474,-0.130583,False
2023-01-31,175,001570,26600,38850,False,False,0.460526,0.460526,-0.0163474,0.476874,False
2023-01-31,175,002900,9114,9249,True,False,0.0148124,0.0136568,-0.0163474,0.0300042,False
2023-01-31,175,003670,217611,215671,False,False,-0.00891499,-0.00891499,-0.0163474,0.00743242,False
2023-01-31,175,004690,490500,512000,True,False,0.0438328,0.0426442,-0.0163474,0.0589916,False
2023-01-31,175,005420,22876,41670,False,False,0.82156,0.82156,-0.0163474,0.837907,False
2023-01-31,175,005950,9800,12725,False,False,0.298469,0.298469,-0.0163474,0.314817,False
2023-01-31,175,006110,36850,39800,True,False,0.0800543,0.0788244,-0.0163474,0.0951718,False
2023-01-31,175,006220,16720,21000,False,False,0.255981,0.255981,-0.0163474,0.272328,False
2023-01-31,175,011810,5482,5358,False,True,-0.0226195,-0.0260403,-0.0163474,-0.0096929,False
2023-01-31,175,012320,87000,86100,False,True,-0.0103448,-0.0138086,-0.0163474,0.00253879,False
2023-01-31,175,012450,82713,92084,False,False,0.113295,0.113295,-0.0163474,0.129643,False
2023-01-31,175,014990,7095,5420,False,True,-0.236082,-0.238755,-0.0163474,-0.222408,False
2023-01-31,175,047810,48200,45200,False,False,-0.0622407,-0.0622407,-0.0163474,-0.0458933,False
2023-01-31,175,053690,31250,27750,False,False,-0.112,-0.112,-0.0163474,-0.0956526,False
2023-01-31,175,064350,27900,25150,False,False,-0.0985663,-0.0985663,-0.0163474,-0.0822189,False
2023-01-31,175,079550,80800,75300,False,False,-0.0680693,-0.0680693,-0.0163474,-0.0517219,False
2023-01-31,175,267270,58700,55900,False,False,-0.0477002,-0.0477002,-0.0163474,-0.0313528,False
2023-01-31,175,271560,123200,126900,True,True,0.0300325,0.0252586,-0.0163474,0.041606,False
2023-01-31,175,322000,52800,52100,False,True,-0.0132576,-0.0167112,-0.0163474,-0.000363761,False
2023-02-28,176,001570,38850,79000,False,False,1.03346,1.03346,0.0249921,1.00847,False
2023-02-28,176,002900,9249,8015,False,True,-0.13342,-0.136453,0.0249921,-0.161445,False
2023-02-28,176,003010,6840,6400,True,True,-0.0643275,-0.0686641,0.0249921,-0.0936561,False
2023-02-28,176,003670,215671,270438,False,False,0.253938,0.253938,0.0249921,0.228946,False
2023-02-28,176,004690,512000,514000,False,True,0.00390625,0.000392578,0.0249921,-0.0245995,False
2023-02-28,176,005070,77544,159533,True,False,1.05732,1.05498,0.0249921,1.02999,False
2023-02-28,176,005420,41670,50279,False,False,0.206599,0.206599,0.0249921,0.181607,False
2023-02-28,176,005950,12725,24700,False,False,0.941061,0.941061,0.0249921,0.916069,False
2023-02-28,176,006110,39800,72100,False,False,0.811558,0.811558,0.0249921,0.786566,False
2023-02-28,176,006220,21000,22700,False,False,0.0809524,0.0809524,0.0249921,0.0559603,False
2023-02-28,176,008870,95500,104000,True,True,0.0890052,0.083958,0.0249921,0.0589659,False
2023-02-28,176,012450,92084,101761,False,False,0.105089,0.105089,0.0249921,0.0800968,False
2023-02-28,176,047810,45200,47550,False,True,0.0519912,0.0483092,0.0249921,0.0233171,False
2023-02-28,176,053690,27750,26700,False,False,-0.0378378,-0.0378378,0.0249921,-0.0628299,False
2023-02-28,176,058850,5620,3910,True,False,-0.30427,-0.305063,0.0249921,-0.330055,False
2023-02-28,176,064350,25150,26100,False,False,0.0377734,0.0377734,0.0249921,0.0127813,False
2023-02-28,176,074610,40000,110500,True,True,1.7625,1.7497,0.0249921,1.7247,False
2023-02-28,176,079550,75300,72600,False,True,-0.0358566,-0.0392311,0.0249921,-0.0642231,False
2023-02-28,176,112610,68800,73000,True,True,0.0610465,0.0561289,0.0249921,0.0311368,False
2023-02-28,176,267270,55900,52100,False,True,-0.0679785,-0.0712406,0.0249921,-0.0962327,False
2023-03-31,177,001570,79000,67000,False,False,-0.151899,-0.151899,0.0117891,-0.163688,False
2023-03-31,177,003670,270438,329081,False,False,0.216845,0.216845,0.0117891,0.205055,False
2023-03-31,177,005070,159533,177808,False,False,0.114553,0.114553,0.0117891,0.102764,False
2023-03-31,177,005420,50279,58152,False,False,0.156586,0.156586,0.0117891,0.144797,False
2023-03-31,177,005950,24700,20750,False,True,-0.159919,-0.162859,0.0117891,-0.174648,True
2023-03-31,177,006110,72100,73500,False,False,0.0194175,0.0194175,0.0117891,0.00762838,False
2023-03-31,177,006220,22700,20000,False,False,-0.118943,-0.118943,0.0117891,-0.130732,False
2023-03-31,177,006400,734274,680427,True,True,-0.0733337,-0.0776285,0.0117891,-0.0894176,False
2023-03-31,177,007660,9647,9141,True,True,-0.0524515,-0.0568432,0.0117891,-0.0686323,False
2023-03-31,177,009830,50557,44898,True,True,-0.111933,-0.116049,0.0117891,-0.127838,False
2023-03-31,177,012450,101761,103901,False,False,0.0210297,0.0210297,0.0117891,0.00924057,False
2023-03-31,177,014580,7850,7250,True,False,-0.0764331,-0.0774848,0.0117891,-0.0892739,False
2023-03-31,177,051910,728000,750000,True,False,0.0302198,0.0290467,0.0117891,0.0172576,False
2023-03-31,177,053690,26700,36750,False,False,0.376404,0.376404,0.0117891,0.364615,False
2023-03-31,177,058850,3910,3505,False,True,-0.103581,-0.106718,0.0117891,-0.118507,False
2023-03-31,177,064350,26100,32950,False,True,0.262452,0.258034,0.0117891,0.246244,False
2023-03-31,177,066970,340000,266500,True,True,-0.216176,-0.219809,0.0117891,-0.231598,False
2023-03-31,177,138040,39150,46400,True,True,0.185185,0.179692,0.0117891,0.167903,False
2023-03-31,177,322000,53500,42150,True,True,-0.21215,-0.215801,0.0117891,-0.22759,False
2023-03-31,177,373220,588000,580000,True,True,-0.0136054,-0.0181771,0.0117891,-0.0299662,False
2023-04-28,178,001570,67000,48300,False,False,-0.279104,-0.279104,0.0347717,-0.313876,False
2023-04-28,178,002710,39500,34750,True,False,-0.120253,-0.121255,0.0347717,-0.156027,False
2023-04-28,178,003670,329081,340713,False,False,0.0353469,0.0353469,0.0347717,0.000575215,False
2023-04-28,178,004360,18150,14710,True,True,-0.189532,-0.193288,0.0347717,-0.22806,False
2023-04-28,178,004690,154100,122100,True,True,-0.207657,-0.21133,0.0347717,-0.246101,False
2023-04-28,178,005070,177808,176227,False,False,-0.00889161,-0.00889161,0.0347717,-0.0436633,False
2023-04-28,178,005420,58152,48705,False,False,-0.162454,-0.162454,0.0347717,-0.197225,False
2023-04-28,178,006110,73500,83400,False,False,0.134694,0.134694,0.0347717,0.0999222,False
2023-04-28,178,006220,20000,15930,False,False,-0.2035,-0.2035,0.0347717,-0.238272,False
2023-04-28,178,010690,13760,16210,True,False,0.178052,0.176711,0.0347717,0.141939,False
2023-04-28,178,012030,1811,1738,True,False,-0.0403092,-0.041402,0.0347717,-0.0761737,False
2023-04-28,178,012320,103600,101200,True,False,-0.023166,-0.0242783,0.0347717,-0.0590501,False
2023-04-28,178,012450,103901,108180,False,False,0.0411834,0.0411834,0.0347717,0.00641173,False
2023-04-28,178,014580,7250,6800,False,True,-0.062069,-0.0653517,0.0347717,-0.100123,False
2023-04-28,178,016710,34250,19020,True,True,-0.444672,-0.447245,0.0347717,-0.482017,False
2023-04-28,178,017390,124100,83700,True,True,-0.325544,-0.32867,0.0347717,-0.363442,False
2023-04-28,178,022100,13100,11500,True,False,-0.122137,-0.123137,0.0347717,-0.157909,False
2023-04-28,178,051910,750000,698000,False,True,-0.0693333,-0.0725907,0.0347717,-0.107362,False
2023-04-28,178,053690,36750,28700,False,False,-0.219048,-0.219048,0.0347717,-0.253819,False
2023-04-28,178,074610,120000,119400,True,False,-0.005,-0.00613301,0.0347717,-0.0409047,False
2023-05-31,179,001570,48300,53100,False,False,0.0993789,0.0993789,0.00561532,0.0937636,False
2023-05-31,179,002710,34750,35250,False,False,0.0143885,0.0143885,0.00561532,0.00877317,False
2023-05-31,179,003670,340713,346045,False,False,0.0156495,0.0156495,0.00561532,0.0100342,False
2023-05-31,179,005070,176227,186699,False,False,0.0594234,0.0594234,0.00561532,0.053808,False
2023-05-31,179,005420,48705,46639,False,False,-0.0424186,-0.0424186,0.00561532,-0.048034,False
2023-05-31,179,005950,29000,26450,True,False,-0.087931,-0.0889696,0.00561532,-0.0945849,False
2023-05-31,179,006110,83400,95600,False,False,0.146283,0.146283,0.00561532,0.140668,False
2023-05-31,179,006220,15930,13540,False,True,-0.150031,-0.153006,0.00561532,-0.158622,False
2023-05-31,179,010690,16210,18230,False,True,0.124614,0.120678,0.00561532,0.115063,False
2023-05-31,179,011230,8720,6522,True,False,-0.252064,-0.252916,0.00561532,-0.258531,False
2023-05-31,179,011810,7897,10292,True,False,0.30328,0.301796,0.00561532,0.29618,False
2023-05-31,179,012030,1738,2215,False,False,0.274453,0.274453,0.00561532,0.268838,False
2023-05-31,179,012320,101200,85100,False,True,-0.159091,-0.162034,0.00561532,-0.167649,False
2023-05-31,179,012450,108180,130387,False,False,0.205278,0.205278,0.00561532,0.199663,False
2023-05-31,179,022100,11500,15430,False,False,0.341739,0.341739,0.00561532,0.336124,False
2023-05-31,179,053690,28700,30750,False,False,0.0714286,0.0714286,0.00561532,0.0658133,False
2023-05-31,179,064350,31200,36750,True,True,0.177885,0.172425,0.00561532,0.16681,False
2023-05-31,179,074610,119400,91000,False,False,-0.237856,-0.237856,0.00561532,-0.243471,False
2023-05-31,179,161000,18060,21650,True,False,0.198782,0.197417,0.00561532,0.191801,False
2023-05-31,179,200880,19040,19000,True,False,-0.00210084,-0.00323715,0.00561532,-0.00885247,False
2023-06-30,180,001570,53100,163000,False,False,2.06968,2.06968,0.020837,2.04884,False
2023-06-30,180,002710,35250,66300,False,False,0.880851,0.880851,0.020837,0.860014,False
2023-06-30,180,003670,346045,519552,False,False,0.5014,0.5014,0.020837,0.480563,False
2023-06-30,180,005070,186699,181660,False,False,-0.02699,-0.02699,0.020837,-0.047827,False
2023-06-30,180,005420,46639,55003,False,False,0.179335,0.179335,0.020837,0.158498,False
2023-06-30,180,005950,26450,23100,False,False,-0.126654,-0.126654,0.020837,-0.147491,False
2023-06-30,180,006110,95600,114600,False,False,0.198745,0.198745,0.020837,0.177908,False
2023-06-30,180,007660,28786,37246,True,False,0.293893,0.29242,0.020837,0.271582,False
2023-06-30,180,011230,6522,7484,False,False,0.147501,0.147501,0.020837,0.126664,False
2023-06-30,180,011810,10292,14097,False,False,0.369705,0.369705,0.020837,0.348868,False
2023-06-30,180,012030,2215,2060,False,True,-0.0699774,-0.0732325,0.020837,-0.0940695,False
2023-06-30,180,012450,130387,124682,False,False,-0.0437544,-0.0437544,0.020837,-0.0645914,False
2023-06-30,180,022100,15430,36500,False,False,1.36552,1.36552,0.020837,1.34468,False
2023-06-30,180,024900,7440,7070,True,False,-0.0497312,-0.0508133,0.020837,-0.0716503,False
2023-06-30,180,042700,30400,49150,True,False,0.616776,0.614935,0.020837,0.594098,False
2023-06-30,180,047400,3815,3845,True,True,0.0078637,0.00319253,0.020837,-0.0176445,False
2023-06-30,180,053690,30750,26500,False,True,-0.138211,-0.141228,0.020837,-0.162065,False
2023-06-30,180,074610,91000,74000,False,False,-0.186813,-0.186813,0.020837,-0.20765,False
2023-06-30,180,161000,21650,19890,False,False,-0.0812933,-0.0812933,0.020837,-0.10213,False
2023-06-30,180,200880,19000,24300,False,False,0.278947,0.278947,0.020837,0.25811,False
2023-07-31,181,001570,163000,128600,False,False,-0.211043,-0.211043,-0.0381172,-0.172926,False
2023-07-31,181,002710,66300,54600,False,False,-0.176471,-0.176471,-0.0381172,-0.138353,False
2023-07-31,181,003670,519552,435706,False,False,-0.161381,-0.161381,-0.0381172,-0.123264,False
2023-07-31,181,005070,181660,154199,False,False,-0.151167,-0.151167,-0.0381172,-0.11305,False
2023-07-31,181,005420,55003,42506,False,False,-0.227206,-0.227206,-0.0381172,-0.189089,False
2023-07-31,181,005950,23100,20400,False,False,-0.116883,-0.116883,-0.0381172,-0.0787659,False
2023-07-31,181,006110,114600,98700,False,False,-0.138743,-0.138743,-0.0381172,-0.100626,False
2023-07-31,181,006740,497315,565050,True,False,0.136201,0.134908,-0.0381172,0.173025,False
2023-07-31,181,007660,37246,33064,False,False,-0.112281,-0.112281,-0.0381172,-0.0741633,False
2023-07-31,181,011230,7484,5762,False,True,-0.230091,-0.232786,-0.0381172,-0.194668,False
2023-07-31,181,011810,14097,37578,False,True,1.66567,1.65634,-0.0381172,1.69446,True
2023-07-31,181,012450,124682,116533,False,True,-0.0653583,-0.0686295,-0.0381172,-0.0305123,False
2023-07-31,181,022100,36500,57000,False,False,0.561644,0.561644,-0.0381172,0.599761,False
2023-07-31,181,024900,7070,5930,False,True,-0.161245,-0.16418,-0.0381172,-0.126063,False
2023-07-31,181,042700,49150,58500,False,False,0.190234,0.190234,-0.0381172,0.228351,False
2023-07-31,181,047050,93900,79900,True,False,-0.149095,-0.150064,-0.0381172,-0.111947,False
2023-07-31,181,074610,74000,80400,False,False,0.0864865,0.0864865,-0.0381172,0.124604,False
2023-07-31,181,161000,19890,15780,False,False,-0.206637,-0.206637,-0.0381172,-0.168519,False
2023-07-31,181,200880,24300,15960,False,True,-0.34321,-0.345509,-0.0381172,-0.307391,False
2023-07-31,181,267260,74500,70000,True,False,-0.0604027,-0.0614726,-0.0381172,-0.0233554,False
2023-08-31,182,000430,6130,5340,True,False,-0.128874,-0.129866,-0.0344198,-0.0954465,False
2023-08-31,182,001470,59793,53000,True,False,-0.113609,-0.114618,-0.0344198,-0.0801982,False
2023-08-31,182,001570,128600,120200,False,False,-0.0653188,-0.0653188,-0.0344198,-0.030899,False
2023-08-31,182,002710,54600,49650,False,False,-0.0906593,-0.0906593,-0.0344198,-0.0562395,False
2023-08-31,182,003670,435706,341683,False,False,-0.215795,-0.215795,-0.0344198,-0.181375,False
2023-08-31,182,005070,154199,149200,False,False,-0.0324191,-0.0324191,-0.0344198,0.00200066,False
2023-08-31,182,005420,42506,37650,False,True,-0.114243,-0.117343,-0.0344198,-0.082923,False
2023-08-31,182,005490,576000,529000,True,False,-0.0815972,-0.082643,-0.0344198,-0.0482232,False
2023-08-31,182,005950,20400,15280,False,True,-0.25098,-0.253602,-0.0344198,-0.219182,False
2023-08-31,182,006110,98700,102000,False,True,0.0334347,0.0298176,-0.0344198,0.0642374,False
2023-08-31,182,006740,565050,553470,False,False,-0.0204938,-0.0204938,-0.0344198,0.013926,False
2023-08-31,182,007660,33064,26598,False,False,-0.19556,-0.19556,-0.0344198,-0.16114,False
2023-08-31,182,022100,57000,54500,False,False,-0.0438596,-0.0438596,-0.0344198,-0.00943985,False
2023-08-31,182,042660,33759,30900,True,False,-0.0846885,-0.0857308,-0.0344198,-0.051311,False
2023-08-31,182,042700,58500,51600,False,False,-0.117949,-0.117949,-0.0344198,-0.0835289,False
2023-08-31,182,047050,79900,70800,False,False,-0.113892,-0.113892,-0.0344198,-0.0794726,False
2023-08-31,182,058430,5900,6200,True,True,0.0508475,0.0459771,-0.0344198,0.0803969,False
2023-08-31,182,074610,80400,59000,False,True,-0.266169,-0.268738,-0.0344198,-0.234318,False
2023-08-31,182,161000,15780,13010,False,True,-0.175539,-0.178424,-0.0344198,-0.144004,False
2023-08-31,182,267260,70000,66200,False,False,-0.0542857,-0.0542857,-0.0344198,-0.0198659,False
2023-09-27,183,000430,5340,5200,False,True,-0.0262172,-0.0296255,-0.0466818,0.0170563,False
2023-09-27,183,001060,37466,25991,True,False,-0.306278,-0.307068,-0.0466818,-0.260386,False
2023-09-27,183,001470,53000,42937,False,False,-0.189868,-0.189868,-0.0466818,-0.143186,False
2023-09-27,183,001570,120200,89400,False,False,-0.25624,-0.25624,-0.0466818,-0.209558,False
2023-09-27,183,002710,49650,51900,False,False,0.0453172,0.0453172,-0.0466818,0.091999,False
2023-09-27,183,003670,341683,233120,False,False,-0.31773,-0.31773,-0.0466818,-0.271048,False
2023-09-27,183,005070,149200,140200,False,False,-0.0603217,-0.0603217,-0.0466818,-0.01364,False
2023-09-27,183,005490,529000,412500,False,False,-0.220227,-0.220227,-0.0466818,-0.173545,False
2023-09-27,183,006740,553470,66230,False,False,-0.880337,-0.880337,-0.0466818,-0.833655,False
2023-09-27,183,007660,26598,21394,False,False,-0.195654,-0.195654,-0.0466818,-0.148972,False
2023-09-27,183,010120,18400,12880,True,True,-0.3,-0.303244,-0.0466818,-0.256563,False
2023-09-27,183,011810,18788,8520,True,False,-0.546519,-0.547035,-0.0466818,-0.500354,False
2023-09-27,183,022100,54500,50000,False,False,-0.0825688,-0.0825688,-0.0466818,-0.0358871,False
2023-09-27,183,042660,30900,23400,False,False,-0.242718,-0.242718,-0.0466818,-0.196037,False
2023-09-27,183,042700,51600,53000,False,False,0.0271318,0.0271318,-0.0466818,0.0738135,False
2023-09-27,183,047050,70800,51000,False,False,-0.279661,-0.279661,-0.0466818,-0.232979,False
2023-09-27,183,138040,54900,50200,True,False,-0.0856102,-0.0866514,-0.0466818,-0.0399697,False
2023-09-27,183,192820,128000,135700,True,False,0.0601562,0.058949,-0.0466818,0.105631,False
2023-09-27,183,267260,66200,76100,False,False,0.149547,0.149547,-0.0466818,0.196229,False
2023-09-27,183,298040,169400,173000,True,False,0.0212515,0.0200886,-0.0466818,0.0667703,False
2023-10-31,184,001060,25991,29571,False,True,0.13774,0.133758,0.0948139,0.038944,False
2023-10-31,184,001470,42937,44195,False,False,0.0292987,0.0292987,0.0948139,-0.0655151,False
2023-10-31,184,001570,89400,124400,False,False,0.391499,0.391499,0.0948139,0.296685,False
2023-10-31,184,002710,51900,54400,False,False,0.0481696,0.0481696,0.0948139,-0.0466443,False
2023-10-31,184,003670,233120,309696,False,True,0.328483,0.323833,0.0948139,0.22902,False
2023-10-31,184,005070,140200,162900,False,False,0.161912,0.161912,0.0948139,0.0670977,False
2023-10-31,184,005490,412500,483000,False,True,0.170909,0.166811,0.0948139,0.0719971,False
2023-10-31,184,006740,66230,35200,False,True,-0.468519,-0.470379,0.0948139,-0.565193,False
2023-10-31,184,007660,21394,28834,False,False,0.347761,0.347761,0.0948139,0.252947,False
2023-10-31,184,011810,8520,19200,False,True,1.25352,1.24563,0.0948139,1.15082,False
2023-10-31,184,022100,50000,56600,False,False,0.132,0.132,0.0948139,0.0371861,False
2023-10-31,184,042660,23400,27000,False,True,0.153846,0.149808,0.0948139,0.0549938,False
2023-10-31,184,042700,53000,62500,False,False,0.179245,0.179245,0.0948139,0.0844314,False
2023-10-31,184,047050,51000,57200,False,False,0.121569,0.121569,0.0948139,0.0267548,False
2023-10-31,184,058430,4790,5260,True,False,0.0981211,0.0968707,0.0948139,0.0020568,False
2023-10-31,184,138040,50200,55500,False,True,0.105578,0.101708,0.0948139,0.00689432,False
2023-10-31,184,192820,135700,110400,False,False,-0.186441,-0.186441,0.0948139,-0.281255,False
2023-10-31,184,267260,76100,84500,False,False,0.110381,0.110381,0.0948139,0.0155672,False
2023-10-31,184,298040,173000,212000,False,True,0.225434,0.221145,0.0948139,0.126331,False
2023-10-31,184,352820,220000,214500,True,False,-0.025,-0.0261102,0.0948139,-0.120924,False
2023-11-30,185,001470,44195,38827,False,True,-0.121462,-0.124537,0.0585667,-0.183103,False
2023-11-30,185,001570,124400,109200,False,False,-0.122186,-0.122186,0.0585667,-0.180753,False
2023-11-30,185,002710,54400,58400,False,False,0.0735294,0.0735294,0.0585667,0.0149627,False
2023-11-30,185,004090,11150,11270,True,True,0.0107623,0.00607774,0.0585667,-0.052489,False
2023-11-30,185,005070,162900,145900,False,False,-0.104359,-0.104359,0.0585667,-0.162925,False
2023-11-30,185,006110,129300,106400,True,False,-0.177108,-0.178045,0.0585667,-0.236611,False
2023-11-30,185,007660,28834,28591,False,False,-0.00842755,-0.00842755,0.0585667,-0.0669943,False
2023-11-30,185,009420,34850,44300,True,False,0.271162,0.269715,0.0585667,0.211148,False
2023-11-30,185,010100,7750,9300,True,True,0.2,0.194438,0.0585667,0.135872,False
2023-11-30,185,012450,128247,127025,True,False,-0.00952849,-0.0106563,0.0585667,-0.0692231,False
2023-11-30,185,022100,56600,75600,False,False,0.335689,0.335689,0.0585667,0.277122,False
2023-11-30,185,042700,62500,61700,False,False,-0.0128,-0.0128,0.0585667,-0.0713667,False
2023-11-30,185,047050,57200,62300,False,False,0.0891608,0.0891608,0.0585667,0.0305941,False
2023-11-30,185,058430,5260,5660,False,True,0.0760456,0.0722795,0.0585667,0.0137127,False
2023-11-30,185,058850,3590,3640,True,True,0.0139276,0.00922831,0.0585667,-0.0493384,False
2023-11-30,185,192820,110400,126100,False,True,0.14221,0.138212,0.0585667,0.0796457,False
2023-11-30,185,229640,16640,21550,True,False,0.295072,0.293597,0.0585667,0.235031,False
2023-11-30,185,248070,27300,27300,True,True,0,-0.00463472,0.0585667,-0.0632014,False
2023-11-30,185,267260,84500,82200,False,False,-0.0272189,-0.0272189,0.0585667,-0.0857857,False
2023-11-30,185,352820,214500,233000,False,True,0.0862471,0.0824452,0.0585667,0.0238785,False
2023-12-28,186,000660,139700,133100,True,False,-0.0472441,-0.048329,-0.057627,0.00929802,False
2023-12-28,186,001570,109200,77200,False,False,-0.29304,-0.29304,-0.057627,-0.235413,False
2023-12-28,186,002710,58400,49450,False,True,-0.153253,-0.156217,-0.057627,-0.09859,False
2023-12-28,186,003670,347984,245236,True,False,-0.295266,-0.296069,-0.057627,-0.238442,False
2023-12-28,186,004830,7860,6810,True,True,-0.133588,-0.137603,-0.057627,-0.0799763,False
2023-12-28,186,005070,145900,133300,False,False,-0.0863605,-0.0863605,-0.057627,-0.0287335,False
2023-12-28,186,005490,495000,422500,True,True,-0.146465,-0.150421,-0.057627,-0.0927935,False
2023-12-28,186,006110,106400,86500,False,True,-0.18703,-0.189875,-0.057627,-0.132248,False
2023-12-28,186,007660,28591,26695,False,False,-0.0663146,-0.0663146,-0.057627,-0.00868755,False
2023-12-28,186,009420,44300,30450,False,False,-0.312641,-0.312641,-0.057627,-0.255014,False
2023-12-28,186,010140,7750,7270,True,True,-0.0619355,-0.0662831,-0.057627,-0.00865612,False
2023-12-28,186,011810,12670,9470,True,False,-0.252565,-0.253416,-0.057627,-0.195789,False
2023-12-28,186,012450,127025,138129,False,False,0.0874159,0.0874159,-0.057627,0.145043,False
2023-12-28,186,022100,75600,57000,False,False,-0.246032,-0.246032,-0.057627,-0.188405,False
2023-12-28,186,042700,61700,58200,False,False,-0.0567261,-0.0567261,-0.057627,0.00090093,False
2023-12-28,186,047050,62300,52300,False,False,-0.160514,-0.160514,-0.057627,-0.102887,False
2023-12-28,186,229640,21550,19990,False,False,-0.0723898,-0.0723898,-0.057627,-0.0147628,False
2023-12-28,186,267260,82200,101900,False,False,0.239659,0.239659,-0.057627,0.297286,False
2023-12-28,186,298040,161900,171000,True,False,0.0562075,0.0550048,-0.057627,0.112632,False
2023-12-28,186,307950,212500,150000,True,False,-0.294118,-0.294921,-0.057627,-0.237294,False
2024-01-31,187,000660,133100,161000,False,False,0.209617,0.209617,0.0687725,0.140844,False
2024-01-31,187,000680,4195,4145,True,True,-0.011919,-0.0164984,0.0687725,-0.0852709,False
2024-01-31,187,001570,77200,98500,False,False,0.275907,0.275907,0.0687725,0.207134,False
2024-01-31,187,003280,3080,2790,True,False,-0.0941558,-0.0951873,0.0687725,-0.16396,False
2024-01-31,187,003670,245236,312119,False,True,0.272729,0.268275,0.0687725,0.199502,False
2024-01-31,187,005070,133300,179600,False,False,0.347337,0.347337,0.0687725,0.278564,False
2024-01-31,187,007660,26695,30488,False,False,0.142087,0.142087,0.0687725,0.073314,False
2024-01-31,187,009420,30450,34400,False,False,0.129721,0.129721,0.0687725,0.0609483,False
2024-01-31,187,011810,9470,9120,False,False,-0.0369588,-0.0369588,0.0687725,-0.105731,False
2024-01-31,187,012450,138129,193543,False,False,0.401176,0.401176,0.0687725,0.332403,False
2024-01-31,187,022100,57000,54000,False,False,-0.0526316,-0.0526316,0.0687725,-0.121404,False
2024-01-31,187,042700,58200,87900,False,False,0.510309,0.510309,0.0687725,0.441537,False
2024-01-31,187,047050,52300,56100,False,False,0.0726577,0.0726577,0.0687725,0.00388523,False
2024-01-31,187,079550,104500,144700,True,False,0.384689,0.383112,0.0687725,0.31434,False
2024-01-31,187,084690,9620,11370,True,True,0.181913,0.176435,0.0687725,0.107662,False
2024-01-31,187,185750,104315,104220,True,True,-0.000910703,-0.0055412,0.0687725,-0.0743137,False
2024-01-31,187,229640,19990,18510,False,False,-0.074037,-0.074037,0.0687725,-0.14281,False
2024-01-31,187,267260,101900,125100,False,False,0.227674,0.227674,0.0687725,0.158902,False
2024-01-31,187,298040,171000,195800,False,True,0.145029,0.141022,0.0687725,0.0722491,False
2024-01-31,187,307950,150000,150100,False,True,0.000666667,-0.00283567,0.0687725,-0.0716082,False
2024-02-29,188,000660,161000,186400,False,False,0.157764,0.157764,0.052007,0.105757,False
2024-02-29,188,001570,98500,118900,False,True,0.207107,0.202882,0.052007,0.150875,False
2024-02-29,188,002710,68200,59300,True,False,-0.130499,-0.131489,0.052007,-0.183496,False
2024-02-29,188,003280,2790,2615,False,False,-0.062724,-0.062724,0.052007,-0.114731,False
2024-02-29,188,005070,179600,159800,False,True,-0.110245,-0.113359,0.052007,-0.165366,False
2024-02-29,188,007660,30488,41818,False,False,0.371622,0.371622,0.052007,0.319615,False
2024-02-29,188,009420,34400,37350,False,False,0.0857558,0.0857558,0.052007,0.0337488,False
2024-02-29,188,011810,9120,8700,False,True,-0.0460526,-0.0493914,0.052007,-0.101398,False
2024-02-29,188,012450,193543,210861,False,False,0.0894788,0.0894788,0.052007,0.0374718,False
2024-02-29,188,022100,54000,48950,False,False,-0.0935185,-0.0935185,0.052007,-0.145526,False
2024-02-29,188,042700,87900,134100,False,False,0.525597,0.525597,0.052007,0.47359,False
2024-02-29,188,047050,56100,52200,False,False,-0.0695187,-0.0695187,0.052007,-0.121526,False
2024-02-29,188,077500,8180,7870,True,True,-0.0378973,-0.0423564,0.052007,-0.0943634,False
2024-02-29,188,079550,144700,180500,False,False,0.247408,0.247408,0.052007,0.195401,False
2024-02-29,188,084680,2095,2100,True,True,0.00238663,-0.00225914,0.052007,-0.0542662,False
2024-02-29,188,138040,83100,81700,True,False,-0.0168472,-0.0179667,0.052007,-0.0699737,False
2024-02-29,188,200880,20100,18870,True,False,-0.061194,-0.062263,0.052007,-0.11427,False
2024-02-29,188,229640,18510,18820,False,True,0.0167477,0.0131891,0.052007,-0.0388179,False
2024-02-29,188,267260,125100,179400,False,False,0.434053,0.434053,0.052007,0.382046,False
2024-02-29,188,286940,37450,36850,True,True,-0.0160214,-0.0205818,0.052007,-0.0725888,False
2024-03-29,189,000660,186400,169000,False,False,-0.0933476,-0.0933476,-0.0378383,-0.0555094,False
2024-03-29,189,000680,4590,4675,True,True,0.0185185,0.013798,-0.0378383,0.0516362,False
2024-03-29,189,001470,29049,26500,True,True,-0.0877483,-0.0919763,-0.0378383,-0.054138,False
2024-03-29,189,002710,59300,53000,False,True,-0.106239,-0.109368,-0.0378383,-0.0715294,False
2024-03-29,189,003280,2615,2520,False,False,-0.0363289,-0.0363289,-0.0378383,0.0015094,False
2024-03-29,189,004830,8910,9030,True,False,0.013468,0.012314,-0.0378383,0.0501522,False
2024-03-29,189,007660,41818,38316,False,False,-0.0837438,-0.0837438,-0.0378383,-0.0459056,False
2024-03-29,189,009420,37350,36500,False,False,-0.0227577,-0.0227577,-0.0378383,0.0150806,False
2024-03-29,189,010660,6280,3680,True,False,-0.414013,-0.41468,-0.0378383,-0.376842,False
2024-03-29,189,012450,210861,215954,False,False,0.0241534,0.0241534,-0.0378383,0.0619916,False
2024-03-29,189,022100,48950,40600,False,False,-0.170582,-0.170582,-0.0378383,-0.132744,False
2024-03-29,189,042700,134100,132100,False,False,-0.0149142,-0.0149142,-0.0378383,0.022924,False
2024-03-29,189,047050,52200,46200,False,False,-0.114943,-0.114943,-0.0378383,-0.0771043,False
2024-03-29,189,079550,180500,161600,False,False,-0.104709,-0.104709,-0.0378383,-0.0668709,False
2024-03-29,189,103590,20100,21750,True,False,0.0820896,0.0808574,-0.0378383,0.118696,False
2024-03-29,189,138040,81700,78600,False,False,-0.0379437,-0.0379437,-0.0378383,-0.000105429,False
2024-03-29,189,200880,18870,18600,False,True,-0.0143084,-0.0177583,-0.0378383,0.0200799,False
2024-03-29,189,267260,179400,243000,False,False,0.354515,0.354515,-0.0378383,0.392353,False
2024-03-29,189,298040,289500,313000,True,False,0.0811744,0.0799433,-0.0378383,0.117782,False
2024-03-29,189,402340,79900,75200,True,False,-0.0588235,-0.0598952,-0.0378383,-0.022057,False
2024-04-30,190,000500,26895,29451,True,False,0.0950363,0.0937893,-0.00470595,0.0984953,False
2024-04-30,190,000660,169000,189500,False,False,0.121302,0.121302,-0.00470595,0.126008,False
2024-04-30,190,001570,93400,83500,True,True,-0.105996,-0.110139,-0.00470595,-0.105433,False
2024-04-30,190,003280,2520,2460,False,False,-0.0238095,-0.0238095,-0.00470595,-0.0191036,False
2024-04-30,190,004830,9030,8130,False,False,-0.0996678,-0.0996678,-0.00470595,-0.0949618,False
2024-04-30,190,007660,38316,47020,False,False,0.227164,0.227164,-0.00470595,0.23187,False
2024-04-30,190,009420,36500,32050,False,True,-0.121918,-0.124991,-0.00470595,-0.120285,False
2024-04-30,190,010660,3680,3640,False,True,-0.0108696,-0.0143315,-0.00470595,-0.00962557,False
2024-04-30,190,012170,1028,921,True,True,-0.104086,-0.108238,-0.00470595,-0.103532,False
2024-04-30,190,012450,215954,216973,False,False,0.0047186,0.0047186,-0.00470595,0.00942454,False
2024-04-30,190,022100,40600,35350,False,False,-0.12931,-0.12931,-0.00470595,-0.124604,False
2024-04-30,190,042700,132100,158100,False,False,0.196821,0.196821,-0.00470595,0.201527,False
2024-04-30,190,047050,46200,43100,False,True,-0.0670996,-0.0703647,-0.00470595,-0.0656588,False
2024-04-30,190,079550,161600,160800,False,False,-0.0049505,-0.0049505,-0.00470595,-0.000244548,False
2024-04-30,190,103590,21750,27100,False,False,0.245977,0.245977,-0.00470595,0.250683,False
2024-04-30,190,138040,78600,77200,False,False,-0.0178117,-0.0178117,-0.00470595,-0.0131058,False
2024-04-30,190,229640,30000,39750,True,False,0.325,0.323491,-0.00470595,0.328197,False
2024-04-30,190,267260,243000,294500,False,False,0.211934,0.211934,-0.00470595,0.21664,False
2024-04-30,190,298040,313000,442000,False,False,0.412141,0.412141,-0.00470595,0.416847,False
2024-04-30,190,402340,75200,77700,False,False,0.0332447,0.0332447,-0.00470595,0.0379506,False
2024-05-31,191,000500,29451,29618,False,False,0.00567044,0.00567044,0.0592822,-0.0536118,False
2024-05-31,191,000660,189500,233500,False,False,0.23219,0.23219,0.0592822,0.172908,False
2024-05-31,191,003160,20850,26600,True,False,0.275779,0.274327,0.0592822,0.215044,False
2024-05-31,191,003230,553000,668000,True,False,0.207957,0.206581,0.0592822,0.147299,False
2024-05-31,191,003280,2460,2690,False,True,0.0934959,0.0896687,0.0592822,0.0303865,False
2024-05-31,191,004830,8130,8010,False,True,-0.0147601,-0.0182085,0.0592822,-0.0774907,False
2024-05-31,191,006340,3550,4485,True,False,0.26338,0.261942,0.0592822,0.202659,False
2024-05-31,191,007660,47020,56794,False,False,0.207869,0.207869,0.0592822,0.148587,False
2024-05-31,191,009470,72300,77700,True,False,0.0746888,0.073465,0.0592822,0.0141828,False
2024-05-31,191,010120,42500,43600,True,False,0.0258824,0.0247142,0.0592822,-0.034568,False
2024-05-31,191,012450,216973,252116,False,True,0.161969,0.157903,0.0592822,0.0986204,False
2024-05-31,191,022100,35350,38350,False,False,0.0848656,0.0848656,0.0592822,0.0255834,False
2024-05-31,191,042700,158100,171500,False,False,0.0847565,0.0847565,0.0592822,0.0254743,False
2024-05-31,191,079550,160800,218000,False,False,0.355721,0.355721,0.0592822,0.296439,False
2024-05-31,191,103590,27100,26200,False,False,-0.0332103,-0.0332103,0.0592822,-0.0924925,False
2024-05-31,191,138040,77200,78700,False,True,0.0194301,0.015862,0.0592822,-0.0434202,False
2024-05-31,191,229640,39750,31800,False,False,-0.2,-0.2,0.0592822,-0.259282,False
2024-05-31,191,267260,294500,310000,False,False,0.0526316,0.0526316,0.0592822,-0.00665062,False
2024-05-31,191,298040,442000,344500,False,False,-0.220588,-0.220588,0.0592822,-0.27987,False
2024-05-31,191,402340,77700,99400,False,True,0.279279,0.274802,0.0592822,0.21552,False
2024-06-28,192,000150,216500,179000,True,False,-0.17321,-0.174152,0.00151397,-0.175666,False
2024-06-28,192,000500,29618,23950,False,False,-0.19137,-0.19137,0.00151397,-0.192884,False
2024-06-28,192,000660,233500,201500,False,False,-0.137045,-0.137045,0.00151397,-0.138559,False
2024-06-28,192,003160,26600,19550,False,False,-0.265038,-0.265038,0.00151397,-0.266552,False
2024-06-28,192,003230,668000,618000,False,False,-0.0748503,-0.0748503,0.00151397,-0.0763643,False
2024-06-28,192,005180,97100,89800,True,False,-0.0751802,-0.0762333,0.00151397,-0.0777473,False
2024-06-28,192,006260,143800,118600,True,True,-0.175243,-0.179066,0.00151397,-0.18058,False
2024-06-28,192,006340,4485,3310,False,False,-0.261984,-0.261984,0.00151397,-0.263498,False
2024-06-28,192,007660,56794,46680,False,True,-0.178082,-0.180959,0.00151397,-0.182473,False
2024-06-28,192,009470,77700,51500,False,False,-0.337194,-0.337194,0.00151397,-0.338708,False
2024-06-28,192,010120,43600,38300,False,False,-0.12156,-0.12156,0.00151397,-0.123074,False
2024-06-28,192,022100,38350,28950,False,True,-0.245111,-0.247753,0.00151397,-0.249267,False
2024-06-28,192,042700,171500,137400,False,False,-0.198834,-0.198834,0.00151397,-0.200348,False
2024-06-28,192,079550,218000,200000,False,False,-0.0825688,-0.0825688,0.00151397,-0.0840828,False
2024-06-28,192,090430,169700,180200,True,True,0.0618739,0.0569524,0.00151397,0.0554384,False
2024-06-28,192,103590,26200,23800,False,False,-0.0916031,-0.0916031,0.00151397,-0.093117,False
2024-06-28,192,192820,194100,154000,True,False,-0.206595,-0.207498,0.00151397,-0.209012,False
2024-06-28,192,229640,31800,28300,False,False,-0.110063,-0.110063,0.00151397,-0.111577,False
2024-06-28,192,267260,310000,325500,False,False,0.05,0.05,0.00151397,0.048486,False
2024-06-28,192,298040,344500,326500,False,False,-0.0522496,-0.0522496,0.00151397,-0.0537636,False
2024-07-31,193,000150,179000,149000,False,True,-0.167598,-0.170511,-0.0550198,-0.115491,False
2024-07-31,193,000500,23950,19671,False,True,-0.178664,-0.181539,-0.0550198,-0.126519,False
2024-07-31,193,000660,201500,173600,False,True,-0.138462,-0.141477,-0.0550198,-0.0864571,False
2024-07-31,193,003160,19550,13660,False,False,-0.301279,-0.301279,-0.0550198,-0.246259,False
2024-07-31,193,003230,618000,507000,False,False,-0.179612,-0.179612,-0.0550198,-0.124592,False
2024-07-31,193,003960,68700,58500,True,False,-0.148472,-0.149441,-0.0550198,-0.0944214,False
2024-07-31,193,004090,20000,17620,True,False,-0.119,-0.120003,-0.0550198,-0.0649834,False
2024-07-31,193,005180,89800,65000,False,True,-0.276169,-0.278703,-0.0550198,-0.223683,False
2024-07-31,193,006340,3310,3055,False,False,-0.0770393,-0.0770393,-0.0550198,-0.0220195,False
2024-07-31,193,009470,51500,43400,False,True,-0.157282,-0.160231,-0.0550198,-0.105211,False
2024-07-31,193,010120,38300,33200,False,False,-0.133159,-0.133159,-0.0550198,-0.0781395,False
2024-07-31,193,012450,295410,295411,True,True,3.38513e-06,-0.00463135,-0.0550198,0.0503885,True
2024-07-31,193,042700,137400,114100,False,False,-0.169578,-0.169578,-0.0550198,-0.114558,False
2024-07-31,193,079550,200000,196000,False,False,-0.02,-0.02,-0.0550198,0.0350198,False
2024-07-31,193,103590,23800,20250,False,False,-0.14916,-0.14916,-0.0550198,-0.0941399,False
2024-07-31,193,192820,154000,122100,False,True,-0.207143,-0.209918,-0.0550198,-0.154898,False
2024-07-31,193,229640,28300,27300,False,False,-0.0353357,-0.0353357,-0.0550198,0.0196841,False
2024-07-31,193,267260,325500,307500,False,False,-0.0552995,-0.0552995,-0.0550198,-0.000279731,False
2024-07-31,193,298040,326500,292000,False,True,-0.105666,-0.108796,-0.0550198,-0.0537765,False
2024-07-31,193,402340,86000,79500,True,False,-0.0755814,-0.076634,-0.0550198,-0.0216142,False
2024-08-30,194,003160,13660,14270,False,False,0.0446559,0.0446559,-0.0601539,0.10481,False
2024-08-30,194,003230,507000,533000,False,False,0.0512821,0.0512821,-0.0601539,0.111436,False
2024-08-30,194,003960,58500,52600,False,True,-0.100855,-0.104002,-0.0601539,-0.0438478,False
2024-08-30,194,004090,17620,20050,False,False,0.137911,0.137911,-0.0601539,0.198065,False
2024-08-30,194,006340,3055,2940,False,False,-0.0376432,-0.0376432,-0.0601539,0.0225107,False
2024-08-30,194,009540,191700,184200,True,True,-0.0391236,-0.043577,-0.0601539,0.0165769,False
2024-08-30,194,010120,33200,32040,False,False,-0.0349398,-0.0349398,-0.0601539,0.0252141,False
2024-08-30,194,036460,52500,46550,True,False,-0.113333,-0.114343,-0.0601539,-0.0541891,False
2024-08-30,194,042700,114100,105400,False,False,-0.0762489,-0.0762489,-0.0601539,-0.016095,False
2024-08-30,194,055550,56500,55000,True,False,-0.0265487,-0.0276571,-0.0601539,0.0324968,False
2024-08-30,194,071970,19380,18980,True,False,-0.0206398,-0.021755,-0.0601539,0.0383989,False
2024-08-30,194,079550,196000,218000,False,False,0.112245,0.112245,-0.0601539,0.172399,False
2024-08-30,194,103590,20250,21800,False,False,0.0765432,0.0765432,-0.0601539,0.136697,False
2024-08-30,194,130660,13300,13100,True,True,-0.0150376,-0.0196026,-0.0601539,0.0405513,False
2024-08-30,194,138040,91800,96100,True,False,0.046841,0.0456489,-0.0601539,0.105803,False
2024-08-30,194,229640,27300,26500,False,True,-0.029304,-0.0327015,-0.0601539,0.0274524,False
2024-08-30,194,259960,325000,338500,True,False,0.0415385,0.0403525,-0.0601539,0.100506,False
2024-08-30,194,267260,307500,334000,False,False,0.0861789,0.0861789,-0.0601539,0.146333,False
2024-08-30,194,329180,195000,182800,True,True,-0.0625641,-0.0669089,-0.0601539,-0.00675495,False
2024-08-30,194,402340,79500,77100,False,False,-0.0301887,-0.0301887,-0.0601539,0.0299652,False
2024-09-30,195,001250,3825,3075,True,True,-0.196078,-0.199804,-0.00939077,-0.190414,False
2024-09-30,195,003160,14270,18100,False,False,0.268395,0.268395,-0.00939077,0.277786,False
2024-09-30,195,003230,533000,514000,False,False,-0.0356473,-0.0356473,-0.00939077,-0.0262565,False
2024-09-30,195,004090,20050,16000,False,True,-0.201995,-0.204788,-0.00939077,-0.195397,False
2024-09-30,195,006340,2940,2695,False,True,-0.0833333,-0.0865417,-0.00939077,-0.0771509,False
2024-09-30,195,010120,32040,29000,False,False,-0.0948814,-0.0948814,-0.00939077,-0.0854906,False
2024-09-30,195,012450,299350,362371,True,False,0.210526,0.209148,-0.00939077,0.218538,False
2024-09-30,195,036460,46550,38550,False,False,-0.171858,-0.171858,-0.00939077,-0.162467,False
2024-09-30,195,042700,105400,89800,False,False,-0.148008,-0.148008,-0.00939077,-0.138617,False
2024-09-30,195,055550,55000,51900,False,True,-0.0563636,-0.0596664,-0.00939077,-0.0502756,False
2024-09-30,195,064350,54500,61800,True,False,0.133945,0.132654,-0.00939077,0.142045,False
2024-09-30,195,071970,18980,19110,False,True,0.00684932,0.00332534,-0.00939077,0.0127161,False
2024-09-30,195,079550,218000,246500,False,False,0.130734,0.130734,-0.00939077,0.140125,False
2024-09-30,195,103140,62300,68400,True,False,0.0979133,0.0966631,-0.00939077,0.106054,False
2024-09-30,195,103590,21800,24550,False,True,0.126147,0.122205,-0.00939077,0.131596,False
2024-09-30,195,138040,96100,102900,False,False,0.0707596,0.0707596,-0.00939077,0.0801504,False
2024-09-30,195,259960,338500,330000,False,False,-0.0251108,-0.0251108,-0.00939077,-0.01572,False
2024-09-30,195,267260,334000,323000,False,False,-0.0329341,-0.0329341,-0.00939077,-0.0235434,False
2024-09-30,195,298040,347000,409000,True,False,0.178674,0.177332,-0.00939077,0.186723,False
2024-09-30,195,402340,77100,83200,False,False,0.079118,0.079118,-0.00939077,0.0885088,False
2024-10-31,196,000100,138500,116500,True,False,-0.158845,-0.159803,-0.0269285,-0.132874,False
2024-10-31,196,000150,199500,196000,True,False,-0.0175439,-0.0186626,-0.0269285,0.00826596,False
2024-10-31,196,003160,18100,11240,False,True,-0.379006,-0.381179,-0.0269285,-0.35425,False
2024-10-31,196,003230,514000,530000,False,False,0.0311284,0.0311284,-0.0269285,0.058057,False
2024-10-31,196,009540,183000,207500,True,False,0.13388,0.132589,-0.0269285,0.159517,False
2024-10-31,196,010120,29000,29060,False,False,0.00206897,0.00206897,-0.0269285,0.0289975,False
2024-10-31,196,011790,139768,93899,True,True,-0.32818,-0.331293,-0.0269285,-0.304365,False
2024-10-31,196,012450,362371,309689,False,False,-0.145381,-0.145381,-0.0269285,-0.118453,False
2024-10-31,196,036460,38550,42950,False,False,0.114137,0.114137,-0.0269285,0.141066,False
2024-10-31,196,042700,89800,75000,False,True,-0.164811,-0.167734,-0.0269285,-0.140805,False
2024-10-31,196,064350,61800,50600,False,False,-0.18123,-0.18123,-0.0269285,-0.154301,False
2024-10-31,196,079550,246500,195300,False,False,-0.207708,-0.207708,-0.0269285,-0.180779,False
2024-10-31,196,103140,68400,51400,False,False,-0.248538,-0.248538,-0.0269285,-0.221609,False
2024-10-31,196,130660,13000,11130,True,False,-0.143846,-0.144821,-0.0269285,-0.117893,False
2024-10-31,196,138040,102900,103100,False,False,0.00194363,0.00194363,-0.0269285,0.0288722,False
2024-10-31,196,259960,330000,316500,False,False,-0.0409091,-0.0409091,-0.0269285,-0.0139805,False
2024-10-31,196,267260,323000,351500,False,False,0.0882353,0.0882353,-0.0269285,0.115164,False
2024-10-31,196,294870,19760,20400,True,True,0.0323887,0.0276038,-0.0269285,0.0545324,False
2024-10-31,196,298040,409000,403500,False,False,-0.0134474,-0.0134474,-0.0269285,0.0134811,False
2024-10-31,196,402340,83200,75300,False,False,-0.0949519,-0.0949519,-0.0269285,-0.0680234,False
2024-11-29,197,000100,116500,125100,False,False,0.0738197,0.0738197,-0.0328493,0.106669,False
2024-11-29,197,000150,196000,259000,False,False,0.321429,0.321429,-0.0328493,0.354278,False
2024-11-29,197,003230,530000,765000,False,False,0.443396,0.443396,-0.0328493,0.476245,False
2024-11-29,197,009540,207500,227000,False,False,0.0939759,0.0939759,-0.0328493,0.126825,False
2024-11-29,197,010120,29060,32720,False,False,0.125946,0.125946,-0.0328493,0.158796,False
2024-11-29,197,010130,1.235e+06,1.019e+06,True,False,-0.174899,-0.175838,-0.0328493,-0.142989,False
2024-11-29,197,012450,309689,325444,False,False,0.0508736,0.0508736,-0.0328493,0.0837229,False
2024-11-29,197,036460,42950,34800,False,False,-0.189756,-0.189756,-0.0328493,-0.156906,False
2024-11-29,197,064350,50600,49750,False,False,-0.0167984,-0.0167984,-0.0328493,0.0160509,False
2024-11-29,197,079550,195300,219500,False,True,0.123912,0.119978,-0.0328493,0.152828,False
2024-11-29,197,103140,51400,49850,False,True,-0.0301556,-0.0335501,-0.0328493,-0.000700826,False
2024-11-29,197,103590,21500,27650,True,False,0.286047,0.284582,-0.0328493,0.317431,False
2024-11-29,197,105560,96800,82900,True,False,-0.143595,-0.14457,-0.0328493,-0.111721,False
2024-11-29,197,130660,11130,9270,False,True,-0.167116,-0.170031,-0.0328493,-0.137182,False
2024-11-29,197,138040,103100,103500,False,False,0.00387973,0.00387973,-0.0328493,0.036729,False
2024-11-29,197,259960,316500,315000,False,True,-0.00473934,-0.00822275,-0.0328493,0.0246265,False
2024-11-29,197,267260,351500,383500,False,False,0.0910384,0.0910384,-0.0328493,0.123888,False
2024-11-29,197,298040,403500,397000,False,False,-0.016109,-0.016109,-0.0328493,0.0167402,False
2024-11-29,197,402340,75300,79300,False,True,0.0531208,0.0494349,-0.0328493,0.0822842,False
2024-11-29,197,450080,85300,65900,True,True,-0.227433,-0.231013,-0.0328493,-0.198164,False
2024-12-30,198,000100,125100,126900,False,False,0.0143885,0.0143885,0.0275749,-0.0131864,False
2024-12-30,198,000150,259000,273000,False,False,0.0540541,0.0540541,0.0275749,0.0264791,False
2024-12-30,198,001380,6612,7613,True,False,0.151391,0.15008,0.0275749,0.122505,False
2024-12-30,198,003230,765000,678000,False,False,-0.113725,-0.113725,0.0275749,-0.1413,False
2024-12-30,198,006340,2970,3585,True,False,0.207071,0.205696,0.0275749,0.178121,False
2024-12-30,198,007110,2160,2075,True,False,-0.0393519,-0.0404457,0.0275749,-0.0680207,False
2024-12-30,198,009540,227000,223500,False,False,-0.0154185,-0.0154185,0.0275749,-0.0429934,False
2024-12-30,198,010120,32720,44500,False,False,0.360024,0.360024,0.0275749,0.33245,False
2024-12-30,198,010130,1.019e+06,807000,False,False,-0.208047,-0.208047,0.0275749,-0.235622,False
2024-12-30,198,012450,325444,386004,False,False,0.186084,0.186084,0.0275749,0.158509,False
2024-12-30,198,026960,27450,22650,True,True,-0.174863,-0.178688,0.0275749,-0.206263,False
2024-12-30,198,036460,34800,38100,False,True,0.0948276,0.0909957,0.0275749,0.0634208,False
2024-12-30,198,064350,49750,58300,False,False,0.171859,0.171859,0.0275749,0.144284,False
2024-12-30,198,082740,18440,22850,True,False,0.239154,0.237743,0.0275749,0.210168,False
2024-12-30,198,103590,27650,31500,False,False,0.139241,0.139241,0.0275749,0.111666,False
2024-12-30,198,105560,82900,91600,False,True,0.104946,0.101078,0.0275749,0.0735035,False
2024-12-30,198,138040,103500,111700,False,True,0.0792271,0.0754498,0.0275749,0.0478748,False
2024-12-30,198,267260,383500,400000,False,False,0.0430248,0.0430248,0.0275749,0.0154499,False
2024-12-30,198,298040,397000,440000,False,False,0.108312,0.108312,0.0275749,0.0807374,False
2024-12-30,198,329180,289500,304500,True,False,0.0518135,0.0506158,0.0275749,0.0230409,False
2025-01-31,199,000100,126900,121400,False,False,-0.0433412,-0.0433412,0.018809,-0.0621502,False
2025-01-31,199,000150,273000,308500,False,False,0.130037,0.130037,0.018809,0.111228,False
2025-01-31,199,000500,32174,26006,True,True,-0.191708,-0.195454,0.018809,-0.214263,False
2025-01-31,199,001380,7613,5670,False,False,-0.255221,-0.255221,0.018809,-0.27403,False
2025-01-31,199,002630,6229,7167,True,False,0.150586,0.149276,0.018809,0.130467,False
2025-01-31,199,003230,678000,868000,False,False,0.280236,0.280236,0.018809,0.261427,False
2025-01-31,199,006340,3585,3075,False,False,-0.142259,-0.142259,0.018809,-0.161068,False
2025-01-31,199,007110,2075,2025,False,False,-0.0240964,-0.0240964,0.018809,-0.0429054,False
2025-01-31,199,009540,223500,217000,False,False,-0.0290828,-0.0290828,0.018809,-0.0478917,False
2025-01-31,199,010120,44500,46900,False,False,0.0539326,0.0539326,0.018809,0.0351236,False
2025-01-31,199,010130,807000,733000,False,True,-0.0916976,-0.0948767,0.018809,-0.113686,False
2025-01-31,199,012450,386004,623318,False,False,0.614797,0.614797,0.018809,0.595988,False
2025-01-31,199,013360,3015,3355,True,False,0.112769,0.111502,0.018809,0.0926934,False
2025-01-31,199,064350,58300,82600,False,False,0.41681,0.41681,0.018809,0.398001,False
2025-01-31,199,071970,27300,24550,True,False,-0.100733,-0.101757,0.018809,-0.120566,False
2025-01-31,199,082740,22850,22600,False,False,-0.0109409,-0.0109409,0.018809,-0.0297499,False
2025-01-31,199,103590,31500,27000,False,False,-0.142857,-0.142857,0.018809,-0.161666,False
2025-01-31,199,267260,400000,319500,False,False,-0.20125,-0.20125,0.018809,-0.220059,False
2025-01-31,199,298040,440000,427500,False,False,-0.0284091,-0.0284091,0.018809,-0.0472181,False
2025-01-31,199,329180,304500,304500,False,False,0,0,0.018809,-0.018809,False
2025-02-28,200,000100,121400,110300,False,True,-0.0914333,-0.0946133,0.0124481,-0.107061,False
2025-02-28,200,000150,308500,294000,False,False,-0.0470016,-0.0470016,0.0124481,-0.0594498,False
2025-02-28,200,001380,5670,4277,False,True,-0.245679,-0.248319,0.0124481,-0.260767,False
2025-02-28,200,002630,7167,6717,False,False,-0.0627878,-0.0627878,0.0124481,-0.0752359,False
2025-02-28,200,003230,868000,869000,False,False,0.00115207,0.00115207,0.0124481,-0.0112961,False
2025-02-28,200,006340,3075,2630,False,False,-0.144715,-0.144715,0.0124481,-0.157164,False
2025-02-28,200,007110,2025,1940,False,True,-0.0419753,-0.0453284,0.0124481,-0.0577765,False
2025-02-28,200,009540,217000,202500,False,False,-0.0668203,-0.0668203,0.0124481,-0.0792684,False
2025-02-28,200,010120,46900,35380,False,False,-0.245629,-0.245629,0.0124481,-0.258077,False
2025-02-28,200,012450,623318,633165,False,False,0.0157977,0.0157977,0.0124481,0.00334958,False
2025-02-28,200,013360,3355,3220,False,True,-0.0402385,-0.0435976,0.0124481,-0.0560457,False
2025-02-28,200,042660,76900,69100,True,False,-0.10143,-0.102454,0.0124481,-0.114902,False
2025-02-28,200,064350,82600,106500,False,False,0.289346,0.289346,0.0124481,0.276898,False
2025-02-28,200,071970,24550,27000,False,False,0.0997963,0.0997963,0.0124481,0.0873482,False
2025-02-28,200,082740,22600,21800,False,False,-0.0353982,-0.0353982,0.0124481,-0.0478464,False
2025-02-28,200,103590,27000,25300,False,False,-0.062963,-0.062963,0.0124481,-0.0754111,False
2025-02-28,200,229640,35600,30250,True,False,-0.150281,-0.151248,0.0124481,-0.163697,False
2025-02-28,200,267260,319500,300000,False,False,-0.0610329,-0.0610329,0.0124481,-0.073481,False
2025-02-28,200,298040,427500,433000,False,False,0.0128655,0.0128655,0.0124481,0.000417364,False
2025-02-28,200,329180,304500,284500,False,False,-0.0656814,-0.0656814,0.0124481,-0.0781296,False
2025-03-31,201,000150,294000,328500,False,False,0.117347,0.117347,0.00579116,0.111556,False
2025-03-31,201,002630,6717,5555,False,False,-0.172994,-0.172994,0.00579116,-0.178785,False
2025-03-31,201,003230,869000,980000,False,False,0.127733,0.127733,0.00579116,0.121942,False
2025-03-31,201,006340,2630,2805,False,True,0.0665399,0.062807,0.00579116,0.0570159,False
2025-03-31,201,006660,14910,14260,True,False,-0.0435949,-0.044684,0.00579116,-0.0504751,False
2025-03-31,201,009540,202500,272000,False,False,0.34321,0.34321,0.00579116,0.337419,False
2025-03-31,201,010120,35380,42000,False,True,0.187111,0.182956,0.00579116,0.177165,False
2025-03-31,201,012450,633165,784810,False,False,0.239503,0.239503,0.00579116,0.233712,False
2025-03-31,201,042660,69100,78500,False,False,0.136035,0.136035,0.00579116,0.130244,False
2025-03-31,201,064350,106500,110100,False,False,0.0338028,0.0338028,0.00579116,0.0280117,False
2025-03-31,201,071970,27000,36750,False,False,0.361111,0.361111,0.00579116,0.35532,False
2025-03-31,201,077970,20800,23900,True,False,0.149038,0.14773,0.00579116,0.141939,False
2025-03-31,201,079550,252000,322500,True,True,0.279762,0.273831,0.00579116,0.268039,False
2025-03-31,201,082740,21800,27000,False,False,0.238532,0.238532,0.00579116,0.232741,False
2025-03-31,201,103590,25300,25950,False,True,0.0256917,0.0221018,0.00579116,0.0163106,False
2025-03-31,201,229640,30250,32200,False,True,0.0644628,0.0607372,0.00579116,0.054946,False
2025-03-31,201,267260,300000,312500,False,True,0.0416667,0.0380208,0.00579116,0.0322297,False
2025-03-31,201,272210,33500,38750,True,False,0.156716,0.155399,0.00579116,0.149608,False
2025-03-31,201,298040,433000,498000,False,True,0.150115,0.14609,0.00579116,0.140299,False
2025-03-31,201,329180,284500,400000,False,False,0.405975,0.405975,0.00579116,0.400184,False
2025-04-30,202,000150,328500,470000,False,False,0.430746,0.430746,0.0593203,0.371426,False
2025-04-30,202,000880,57682,88235,True,False,0.52968,0.527938,0.0593203,0.468618,False
2025-04-30,202,002630,5555,5000,False,False,-0.09991,-0.09991,0.0593203,-0.15923,False
2025-04-30,202,003230,980000,1.125e+06,False,False,0.147959,0.147959,0.0593203,0.0886389,False
2025-04-30,202,006660,14260,14430,False,False,0.0119215,0.0119215,0.0593203,-0.0473988,False
2025-04-30,202,009540,272000,313500,False,False,0.152574,0.152574,0.0593203,0.0932532,False
2025-04-30,202,010770,5800,5640,True,False,-0.0275862,-0.0286935,0.0593203,-0.0880138,False
2025-04-30,202,012450,784810,822000,False,False,0.0473873,0.0473873,0.0593203,-0.011933,False
2025-04-30,202,034020,29450,39300,True,False,0.334465,0.332946,0.0593203,0.273625,False
2025-04-30,202,042660,78500,77600,False,False,-0.011465,-0.011465,0.0593203,-0.0707853,False
2025-04-30,202,047810,81100,83700,True,True,0.0320592,0.0272759,0.0593203,-0.0320444,False
2025-04-30,202,064350,110100,149600,False,False,0.358765,0.358765,0.0593203,0.299444,False
2025-04-30,202,071970,36750,42950,False,False,0.168707,0.168707,0.0593203,0.109387,False
2025-04-30,202,077970,23900,22700,False,True,-0.0502092,-0.0535335,0.0593203,-0.112854,False
2025-04-30,202,082740,27000,27800,False,False,0.0296296,0.0296296,0.0593203,-0.0296907,False
2025-04-30,202,092790,12710,16270,True,False,0.280094,0.278637,0.0593203,0.219316,False
2025-04-30,202,097230,7790,7230,True,False,-0.071887,-0.0729439,0.0593203,-0.132264,False
2025-04-30,202,138040,121700,111000,True,True,-0.0879211,-0.0921483,0.0593203,-0.151469,False
2025-04-30,202,272210,38750,45500,False,False,0.174194,0.174194,0.0593203,0.114873,False
2025-04-30,202,329180,400000,405500,False,False,0.01375,0.01375,0.0593203,-0.0455703,False
2025-05-30,203,000150,470000,660000,False,False,0.404255,0.404255,0.162644,0.241612,False
2025-05-30,203,000880,88235,121128,False,False,0.372789,0.372789,0.162644,0.210145,False
2025-05-30,203,002630,5000,3392,False,False,-0.3216,-0.3216,0.162644,-0.484244,False
2025-05-30,203,003230,1.125e+06,1.413e+06,False,False,0.256,0.256,0.162644,0.0933564,False
2025-05-30,203,006660,14430,13970,False,True,-0.031878,-0.0352665,0.162644,-0.19791,False
2025-05-30,203,008970,2714,3036,True,True,0.118644,0.113459,0.162644,-0.0491841,False
2025-05-30,203,009540,313500,366000,False,False,0.167464,0.167464,0.162644,0.00482056,False
2025-05-30,203,010770,5640,5330,False,False,-0.0549645,-0.0549645,0.162644,-0.217608,False
2025-05-30,203,012450,822000,853000,False,False,0.0377129,0.0377129,0.162644,-0.124931,False
2025-05-30,203,013580,21050,20500,True,True,-0.0261283,-0.0306419,0.162644,-0.193285,False
2025-05-30,203,034020,39300,67800,False,False,0.725191,0.725191,0.162644,0.562547,False
2025-05-30,203,042660,77600,80300,False,False,0.0347938,0.0347938,0.162644,-0.12785,False
2025-05-30,203,064350,149600,197900,False,False,0.322861,0.322861,0.162644,0.160217,False
2025-05-30,203,071970,42950,50400,False,False,0.173458,0.173458,0.162644,0.010814,False
2025-05-30,203,079550,428000,553000,True,False,0.292056,0.290585,0.162644,0.127941,False
2025-05-30,203,082740,27800,28900,False,False,0.0395683,0.0395683,0.162644,-0.123075,False
2025-05-30,203,092790,16270,15000,False,True,-0.0780578,-0.0812846,0.162644,-0.243928,False
2025-05-30,203,097230,7230,7990,False,True,0.105118,0.10125,0.162644,-0.0613939,False
2025-05-30,203,272210,45500,59200,False,False,0.301099,0.301099,0.162644,0.138455,False
2025-05-30,203,329180,405500,428500,False,False,0.0567201,0.0567201,0.162644,-0.105923,False
2025-06-30,204,000150,660000,591000,False,False,-0.104545,-0.104545,0.0374961,-0.142042,False
2025-06-30,204,000720,79000,66900,True,False,-0.153165,-0.154129,0.0374961,-0.191625,False
2025-06-30,204,000880,121128,120047,False,False,-0.00892444,-0.00892444,0.0374961,-0.0464205,False
2025-06-30,204,002630,3392,2905,False,True,-0.143573,-0.146571,0.0374961,-0.184067,False
2025-06-30,204,003230,1.413e+06,1.42e+06,False,False,0.004954,0.004954,0.0374961,-0.0325421,False
2025-06-30,204,006800,22004,18599,True,False,-0.154745,-0.155707,0.0374961,-0.193203,False
2025-06-30,204,007110,2395,2310,True,True,-0.0354906,-0.0399608,0.0374961,-0.0774569,False
2025-06-30,204,009540,366000,361500,False,False,-0.0122951,-0.0122951,0.0374961,-0.0497912,False
2025-06-30,204,010770,5330,5030,False,True,-0.0562852,-0.0595882,0.0374961,-0.0970843,False
2025-06-30,204,012450,853000,987000,False,False,0.157093,0.157093,0.0374961,0.119597,False
2025-06-30,204,017800,85900,83900,True,True,-0.0232829,-0.0278097,0.0374961,-0.0653058,False
2025-06-30,204,034020,67800,64900,False,False,-0.0427729,-0.0427729,0.0374961,-0.080269,False
2025-06-30,204,042660,80300,116200,False,False,0.447073,0.447073,0.0374961,0.409577,False
2025-06-30,204,064350,197900,199200,False,False,0.00656897,0.00656897,0.0374961,-0.0309271,False
2025-06-30,204,071970,50400,66300,False,False,0.315476,0.315476,0.0374961,0.27798,False
2025-06-30,204,079550,553000,621000,False,False,0.122966,0.122966,0.0374961,0.0854695,False
2025-06-30,204,082740,28900,35500,False,False,0.228374,0.228374,0.0374961,0.190878,False
2025-06-30,204,180640,118400,107900,True,True,-0.0886824,-0.0929061,0.0374961,-0.130402,False
2025-06-30,204,272210,59200,61400,False,False,0.0371622,0.0371622,0.0374961,-0.000333942,False
2025-06-30,204,329180,428500,496500,False,False,0.158693,0.158693,0.0374961,0.121197,False
2025-07-31,205,000150,591000,548000,False,False,-0.072758,-0.072758,-0.0148816,-0.0578765,False
2025-07-31,205,000720,66900,61200,False,True,-0.0852018,-0.0884036,-0.0148816,-0.073522,False
2025-07-31,205,000880,120047,99759,False,False,-0.169,-0.169,-0.0148816,-0.154119,False
2025-07-31,205,003230,1.42e+06,1.584e+06,False,False,0.115493,0.115493,-0.0148816,0.130375,False
2025-07-31,205,006800,18599,19027,False,False,0.023012,0.023012,-0.0148816,0.0378936,False
2025-07-31,205,009540,361500,411500,False,True,0.138313,0.134328,-0.0148816,0.14921,False
2025-07-31,205,012450,987000,895000,False,False,-0.0932118,-0.0932118,-0.0148816,-0.0783302,False
2025-07-31,205,034020,64900,60800,False,False,-0.0631741,-0.0631741,-0.0148816,-0.0482925,False
2025-07-31,205,037270,8460,8870,True,False,0.0484634,0.0472695,-0.0148816,0.062151,False
2025-07-31,205,042660,116200,112600,False,False,-0.0309811,-0.0309811,-0.0148816,-0.0160995,False
2025-07-31,205,064350,199200,195300,False,False,-0.0195783,-0.0195783,-0.0148816,-0.00469674,False
2025-07-31,205,071050,140000,133000,True,True,-0.05,-0.054403,-0.0148816,-0.0395214,False
2025-07-31,205,071970,66300,91200,False,False,0.375566,0.375566,-0.0148816,0.390447,False
2025-07-31,205,079550,621000,496000,False,False,-0.201288,-0.201288,-0.0148816,-0.186407,False
2025-07-31,205,082740,35500,46800,False,False,0.31831,0.31831,-0.0148816,0.333191,False
2025-07-31,205,272210,61400,51700,False,False,-0.15798,-0.15798,-0.0148816,-0.143099,False
2025-07-31,205,278470,179800,225500,True,False,0.254171,0.252743,-0.0148816,0.267625,False
2025-07-31,205,298040,1.207e+06,1.235e+06,True,False,0.023198,0.0220329,-0.0148816,0.0369145,False
2025-07-31,205,329180,496500,520000,False,False,0.0473313,0.0473313,-0.0148816,0.0622129,False
2025-07-31,205,377300,62800,57400,True,False,-0.0859873,-0.087028,-0.0148816,-0.0721465,False
2025-08-29,206,000150,548000,550000,False,False,0.00364964,0.00364964,0.119279,-0.11563,False
2025-08-29,206,000880,99759,102040,False,False,0.0228651,0.0228651,0.119279,-0.0964143,False
2025-08-29,206,003230,1.584e+06,1.543e+06,False,False,-0.0258838,-0.0258838,0.119279,-0.145163,False
2025-08-29,206,006800,19027,21357,False,True,0.122458,0.118529,0.119279,-0.000750439,False
2025-08-29,206,012450,895000,1.1e+06,False,False,0.22905,0.22905,0.119279,0.109771,False
2025-08-29,206,034020,60800,62700,False,False,0.03125,0.03125,0.119279,-0.0880294,False
2025-08-29,206,037270,8870,7530,False,False,-0.151071,-0.151071,0.119279,-0.27035,False
2025-08-29,206,042660,112600,110200,False,False,-0.0213144,-0.0213144,0.119279,-0.140594,False
2025-08-29,206,062040,110200,110900,True,False,0.00635209,0.00520615,0.119279,-0.114073,False
2025-08-29,206,064350,195300,220500,False,False,0.129032,0.129032,0.119279,0.00975286,False
2025-08-29,206,071970,91200,83500,False,False,-0.0844298,-0.0844298,0.119279,-0.203709,False
2025-08-29,206,079550,496000,517000,False,False,0.0423387,0.0423387,0.119279,-0.0769407,False
2025-08-29,206,082740,46800,45800,False,False,-0.0213675,-0.0213675,0.119279,-0.140647,False
2025-08-29,206,097230,19500,28300,True,False,0.451282,0.449629,0.119279,0.33035,False
2025-08-29,206,103140,119100,124700,True,True,0.0470193,0.0421667,0.119279,-0.0771127,False
2025-08-29,206,272210,51700,59900,False,False,0.158607,0.158607,0.119279,0.039328,False
2025-08-29,206,278470,225500,253000,False,False,0.121951,0.121951,0.119279,0.00267182,False
2025-08-29,206,298040,1.235e+06,1.361e+06,False,False,0.102024,0.102024,0.119279,-0.0172551,False
2025-08-29,206,329180,520000,515000,False,False,-0.00961538,-0.00961538,0.119279,-0.128895,False
2025-08-29,206,377300,57400,53300,False,False,-0.0714286,-0.0714286,0.119279,-0.190708,False
2025-09-30,207,000150,550000,952000,False,False,0.730909,0.730909,0.217223,0.513686,False
2025-09-30,207,000880,102040,116326,False,False,0.140004,0.140004,0.217223,-0.0772188,False
2025-09-30,207,003230,1.543e+06,1.328e+06,False,False,-0.139339,-0.139339,0.217223,-0.356562,False
2025-09-30,207,009540,414500,476500,True,True,0.149578,0.14425,0.217223,-0.0729729,False
2025-09-30,207,012450,1.1e+06,987000,False,False,-0.102727,-0.102727,0.217223,-0.31995,False
2025-09-30,207,034020,62700,89500,False,False,0.427432,0.427432,0.217223,0.210209,False
2025-09-30,207,037270,7530,7490,False,True,-0.00531208,-0.00879349,0.217223,-0.226016,False
2025-09-30,207,042660,110200,141100,False,False,0.280399,0.280399,0.217223,0.0631765,False
2025-09-30,207,062040,110900,160000,False,False,0.442741,0.442741,0.217223,0.225518,False
2025-09-30,207,064350,220500,231000,False,False,0.047619,0.047619,0.217223,-0.169604,False
2025-09-30,207,071970,83500,100500,False,False,0.203593,0.203593,0.217223,-0.0136299,False
2025-09-30,207,077970,39750,35400,True,True,-0.109434,-0.113561,0.217223,-0.330784,False
2025-09-30,207,079550,517000,517000,False,True,0,-0.0035,0.217223,-0.220723,False
2025-09-30,207,082740,45800,49650,False,False,0.0840611,0.0840611,0.217223,-0.133162,False
2025-09-30,207,097230,28300,28100,False,False,-0.00706714,-0.00706714,0.217223,-0.22429,False
2025-09-30,207,272210,59900,61500,False,False,0.0267112,0.0267112,0.217223,-0.190512,False
2025-09-30,207,278470,253000,260000,False,False,0.027668,0.027668,0.217223,-0.189555,False
2025-09-30,207,298040,1.361e+06,2.311e+06,False,False,0.698016,0.698016,0.217223,0.480793,False
2025-09-30,207,329180,515000,616000,False,False,0.196117,0.196117,0.217223,-0.0211062,False
2025-09-30,207,377300,53300,52700,False,False,-0.011257,-0.011257,0.217223,-0.22848,False
2025-10-31,208,000150,952000,883000,False,False,-0.072479,-0.072479,-0.0348479,-0.0376311,False
2025-10-31,208,000880,116326,96518,False,False,-0.17028,-0.17028,-0.0348479,-0.135432,False
2025-10-31,208,003230,1.328e+06,1.435e+06,False,True,0.0805723,0.0767903,-0.0348479,0.111638,False
2025-10-31,208,005690,17030,17250,True,False,0.0129184,0.011765,-0.0348479,0.0466129,False
2025-10-31,208,006800,26684,21954,True,False,-0.17726,-0.178197,-0.0348479,-0.143349,False
2025-10-31,208,012450,987000,842000,False,True,-0.14691,-0.149896,-0.0348479,-0.115048,False
2025-10-31,208,034020,89500,77400,False,False,-0.135196,-0.135196,-0.0348479,-0.100348,False
2025-10-31,208,042660,141100,108700,False,False,-0.229624,-0.229624,-0.0348479,-0.194776,False
2025-10-31,208,062040,160000,144400,False,True,-0.0975,-0.100659,-0.0348479,-0.0658109,False
2025-10-31,208,064350,231000,174400,False,False,-0.245022,-0.245022,-0.0348479,-0.210174,False
2025-10-31,208,071970,100500,78500,False,False,-0.218905,-0.218905,-0.0348479,-0.184058,False
2025-10-31,208,075580,22100,17620,True,False,-0.202715,-0.203623,-0.0348479,-0.168775,False
2025-10-31,208,082740,49650,42250,False,False,-0.149043,-0.149043,-0.0348479,-0.114195,False
2025-10-31,208,097230,28100,20800,False,False,-0.259786,-0.259786,-0.0348479,-0.224939,False
2025-10-31,208,272210,61500,46200,False,True,-0.24878,-0.25141,-0.0348479,-0.216562,False
2025-10-31,208,278470,260000,258000,False,False,-0.00769231,-0.00769231,-0.0348479,0.0271556,False
2025-10-31,208,298040,2.311e+06,1.909e+06,False,False,-0.173951,-0.173951,-0.0348479,-0.139103,False
2025-10-31,208,329180,616000,536000,False,False,-0.12987,-0.12987,-0.0348479,-0.0950222,False
2025-10-31,208,377300,52700,49900,False,True,-0.0531309,-0.056445,-0.0348479,-0.0215971,False
2025-10-31,208,402340,259500,305500,True,False,0.177264,0.175923,-0.0348479,0.210771,False
2025-11-28,209,000150,883000,778000,False,False,-0.118913,-0.118913,0.0840038,-0.202917,False
2025-11-28,209,000660,542000,651000,True,False,0.201107,0.199739,0.0840038,0.115736,False
2025-11-28,209,000880,96518,98439,False,True,0.019903,0.0163334,0.0840038,-0.0676704,False
2025-11-28,209,005690,17250,14650,False,True,-0.150725,-0.153697,0.0840038,-0.237701,False
2025-11-28,209,006800,21954,23199,False,False,0.0567095,0.0567095,0.0840038,-0.0272943,False
2025-11-28,209,007660,145000,119400,True,False,-0.176552,-0.177489,0.0840038,-0.261493,False
2025-11-28,209,010120,94000,93100,True,False,-0.00957447,-0.0107023,0.0840038,-0.094706,False
2025-11-28,209,034020,77400,75800,False,False,-0.0206718,-0.0206718,0.0840038,-0.104676,False
2025-11-28,209,042660,108700,113700,False,False,0.0459982,0.0459982,0.0840038,-0.0380056,False
2025-11-28,209,064350,174400,189200,False,False,0.0848624,0.0848624,0.0840038,0.000858603,False
2025-11-28,209,071970,78500,89400,False,False,0.138854,0.138854,0.0840038,0.0548497,False
2025-11-28,209,075580,17620,17400,False,True,-0.0124858,-0.0159421,0.0840038,-0.0999459,False
2025-11-28,209,082740,42250,42950,False,False,0.016568,0.016568,0.0840038,-0.0674357,False
2025-11-28,209,097230,20800,21050,False,False,0.0120192,0.0120192,0.0840038,-0.0719846,False
2025-11-28,209,267250,199100,188600,True,True,-0.0527373,-0.0571276,0.0840038,-0.141131,False
2025-11-28,209,278470,258000,233500,False,False,-0.0949612,-0.0949612,0.0840038,-0.178965,False
2025-11-28,209,298040,1.909e+06,1.788e+06,False,False,-0.063384,-0.063384,0.0840038,-0.147388,False
2025-11-28,209,329180,536000,514000,False,True,-0.0410448,-0.0444011,0.0840038,-0.128405,False
2025-11-28,209,336260,31900,28850,True,True,-0.0956113,-0.0998029,0.0840038,-0.183807,False
2025-11-28,209,402340,305500,368500,False,False,0.206219,0.206219,0.0840038,0.122216,False
2025-12-30,210,000150,778000,835000,False,False,0.0732648,0.0732648,0.237633,-0.164368,False
2025-12-30,210,000650,345000,295500,True,False,-0.143478,-0.144454,0.237633,-0.382086,False
2025-12-30,210,000660,651000,870000,False,False,0.336406,0.336406,0.237633,0.0987726,False
2025-12-30,210,000720,70100,99600,True,False,0.420827,0.419209,0.237633,0.181577,False
2025-12-30,210,006800,23199,42913,False,False,0.849778,0.849778,0.237633,0.612145,False
2025-12-30,210,007660,119400,114500,False,False,-0.0410385,-0.0410385,0.237633,-0.278671,False
2025-12-30,210,007810,48450,67400,True,False,0.391125,0.389541,0.237633,0.151908,False
2025-12-30,210,010120,93100,110000,False,True,0.181525,0.17739,0.237633,-0.060243,False
2025-12-30,210,012450,953000,1.32e+06,True,True,0.3851,0.37868,0.237633,0.141047,False
2025-12-30,210,034020,75800,87800,False,False,0.158311,0.158311,0.237633,-0.0793215,False
2025-12-30,210,042660,113700,139500,False,True,0.226913,0.222619,0.237633,-0.0150142,False
2025-12-30,210,064350,189200,227500,False,False,0.202431,0.202431,0.237633,-0.0352016,False
2025-12-30,210,071970,89400,87400,False,False,-0.0223714,-0.0223714,0.237633,-0.260004,False
2025-12-30,210,082740,42950,54100,False,True,0.259604,0.255196,0.237633,0.0175627,False
2025-12-30,210,097230,21050,24700,False,False,0.173397,0.173397,0.237633,-0.0642362,False
2025-12-30,210,105840,17100,24900,True,True,0.45614,0.449392,0.237633,0.211759,False
2025-12-30,210,278470,233500,273500,False,False,0.171306,0.171306,0.237633,-0.0663267,False
2025-12-30,210,298040,1.788e+06,2.492e+06,False,False,0.393736,0.393736,0.237633,0.156103,False
2025-12-30,210,353200,47350,62400,True,False,0.317846,0.316345,0.237633,0.0787123,False
2025-12-30,210,402340,368500,537000,False,False,0.457259,0.457259,0.237633,0.219626,False
2026-01-30,211,000150,835000,1.27e+06,False,True,0.520958,0.515635,0.225248,0.290387,False
2026-01-30,211,000650,295500,270000,False,False,-0.0862944,-0.0862944,0.225248,-0.311542,False
2026-01-30,211,000660,870000,1.022e+06,False,False,0.174713,0.174713,0.225248,-0.0505353,False
2026-01-30,211,000720,99600,162900,False,False,0.635542,0.635542,0.225248,0.410294,False
2026-01-30,211,000880,136374,169267,True,True,0.241197,0.235444,0.225248,0.0101964,False
2026-01-30,211,006800,42913,69498,False,False,0.619509,0.619509,0.225248,0.394261,False
2026-01-30,211,007660,114500,125500,False,False,0.0960699,0.0960699,0.225248,-0.129178,False
2026-01-30,211,007810,67400,56200,False,True,-0.166172,-0.169091,0.225248,-0.394338,False
2026-01-30,211,012200,7914,8444,True,False,0.0669699,0.065755,0.225248,-0.159493,False
2026-01-30,211,034020,87800,104700,False,False,0.192483,0.192483,0.225248,-0.0327651,False
2026-01-30,211,064350,227500,256500,False,True,0.127473,0.123526,0.225248,-0.101722,False
2026-01-30,211,071970,87400,86000,False,True,-0.0160183,-0.0194622,0.225248,-0.24471,False
2026-01-30,211,084670,50200,49250,True,False,-0.0189243,-0.0200415,0.225248,-0.245289,False
2026-01-30,211,092200,11120,9860,True,True,-0.113309,-0.117419,0.225248,-0.342667,False
2026-01-30,211,097230,24700,25300,False,False,0.0242915,0.0242915,0.225248,-0.200956,False
2026-01-30,211,249420,37600,37200,True,False,-0.0106383,-0.0117649,0.225248,-0.237013,False
2026-01-30,211,278470,273500,306500,False,False,0.120658,0.120658,0.225248,-0.10459,False
2026-01-30,211,298040,2.492e+06,2.788e+06,False,False,0.11878,0.11878,0.225248,-0.106468,False
2026-01-30,211,353200,62400,60100,False,True,-0.036859,-0.04023,0.225248,-0.265478,False
2026-01-30,211,402340,537000,642000,False,False,0.195531,0.195531,0.225248,-0.0297173,False
2026-02-27,212,000650,270000,212000,False,True,-0.214815,-0.217563,-0.14337,-0.0741927,False
2026-02-27,212,000660,1.022e+06,884000,False,False,-0.135029,-0.135029,-0.14337,0.00834095,False
2026-02-27,212,000720,162900,152300,False,False,-0.0650706,-0.0650706,-0.14337,0.0782997,False
2026-02-27,212,004310,11590,8770,True,True,-0.243313,-0.24682,-0.14337,-0.10345,False
2026-02-27,212,005930,209500,179000,True,False,-0.145585,-0.146558,-0.14337,-0.00318735,False
2026-02-27,212,006800,69498,65000,False,False,-0.0647213,-0.0647213,-0.14337,0.078649,False
2026-02-27,212,007660,125500,106600,False,True,-0.150598,-0.153571,-0.14337,-0.0102002,False
2026-02-27,212,012200,8444,6080,False,True,-0.279962,-0.282482,-0.14337,-0.139112,False
2026-02-27,212,015760,56400,43500,True,True,-0.228723,-0.232298,-0.14337,-0.0889277,False
2026-02-27,212,034020,104700,97800,False,False,-0.0659026,-0.0659026,-0.14337,0.0774677,False
2026-02-27,212,039490,454500,439500,True,False,-0.0330033,-0.0341044,-0.14337,0.109266,False
2026-02-27,212,047810,201500,175000,True,True,-0.131514,-0.135539,-0.14337,0.00783147,False
2026-02-27,212,084670,49250,39900,False,True,-0.189848,-0.192683,-0.14337,-0.0493129,False
2026-02-27,212,097230,25300,22950,False,True,-0.0928854,-0.0960603,-0.14337,0.04731,False
2026-02-27,212,249420,37200,28850,False,True,-0.224462,-0.227177,-0.14337,-0.0838064,False
2026-02-27,212,267250,295000,255500,True,False,-0.133898,-0.134885,-0.14337,0.00848577,False
2026-02-27,212,278470,306500,346000,False,False,0.128874,0.128874,-0.14337,0.272245,False
2026-02-27,212,298040,2.788e+06,2.627e+06,False,False,-0.0577475,-0.0577475,-0.14337,0.0856228,False
2026-02-27,212,307950,490000,381000,True,False,-0.222449,-0.223334,-0.14337,-0.0799641,False
2026-02-27,212,402340,642000,508000,False,False,-0.208723,-0.208723,-0.14337,-0.0653524,False
2026-03-31,213,000150,1.114e+06,1.663e+06,True,False,0.492819,0.491119,0.295256,0.195863,False
2026-03-31,213,000660,884000,1.339e+06,False,False,0.514706,0.514706,0.295256,0.21945,False
2026-03-31,213,000720,152300,163100,False,False,0.0709127,0.0709127,0.295256,-0.224343,False
2026-03-31,213,001510,3908,5440,True,False,0.392016,0.390431,0.295256,0.0951757,False
2026-03-31,213,005380,472000,545000,True,True,0.154661,0.149309,0.295256,-0.145946,False
2026-03-31,213,005930,179000,228000,False,False,0.273743,0.273743,0.295256,-0.0215126,False
2026-03-31,213,006800,65000,66500,False,False,0.0230769,0.0230769,0.295256,-0.272179,False
2026-03-31,213,009150,435000,859000,True,False,0.974713,0.972464,0.295256,0.677208,False
2026-03-31,213,010120,154000,286500,True,False,0.86039,0.858271,0.295256,0.563016,False
2026-03-31,213,034020,97800,128800,False,False,0.316973,0.316973,0.295256,0.0217178,False
2026-03-31,213,039490,439500,406000,False,False,-0.076223,-0.076223,0.295256,-0.371479,False
2026-03-31,213,042700,265500,385000,True,False,0.450094,0.448443,0.295256,0.153187,False
2026-03-31,213,071050,216500,248000,True,True,0.145497,0.140187,0.295256,-0.155068,False
2026-03-31,213,267250,255500,321000,False,False,0.25636,0.25636,0.295256,-0.0388955,False
2026-03-31,213,278470,346000,435000,False,False,0.257225,0.257225,0.295256,-0.0380302,False
2026-03-31,213,298040,2.627e+06,4.008e+06,False,False,0.525695,0.525695,0.295256,0.230439,False
2026-03-31,213,307950,381000,457500,False,True,0.200787,0.196585,0.295256,-0.0986709,False
2026-03-31,213,322000,141800,233000,True,False,0.643159,0.641288,0.295256,0.346033,False
2026-03-31,213,353200,82700,115900,True,False,0.401451,0.399855,0.295256,0.1046,False
2026-03-31,213,402340,508000,909000,False,False,0.78937,0.78937,0.295256,0.494114,False
2026-04-30,214,000150,1.663e+06,2.145e+06,False,False,0.289838,0.289838,0.314629,-0.0247915,False
2026-04-30,214,000660,1.339e+06,2.299e+06,False,False,0.716953,0.716953,0.314629,0.402324,False
2026-04-30,214,000720,163100,142500,False,True,-0.126303,-0.129361,0.314629,-0.44399,False
2026-04-30,214,001510,5440,3140,False,False,-0.422794,-0.422794,0.314629,-0.737423,False
2026-04-30,214,005930,228000,319500,False,False,0.401316,0.401316,0.314629,0.0866866,False
2026-04-30,214,006800,66500,60200,False,False,-0.0947368,-0.0947368,0.314629,-0.409366,False
2026-04-30,214,009150,859000,2.021e+06,False,False,1.35274,1.35274,0.314629,1.03811,False
2026-04-30,214,010120,286500,240000,False,False,-0.162304,-0.162304,0.314629,-0.476933,False
2026-04-30,214,034020,128800,109300,False,True,-0.151398,-0.154368,0.314629,-0.468997,False
2026-04-30,214,039490,406000,370500,False,True,-0.0874384,-0.0906324,0.314629,-0.405262,False
2026-04-30,214,042700,385000,289500,False,False,-0.248052,-0.248052,0.314629,-0.562681,False
2026-04-30,214,047040,35000,25050,True,False,-0.284286,-0.285101,0.314629,-0.59973,False
2026-04-30,214,267250,321000,272000,False,True,-0.152648,-0.155614,0.314629,-0.470243,False
2026-04-30,214,272210,118200,103100,True,True,-0.12775,-0.131792,0.314629,-0.446421,False
2026-04-30,214,278470,435000,396000,False,False,-0.0896552,-0.0896552,0.314629,-0.404284,False
2026-04-30,214,298040,4.008e+06,3.665e+06,False,False,-0.0855788,-0.0855788,0.314629,-0.400208,False
2026-04-30,214,322000,233000,174100,False,False,-0.25279,-0.25279,0.314629,-0.567419,False
2026-04-30,214,353200,115900,193000,False,False,0.665229,0.665229,0.314629,0.350599,False
2026-04-30,214,402340,909000,1.249e+06,False,False,0.374037,0.374037,0.314629,0.0594082,False
2026-04-30,214,475150,57200,38200,True,True,-0.332168,-0.335263,0.314629,-0.649892,False
2026-05-29,215,000150,2.145e+06,1.525e+06,False,True,-0.289044,-0.291533,0.0333088,-0.324841,False
2026-05-29,215,000660,2.299e+06,2.665e+06,False,False,0.1592,0.1592,0.0333088,0.125891,False
2026-05-29,215,000990,182400,144300,True,False,-0.208882,-0.209782,0.0333088,-0.243091,False
2026-05-29,215,001510,3140,2515,False,True,-0.199045,-0.201848,0.0333088,-0.235157,False
2026-05-29,215,005930,319500,334500,False,False,0.0469484,0.0469484,0.0333088,0.0136396,False
2026-05-29,215,006400,679000,501000,True,False,-0.26215,-0.26299,0.0333088,-0.296299,False
2026-05-29,215,006800,60200,43650,False,True,-0.274917,-0.277455,0.0333088,-0.310764,False
2026-05-29,215,009150,2.021e+06,2.25e+06,False,False,0.11331,0.11331,0.0333088,0.0800015,False
2026-05-29,215,010060,360000,231000,True,False,-0.358333,-0.359064,0.0333088,-0.392373,False
2026-05-29,215,010120,240000,247500,False,False,0.03125,0.03125,0.0333088,-0.00205878,False
2026-05-29,215,010820,9300,6260,True,True,-0.326882,-0.330001,0.0333088,-0.36331,False
2026-05-29,215,017900,10580,6670,True,False,-0.369565,-0.370283,0.0333088,-0.403592,False
2026-05-29,215,042700,289500,260000,False,True,-0.1019,-0.105043,0.0333088,-0.138352,False
2026-05-29,215,047040,25050,19330,False,False,-0.228343,-0.228343,0.0333088,-0.261652,False
2026-05-29,215,097230,20550,20300,True,True,-0.0121655,-0.0167438,0.0333088,-0.0500526,False
2026-05-29,215,278470,396000,390000,False,True,-0.0151515,-0.0185985,0.0333088,-0.0519073,False
2026-05-29,215,298040,3.665e+06,3.547e+06,False,False,-0.0321965,-0.0321965,0.0333088,-0.0655052,False
2026-05-29,215,322000,174100,144600,False,False,-0.169443,-0.169443,0.0333088,-0.202752,False
2026-05-29,215,353200,193000,153700,False,False,-0.203627,-0.203627,0.0333088,-0.236936,False
2026-05-29,215,402340,1.249e+06,1.709e+06,False,False,0.368295,0.368295,0.0333088,0.334986,False
2026-06-30,216,000500,262000,131700,True,False,-0.497328,-0.497901,-0.276097,-0.221804,False
2026-06-30,216,000660,2.665e+06,1.642e+06,False,False,-0.383865,-0.383865,-0.276097,-0.107768,False
2026-06-30,216,000990,144300,80300,False,True,-0.44352,-0.445468,-0.276097,-0.169371,False
2026-06-30,216,001820,155200,71600,True,False,-0.53866,-0.539185,-0.276097,-0.263088,False
2026-06-30,216,005930,334500,248000,False,False,-0.258595,-0.258595,-0.276097,0.017502,False
2026-06-30,216,006340,10670,13000,True,False,0.218369,0.216982,-0.276097,0.493079,False
2026-06-30,216,006400,501000,392500,False,True,-0.216567,-0.219309,-0.276097,0.0567881,False
2026-06-30,216,009150,2.25e+06,1.221e+06,False,False,-0.457333,-0.457333,-0.276097,-0.181236,False
2026-06-30,216,010060,231000,184100,False,True,-0.20303,-0.20582,-0.276097,0.0702772,False
2026-06-30,216,010120,247500,180000,False,False,-0.272727,-0.272727,-0.276097,0.00336967,False
2026-06-30,216,011070,983000,498000,True,False,-0.493388,-0.493964,-0.276097,-0.217868,False
2026-06-30,216,017900,6670,5040,False,False,-0.244378,-0.244378,-0.276097,0.0317191,False
2026-06-30,216,047040,19330,12720,False,False,-0.341956,-0.341956,-0.276097,-0.0658586,False
2026-06-30,216,066570,202500,158200,True,True,-0.218765,-0.222386,-0.276097,0.0537107,False
2026-06-30,216,298040,3.547e+06,2.585e+06,False,False,-0.271215,-0.271215,-0.276097,0.00488183,False
2026-06-30,216,307950,541000,364500,True,False,-0.326248,-0.327015,-0.276097,-0.0509179,False
2026-06-30,216,322000,144600,112000,False,False,-0.22545,-0.22545,-0.276097,0.0506474,False
2026-06-30,216,336260,58400,24350,True,True,-0.583048,-0.58498,-0.276097,-0.308883,False
2026-06-30,216,353200,153700,98200,False,False,-0.361093,-0.361093,-0.276097,-0.0849961,False
2026-06-30,216,402340,1.709e+06,1.07e+06,False,False,-0.373903,-0.373903,-0.276097,-0.0978059,False
2026-07-31,217,000500,131700,210000,False,True,0.594533,0.588952,0.0596479,0.529304,False
2026-07-31,217,000660,1.642e+06,1.666e+06,False,True,0.0146163,0.0110652,0.0596479,-0.0485827,False
2026-07-31,217,001820,71600,112400,False,True,0.569832,0.564338,0.0596479,0.50469,False
2026-07-31,217,002990,8900,16610,True,True,0.866292,0.857642,0.0596479,0.797994,False
2026-07-31,217,004170,411500,410500,True,True,-0.00243013,-0.00705359,0.0596479,-0.0667015,False
2026-07-31,217,005930,248000,256500,False,True,0.0342742,0.0306542,0.0596479,-0.0289937,False
2026-07-31,217,006340,13000,13620,False,True,0.0476923,0.0440254,0.0596479,-0.0156225,False
2026-07-31,217,009150,1.221e+06,1.44e+06,False,True,0.179361,0.175233,0.0596479,0.115586,False
2026-07-31,217,010120,180000,207000,False,True,0.15,0.145975,0.0596479,0.0863271,False
2026-07-31,217,011070,498000,632000,False,True,0.269076,0.264635,0.0596479,0.204987,False
2026-07-31,217,017900,5040,7510,False,True,0.490079,0.484864,0.0596479,0.425216,False
2026-07-31,217,032830,298000,300000,True,True,0.00671141,0.00204559,0.0596479,-0.0576023,False
2026-07-31,217,034730,540000,543000,True,True,0.00555556,0.000895091,0.0596479,-0.0587528,False
2026-07-31,217,047040,12720,18150,False,True,0.426887,0.421893,0.0596479,0.362245,False
2026-07-31,217,093370,8770,13130,True,True,0.497149,0.490211,0.0596479,0.430563,False
2026-07-31,217,298040,2.585e+06,2.964e+06,False,True,0.146615,0.142602,0.0596479,0.082954,False
2026-07-31,217,307950,364500,422000,False,True,0.15775,0.153698,0.0596479,0.0940503,False
2026-07-31,217,322000,112000,144000,False,True,0.285714,0.281214,0.0596479,0.221566,False
2026-07-31,217,353200,98200,111700,False,True,0.137475,0.133493,0.0596479,0.0738455,False
2026-07-31,217,402340,1.07e+06,1.016e+06,False,True,-0.0504673,-0.0537907,0.0596479,-0.113439,False
