fund,apply_date,valuation_date,source_returned_apply_date,source_rcv_time,source_raw_file,source_response_sha256,row_type,symbol,name,apply_quantity_raw,evaluation_krw_raw,quantity,evaluation_krw,implied_price_krw
2ETF01,2025-10-01,2025-09-30,20251001,2026.10.01 15:30:00,raw/2ETF01_2025-10-01.json,65cf5fb24f66137e5e60f784386acb9fe5fdd82e0556b8992ff0c049f846b1a6,cash,KRD010010001,원화예금,5343532,5343532,5343532.0,5343532.0,1.0
2ETF01,2025-10-01,2025-09-30,20251001,2026.10.01 15:30:00,raw/2ETF01_2025-10-01.json,65cf5fb24f66137e5e60f784386acb9fe5fdd82e0556b8992ff0c049f846b1a6,equity,000080,하이트진로,47,895350,47.0,895350.0,19050.0
2ETF01,2025-10-01,2025-09-30,20251001,2026.10.01 15:30:00,raw/2ETF01_2025-10-01.json,65cf5fb24f66137e5e60f784386acb9fe5fdd82e0556b8992ff0c049f846b1a6,equity,000100,유한양행,91,10838100,91.0,10838100.0,119100.0
2ETF01,2025-10-01,2025-09-30,20251001,2026.10.01 15:30:00,raw/2ETF01_2025-10-01.json,65cf5fb24f66137e5e60f784386acb9fe5fdd82e0556b8992ff0c049f846b1a6,equity,000120,CJ대한통운,17,1431400,17.0,1431400.0,84200.0
2ETF01,2025-10-01,2025-09-30,20251001,2026.10.01 15:30:00,raw/2ETF01_2025-10-01.json,65cf5fb24f66137e5e60f784386acb9fe5fdd82e0556b8992ff0c049f846b1a6,equity,000150,두산,11,5951000,11.0,5951000.0,541000.0
2ETF01,2025-10-01,2025-09-30,20251001,2026.10.01 15:30:00,raw/2ETF01_2025-10-01.json,65cf5fb24f66137e5e60f784386acb9fe5fdd82e0556b8992ff0c049f846b1a6,equity,000210,DL,16,562400,16.0,562400.0,35150.0
2ETF01,2025-10-01,2025-09-30,20251001,2026.10.01 15:30:00,raw/2ETF01_2025-10-01.json,65cf5fb24f66137e5e60f784386acb9fe5fdd82e0556b8992ff0c049f846b1a6,equity,000240,한국앤컴퍼니,36,828000,36.0,828000.0,23000.0
2ETF01,2025-10-01,2025-09-30,20251001,2026.10.01 15:30:00,raw/2ETF01_2025-10-01.json,65cf5fb24f66137e5e60f784386acb9fe5fdd82e0556b8992ff0c049f846b1a6,equity,000270,기아,371,37359700,371.0,37359700.0,100700.0
2ETF01,2025-10-01,2025-09-30,20251001,2026.10.01 15:30:00,raw/2ETF01_2025-10-01.json,65cf5fb24f66137e5e60f784386acb9fe5fdd82e0556b8992ff0c049f846b1a6,equity,000660,SK하이닉스,851,295722500,851.0,295722500.0,347500.0
2ETF01,2025-10-01,2025-09-30,20251001,2026.10.01 15:30:00,raw/2ETF01_2025-10-01.json,65cf5fb24f66137e5e60f784386acb9fe5fdd82e0556b8992ff0c049f846b1a6,equity,000670,영풍,8,372400,8.0,372400.0,46550.0
2ETF01,2025-10-01,2025-09-30,20251001,2026.10.01 15:30:00,raw/2ETF01_2025-10-01.json,65cf5fb24f66137e5e60f784386acb9fe5fdd82e0556b8992ff0c049f846b1a6,equity,000720,현대건설,111,6038400,111.0,6038400.0,54400.0
2ETF01,2025-10-01,2025-09-30,20251001,2026.10.01 15:30:00,raw/2ETF01_2025-10-01.json,65cf5fb24f66137e5e60f784386acb9fe5fdd82e0556b8992ff0c049f846b1a6,equity,000810,삼성화재,46,20769000,46.0,20769000.0,451500.0
2ETF01,2025-10-01,2025-09-30,20251001,2026.10.01 15:30:00,raw/2ETF01_2025-10-01.json,65cf5fb24f66137e5e60f784386acb9fe5fdd82e0556b8992ff0c049f846b1a6,equity,000880,한화,42,3553200,42.0,3553200.0,84600.0
2ETF01,2025-10-01,2025-09-30,20251001,2026.10.01 15:30:00,raw/2ETF01_2025-10-01.json,65cf5fb24f66137e5e60f784386acb9fe5fdd82e0556b8992ff0c049f846b1a6,equity,001040,CJ,21,3853500,21.0,3853500.0,183500.0
2ETF01,2025-10-01,2025-09-30,20251001,2026.10.01 15:30:00,raw/2ETF01_2025-10-01.json,65cf5fb24f66137e5e60f784386acb9fe5fdd82e0556b8992ff0c049f846b1a6,equity,001430,세아베스틸지주,18,453600,18.0,453600.0,25200.0
2ETF01,2025-10-01,2025-09-30,20251001,2026.10.01 15:30:00,raw/2ETF01_2025-10-01.json,65cf5fb24f66137e5e60f784386acb9fe5fdd82e0556b8992ff0c049f846b1a6,equity,001440,대한전선,170,2638400,170.0,2638400.0,15520.0
2ETF01,2025-10-01,2025-09-30,20251001,2026.10.01 15:30:00,raw/2ETF01_2025-10-01.json,65cf5fb24f66137e5e60f784386acb9fe5fdd82e0556b8992ff0c049f846b1a6,equity,001450,현대해상,91,2561650,91.0,2561650.0,28150.0
2ETF01,2025-10-01,2025-09-30,20251001,2026.10.01 15:30:00,raw/2ETF01_2025-10-01.json,65cf5fb24f66137e5e60f784386acb9fe5fdd82e0556b8992ff0c049f846b1a6,equity,001680,대상,29,638000,29.0,638000.0,22000.0
2ETF01,2025-10-01,2025-09-30,20251001,2026.10.01 15:30:00,raw/2ETF01_2025-10-01.json,65cf5fb24f66137e5e60f784386acb9fe5fdd82e0556b8992ff0c049f846b1a6,equity,001800,오리온홀딩스,31,629300,31.0,629300.0,20300.0
2ETF01,2025-10-01,2025-09-30,20251001,2026.10.01 15:30:00,raw/2ETF01_2025-10-01.json,65cf5fb24f66137e5e60f784386acb9fe5fdd82e0556b8992ff0c049f846b1a6,equity,002380,KCC,6,2304000,6.0,2304000.0,384000.0
2ETF01,2025-10-01,2025-09-30,20251001,2026.10.01 15:30:00,raw/2ETF01_2025-10-01.json,65cf5fb24f66137e5e60f784386acb9fe5fdd82e0556b8992ff0c049f846b1a6,equity,002710,TCC스틸,27,427680,27.0,427680.0,15840.0
2ETF01,2025-10-01,2025-09-30,20251001,2026.10.01 15:30:00,raw/2ETF01_2025-10-01.json,65cf5fb24f66137e5e60f784386acb9fe5fdd82e0556b8992ff0c049f846b1a6,equity,002790,아모레퍼시픽홀딩스,39,1039350,39.0,1039350.0,26650.0
2ETF01,2025-10-01,2025-09-30,20251001,2026.10.01 15:30:00,raw/2ETF01_2025-10-01.json,65cf5fb24f66137e5e60f784386acb9fe5fdd82e0556b8992ff0c049f846b1a6,equity,002840,미원상사,2,300000,2.0,300000.0,150000.0
2ETF01,2025-10-01,2025-09-30,20251001,2026.10.01 15:30:00,raw/2ETF01_2025-10-01.json,65cf5fb24f66137e5e60f784386acb9fe5fdd82e0556b8992ff0c049f846b1a6,equity,003030,세아제강지주,2,317400,2.0,317400.0,158700.0
2ETF01,2025-10-01,2025-09-30,20251001,2026.10.01 15:30:00,raw/2ETF01_2025-10-01.json,65cf5fb24f66137e5e60f784386acb9fe5fdd82e0556b8992ff0c049f846b1a6,equity,003090,대웅,29,636550,29.0,636550.0,21950.0
2ETF01,2025-10-01,2025-09-30,20251001,2026.10.01 15:30:00,raw/2ETF01_2025-10-01.json,65cf5fb24f66137e5e60f784386acb9fe5fdd82e0556b8992ff0c049f846b1a6,equity,003230,삼양식품,6,9174000,6.0,9174000.0,1529000.0
2ETF01,2025-10-01,2025-09-30,20251001,2026.10.01 15:30:00,raw/2ETF01_2025-10-01.json,65cf5fb24f66137e5e60f784386acb9fe5fdd82e0556b8992ff0c049f846b1a6,equity,003240,태광산업,1,850000,1.0,850000.0,850000.0
2ETF01,2025-10-01,2025-09-30,20251001,2026.10.01 15:30:00,raw/2ETF01_2025-10-01.json,65cf5fb24f66137e5e60f784386acb9fe5fdd82e0556b8992ff0c049f846b1a6,equity,003490,대한항공,385,8758750,385.0,8758750.0,22750.0
2ETF01,2025-10-01,2025-09-30,20251001,2026.10.01 15:30:00,raw/2ETF01_2025-10-01.json,65cf5fb24f66137e5e60f784386acb9fe5fdd82e0556b8992ff0c049f846b1a6,equity,003550,LG,141,10152000,141.0,10152000.0,72000.0
2ETF01,2025-10-01,2025-09-30,20251001,2026.10.01 15:30:00,raw/2ETF01_2025-10-01.json,65cf5fb24f66137e5e60f784386acb9fe5fdd82e0556b8992ff0c049f846b1a6,equity,003620,KG모빌리티,135,442125,135.0,442125.0,3275.0
2ETF01,2025-10-01,2025-09-30,20251001,2026.10.01 15:30:00,raw/2ETF01_2025-10-01.json,65cf5fb24f66137e5e60f784386acb9fe5fdd82e0556b8992ff0c049f846b1a6,equity,003670,포스코퓨처엠,47,6744500,47.0,6744500.0,143500.0
2ETF01,2025-10-01,2025-09-30,20251001,2026.10.01 15:30:00,raw/2ETF01_2025-10-01.json,65cf5fb24f66137e5e60f784386acb9fe5fdd82e0556b8992ff0c049f846b1a6,equity,004000,롯데정밀화학,22,1018600,22.0,1018600.0,46300.0
2ETF01,2025-10-01,2025-09-30,20251001,2026.10.01 15:30:00,raw/2ETF01_2025-10-01.json,65cf5fb24f66137e5e60f784386acb9fe5fdd82e0556b8992ff0c049f846b1a6,equity,004020,현대제철,127,4311650,127.0,4311650.0,33950.0
2ETF01,2025-10-01,2025-09-30,20251001,2026.10.01 15:30:00,raw/2ETF01_2025-10-01.json,65cf5fb24f66137e5e60f784386acb9fe5fdd82e0556b8992ff0c049f846b1a6,equity,004170,신세계,10,1871000,10.0,1871000.0,187100.0
2ETF01,2025-10-01,2025-09-30,20251001,2026.10.01 15:30:00,raw/2ETF01_2025-10-01.json,65cf5fb24f66137e5e60f784386acb9fe5fdd82e0556b8992ff0c049f846b1a6,equity,004370,농심,5,2157500,5.0,2157500.0,431500.0
2ETF01,2025-10-01,2025-09-30,20251001,2026.10.01 15:30:00,raw/2ETF01_2025-10-01.json,65cf5fb24f66137e5e60f784386acb9fe5fdd82e0556b8992ff0c049f846b1a6,equity,004490,세방전지,12,765600,12.0,765600.0,63800.0
2ETF01,2025-10-01,2025-09-30,20251001,2026.10.01 15:30:00,raw/2ETF01_2025-10-01.json,65cf5fb24f66137e5e60f784386acb9fe5fdd82e0556b8992ff0c049f846b1a6,equity,004990,롯데지주,45,1302750,45.0,1302750.0,28950.0
2ETF01,2025-10-01,2025-09-30,20251001,2026.10.01 15:30:00,raw/2ETF01_2025-10-01.json,65cf5fb24f66137e5e60f784386acb9fe5fdd82e0556b8992ff0c049f846b1a6,equity,005250,녹십자홀딩스,33,518100,33.0,518100.0,15700.0
2ETF01,2025-10-01,2025-09-30,20251001,2026.10.01 15:30:00,raw/2ETF01_2025-10-01.json,65cf5fb24f66137e5e60f784386acb9fe5fdd82e0556b8992ff0c049f846b1a6,equity,005300,롯데칠성,5,576500,5.0,576500.0,115300.0
2ETF01,2025-10-01,2025-09-30,20251001,2026.10.01 15:30:00,raw/2ETF01_2025-10-01.json,65cf5fb24f66137e5e60f784386acb9fe5fdd82e0556b8992ff0c049f846b1a6,equity,005380,현대차,205,44075000,205.0,44075000.0,215000.0
2ETF01,2025-10-01,2025-09-30,20251001,2026.10.01 15:30:00,raw/2ETF01_2025-10-01.json,65cf5fb24f66137e5e60f784386acb9fe5fdd82e0556b8992ff0c049f846b1a6,equity,005420,코스모화학,38,559740,38.0,559740.0,14730.0
2ETF01,2025-10-01,2025-09-30,20251001,2026.10.01 15:30:00,raw/2ETF01_2025-10-01.json,65cf5fb24f66137e5e60f784386acb9fe5fdd82e0556b8992ff0c049f846b1a6,equity,005490,POSCO홀딩스,104,28704000,104.0,28704000.0,276000.0
2ETF01,2025-10-01,2025-09-30,20251001,2026.10.01 15:30:00,raw/2ETF01_2025-10-01.json,65cf5fb24f66137e5e60f784386acb9fe5fdd82e0556b8992ff0c049f846b1a6,equity,005830,DB손해보험,67,9279500,67.0,9279500.0,138500.0
2ETF01,2025-10-01,2025-09-30,20251001,2026.10.01 15:30:00,raw/2ETF01_2025-10-01.json,65cf5fb24f66137e5e60f784386acb9fe5fdd82e0556b8992ff0c049f846b1a6,equity,005850,에스엘,24,813600,24.0,813600.0,33900.0
2ETF01,2025-10-01,2025-09-30,20251001,2026.10.01 15:30:00,raw/2ETF01_2025-10-01.json,65cf5fb24f66137e5e60f784386acb9fe5fdd82e0556b8992ff0c049f846b1a6,equity,005930,삼성전자,7098,595522200,7098.0,595522200.0,83900.0
2ETF01,2025-10-01,2025-09-30,20251001,2026.10.01 15:30:00,raw/2ETF01_2025-10-01.json,65cf5fb24f66137e5e60f784386acb9fe5fdd82e0556b8992ff0c049f846b1a6,equity,005940,NH투자증권,221,4291820,221.0,4291820.0,19420.0
2ETF01,2025-10-01,2025-09-30,20251001,2026.10.01 15:30:00,raw/2ETF01_2025-10-01.json,65cf5fb24f66137e5e60f784386acb9fe5fdd82e0556b8992ff0c049f846b1a6,equity,006040,동원산업,6,272700,6.0,272700.0,45450.0
2ETF01,2025-10-01,2025-09-30,20251001,2026.10.01 15:30:00,raw/2ETF01_2025-10-01.json,65cf5fb24f66137e5e60f784386acb9fe5fdd82e0556b8992ff0c049f846b1a6,equity,006260,LS,26,4342000,26.0,4342000.0,167000.0
2ETF01,2025-10-01,2025-09-30,20251001,2026.10.01 15:30:00,raw/2ETF01_2025-10-01.json,65cf5fb24f66137e5e60f784386acb9fe5fdd82e0556b8992ff0c049f846b1a6,equity,006280,녹십자,8,1033600,8.0,1033600.0,129200.0
2ETF01,2025-10-01,2025-09-30,20251001,2026.10.01 15:30:00,raw/2ETF01_2025-10-01.json,65cf5fb24f66137e5e60f784386acb9fe5fdd82e0556b8992ff0c049f846b1a6,equity,006360,GS건설,97,1784800,97.0,1784800.0,18400.0
2ETF01,2025-10-01,2025-09-30,20251001,2026.10.01 15:30:00,raw/2ETF01_2025-10-01.json,65cf5fb24f66137e5e60f784386acb9fe5fdd82e0556b8992ff0c049f846b1a6,equity,006400,삼성SDI,92,18860000,92.0,18860000.0,205000.0
2ETF01,2025-10-01,2025-09-30,20251001,2026.10.01 15:30:00,raw/2ETF01_2025-10-01.json,65cf5fb24f66137e5e60f784386acb9fe5fdd82e0556b8992ff0c049f846b1a6,equity,006650,대한유화,5,571500,5.0,571500.0,114300.0
2ETF01,2025-10-01,2025-09-30,20251001,2026.10.01 15:30:00,raw/2ETF01_2025-10-01.json,65cf5fb24f66137e5e60f784386acb9fe5fdd82e0556b8992ff0c049f846b1a6,equity,006800,미래에셋증권,415,8860250,415.0,8860250.0,21350.0
2ETF01,2025-10-01,2025-09-30,20251001,2026.10.01 15:30:00,raw/2ETF01_2025-10-01.json,65cf5fb24f66137e5e60f784386acb9fe5fdd82e0556b8992ff0c049f846b1a6,equity,007070,GS리테일,51,849150,51.0,849150.0,16650.0
2ETF01,2025-10-01,2025-09-30,20251001,2026.10.01 15:30:00,raw/2ETF01_2025-10-01.json,65cf5fb24f66137e5e60f784386acb9fe5fdd82e0556b8992ff0c049f846b1a6,equity,007310,오뚜기,2,821000,2.0,821000.0,410500.0
2ETF01,2025-10-01,2025-09-30,20251001,2026.10.01 15:30:00,raw/2ETF01_2025-10-01.json,65cf5fb24f66137e5e60f784386acb9fe5fdd82e0556b8992ff0c049f846b1a6,equity,007340,DN오토모티브,31,708350,31.0,708350.0,22850.0
2ETF01,2025-10-01,2025-09-30,20251001,2026.10.01 15:30:00,raw/2ETF01_2025-10-01.json,65cf5fb24f66137e5e60f784386acb9fe5fdd82e0556b8992ff0c049f846b1a6,equity,008730,율촌화학,16,468800,16.0,468800.0,29300.0
2ETF01,2025-10-01,2025-09-30,20251001,2026.10.01 15:30:00,raw/2ETF01_2025-10-01.json,65cf5fb24f66137e5e60f784386acb9fe5fdd82e0556b8992ff0c049f846b1a6,equity,008770,호텔신라,46,2364400,46.0,2364400.0,51400.0
2ETF01,2025-10-01,2025-09-30,20251001,2026.10.01 15:30:00,raw/2ETF01_2025-10-01.json,65cf5fb24f66137e5e60f784386acb9fe5fdd82e0556b8992ff0c049f846b1a6,equity,008930,한미사이언스,42,1633800,42.0,1633800.0,38900.0
2ETF01,2025-10-01,2025-09-30,20251001,2026.10.01 15:30:00,raw/2ETF01_2025-10-01.json,65cf5fb24f66137e5e60f784386acb9fe5fdd82e0556b8992ff0c049f846b1a6,equity,009150,삼성전기,84,16254000,84.0,16254000.0,193500.0
2ETF01,2025-10-01,2025-09-30,20251001,2026.10.01 15:30:00,raw/2ETF01_2025-10-01.json,65cf5fb24f66137e5e60f784386acb9fe5fdd82e0556b8992ff0c049f846b1a6,equity,009240,한샘,12,543600,12.0,543600.0,45300.0
2ETF01,2025-10-01,2025-09-30,20251001,2026.10.01 15:30:00,raw/2ETF01_2025-10-01.json,65cf5fb24f66137e5e60f784386acb9fe5fdd82e0556b8992ff0c049f846b1a6,equity,009420,한올바이오파마,54,1773900,54.0,1773900.0,32850.0
2ETF01,2025-10-01,2025-09-30,20251001,2026.10.01 15:30:00,raw/2ETF01_2025-10-01.json,65cf5fb24f66137e5e60f784386acb9fe5fdd82e0556b8992ff0c049f846b1a6,equity,009540,HD한국조선해양,71,29181000,71.0,29181000.0,411000.0
2ETF01,2025-10-01,2025-09-30,20251001,2026.10.01 15:30:00,raw/2ETF01_2025-10-01.json,65cf5fb24f66137e5e60f784386acb9fe5fdd82e0556b8992ff0c049f846b1a6,equity,009830,한화솔루션,164,4682200,164.0,4682200.0,28550.0
2ETF01,2025-10-01,2025-09-30,20251001,2026.10.01 15:30:00,raw/2ETF01_2025-10-01.json,65cf5fb24f66137e5e60f784386acb9fe5fdd82e0556b8992ff0c049f846b1a6,equity,009970,영원무역홀딩스,8,1109600,8.0,1109600.0,138700.0
2ETF01,2025-10-01,2025-09-30,20251001,2026.10.01 15:30:00,raw/2ETF01_2025-10-01.json,65cf5fb24f66137e5e60f784386acb9fe5fdd82e0556b8992ff0c049f846b1a6,equity,010060,OCI홀딩스,20,1768000,20.0,1768000.0,88400.0
2ETF01,2025-10-01,2025-09-30,20251001,2026.10.01 15:30:00,raw/2ETF01_2025-10-01.json,65cf5fb24f66137e5e60f784386acb9fe5fdd82e0556b8992ff0c049f846b1a6,equity,010120,LS ELECTRIC,24,6828000,24.0,6828000.0,284500.0
2ETF01,2025-10-01,2025-09-30,20251001,2026.10.01 15:30:00,raw/2ETF01_2025-10-01.json,65cf5fb24f66137e5e60f784386acb9fe5fdd82e0556b8992ff0c049f846b1a6,equity,010130,고려아연,9,8289000,9.0,8289000.0,921000.0
2ETF01,2025-10-01,2025-09-30,20251001,2026.10.01 15:30:00,raw/2ETF01_2025-10-01.json,65cf5fb24f66137e5e60f784386acb9fe5fdd82e0556b8992ff0c049f846b1a6,equity,010140,삼성중공업,1000,21900000,1000.0,21900000.0,21900.0
2ETF01,2025-10-01,2025-09-30,20251001,2026.10.01 15:30:00,raw/2ETF01_2025-10-01.json,65cf5fb24f66137e5e60f784386acb9fe5fdd82e0556b8992ff0c049f846b1a6,equity,010620,HD현대미포,34,6919000,34.0,6919000.0,203500.0
2ETF01,2025-10-01,2025-09-30,20251001,2026.10.01 15:30:00,raw/2ETF01_2025-10-01.json,65cf5fb24f66137e5e60f784386acb9fe5fdd82e0556b8992ff0c049f846b1a6,equity,010950,S-Oil,63,3931200,63.0,3931200.0,62400.0
2ETF01,2025-10-01,2025-09-30,20251001,2026.10.01 15:30:00,raw/2ETF01_2025-10-01.json,65cf5fb24f66137e5e60f784386acb9fe5fdd82e0556b8992ff0c049f846b1a6,equity,011070,LG이노텍,22,4131600,22.0,4131600.0,187800.0
2ETF01,2025-10-01,2025-09-30,20251001,2026.10.01 15:30:00,raw/2ETF01_2025-10-01.json,65cf5fb24f66137e5e60f784386acb9fe5fdd82e0556b8992ff0c049f846b1a6,equity,011170,롯데케미칼,27,1827900,27.0,1827900.0,67700.0
2ETF01,2025-10-01,2025-09-30,20251001,2026.10.01 15:30:00,raw/2ETF01_2025-10-01.json,65cf5fb24f66137e5e60f784386acb9fe5fdd82e0556b8992ff0c049f846b1a6,equity,011200,HMM,513,10285650,513.0,10285650.0,20050.0
2ETF01,2025-10-01,2025-09-30,20251001,2026.10.01 15:30:00,raw/2ETF01_2025-10-01.json,65cf5fb24f66137e5e60f784386acb9fe5fdd82e0556b8992ff0c049f846b1a6,equity,011210,현대위아,23,1113200,23.0,1113200.0,48400.0
2ETF01,2025-10-01,2025-09-30,20251001,2026.10.01 15:30:00,raw/2ETF01_2025-10-01.json,65cf5fb24f66137e5e60f784386acb9fe5fdd82e0556b8992ff0c049f846b1a6,equity,011780,금호석유화학,23,2401200,23.0,2401200.0,104400.0
2ETF01,2025-10-01,2025-09-30,20251001,2026.10.01 15:30:00,raw/2ETF01_2025-10-01.json,65cf5fb24f66137e5e60f784386acb9fe5fdd82e0556b8992ff0c049f846b1a6,equity,011790,SKC,30,3033000,30.0,3033000.0,101100.0
2ETF01,2025-10-01,2025-09-30,20251001,2026.10.01 15:30:00,raw/2ETF01_2025-10-01.json,65cf5fb24f66137e5e60f784386acb9fe5fdd82e0556b8992ff0c049f846b1a6,equity,012330,현대모비스,95,28357500,95.0,28357500.0,298500.0
2ETF01,2025-10-01,2025-09-30,20251001,2026.10.01 15:30:00,raw/2ETF01_2025-10-01.json,65cf5fb24f66137e5e60f784386acb9fe5fdd82e0556b8992ff0c049f846b1a6,equity,012450,한화에어로스페이스,53,58671000,53.0,58671000.0,1107000.0
2ETF01,2025-10-01,2025-09-30,20251001,2026.10.01 15:30:00,raw/2ETF01_2025-10-01.json,65cf5fb24f66137e5e60f784386acb9fe5fdd82e0556b8992ff0c049f846b1a6,equity,012630,HDC,39,678600,39.0,678600.0,17400.0
2ETF01,2025-10-01,2025-09-30,20251001,2026.10.01 15:30:00,raw/2ETF01_2025-10-01.json,65cf5fb24f66137e5e60f784386acb9fe5fdd82e0556b8992ff0c049f846b1a6,equity,012750,에스원,37,3111700,37.0,3111700.0,84100.0
2ETF01,2025-10-01,2025-09-30,20251001,2026.10.01 15:30:00,raw/2ETF01_2025-10-01.json,65cf5fb24f66137e5e60f784386acb9fe5fdd82e0556b8992ff0c049f846b1a6,equity,014680,한솔케미칼,13,2717000,13.0,2717000.0,209000.0
2ETF01,2025-10-01,2025-09-30,20251001,2026.10.01 15:30:00,raw/2ETF01_2025-10-01.json,65cf5fb24f66137e5e60f784386acb9fe5fdd82e0556b8992ff0c049f846b1a6,equity,014820,동원시스템즈,8,216000,8.0,216000.0,27000.0
2ETF01,2025-10-01,2025-09-30,20251001,2026.10.01 15:30:00,raw/2ETF01_2025-10-01.json,65cf5fb24f66137e5e60f784386acb9fe5fdd82e0556b8992ff0c049f846b1a6,equity,015760,한국전력,477,17195850,477.0,17195850.0,36050.0
2ETF01,2025-10-01,2025-09-30,20251001,2026.10.01 15:30:00,raw/2ETF01_2025-10-01.json,65cf5fb24f66137e5e60f784386acb9fe5fdd82e0556b8992ff0c049f846b1a6,equity,016360,삼성증권,92,6596400,92.0,6596400.0,71700.0
2ETF01,2025-10-01,2025-09-30,20251001,2026.10.01 15:30:00,raw/2ETF01_2025-10-01.json,65cf5fb24f66137e5e60f784386acb9fe5fdd82e0556b8992ff0c049f846b1a6,equity,017670,SK텔레콤,225,12217500,225.0,12217500.0,54300.0
2ETF01,2025-10-01,2025-09-30,20251001,2026.10.01 15:30:00,raw/2ETF01_2025-10-01.json,65cf5fb24f66137e5e60f784386acb9fe5fdd82e0556b8992ff0c049f846b1a6,equity,017800,현대엘리베이터,39,3120000,39.0,3120000.0,80000.0
2ETF01,2025-10-01,2025-09-30,20251001,2026.10.01 15:30:00,raw/2ETF01_2025-10-01.json,65cf5fb24f66137e5e60f784386acb9fe5fdd82e0556b8992ff0c049f846b1a6,equity,017960,한국카본,49,1602300,49.0,1602300.0,32700.0
2ETF01,2025-10-01,2025-09-30,20251001,2026.10.01 15:30:00,raw/2ETF01_2025-10-01.json,65cf5fb24f66137e5e60f784386acb9fe5fdd82e0556b8992ff0c049f846b1a6,equity,018260,삼성에스디에스,57,9359400,57.0,9359400.0,164200.0
2ETF01,2025-10-01,2025-09-30,20251001,2026.10.01 15:30:00,raw/2ETF01_2025-10-01.json,65cf5fb24f66137e5e60f784386acb9fe5fdd82e0556b8992ff0c049f846b1a6,equity,018880,한온시스템,247,753350,247.0,753350.0,3050.0
2ETF01,2025-10-01,2025-09-30,20251001,2026.10.01 15:30:00,raw/2ETF01_2025-10-01.json,65cf5fb24f66137e5e60f784386acb9fe5fdd82e0556b8992ff0c049f846b1a6,equity,021240,코웨이,83,8175500,83.0,8175500.0,98500.0
2ETF01,2025-10-01,2025-09-30,20251001,2026.10.01 15:30:00,raw/2ETF01_2025-10-01.json,65cf5fb24f66137e5e60f784386acb9fe5fdd82e0556b8992ff0c049f846b1a6,equity,022100,포스코DX,76,1596000,76.0,1596000.0,21000.0
2ETF01,2025-10-01,2025-09-30,20251001,2026.10.01 15:30:00,raw/2ETF01_2025-10-01.json,65cf5fb24f66137e5e60f784386acb9fe5fdd82e0556b8992ff0c049f846b1a6,equity,023530,롯데쇼핑,15,1062000,15.0,1062000.0,70800.0
2ETF01,2025-10-01,2025-09-30,20251001,2026.10.01 15:30:00,raw/2ETF01_2025-10-01.json,65cf5fb24f66137e5e60f784386acb9fe5fdd82e0556b8992ff0c049f846b1a6,equity,024110,기업은행,411,7998060,411.0,7998060.0,19460.0
2ETF01,2025-10-01,2025-09-30,20251001,2026.10.01 15:30:00,raw/2ETF01_2025-10-01.json,65cf5fb24f66137e5e60f784386acb9fe5fdd82e0556b8992ff0c049f846b1a6,equity,026960,동서,47,1264300,47.0,1264300.0,26900.0
2ETF01,2025-10-01,2025-09-30,20251001,2026.10.01 15:30:00,raw/2ETF01_2025-10-01.json,65cf5fb24f66137e5e60f784386acb9fe5fdd82e0556b8992ff0c049f846b1a6,equity,028050,삼성E&A,238,6378400,238.0,6378400.0,26800.0
2ETF01,2025-10-01,2025-09-30,20251001,2026.10.01 15:30:00,raw/2ETF01_2025-10-01.json,65cf5fb24f66137e5e60f784386acb9fe5fdd82e0556b8992ff0c049f846b1a6,equity,028260,삼성물산,152,28059200,152.0,28059200.0,184600.0
2ETF01,2025-10-01,2025-09-30,20251001,2026.10.01 15:30:00,raw/2ETF01_2025-10-01.json,65cf5fb24f66137e5e60f784386acb9fe5fdd82e0556b8992ff0c049f846b1a6,equity,028670,팬오션,340,1312400,340.0,1312400.0,3860.0
2ETF01,2025-10-01,2025-09-30,20251001,2026.10.01 15:30:00,raw/2ETF01_2025-10-01.json,65cf5fb24f66137e5e60f784386acb9fe5fdd82e0556b8992ff0c049f846b1a6,equity,029780,삼성카드,40,2092000,40.0,2092000.0,52300.0
2ETF01,2025-10-01,2025-09-30,20251001,2026.10.01 15:30:00,raw/2ETF01_2025-10-01.json,65cf5fb24f66137e5e60f784386acb9fe5fdd82e0556b8992ff0c049f846b1a6,equity,030000,제일기획,105,2131500,105.0,2131500.0,20300.0
2ETF01,2025-10-01,2025-09-30,20251001,2026.10.01 15:30:00,raw/2ETF01_2025-10-01.json,65cf5fb24f66137e5e60f784386acb9fe5fdd82e0556b8992ff0c049f846b1a6,equity,030200,KT,332,16766000,332.0,16766000.0,50500.0
2ETF01,2025-10-01,2025-09-30,20251001,2026.10.01 15:30:00,raw/2ETF01_2025-10-01.json,65cf5fb24f66137e5e60f784386acb9fe5fdd82e0556b8992ff0c049f846b1a6,equity,032640,LG유플러스,417,6400950,417.0,6400950.0,15350.0
2ETF01,2025-10-01,2025-09-30,20251001,2026.10.01 15:30:00,raw/2ETF01_2025-10-01.json,65cf5fb24f66137e5e60f784386acb9fe5fdd82e0556b8992ff0c049f846b1a6,equity,032830,삼성생명,127,19888200,127.0,19888200.0,156600.0
2ETF01,2025-10-01,2025-09-30,20251001,2026.10.01 15:30:00,raw/2ETF01_2025-10-01.json,65cf5fb24f66137e5e60f784386acb9fe5fdd82e0556b8992ff0c049f846b1a6,equity,033780,KT&G,141,18837600,141.0,18837600.0,133600.0
2ETF01,2025-10-01,2025-09-30,20251001,2026.10.01 15:30:00,raw/2ETF01_2025-10-01.json,65cf5fb24f66137e5e60f784386acb9fe5fdd82e0556b8992ff0c049f846b1a6,equity,034020,두산에너빌리티,650,40755000,650.0,40755000.0,62700.0
2ETF01,2025-10-01,2025-09-30,20251001,2026.10.01 15:30:00,raw/2ETF01_2025-10-01.json,65cf5fb24f66137e5e60f784386acb9fe5fdd82e0556b8992ff0c049f846b1a6,equity,034220,LG디스플레이,439,6325990,439.0,6325990.0,14410.0
2ETF01,2025-10-01,2025-09-30,20251001,2026.10.01 15:30:00,raw/2ETF01_2025-10-01.json,65cf5fb24f66137e5e60f784386acb9fe5fdd82e0556b8992ff0c049f846b1a6,equity,034730,SK,54,11340000,54.0,11340000.0,210000.0
2ETF01,2025-10-01,2025-09-30,20251001,2026.10.01 15:30:00,raw/2ETF01_2025-10-01.json,65cf5fb24f66137e5e60f784386acb9fe5fdd82e0556b8992ff0c049f846b1a6,equity,035250,강원랜드,172,3157920,172.0,3157920.0,18360.0
2ETF01,2025-10-01,2025-09-30,20251001,2026.10.01 15:30:00,raw/2ETF01_2025-10-01.json,65cf5fb24f66137e5e60f784386acb9fe5fdd82e0556b8992ff0c049f846b1a6,equity,035420,NAVER,197,52894500,197.0,52894500.0,268500.0
2ETF01,2025-10-01,2025-09-30,20251001,2026.10.01 15:30:00,raw/2ETF01_2025-10-01.json,65cf5fb24f66137e5e60f784386acb9fe5fdd82e0556b8992ff0c049f846b1a6,equity,035720,카카오,509,30336400,509.0,30336400.0,59600.0
2ETF01,2025-10-01,2025-09-30,20251001,2026.10.01 15:30:00,raw/2ETF01_2025-10-01.json,65cf5fb24f66137e5e60f784386acb9fe5fdd82e0556b8992ff0c049f846b1a6,equity,036460,한국가스공사,49,1915900,49.0,1915900.0,39100.0
2ETF01,2025-10-01,2025-09-30,20251001,2026.10.01 15:30:00,raw/2ETF01_2025-10-01.json,65cf5fb24f66137e5e60f784386acb9fe5fdd82e0556b8992ff0c049f846b1a6,equity,036570,엔씨소프트,26,5616000,26.0,5616000.0,216000.0
2ETF01,2025-10-01,2025-09-30,20251001,2026.10.01 15:30:00,raw/2ETF01_2025-10-01.json,65cf5fb24f66137e5e60f784386acb9fe5fdd82e0556b8992ff0c049f846b1a6,equity,039130,하나투어,16,803200,16.0,803200.0,50200.0
2ETF01,2025-10-01,2025-09-30,20251001,2026.10.01 15:30:00,raw/2ETF01_2025-10-01.json,65cf5fb24f66137e5e60f784386acb9fe5fdd82e0556b8992ff0c049f846b1a6,equity,039490,키움증권,21,5145000,21.0,5145000.0,245000.0
2ETF01,2025-10-01,2025-09-30,20251001,2026.10.01 15:30:00,raw/2ETF01_2025-10-01.json,65cf5fb24f66137e5e60f784386acb9fe5fdd82e0556b8992ff0c049f846b1a6,equity,042660,한화오션,172,18971600,172.0,18971600.0,110300.0
2ETF01,2025-10-01,2025-09-30,20251001,2026.10.01 15:30:00,raw/2ETF01_2025-10-01.json,65cf5fb24f66137e5e60f784386acb9fe5fdd82e0556b8992ff0c049f846b1a6,equity,042670,HD현대인프라코어,196,2959600,196.0,2959600.0,15100.0
2ETF01,2025-10-01,2025-09-30,20251001,2026.10.01 15:30:00,raw/2ETF01_2025-10-01.json,65cf5fb24f66137e5e60f784386acb9fe5fdd82e0556b8992ff0c049f846b1a6,equity,042700,한미반도체,64,6176000,64.0,6176000.0,96500.0
2ETF01,2025-10-01,2025-09-30,20251001,2026.10.01 15:30:00,raw/2ETF01_2025-10-01.json,65cf5fb24f66137e5e60f784386acb9fe5fdd82e0556b8992ff0c049f846b1a6,equity,047040,대우건설,302,1081160,302.0,1081160.0,3580.0
2ETF01,2025-10-01,2025-09-30,20251001,2026.10.01 15:30:00,raw/2ETF01_2025-10-01.json,65cf5fb24f66137e5e60f784386acb9fe5fdd82e0556b8992ff0c049f846b1a6,equity,047050,포스코인터내셔널,69,3343050,69.0,3343050.0,48450.0
2ETF01,2025-10-01,2025-09-30,20251001,2026.10.01 15:30:00,raw/2ETF01_2025-10-01.json,65cf5fb24f66137e5e60f784386acb9fe5fdd82e0556b8992ff0c049f846b1a6,equity,047810,한국항공우주,106,11448000,106.0,11448000.0,108000.0
2ETF01,2025-10-01,2025-09-30,20251001,2026.10.01 15:30:00,raw/2ETF01_2025-10-01.json,65cf5fb24f66137e5e60f784386acb9fe5fdd82e0556b8992ff0c049f846b1a6,equity,051600,한전KPS,33,1572450,33.0,1572450.0,47650.0
2ETF01,2025-10-01,2025-09-30,20251001,2026.10.01 15:30:00,raw/2ETF01_2025-10-01.json,65cf5fb24f66137e5e60f784386acb9fe5fdd82e0556b8992ff0c049f846b1a6,equity,051900,LG생활건강,14,4004000,14.0,4004000.0,286000.0
2ETF01,2025-10-01,2025-09-30,20251001,2026.10.01 15:30:00,raw/2ETF01_2025-10-01.json,65cf5fb24f66137e5e60f784386acb9fe5fdd82e0556b8992ff0c049f846b1a6,equity,051910,LG화학,70,19460000,70.0,19460000.0,278000.0
2ETF01,2025-10-01,2025-09-30,20251001,2026.10.01 15:30:00,raw/2ETF01_2025-10-01.json,65cf5fb24f66137e5e60f784386acb9fe5fdd82e0556b8992ff0c049f846b1a6,equity,052690,한전기술,28,2346400,28.0,2346400.0,83800.0
2ETF01,2025-10-01,2025-09-30,20251001,2026.10.01 15:30:00,raw/2ETF01_2025-10-01.json,65cf5fb24f66137e5e60f784386acb9fe5fdd82e0556b8992ff0c049f846b1a6,equity,055550,신한지주,633,44816400,633.0,44816400.0,70800.0
2ETF01,2025-10-01,2025-09-30,20251001,2026.10.01 15:30:00,raw/2ETF01_2025-10-01.json,65cf5fb24f66137e5e60f784386acb9fe5fdd82e0556b8992ff0c049f846b1a6,equity,064350,현대로템,111,24309000,111.0,24309000.0,219000.0
2ETF01,2025-10-01,2025-09-30,20251001,2026.10.01 15:30:00,raw/2ETF01_2025-10-01.json,65cf5fb24f66137e5e60f784386acb9fe5fdd82e0556b8992ff0c049f846b1a6,equity,066570,LG전자,164,12398400,164.0,12398400.0,75600.0
2ETF01,2025-10-01,2025-09-30,20251001,2026.10.01 15:30:00,raw/2ETF01_2025-10-01.json,65cf5fb24f66137e5e60f784386acb9fe5fdd82e0556b8992ff0c049f846b1a6,equity,066970,엘앤에프,38,2823400,38.0,2823400.0,74300.0
2ETF01,2025-10-01,2025-09-30,20251001,2026.10.01 15:30:00,raw/2ETF01_2025-10-01.json,65cf5fb24f66137e5e60f784386acb9fe5fdd82e0556b8992ff0c049f846b1a6,equity,068270,셀트리온,234,40575600,234.0,40575600.0,173400.0
2ETF01,2025-10-01,2025-09-30,20251001,2026.10.01 15:30:00,raw/2ETF01_2025-10-01.json,65cf5fb24f66137e5e60f784386acb9fe5fdd82e0556b8992ff0c049f846b1a6,equity,069260,TKG휴켐스,33,584100,33.0,584100.0,17700.0
2ETF01,2025-10-01,2025-09-30,20251001,2026.10.01 15:30:00,raw/2ETF01_2025-10-01.json,65cf5fb24f66137e5e60f784386acb9fe5fdd82e0556b8992ff0c049f846b1a6,equity,069620,대웅제약,7,938000,7.0,938000.0,134000.0
2ETF01,2025-10-01,2025-09-30,20251001,2026.10.01 15:30:00,raw/2ETF01_2025-10-01.json,65cf5fb24f66137e5e60f784386acb9fe5fdd82e0556b8992ff0c049f846b1a6,equity,069960,현대백화점,21,1858500,21.0,1858500.0,88500.0
2ETF01,2025-10-01,2025-09-30,20251001,2026.10.01 15:30:00,raw/2ETF01_2025-10-01.json,65cf5fb24f66137e5e60f784386acb9fe5fdd82e0556b8992ff0c049f846b1a6,equity,071050,한국금융지주,62,8990000,62.0,8990000.0,145000.0
2ETF01,2025-10-01,2025-09-30,20251001,2026.10.01 15:30:00,raw/2ETF01_2025-10-01.json,65cf5fb24f66137e5e60f784386acb9fe5fdd82e0556b8992ff0c049f846b1a6,equity,071320,지역난방공사,4,361200,4.0,361200.0,90300.0
2ETF01,2025-10-01,2025-09-30,20251001,2026.10.01 15:30:00,raw/2ETF01_2025-10-01.json,65cf5fb24f66137e5e60f784386acb9fe5fdd82e0556b8992ff0c049f846b1a6,equity,073240,금호타이어,239,1129275,239.0,1129275.0,4725.0
2ETF01,2025-10-01,2025-09-30,20251001,2026.10.01 15:30:00,raw/2ETF01_2025-10-01.json,65cf5fb24f66137e5e60f784386acb9fe5fdd82e0556b8992ff0c049f846b1a6,equity,078930,GS,68,3124600,68.0,3124600.0,45950.0
2ETF01,2025-10-01,2025-09-30,20251001,2026.10.01 15:30:00,raw/2ETF01_2025-10-01.json,65cf5fb24f66137e5e60f784386acb9fe5fdd82e0556b8992ff0c049f846b1a6,equity,079550,LIG넥스원,20,10260000,20.0,10260000.0,513000.0
2ETF01,2025-10-01,2025-09-30,20251001,2026.10.01 15:30:00,raw/2ETF01_2025-10-01.json,65cf5fb24f66137e5e60f784386acb9fe5fdd82e0556b8992ff0c049f846b1a6,equity,081660,미스토홀딩스,52,2004600,52.0,2004600.0,38550.0
2ETF01,2025-10-01,2025-09-30,20251001,2026.10.01 15:30:00,raw/2ETF01_2025-10-01.json,65cf5fb24f66137e5e60f784386acb9fe5fdd82e0556b8992ff0c049f846b1a6,equity,086280,현대글로비스,56,9262400,56.0,9262400.0,165400.0
2ETF01,2025-10-01,2025-09-30,20251001,2026.10.01 15:30:00,raw/2ETF01_2025-10-01.json,65cf5fb24f66137e5e60f784386acb9fe5fdd82e0556b8992ff0c049f846b1a6,equity,086790,하나금융지주,381,33223200,381.0,33223200.0,87200.0
2ETF01,2025-10-01,2025-09-30,20251001,2026.10.01 15:30:00,raw/2ETF01_2025-10-01.json,65cf5fb24f66137e5e60f784386acb9fe5fdd82e0556b8992ff0c049f846b1a6,equity,088350,한화생명,500,1572500,500.0,1572500.0,3145.0
2ETF01,2025-10-01,2025-09-30,20251001,2026.10.01 15:30:00,raw/2ETF01_2025-10-01.json,65cf5fb24f66137e5e60f784386acb9fe5fdd82e0556b8992ff0c049f846b1a6,equity,090430,아모레퍼시픽,47,5748100,47.0,5748100.0,122300.0
2ETF01,2025-10-01,2025-09-30,20251001,2026.10.01 15:30:00,raw/2ETF01_2025-10-01.json,65cf5fb24f66137e5e60f784386acb9fe5fdd82e0556b8992ff0c049f846b1a6,equity,093370,후성,83,482230,83.0,482230.0,5810.0
2ETF01,2025-10-01,2025-09-30,20251001,2026.10.01 15:30:00,raw/2ETF01_2025-10-01.json,65cf5fb24f66137e5e60f784386acb9fe5fdd82e0556b8992ff0c049f846b1a6,equity,096770,SK이노베이션,113,11356500,113.0,11356500.0,100500.0
2ETF01,2025-10-01,2025-09-30,20251001,2026.10.01 15:30:00,raw/2ETF01_2025-10-01.json,65cf5fb24f66137e5e60f784386acb9fe5fdd82e0556b8992ff0c049f846b1a6,equity,097950,CJ제일제당,12,2766000,12.0,2766000.0,230500.0
2ETF01,2025-10-01,2025-09-30,20251001,2026.10.01 15:30:00,raw/2ETF01_2025-10-01.json,65cf5fb24f66137e5e60f784386acb9fe5fdd82e0556b8992ff0c049f846b1a6,equity,103140,풍산,25,3117500,25.0,3117500.0,124700.0
2ETF01,2025-10-01,2025-09-30,20251001,2026.10.01 15:30:00,raw/2ETF01_2025-10-01.json,65cf5fb24f66137e5e60f784386acb9fe5fdd82e0556b8992ff0c049f846b1a6,equity,105560,KB금융,491,56710500,491.0,56710500.0,115500.0
2ETF01,2025-10-01,2025-09-30,20251001,2026.10.01 15:30:00,raw/2ETF01_2025-10-01.json,65cf5fb24f66137e5e60f784386acb9fe5fdd82e0556b8992ff0c049f846b1a6,equity,111770,영원무역,33,2141700,33.0,2141700.0,64900.0
2ETF01,2025-10-01,2025-09-30,20251001,2026.10.01 15:30:00,raw/2ETF01_2025-10-01.json,65cf5fb24f66137e5e60f784386acb9fe5fdd82e0556b8992ff0c049f846b1a6,equity,112610,씨에스윈드,36,1508400,36.0,1508400.0,41900.0
2ETF01,2025-10-01,2025-09-30,20251001,2026.10.01 15:30:00,raw/2ETF01_2025-10-01.json,65cf5fb24f66137e5e60f784386acb9fe5fdd82e0556b8992ff0c049f846b1a6,equity,114090,GKL,46,726800,46.0,726800.0,15800.0
2ETF01,2025-10-01,2025-09-30,20251001,2026.10.01 15:30:00,raw/2ETF01_2025-10-01.json,65cf5fb24f66137e5e60f784386acb9fe5fdd82e0556b8992ff0c049f846b1a6,equity,120110,코오롱인더,28,952000,28.0,952000.0,34000.0
2ETF01,2025-10-01,2025-09-30,20251001,2026.10.01 15:30:00,raw/2ETF01_2025-10-01.json,65cf5fb24f66137e5e60f784386acb9fe5fdd82e0556b8992ff0c049f846b1a6,equity,128940,한미약품,10,3670000,10.0,3670000.0,367000.0
2ETF01,2025-10-01,2025-09-30,20251001,2026.10.01 15:30:00,raw/2ETF01_2025-10-01.json,65cf5fb24f66137e5e60f784386acb9fe5fdd82e0556b8992ff0c049f846b1a6,equity,137310,에스디바이오센서,53,526290,53.0,526290.0,9930.0
2ETF01,2025-10-01,2025-09-30,20251001,2026.10.01 15:30:00,raw/2ETF01_2025-10-01.json,65cf5fb24f66137e5e60f784386acb9fe5fdd82e0556b8992ff0c049f846b1a6,equity,138040,메리츠금융지주,117,13279500,117.0,13279500.0,113500.0
2ETF01,2025-10-01,2025-09-30,20251001,2026.10.01 15:30:00,raw/2ETF01_2025-10-01.json,65cf5fb24f66137e5e60f784386acb9fe5fdd82e0556b8992ff0c049f846b1a6,equity,138930,BNK금융지주,391,5704690,391.0,5704690.0,14590.0
2ETF01,2025-10-01,2025-09-30,20251001,2026.10.01 15:30:00,raw/2ETF01_2025-10-01.json,65cf5fb24f66137e5e60f784386acb9fe5fdd82e0556b8992ff0c049f846b1a6,equity,139130,iM금융지주,211,2903360,211.0,2903360.0,13760.0
2ETF01,2025-10-01,2025-09-30,20251001,2026.10.01 15:30:00,raw/2ETF01_2025-10-01.json,65cf5fb24f66137e5e60f784386acb9fe5fdd82e0556b8992ff0c049f846b1a6,equity,139480,이마트,30,2265000,30.0,2265000.0,75500.0
2ETF01,2025-10-01,2025-09-30,20251001,2026.10.01 15:30:00,raw/2ETF01_2025-10-01.json,65cf5fb24f66137e5e60f784386acb9fe5fdd82e0556b8992ff0c049f846b1a6,equity,145720,덴티움,10,561000,10.0,561000.0,56100.0
2ETF01,2025-10-01,2025-09-30,20251001,2026.10.01 15:30:00,raw/2ETF01_2025-10-01.json,65cf5fb24f66137e5e60f784386acb9fe5fdd82e0556b8992ff0c049f846b1a6,equity,161390,한국타이어앤테크놀로지,109,4180150,109.0,4180150.0,38350.0
2ETF01,2025-10-01,2025-09-30,20251001,2026.10.01 15:30:00,raw/2ETF01_2025-10-01.json,65cf5fb24f66137e5e60f784386acb9fe5fdd82e0556b8992ff0c049f846b1a6,equity,161890,한국콜마,26,2022800,26.0,2022800.0,77800.0
2ETF01,2025-10-01,2025-09-30,20251001,2026.10.01 15:30:00,raw/2ETF01_2025-10-01.json,65cf5fb24f66137e5e60f784386acb9fe5fdd82e0556b8992ff0c049f846b1a6,equity,175330,JB금융지주,244,5599800,244.0,5599800.0,22950.0
2ETF01,2025-10-01,2025-09-30,20251001,2026.10.01 15:30:00,raw/2ETF01_2025-10-01.json,65cf5fb24f66137e5e60f784386acb9fe5fdd82e0556b8992ff0c049f846b1a6,equity,180640,한진칼,71,7135500,71.0,7135500.0,100500.0
2ETF01,2025-10-01,2025-09-30,20251001,2026.10.01 15:30:00,raw/2ETF01_2025-10-01.json,65cf5fb24f66137e5e60f784386acb9fe5fdd82e0556b8992ff0c049f846b1a6,equity,185750,종근당,12,985200,12.0,985200.0,82100.0
2ETF01,2025-10-01,2025-09-30,20251001,2026.10.01 15:30:00,raw/2ETF01_2025-10-01.json,65cf5fb24f66137e5e60f784386acb9fe5fdd82e0556b8992ff0c049f846b1a6,equity,192080,더블유게임즈,16,832000,16.0,832000.0,52000.0
2ETF01,2025-10-01,2025-09-30,20251001,2026.10.01 15:30:00,raw/2ETF01_2025-10-01.json,65cf5fb24f66137e5e60f784386acb9fe5fdd82e0556b8992ff0c049f846b1a6,equity,192820,코스맥스,12,2574000,12.0,2574000.0,214500.0
2ETF01,2025-10-01,2025-09-30,20251001,2026.10.01 15:30:00,raw/2ETF01_2025-10-01.json,65cf5fb24f66137e5e60f784386acb9fe5fdd82e0556b8992ff0c049f846b1a6,equity,204320,HL만도,49,1646400,49.0,1646400.0,33600.0
2ETF01,2025-10-01,2025-09-30,20251001,2026.10.01 15:30:00,raw/2ETF01_2025-10-01.json,65cf5fb24f66137e5e60f784386acb9fe5fdd82e0556b8992ff0c049f846b1a6,equity,207940,삼성바이오로직스,24,23928000,24.0,23928000.0,997000.0
2ETF01,2025-10-01,2025-09-30,20251001,2026.10.01 15:30:00,raw/2ETF01_2025-10-01.json,65cf5fb24f66137e5e60f784386acb9fe5fdd82e0556b8992ff0c049f846b1a6,equity,241560,두산밥캣,78,4329000,78.0,4329000.0,55500.0
2ETF01,2025-10-01,2025-09-30,20251001,2026.10.01 15:30:00,raw/2ETF01_2025-10-01.json,65cf5fb24f66137e5e60f784386acb9fe5fdd82e0556b8992ff0c049f846b1a6,equity,251270,넷마블,48,2961600,48.0,2961600.0,61700.0
2ETF01,2025-10-01,2025-09-30,20251001,2026.10.01 15:30:00,raw/2ETF01_2025-10-01.json,65cf5fb24f66137e5e60f784386acb9fe5fdd82e0556b8992ff0c049f846b1a6,equity,259960,크래프톤,44,12870000,44.0,12870000.0,292500.0
2ETF01,2025-10-01,2025-09-30,20251001,2026.10.01 15:30:00,raw/2ETF01_2025-10-01.json,65cf5fb24f66137e5e60f784386acb9fe5fdd82e0556b8992ff0c049f846b1a6,equity,267250,HD현대,68,10567200,68.0,10567200.0,155400.0
2ETF01,2025-10-01,2025-09-30,20251001,2026.10.01 15:30:00,raw/2ETF01_2025-10-01.json,65cf5fb24f66137e5e60f784386acb9fe5fdd82e0556b8992ff0c049f846b1a6,equity,267260,HD현대일렉트릭,34,19788000,34.0,19788000.0,582000.0
2ETF01,2025-10-01,2025-09-30,20251001,2026.10.01 15:30:00,raw/2ETF01_2025-10-01.json,65cf5fb24f66137e5e60f784386acb9fe5fdd82e0556b8992ff0c049f846b1a6,equity,268280,미원에스씨,1,137300,1.0,137300.0,137300.0
2ETF01,2025-10-01,2025-09-30,20251001,2026.10.01 15:30:00,raw/2ETF01_2025-10-01.json,65cf5fb24f66137e5e60f784386acb9fe5fdd82e0556b8992ff0c049f846b1a6,equity,271560,오리온,33,3418800,33.0,3418800.0,103600.0
2ETF01,2025-10-01,2025-09-30,20251001,2026.10.01 15:30:00,raw/2ETF01_2025-10-01.json,65cf5fb24f66137e5e60f784386acb9fe5fdd82e0556b8992ff0c049f846b1a6,equity,272210,한화시스템,106,6307000,106.0,6307000.0,59500.0
2ETF01,2025-10-01,2025-09-30,20251001,2026.10.01 15:30:00,raw/2ETF01_2025-10-01.json,65cf5fb24f66137e5e60f784386acb9fe5fdd82e0556b8992ff0c049f846b1a6,equity,278470,에이피알,37,9250000,37.0,9250000.0,250000.0
2ETF01,2025-10-01,2025-09-30,20251001,2026.10.01 15:30:00,raw/2ETF01_2025-10-01.json,65cf5fb24f66137e5e60f784386acb9fe5fdd82e0556b8992ff0c049f846b1a6,equity,280360,롯데웰푸드,3,345300,3.0,345300.0,115100.0
2ETF01,2025-10-01,2025-09-30,20251001,2026.10.01 15:30:00,raw/2ETF01_2025-10-01.json,65cf5fb24f66137e5e60f784386acb9fe5fdd82e0556b8992ff0c049f846b1a6,equity,282330,BGF리테일,12,1296000,12.0,1296000.0,108000.0
2ETF01,2025-10-01,2025-09-30,20251001,2026.10.01 15:30:00,raw/2ETF01_2025-10-01.json,65cf5fb24f66137e5e60f784386acb9fe5fdd82e0556b8992ff0c049f846b1a6,equity,285130,SK케미칼,15,868500,15.0,868500.0,57900.0
2ETF01,2025-10-01,2025-09-30,20251001,2026.10.01 15:30:00,raw/2ETF01_2025-10-01.json,65cf5fb24f66137e5e60f784386acb9fe5fdd82e0556b8992ff0c049f846b1a6,equity,298020,효성티앤씨,4,856000,4.0,856000.0,214000.0
2ETF01,2025-10-01,2025-09-30,20251001,2026.10.01 15:30:00,raw/2ETF01_2025-10-01.json,65cf5fb24f66137e5e60f784386acb9fe5fdd82e0556b8992ff0c049f846b1a6,equity,298040,효성중공업,7,9380000,7.0,9380000.0,1340000.0
2ETF01,2025-10-01,2025-09-30,20251001,2026.10.01 15:30:00,raw/2ETF01_2025-10-01.json,65cf5fb24f66137e5e60f784386acb9fe5fdd82e0556b8992ff0c049f846b1a6,equity,298050,HS효성첨단소재,4,720400,4.0,720400.0,180100.0
2ETF01,2025-10-01,2025-09-30,20251001,2026.10.01 15:30:00,raw/2ETF01_2025-10-01.json,65cf5fb24f66137e5e60f784386acb9fe5fdd82e0556b8992ff0c049f846b1a6,equity,300720,한일시멘트,24,459600,24.0,459600.0,19150.0
2ETF01,2025-10-01,2025-09-30,20251001,2026.10.01 15:30:00,raw/2ETF01_2025-10-01.json,65cf5fb24f66137e5e60f784386acb9fe5fdd82e0556b8992ff0c049f846b1a6,equity,302440,SK바이오사이언스,39,1825200,39.0,1825200.0,46800.0
2ETF01,2025-10-01,2025-09-30,20251001,2026.10.01 15:30:00,raw/2ETF01_2025-10-01.json,65cf5fb24f66137e5e60f784386acb9fe5fdd82e0556b8992ff0c049f846b1a6,equity,316140,우리금융지주,1024,26572800,1024.0,26572800.0,25950.0
2ETF01,2025-10-01,2025-09-30,20251001,2026.10.01 15:30:00,raw/2ETF01_2025-10-01.json,65cf5fb24f66137e5e60f784386acb9fe5fdd82e0556b8992ff0c049f846b1a6,equity,323410,카카오뱅크,513,12183750,513.0,12183750.0,23750.0
2ETF01,2025-10-01,2025-09-30,20251001,2026.10.01 15:30:00,raw/2ETF01_2025-10-01.json,65cf5fb24f66137e5e60f784386acb9fe5fdd82e0556b8992ff0c049f846b1a6,equity,326030,SK바이오팜,42,4258800,42.0,4258800.0,101400.0
2ETF01,2025-10-01,2025-09-30,20251001,2026.10.01 15:30:00,raw/2ETF01_2025-10-01.json,65cf5fb24f66137e5e60f784386acb9fe5fdd82e0556b8992ff0c049f846b1a6,equity,329180,HD현대중공업,34,17510000,34.0,17510000.0,515000.0
2ETF01,2025-10-01,2025-09-30,20251001,2026.10.01 15:30:00,raw/2ETF01_2025-10-01.json,65cf5fb24f66137e5e60f784386acb9fe5fdd82e0556b8992ff0c049f846b1a6,equity,352820,하이브,32,8512000,32.0,8512000.0,266000.0
2ETF01,2025-10-01,2025-09-30,20251001,2026.10.01 15:30:00,raw/2ETF01_2025-10-01.json,65cf5fb24f66137e5e60f784386acb9fe5fdd82e0556b8992ff0c049f846b1a6,equity,361610,SK아이이테크놀로지,44,1166000,44.0,1166000.0,26500.0
2ETF01,2025-10-01,2025-09-30,20251001,2026.10.01 15:30:00,raw/2ETF01_2025-10-01.json,65cf5fb24f66137e5e60f784386acb9fe5fdd82e0556b8992ff0c049f846b1a6,equity,373220,LG에너지솔루션,53,18417500,53.0,18417500.0,347500.0
2ETF01,2025-10-01,2025-09-30,20251001,2026.10.01 15:30:00,raw/2ETF01_2025-10-01.json,65cf5fb24f66137e5e60f784386acb9fe5fdd82e0556b8992ff0c049f846b1a6,equity,375500,DL이앤씨,45,1885500,45.0,1885500.0,41900.0
2ETF01,2025-10-01,2025-09-30,20251001,2026.10.01 15:30:00,raw/2ETF01_2025-10-01.json,65cf5fb24f66137e5e60f784386acb9fe5fdd82e0556b8992ff0c049f846b1a6,equity,377300,카카오페이,43,2313400,43.0,2313400.0,53800.0
2ETF01,2025-10-01,2025-09-30,20251001,2026.10.01 15:30:00,raw/2ETF01_2025-10-01.json,65cf5fb24f66137e5e60f784386acb9fe5fdd82e0556b8992ff0c049f846b1a6,equity,383220,F&F,21,1316700,21.0,1316700.0,62700.0
2ETF01,2025-10-01,2025-09-30,20251001,2026.10.01 15:30:00,raw/2ETF01_2025-10-01.json,65cf5fb24f66137e5e60f784386acb9fe5fdd82e0556b8992ff0c049f846b1a6,equity,402340,SK스퀘어,139,28008500,139.0,28008500.0,201500.0
2ETF01,2025-10-01,2025-09-30,20251001,2026.10.01 15:30:00,raw/2ETF01_2025-10-01.json,65cf5fb24f66137e5e60f784386acb9fe5fdd82e0556b8992ff0c049f846b1a6,equity,443060,HD현대마린솔루션,12,2520000,12.0,2520000.0,210000.0
2ETF01,2025-10-01,2025-09-30,20251001,2026.10.01 15:30:00,raw/2ETF01_2025-10-01.json,65cf5fb24f66137e5e60f784386acb9fe5fdd82e0556b8992ff0c049f846b1a6,equity,450080,에코프로머티,38,1797400,38.0,1797400.0,47300.0
2ETF01,2025-10-01,2025-09-30,20251001,2026.10.01 15:30:00,raw/2ETF01_2025-10-01.json,65cf5fb24f66137e5e60f784386acb9fe5fdd82e0556b8992ff0c049f846b1a6,equity,454910,두산로보틱스,29,1911100,29.0,1911100.0,65900.0
2ETF01,2025-10-01,2025-09-30,20251001,2026.10.01 15:30:00,raw/2ETF01_2025-10-01.json,65cf5fb24f66137e5e60f784386acb9fe5fdd82e0556b8992ff0c049f846b1a6,equity,456040,OCI,7,375900,7.0,375900.0,53700.0
2ETF01,2025-10-01,2025-09-30,20251001,2026.10.01 15:30:00,raw/2ETF01_2025-10-01.json,65cf5fb24f66137e5e60f784386acb9fe5fdd82e0556b8992ff0c049f846b1a6,equity,457190,이수스페셜티케미컬,31,1439950,31.0,1439950.0,46450.0
2ETF01,2025-10-01,2025-09-30,20251001,2026.10.01 15:30:00,raw/2ETF01_2025-10-01.json,65cf5fb24f66137e5e60f784386acb9fe5fdd82e0556b8992ff0c049f846b1a6,equity,489790,한화비전,52,2761200,52.0,2761200.0,53100.0
2ETF07,2025-10-01,2025-09-30,20251001,2026.10.01 15:30:00,raw/2ETF07_2025-10-01.json,300c524577ba5128ec1cac476092125fcedfd9bab5994d9cead71ab573b976fa,cash,KRD010010001,원화예금,5067388,5067388,5067388.0,5067388.0,1.0
2ETF07,2025-10-01,2025-09-30,20251001,2026.10.01 15:30:00,raw/2ETF07_2025-10-01.json,300c524577ba5128ec1cac476092125fcedfd9bab5994d9cead71ab573b976fa,equity,000660,SK하이닉스,1369,475727500,1369.0,475727500.0,347500.0
2ETF07,2025-10-01,2025-09-30,20251001,2026.10.01 15:30:00,raw/2ETF07_2025-10-01.json,300c524577ba5128ec1cac476092125fcedfd9bab5994d9cead71ab573b976fa,equity,000990,DB하이텍,1278,72590400,1278.0,72590400.0,56800.0
2ETF07,2025-10-01,2025-09-30,20251001,2026.10.01 15:30:00,raw/2ETF07_2025-10-01.json,300c524577ba5128ec1cac476092125fcedfd9bab5994d9cead71ab573b976fa,equity,005930,삼성전자,5560,466484000,5560.0,466484000.0,83900.0
2ETF07,2025-10-01,2025-09-30,20251001,2026.10.01 15:30:00,raw/2ETF07_2025-10-01.json,300c524577ba5128ec1cac476092125fcedfd9bab5994d9cead71ab573b976fa,equity,031980,피에스케이홀딩스,293,13346150,293.0,13346150.0,45550.0
2ETF07,2025-10-01,2025-09-30,20251001,2026.10.01 15:30:00,raw/2ETF07_2025-10-01.json,300c524577ba5128ec1cac476092125fcedfd9bab5994d9cead71ab573b976fa,equity,036540,SFA반도체,3043,12461085,3043.0,12461085.0,4095.0
2ETF07,2025-10-01,2025-09-30,20251001,2026.10.01 15:30:00,raw/2ETF07_2025-10-01.json,300c524577ba5128ec1cac476092125fcedfd9bab5994d9cead71ab573b976fa,equity,036930,주성엔지니어링,1302,40231800,1302.0,40231800.0,30900.0
2ETF07,2025-10-01,2025-09-30,20251001,2026.10.01 15:30:00,raw/2ETF07_2025-10-01.json,300c524577ba5128ec1cac476092125fcedfd9bab5994d9cead71ab573b976fa,equity,039030,이오테크닉스,344,80152000,344.0,80152000.0,233000.0
2ETF07,2025-10-01,2025-09-30,20251001,2026.10.01 15:30:00,raw/2ETF07_2025-10-01.json,300c524577ba5128ec1cac476092125fcedfd9bab5994d9cead71ab573b976fa,equity,042700,한미반도체,1713,165304500,1713.0,165304500.0,96500.0
2ETF07,2025-10-01,2025-09-30,20251001,2026.10.01 15:30:00,raw/2ETF07_2025-10-01.json,300c524577ba5128ec1cac476092125fcedfd9bab5994d9cead71ab573b976fa,equity,058470,리노공업,2037,104905500,2037.0,104905500.0,51500.0
2ETF07,2025-10-01,2025-09-30,20251001,2026.10.01 15:30:00,raw/2ETF07_2025-10-01.json,300c524577ba5128ec1cac476092125fcedfd9bab5994d9cead71ab573b976fa,equity,064760,티씨케이,240,42000000,240.0,42000000.0,175000.0
2ETF07,2025-10-01,2025-09-30,20251001,2026.10.01 15:30:00,raw/2ETF07_2025-10-01.json,300c524577ba5128ec1cac476092125fcedfd9bab5994d9cead71ab573b976fa,equity,067310,하나마이크론,1962,43458300,1962.0,43458300.0,22150.0
2ETF07,2025-10-01,2025-09-30,20251001,2026.10.01 15:30:00,raw/2ETF07_2025-10-01.json,300c524577ba5128ec1cac476092125fcedfd9bab5994d9cead71ab573b976fa,equity,080220,제주반도체,1246,22540140,1246.0,22540140.0,18090.0
2ETF07,2025-10-01,2025-09-30,20251001,2026.10.01 15:30:00,raw/2ETF07_2025-10-01.json,300c524577ba5128ec1cac476092125fcedfd9bab5994d9cead71ab573b976fa,equity,082270,젬백스,1296,65318400,1296.0,65318400.0,50400.0
2ETF07,2025-10-01,2025-09-30,20251001,2026.10.01 15:30:00,raw/2ETF07_2025-10-01.json,300c524577ba5128ec1cac476092125fcedfd9bab5994d9cead71ab573b976fa,equity,084370,유진테크,565,39493500,565.0,39493500.0,69900.0
2ETF07,2025-10-01,2025-09-30,20251001,2026.10.01 15:30:00,raw/2ETF07_2025-10-01.json,300c524577ba5128ec1cac476092125fcedfd9bab5994d9cead71ab573b976fa,equity,089030,테크윙,1290,75852000,1290.0,75852000.0,58800.0
2ETF07,2025-10-01,2025-09-30,20251001,2026.10.01 15:30:00,raw/2ETF07_2025-10-01.json,300c524577ba5128ec1cac476092125fcedfd9bab5994d9cead71ab573b976fa,equity,095340,ISC,418,32520400,418.0,32520400.0,77800.0
2ETF07,2025-10-01,2025-09-30,20251001,2026.10.01 15:30:00,raw/2ETF07_2025-10-01.json,300c524577ba5128ec1cac476092125fcedfd9bab5994d9cead71ab573b976fa,equity,098460,고영,2117,30590650,2117.0,30590650.0,14450.0
2ETF07,2025-10-01,2025-09-30,20251001,2026.10.01 15:30:00,raw/2ETF07_2025-10-01.json,300c524577ba5128ec1cac476092125fcedfd9bab5994d9cead71ab573b976fa,equity,101490,에스앤에스텍,670,33131500,670.0,33131500.0,49450.0
2ETF07,2025-10-01,2025-09-30,20251001,2026.10.01 15:30:00,raw/2ETF07_2025-10-01.json,300c524577ba5128ec1cac476092125fcedfd9bab5994d9cead71ab573b976fa,equity,108320,LX세미콘,448,24416000,448.0,24416000.0,54500.0
2ETF07,2025-10-01,2025-09-30,20251001,2026.10.01 15:30:00,raw/2ETF07_2025-10-01.json,300c524577ba5128ec1cac476092125fcedfd9bab5994d9cead71ab573b976fa,equity,131970,두산테스나,485,19327250,485.0,19327250.0,39850.0
2ETF07,2025-10-01,2025-09-30,20251001,2026.10.01 15:30:00,raw/2ETF07_2025-10-01.json,300c524577ba5128ec1cac476092125fcedfd9bab5994d9cead71ab573b976fa,equity,161580,필옵틱스,693,25952850,693.0,25952850.0,37450.0
2ETF07,2025-10-01,2025-09-30,20251001,2026.10.01 15:30:00,raw/2ETF07_2025-10-01.json,300c524577ba5128ec1cac476092125fcedfd9bab5994d9cead71ab573b976fa,equity,166090,하나머티리얼즈,431,17304650,431.0,17304650.0,40150.0
2ETF07,2025-10-01,2025-09-30,20251001,2026.10.01 15:30:00,raw/2ETF07_2025-10-01.json,300c524577ba5128ec1cac476092125fcedfd9bab5994d9cead71ab573b976fa,equity,183300,코미코,245,23863000,245.0,23863000.0,97400.0
2ETF07,2025-10-01,2025-09-30,20251001,2026.10.01 15:30:00,raw/2ETF07_2025-10-01.json,300c524577ba5128ec1cac476092125fcedfd9bab5994d9cead71ab573b976fa,equity,213420,덕산네오룩스,531,25063200,531.0,25063200.0,47200.0
2ETF07,2025-10-01,2025-09-30,20251001,2026.10.01 15:30:00,raw/2ETF07_2025-10-01.json,300c524577ba5128ec1cac476092125fcedfd9bab5994d9cead71ab573b976fa,equity,218410,RFHIC,676,20077200,676.0,20077200.0,29700.0
2ETF07,2025-10-01,2025-09-30,20251001,2026.10.01 15:30:00,raw/2ETF07_2025-10-01.json,300c524577ba5128ec1cac476092125fcedfd9bab5994d9cead71ab573b976fa,equity,222800,심텍,889,38138100,889.0,38138100.0,42900.0
2ETF07,2025-10-01,2025-09-30,20251001,2026.10.01 15:30:00,raw/2ETF07_2025-10-01.json,300c524577ba5128ec1cac476092125fcedfd9bab5994d9cead71ab573b976fa,equity,232140,와이씨,1619,21856500,1619.0,21856500.0,13500.0
2ETF07,2025-10-01,2025-09-30,20251001,2026.10.01 15:30:00,raw/2ETF07_2025-10-01.json,300c524577ba5128ec1cac476092125fcedfd9bab5994d9cead71ab573b976fa,equity,240810,원익IPS,1352,63544000,1352.0,63544000.0,47000.0
2ETF07,2025-10-01,2025-09-30,20251001,2026.10.01 15:30:00,raw/2ETF07_2025-10-01.json,300c524577ba5128ec1cac476092125fcedfd9bab5994d9cead71ab573b976fa,equity,281820,케이씨텍,391,15170800,391.0,15170800.0,38800.0
2ETF07,2025-10-01,2025-09-30,20251001,2026.10.01 15:30:00,raw/2ETF07_2025-10-01.json,300c524577ba5128ec1cac476092125fcedfd9bab5994d9cead71ab573b976fa,equity,319660,피에스케이,810,26527500,810.0,26527500.0,32750.0
2ETF07,2025-10-01,2025-09-30,20251001,2026.10.01 15:30:00,raw/2ETF07_2025-10-01.json,300c524577ba5128ec1cac476092125fcedfd9bab5994d9cead71ab573b976fa,equity,322000,HD현대에너지솔루션,212,9688400,212.0,9688400.0,45700.0
2ETF07,2025-10-01,2025-09-30,20251001,2026.10.01 15:30:00,raw/2ETF07_2025-10-01.json,300c524577ba5128ec1cac476092125fcedfd9bab5994d9cead71ab573b976fa,equity,323280,태성,815,21271500,815.0,21271500.0,26100.0
2ETF07,2025-10-01,2025-09-30,20251001,2026.10.01 15:30:00,raw/2ETF07_2025-10-01.json,300c524577ba5128ec1cac476092125fcedfd9bab5994d9cead71ab573b976fa,equity,348210,넥스틴,310,15345000,310.0,15345000.0,49500.0
2ETF07,2025-10-01,2025-09-30,20251001,2026.10.01 15:30:00,raw/2ETF07_2025-10-01.json,300c524577ba5128ec1cac476092125fcedfd9bab5994d9cead71ab573b976fa,equity,399720,가온칩스,248,11718000,248.0,11718000.0,47250.0
2ETF07,2025-10-01,2025-09-30,20251001,2026.10.01 15:30:00,raw/2ETF07_2025-10-01.json,300c524577ba5128ec1cac476092125fcedfd9bab5994d9cead71ab573b976fa,equity,403870,HPSP,1923,64901250,1923.0,64901250.0,33750.0
2ETF07,2025-10-01,2025-09-30,20251001,2026.10.01 15:30:00,raw/2ETF07_2025-10-01.json,300c524577ba5128ec1cac476092125fcedfd9bab5994d9cead71ab573b976fa,equity,440110,파두,1464,32354400,1464.0,32354400.0,22100.0
2ETF01,2025-10-02,2025-10-01,20251002,2026.10.01 15:30:00,raw/2ETF01_2025-10-02.json,f86eaf71ceca484d1cfb1397a736f65c824af7ff100be85257062d7c0d86ab2d,cash,KRD010010001,원화예금,5418156,5418156,5418156.0,5418156.0,1.0
2ETF01,2025-10-02,2025-10-01,20251002,2026.10.01 15:30:00,raw/2ETF01_2025-10-02.json,f86eaf71ceca484d1cfb1397a736f65c824af7ff100be85257062d7c0d86ab2d,equity,000080,하이트진로,47,894410,47.0,894410.0,19030.0
2ETF01,2025-10-02,2025-10-01,20251002,2026.10.01 15:30:00,raw/2ETF01_2025-10-02.json,f86eaf71ceca484d1cfb1397a736f65c824af7ff100be85257062d7c0d86ab2d,equity,000100,유한양행,91,10901800,91.0,10901800.0,119800.0
2ETF01,2025-10-02,2025-10-01,20251002,2026.10.01 15:30:00,raw/2ETF01_2025-10-02.json,f86eaf71ceca484d1cfb1397a736f65c824af7ff100be85257062d7c0d86ab2d,equity,000120,CJ대한통운,17,1424600,17.0,1424600.0,83800.0
2ETF01,2025-10-02,2025-10-01,20251002,2026.10.01 15:30:00,raw/2ETF01_2025-10-02.json,f86eaf71ceca484d1cfb1397a736f65c824af7ff100be85257062d7c0d86ab2d,equity,000150,두산,11,6182000,11.0,6182000.0,562000.0
2ETF01,2025-10-02,2025-10-01,20251002,2026.10.01 15:30:00,raw/2ETF01_2025-10-02.json,f86eaf71ceca484d1cfb1397a736f65c824af7ff100be85257062d7c0d86ab2d,equity,000210,DL,16,566400,16.0,566400.0,35400.0
2ETF01,2025-10-02,2025-10-01,20251002,2026.10.01 15:30:00,raw/2ETF01_2025-10-02.json,f86eaf71ceca484d1cfb1397a736f65c824af7ff100be85257062d7c0d86ab2d,equity,000240,한국앤컴퍼니,36,824400,36.0,824400.0,22900.0
2ETF01,2025-10-02,2025-10-01,20251002,2026.10.01 15:30:00,raw/2ETF01_2025-10-02.json,f86eaf71ceca484d1cfb1397a736f65c824af7ff100be85257062d7c0d86ab2d,equity,000270,기아,371,37322600,371.0,37322600.0,100600.0
2ETF01,2025-10-02,2025-10-01,20251002,2026.10.01 15:30:00,raw/2ETF01_2025-10-02.json,f86eaf71ceca484d1cfb1397a736f65c824af7ff100be85257062d7c0d86ab2d,equity,000660,SK하이닉스,851,306360000,851.0,306360000.0,360000.0
2ETF01,2025-10-02,2025-10-01,20251002,2026.10.01 15:30:00,raw/2ETF01_2025-10-02.json,f86eaf71ceca484d1cfb1397a736f65c824af7ff100be85257062d7c0d86ab2d,equity,000670,영풍,8,368000,8.0,368000.0,46000.0
2ETF01,2025-10-02,2025-10-01,20251002,2026.10.01 15:30:00,raw/2ETF01_2025-10-02.json,f86eaf71ceca484d1cfb1397a736f65c824af7ff100be85257062d7c0d86ab2d,equity,000720,현대건설,111,6238200,111.0,6238200.0,56200.0
2ETF01,2025-10-02,2025-10-01,20251002,2026.10.01 15:30:00,raw/2ETF01_2025-10-02.json,f86eaf71ceca484d1cfb1397a736f65c824af7ff100be85257062d7c0d86ab2d,equity,000810,삼성화재,46,20769000,46.0,20769000.0,451500.0
2ETF01,2025-10-02,2025-10-01,20251002,2026.10.01 15:30:00,raw/2ETF01_2025-10-02.json,f86eaf71ceca484d1cfb1397a736f65c824af7ff100be85257062d7c0d86ab2d,equity,000880,한화,42,3561600,42.0,3561600.0,84800.0
2ETF01,2025-10-02,2025-10-01,20251002,2026.10.01 15:30:00,raw/2ETF01_2025-10-02.json,f86eaf71ceca484d1cfb1397a736f65c824af7ff100be85257062d7c0d86ab2d,equity,001040,CJ,21,3822000,21.0,3822000.0,182000.0
2ETF01,2025-10-02,2025-10-01,20251002,2026.10.01 15:30:00,raw/2ETF01_2025-10-02.json,f86eaf71ceca484d1cfb1397a736f65c824af7ff100be85257062d7c0d86ab2d,equity,001430,세아베스틸지주,18,451800,18.0,451800.0,25100.0
2ETF01,2025-10-02,2025-10-01,20251002,2026.10.01 15:30:00,raw/2ETF01_2025-10-02.json,f86eaf71ceca484d1cfb1397a736f65c824af7ff100be85257062d7c0d86ab2d,equity,001440,대한전선,170,2635000,170.0,2635000.0,15500.0
2ETF01,2025-10-02,2025-10-01,20251002,2026.10.01 15:30:00,raw/2ETF01_2025-10-02.json,f86eaf71ceca484d1cfb1397a736f65c824af7ff100be85257062d7c0d86ab2d,equity,001450,현대해상,91,2529800,91.0,2529800.0,27800.0
2ETF01,2025-10-02,2025-10-01,20251002,2026.10.01 15:30:00,raw/2ETF01_2025-10-02.json,f86eaf71ceca484d1cfb1397a736f65c824af7ff100be85257062d7c0d86ab2d,equity,001680,대상,29,636550,29.0,636550.0,21950.0
2ETF01,2025-10-02,2025-10-01,20251002,2026.10.01 15:30:00,raw/2ETF01_2025-10-02.json,f86eaf71ceca484d1cfb1397a736f65c824af7ff100be85257062d7c0d86ab2d,equity,001800,오리온홀딩스,31,620000,31.0,620000.0,20000.0
2ETF01,2025-10-02,2025-10-01,20251002,2026.10.01 15:30:00,raw/2ETF01_2025-10-02.json,f86eaf71ceca484d1cfb1397a736f65c824af7ff100be85257062d7c0d86ab2d,equity,002380,KCC,6,2232000,6.0,2232000.0,372000.0
2ETF01,2025-10-02,2025-10-01,20251002,2026.10.01 15:30:00,raw/2ETF01_2025-10-02.json,f86eaf71ceca484d1cfb1397a736f65c824af7ff100be85257062d7c0d86ab2d,equity,002710,TCC스틸,27,424170,27.0,424170.0,15710.0
2ETF01,2025-10-02,2025-10-01,20251002,2026.10.01 15:30:00,raw/2ETF01_2025-10-02.json,f86eaf71ceca484d1cfb1397a736f65c824af7ff100be85257062d7c0d86ab2d,equity,002790,아모레퍼시픽홀딩스,39,1037400,39.0,1037400.0,26600.0
2ETF01,2025-10-02,2025-10-01,20251002,2026.10.01 15:30:00,raw/2ETF01_2025-10-02.json,f86eaf71ceca484d1cfb1397a736f65c824af7ff100be85257062d7c0d86ab2d,equity,002840,미원상사,2,307800,2.0,307800.0,153900.0
2ETF01,2025-10-02,2025-10-01,20251002,2026.10.01 15:30:00,raw/2ETF01_2025-10-02.json,f86eaf71ceca484d1cfb1397a736f65c824af7ff100be85257062d7c0d86ab2d,equity,003030,세아제강지주,2,311600,2.0,311600.0,155800.0
2ETF01,2025-10-02,2025-10-01,20251002,2026.10.01 15:30:00,raw/2ETF01_2025-10-02.json,f86eaf71ceca484d1cfb1397a736f65c824af7ff100be85257062d7c0d86ab2d,equity,003090,대웅,29,633650,29.0,633650.0,21850.0
2ETF01,2025-10-02,2025-10-01,20251002,2026.10.01 15:30:00,raw/2ETF01_2025-10-02.json,f86eaf71ceca484d1cfb1397a736f65c824af7ff100be85257062d7c0d86ab2d,equity,003230,삼양식품,6,9348000,6.0,9348000.0,1558000.0
2ETF01,2025-10-02,2025-10-01,20251002,2026.10.01 15:30:00,raw/2ETF01_2025-10-02.json,f86eaf71ceca484d1cfb1397a736f65c824af7ff100be85257062d7c0d86ab2d,equity,003240,태광산업,1,844000,1.0,844000.0,844000.0
2ETF01,2025-10-02,2025-10-01,20251002,2026.10.01 15:30:00,raw/2ETF01_2025-10-02.json,f86eaf71ceca484d1cfb1397a736f65c824af7ff100be85257062d7c0d86ab2d,equity,003490,대한항공,385,8739500,385.0,8739500.0,22700.0
2ETF01,2025-10-02,2025-10-01,20251002,2026.10.01 15:30:00,raw/2ETF01_2025-10-02.json,f86eaf71ceca484d1cfb1397a736f65c824af7ff100be85257062d7c0d86ab2d,equity,003550,LG,141,10053300,141.0,10053300.0,71300.0
2ETF01,2025-10-02,2025-10-01,20251002,2026.10.01 15:30:00,raw/2ETF01_2025-10-02.json,f86eaf71ceca484d1cfb1397a736f65c824af7ff100be85257062d7c0d86ab2d,equity,003620,KG모빌리티,135,446850,135.0,446850.0,3310.0
2ETF01,2025-10-02,2025-10-01,20251002,2026.10.01 15:30:00,raw/2ETF01_2025-10-02.json,f86eaf71ceca484d1cfb1397a736f65c824af7ff100be85257062d7c0d86ab2d,equity,003670,포스코퓨처엠,47,6932500,47.0,6932500.0,147500.0
2ETF01,2025-10-02,2025-10-01,20251002,2026.10.01 15:30:00,raw/2ETF01_2025-10-02.json,f86eaf71ceca484d1cfb1397a736f65c824af7ff100be85257062d7c0d86ab2d,equity,004000,롯데정밀화학,22,1016400,22.0,1016400.0,46200.0
2ETF01,2025-10-02,2025-10-01,20251002,2026.10.01 15:30:00,raw/2ETF01_2025-10-02.json,f86eaf71ceca484d1cfb1397a736f65c824af7ff100be85257062d7c0d86ab2d,equity,004020,현대제철,127,4210050,127.0,4210050.0,33150.0
2ETF01,2025-10-02,2025-10-01,20251002,2026.10.01 15:30:00,raw/2ETF01_2025-10-02.json,f86eaf71ceca484d1cfb1397a736f65c824af7ff100be85257062d7c0d86ab2d,equity,004170,신세계,10,1833000,10.0,1833000.0,183300.0
2ETF01,2025-10-02,2025-10-01,20251002,2026.10.01 15:30:00,raw/2ETF01_2025-10-02.json,f86eaf71ceca484d1cfb1397a736f65c824af7ff100be85257062d7c0d86ab2d,equity,004370,농심,5,2227500,5.0,2227500.0,445500.0
2ETF01,2025-10-02,2025-10-01,20251002,2026.10.01 15:30:00,raw/2ETF01_2025-10-02.json,f86eaf71ceca484d1cfb1397a736f65c824af7ff100be85257062d7c0d86ab2d,equity,004490,세방전지,12,778800,12.0,778800.0,64900.0
2ETF01,2025-10-02,2025-10-01,20251002,2026.10.01 15:30:00,raw/2ETF01_2025-10-02.json,f86eaf71ceca484d1cfb1397a736f65c824af7ff100be85257062d7c0d86ab2d,equity,004990,롯데지주,45,1275750,45.0,1275750.0,28350.0
2ETF01,2025-10-02,2025-10-01,20251002,2026.10.01 15:30:00,raw/2ETF01_2025-10-02.json,f86eaf71ceca484d1cfb1397a736f65c824af7ff100be85257062d7c0d86ab2d,equity,005250,녹십자홀딩스,33,515790,33.0,515790.0,15630.0
2ETF01,2025-10-02,2025-10-01,20251002,2026.10.01 15:30:00,raw/2ETF01_2025-10-02.json,f86eaf71ceca484d1cfb1397a736f65c824af7ff100be85257062d7c0d86ab2d,equity,005300,롯데칠성,5,571000,5.0,571000.0,114200.0
2ETF01,2025-10-02,2025-10-01,20251002,2026.10.01 15:30:00,raw/2ETF01_2025-10-02.json,f86eaf71ceca484d1cfb1397a736f65c824af7ff100be85257062d7c0d86ab2d,equity,005380,현대차,205,44177500,205.0,44177500.0,215500.0
2ETF01,2025-10-02,2025-10-01,20251002,2026.10.01 15:30:00,raw/2ETF01_2025-10-02.json,f86eaf71ceca484d1cfb1397a736f65c824af7ff100be85257062d7c0d86ab2d,equity,005420,코스모화학,38,558600,38.0,558600.0,14700.0
2ETF01,2025-10-02,2025-10-01,20251002,2026.10.01 15:30:00,raw/2ETF01_2025-10-02.json,f86eaf71ceca484d1cfb1397a736f65c824af7ff100be85257062d7c0d86ab2d,equity,005490,POSCO홀딩스,104,28600000,104.0,28600000.0,275000.0
2ETF01,2025-10-02,2025-10-01,20251002,2026.10.01 15:30:00,raw/2ETF01_2025-10-02.json,f86eaf71ceca484d1cfb1397a736f65c824af7ff100be85257062d7c0d86ab2d,equity,005830,DB손해보험,67,9138800,67.0,9138800.0,136400.0
2ETF01,2025-10-02,2025-10-01,20251002,2026.10.01 15:30:00,raw/2ETF01_2025-10-02.json,f86eaf71ceca484d1cfb1397a736f65c824af7ff100be85257062d7c0d86ab2d,equity,005850,에스엘,24,814800,24.0,814800.0,33950.0
2ETF01,2025-10-02,2025-10-01,20251002,2026.10.01 15:30:00,raw/2ETF01_2025-10-02.json,f86eaf71ceca484d1cfb1397a736f65c824af7ff100be85257062d7c0d86ab2d,equity,005930,삼성전자,7098,610428000,7098.0,610428000.0,86000.0
2ETF01,2025-10-02,2025-10-01,20251002,2026.10.01 15:30:00,raw/2ETF01_2025-10-02.json,f86eaf71ceca484d1cfb1397a736f65c824af7ff100be85257062d7c0d86ab2d,equity,005940,NH투자증권,221,4258670,221.0,4258670.0,19270.0
2ETF01,2025-10-02,2025-10-01,20251002,2026.10.01 15:30:00,raw/2ETF01_2025-10-02.json,f86eaf71ceca484d1cfb1397a736f65c824af7ff100be85257062d7c0d86ab2d,equity,006040,동원산업,6,269700,6.0,269700.0,44950.0
2ETF01,2025-10-02,2025-10-01,20251002,2026.10.01 15:30:00,raw/2ETF01_2025-10-02.json,f86eaf71ceca484d1cfb1397a736f65c824af7ff100be85257062d7c0d86ab2d,equity,006260,LS,26,4342000,26.0,4342000.0,167000.0
2ETF01,2025-10-02,2025-10-01,20251002,2026.10.01 15:30:00,raw/2ETF01_2025-10-02.json,f86eaf71ceca484d1cfb1397a736f65c824af7ff100be85257062d7c0d86ab2d,equity,006280,녹십자,8,1034400,8.0,1034400.0,129300.0
2ETF01,2025-10-02,2025-10-01,20251002,2026.10.01 15:30:00,raw/2ETF01_2025-10-02.json,f86eaf71ceca484d1cfb1397a736f65c824af7ff100be85257062d7c0d86ab2d,equity,006360,GS건설,97,1794500,97.0,1794500.0,18500.0
2ETF01,2025-10-02,2025-10-01,20251002,2026.10.01 15:30:00,raw/2ETF01_2025-10-02.json,f86eaf71ceca484d1cfb1397a736f65c824af7ff100be85257062d7c0d86ab2d,equity,006400,삼성SDI,92,18768000,92.0,18768000.0,204000.0
2ETF01,2025-10-02,2025-10-01,20251002,2026.10.01 15:30:00,raw/2ETF01_2025-10-02.json,f86eaf71ceca484d1cfb1397a736f65c824af7ff100be85257062d7c0d86ab2d,equity,006650,대한유화,5,571000,5.0,571000.0,114200.0
2ETF01,2025-10-02,2025-10-01,20251002,2026.10.01 15:30:00,raw/2ETF01_2025-10-02.json,f86eaf71ceca484d1cfb1397a736f65c824af7ff100be85257062d7c0d86ab2d,equity,006800,미래에셋증권,415,8715000,415.0,8715000.0,21000.0
2ETF01,2025-10-02,2025-10-01,20251002,2026.10.01 15:30:00,raw/2ETF01_2025-10-02.json,f86eaf71ceca484d1cfb1397a736f65c824af7ff100be85257062d7c0d86ab2d,equity,007070,GS리테일,51,901680,51.0,901680.0,17680.0
2ETF01,2025-10-02,2025-10-01,20251002,2026.10.01 15:30:00,raw/2ETF01_2025-10-02.json,f86eaf71ceca484d1cfb1397a736f65c824af7ff100be85257062d7c0d86ab2d,equity,007310,오뚜기,2,819000,2.0,819000.0,409500.0
2ETF01,2025-10-02,2025-10-01,20251002,2026.10.01 15:30:00,raw/2ETF01_2025-10-02.json,f86eaf71ceca484d1cfb1397a736f65c824af7ff100be85257062d7c0d86ab2d,equity,007340,DN오토모티브,31,705250,31.0,705250.0,22750.0
2ETF01,2025-10-02,2025-10-01,20251002,2026.10.01 15:30:00,raw/2ETF01_2025-10-02.json,f86eaf71ceca484d1cfb1397a736f65c824af7ff100be85257062d7c0d86ab2d,equity,008730,율촌화학,16,469600,16.0,469600.0,29350.0
2ETF01,2025-10-02,2025-10-01,20251002,2026.10.01 15:30:00,raw/2ETF01_2025-10-02.json,f86eaf71ceca484d1cfb1397a736f65c824af7ff100be85257062d7c0d86ab2d,equity,008770,호텔신라,46,2286200,46.0,2286200.0,49700.0
2ETF01,2025-10-02,2025-10-01,20251002,2026.10.01 15:30:00,raw/2ETF01_2025-10-02.json,f86eaf71ceca484d1cfb1397a736f65c824af7ff100be85257062d7c0d86ab2d,equity,008930,한미사이언스,42,1612800,42.0,1612800.0,38400.0
2ETF01,2025-10-02,2025-10-01,20251002,2026.10.01 15:30:00,raw/2ETF01_2025-10-02.json,f86eaf71ceca484d1cfb1397a736f65c824af7ff100be85257062d7c0d86ab2d,equity,009150,삼성전기,84,16237200,84.0,16237200.0,193300.0
2ETF01,2025-10-02,2025-10-01,20251002,2026.10.01 15:30:00,raw/2ETF01_2025-10-02.json,f86eaf71ceca484d1cfb1397a736f65c824af7ff100be85257062d7c0d86ab2d,equity,009240,한샘,12,525000,12.0,525000.0,43750.0
2ETF01,2025-10-02,2025-10-01,20251002,2026.10.01 15:30:00,raw/2ETF01_2025-10-02.json,f86eaf71ceca484d1cfb1397a736f65c824af7ff100be85257062d7c0d86ab2d,equity,009420,한올바이오파마,54,1800900,54.0,1800900.0,33350.0
2ETF01,2025-10-02,2025-10-01,20251002,2026.10.01 15:30:00,raw/2ETF01_2025-10-02.json,f86eaf71ceca484d1cfb1397a736f65c824af7ff100be85257062d7c0d86ab2d,equity,009540,HD한국조선해양,71,29429500,71.0,29429500.0,414500.0
2ETF01,2025-10-02,2025-10-01,20251002,2026.10.01 15:30:00,raw/2ETF01_2025-10-02.json,f86eaf71ceca484d1cfb1397a736f65c824af7ff100be85257062d7c0d86ab2d,equity,009830,한화솔루션,164,4641200,164.0,4641200.0,28300.0
2ETF01,2025-10-02,2025-10-01,20251002,2026.10.01 15:30:00,raw/2ETF01_2025-10-02.json,f86eaf71ceca484d1cfb1397a736f65c824af7ff100be85257062d7c0d86ab2d,equity,009970,영원무역홀딩스,8,1086400,8.0,1086400.0,135800.0
2ETF01,2025-10-02,2025-10-01,20251002,2026.10.01 15:30:00,raw/2ETF01_2025-10-02.json,f86eaf71ceca484d1cfb1397a736f65c824af7ff100be85257062d7c0d86ab2d,equity,010060,OCI홀딩스,20,1696000,20.0,1696000.0,84800.0
2ETF01,2025-10-02,2025-10-01,20251002,2026.10.01 15:30:00,raw/2ETF01_2025-10-02.json,f86eaf71ceca484d1cfb1397a736f65c824af7ff100be85257062d7c0d86ab2d,equity,010120,LS ELECTRIC,24,6936000,24.0,6936000.0,289000.0
2ETF01,2025-10-02,2025-10-01,20251002,2026.10.01 15:30:00,raw/2ETF01_2025-10-02.json,f86eaf71ceca484d1cfb1397a736f65c824af7ff100be85257062d7c0d86ab2d,equity,010130,고려아연,9,8271000,9.0,8271000.0,919000.0
2ETF01,2025-10-02,2025-10-01,20251002,2026.10.01 15:30:00,raw/2ETF01_2025-10-02.json,f86eaf71ceca484d1cfb1397a736f65c824af7ff100be85257062d7c0d86ab2d,equity,010140,삼성중공업,1000,21850000,1000.0,21850000.0,21850.0
2ETF01,2025-10-02,2025-10-01,20251002,2026.10.01 15:30:00,raw/2ETF01_2025-10-02.json,f86eaf71ceca484d1cfb1397a736f65c824af7ff100be85257062d7c0d86ab2d,equity,010620,HD현대미포,34,7089000,34.0,7089000.0,208500.0
2ETF01,2025-10-02,2025-10-01,20251002,2026.10.01 15:30:00,raw/2ETF01_2025-10-02.json,f86eaf71ceca484d1cfb1397a736f65c824af7ff100be85257062d7c0d86ab2d,equity,010950,S-Oil,63,3931200,63.0,3931200.0,62400.0
2ETF01,2025-10-02,2025-10-01,20251002,2026.10.01 15:30:00,raw/2ETF01_2025-10-02.json,f86eaf71ceca484d1cfb1397a736f65c824af7ff100be85257062d7c0d86ab2d,equity,011070,LG이노텍,22,4147000,22.0,4147000.0,188500.0
2ETF01,2025-10-02,2025-10-01,20251002,2026.10.01 15:30:00,raw/2ETF01_2025-10-02.json,f86eaf71ceca484d1cfb1397a736f65c824af7ff100be85257062d7c0d86ab2d,equity,011170,롯데케미칼,27,1833300,27.0,1833300.0,67900.0
2ETF01,2025-10-02,2025-10-01,20251002,2026.10.01 15:30:00,raw/2ETF01_2025-10-02.json,f86eaf71ceca484d1cfb1397a736f65c824af7ff100be85257062d7c0d86ab2d,equity,011200,HMM,513,10260000,513.0,10260000.0,20000.0
2ETF01,2025-10-02,2025-10-01,20251002,2026.10.01 15:30:00,raw/2ETF01_2025-10-02.json,f86eaf71ceca484d1cfb1397a736f65c824af7ff100be85257062d7c0d86ab2d,equity,011210,현대위아,23,1108600,23.0,1108600.0,48200.0
2ETF01,2025-10-02,2025-10-01,20251002,2026.10.01 15:30:00,raw/2ETF01_2025-10-02.json,f86eaf71ceca484d1cfb1397a736f65c824af7ff100be85257062d7c0d86ab2d,equity,011780,금호석유화학,23,2454100,23.0,2454100.0,106700.0
2ETF01,2025-10-02,2025-10-01,20251002,2026.10.01 15:30:00,raw/2ETF01_2025-10-02.json,f86eaf71ceca484d1cfb1397a736f65c824af7ff100be85257062d7c0d86ab2d,equity,011790,SKC,30,3063000,30.0,3063000.0,102100.0
2ETF01,2025-10-02,2025-10-01,20251002,2026.10.01 15:30:00,raw/2ETF01_2025-10-02.json,f86eaf71ceca484d1cfb1397a736f65c824af7ff100be85257062d7c0d86ab2d,equity,012330,현대모비스,95,28072500,95.0,28072500.0,295500.0
2ETF01,2025-10-02,2025-10-01,20251002,2026.10.01 15:30:00,raw/2ETF01_2025-10-02.json,f86eaf71ceca484d1cfb1397a736f65c824af7ff100be85257062d7c0d86ab2d,equity,012450,한화에어로스페이스,53,58247000,53.0,58247000.0,1099000.0
2ETF01,2025-10-02,2025-10-01,20251002,2026.10.01 15:30:00,raw/2ETF01_2025-10-02.json,f86eaf71ceca484d1cfb1397a736f65c824af7ff100be85257062d7c0d86ab2d,equity,012630,HDC,39,668460,39.0,668460.0,17140.0
2ETF01,2025-10-02,2025-10-01,20251002,2026.10.01 15:30:00,raw/2ETF01_2025-10-02.json,f86eaf71ceca484d1cfb1397a736f65c824af7ff100be85257062d7c0d86ab2d,equity,012750,에스원,37,3052500,37.0,3052500.0,82500.0
2ETF01,2025-10-02,2025-10-01,20251002,2026.10.01 15:30:00,raw/2ETF01_2025-10-02.json,f86eaf71ceca484d1cfb1397a736f65c824af7ff100be85257062d7c0d86ab2d,equity,014680,한솔케미칼,13,2775500,13.0,2775500.0,213500.0
2ETF01,2025-10-02,2025-10-01,20251002,2026.10.01 15:30:00,raw/2ETF01_2025-10-02.json,f86eaf71ceca484d1cfb1397a736f65c824af7ff100be85257062d7c0d86ab2d,equity,014820,동원시스템즈,8,214400,8.0,214400.0,26800.0
2ETF01,2025-10-02,2025-10-01,20251002,2026.10.01 15:30:00,raw/2ETF01_2025-10-02.json,f86eaf71ceca484d1cfb1397a736f65c824af7ff100be85257062d7c0d86ab2d,equity,015760,한국전력,477,16957350,477.0,16957350.0,35550.0
2ETF01,2025-10-02,2025-10-01,20251002,2026.10.01 15:30:00,raw/2ETF01_2025-10-02.json,f86eaf71ceca484d1cfb1397a736f65c824af7ff100be85257062d7c0d86ab2d,equity,016360,삼성증권,92,6550400,92.0,6550400.0,71200.0
2ETF01,2025-10-02,2025-10-01,20251002,2026.10.01 15:30:00,raw/2ETF01_2025-10-02.json,f86eaf71ceca484d1cfb1397a736f65c824af7ff100be85257062d7c0d86ab2d,equity,017670,SK텔레콤,225,12240000,225.0,12240000.0,54400.0
2ETF01,2025-10-02,2025-10-01,20251002,2026.10.01 15:30:00,raw/2ETF01_2025-10-02.json,f86eaf71ceca484d1cfb1397a736f65c824af7ff100be85257062d7c0d86ab2d,equity,017800,현대엘리베이터,39,3069300,39.0,3069300.0,78700.0
2ETF01,2025-10-02,2025-10-01,20251002,2026.10.01 15:30:00,raw/2ETF01_2025-10-02.json,f86eaf71ceca484d1cfb1397a736f65c824af7ff100be85257062d7c0d86ab2d,equity,017960,한국카본,49,1675800,49.0,1675800.0,34200.0
2ETF01,2025-10-02,2025-10-01,20251002,2026.10.01 15:30:00,raw/2ETF01_2025-10-02.json,f86eaf71ceca484d1cfb1397a736f65c824af7ff100be85257062d7c0d86ab2d,equity,018260,삼성에스디에스,57,9496200,57.0,9496200.0,166600.0
2ETF01,2025-10-02,2025-10-01,20251002,2026.10.01 15:30:00,raw/2ETF01_2025-10-02.json,f86eaf71ceca484d1cfb1397a736f65c824af7ff100be85257062d7c0d86ab2d,equity,018880,한온시스템,247,754585,247.0,754585.0,3055.0
2ETF01,2025-10-02,2025-10-01,20251002,2026.10.01 15:30:00,raw/2ETF01_2025-10-02.json,f86eaf71ceca484d1cfb1397a736f65c824af7ff100be85257062d7c0d86ab2d,equity,021240,코웨이,83,8150600,83.0,8150600.0,98200.0
2ETF01,2025-10-02,2025-10-01,20251002,2026.10.01 15:30:00,raw/2ETF01_2025-10-02.json,f86eaf71ceca484d1cfb1397a736f65c824af7ff100be85257062d7c0d86ab2d,equity,022100,포스코DX,76,1580800,76.0,1580800.0,20800.0
2ETF01,2025-10-02,2025-10-01,20251002,2026.10.01 15:30:00,raw/2ETF01_2025-10-02.json,f86eaf71ceca484d1cfb1397a736f65c824af7ff100be85257062d7c0d86ab2d,equity,023530,롯데쇼핑,15,1047000,15.0,1047000.0,69800.0
2ETF01,2025-10-02,2025-10-01,20251002,2026.10.01 15:30:00,raw/2ETF01_2025-10-02.json,f86eaf71ceca484d1cfb1397a736f65c824af7ff100be85257062d7c0d86ab2d,equity,024110,기업은행,411,7903530,411.0,7903530.0,19230.0
2ETF01,2025-10-02,2025-10-01,20251002,2026.10.01 15:30:00,raw/2ETF01_2025-10-02.json,f86eaf71ceca484d1cfb1397a736f65c824af7ff100be85257062d7c0d86ab2d,equity,026960,동서,47,1269000,47.0,1269000.0,27000.0
2ETF01,2025-10-02,2025-10-01,20251002,2026.10.01 15:30:00,raw/2ETF01_2025-10-02.json,f86eaf71ceca484d1cfb1397a736f65c824af7ff100be85257062d7c0d86ab2d,equity,028050,삼성E&A,238,6449800,238.0,6449800.0,27100.0
2ETF01,2025-10-02,2025-10-01,20251002,2026.10.01 15:30:00,raw/2ETF01_2025-10-02.json,f86eaf71ceca484d1cfb1397a736f65c824af7ff100be85257062d7c0d86ab2d,equity,028260,삼성물산,152,28652000,152.0,28652000.0,188500.0
2ETF01,2025-10-02,2025-10-01,20251002,2026.10.01 15:30:00,raw/2ETF01_2025-10-02.json,f86eaf71ceca484d1cfb1397a736f65c824af7ff100be85257062d7c0d86ab2d,equity,028670,팬오션,340,1281800,340.0,1281800.0,3770.0
2ETF01,2025-10-02,2025-10-01,20251002,2026.10.01 15:30:00,raw/2ETF01_2025-10-02.json,f86eaf71ceca484d1cfb1397a736f65c824af7ff100be85257062d7c0d86ab2d,equity,029780,삼성카드,40,2028000,40.0,2028000.0,50700.0
2ETF01,2025-10-02,2025-10-01,20251002,2026.10.01 15:30:00,raw/2ETF01_2025-10-02.json,f86eaf71ceca484d1cfb1397a736f65c824af7ff100be85257062d7c0d86ab2d,equity,030000,제일기획,105,2115750,105.0,2115750.0,20150.0
2ETF01,2025-10-02,2025-10-01,20251002,2026.10.01 15:30:00,raw/2ETF01_2025-10-02.json,f86eaf71ceca484d1cfb1397a736f65c824af7ff100be85257062d7c0d86ab2d,equity,030200,KT,332,16766000,332.0,16766000.0,50500.0
2ETF01,2025-10-02,2025-10-01,20251002,2026.10.01 15:30:00,raw/2ETF01_2025-10-02.json,f86eaf71ceca484d1cfb1397a736f65c824af7ff100be85257062d7c0d86ab2d,equity,032640,LG유플러스,417,6392610,417.0,6392610.0,15330.0
2ETF01,2025-10-02,2025-10-01,20251002,2026.10.01 15:30:00,raw/2ETF01_2025-10-02.json,f86eaf71ceca484d1cfb1397a736f65c824af7ff100be85257062d7c0d86ab2d,equity,032830,삼성생명,127,19697700,127.0,19697700.0,155100.0
2ETF01,2025-10-02,2025-10-01,20251002,2026.10.01 15:30:00,raw/2ETF01_2025-10-02.json,f86eaf71ceca484d1cfb1397a736f65c824af7ff100be85257062d7c0d86ab2d,equity,033780,KT&G,141,18964500,141.0,18964500.0,134500.0
2ETF01,2025-10-02,2025-10-01,20251002,2026.10.01 15:30:00,raw/2ETF01_2025-10-02.json,f86eaf71ceca484d1cfb1397a736f65c824af7ff100be85257062d7c0d86ab2d,equity,034020,두산에너빌리티,650,41990000,650.0,41990000.0,64600.0
2ETF01,2025-10-02,2025-10-01,20251002,2026.10.01 15:30:00,raw/2ETF01_2025-10-02.json,f86eaf71ceca484d1cfb1397a736f65c824af7ff100be85257062d7c0d86ab2d,equity,034220,LG디스플레이,439,6334770,439.0,6334770.0,14430.0
2ETF01,2025-10-02,2025-10-01,20251002,2026.10.01 15:30:00,raw/2ETF01_2025-10-02.json,f86eaf71ceca484d1cfb1397a736f65c824af7ff100be85257062d7c0d86ab2d,equity,034730,SK,54,11286000,54.0,11286000.0,209000.0
2ETF01,2025-10-02,2025-10-01,20251002,2026.10.01 15:30:00,raw/2ETF01_2025-10-02.json,f86eaf71ceca484d1cfb1397a736f65c824af7ff100be85257062d7c0d86ab2d,equity,035250,강원랜드,172,3094280,172.0,3094280.0,17990.0
2ETF01,2025-10-02,2025-10-01,20251002,2026.10.01 15:30:00,raw/2ETF01_2025-10-02.json,f86eaf71ceca484d1cfb1397a736f65c824af7ff100be85257062d7c0d86ab2d,equity,035420,NAVER,197,50136500,197.0,50136500.0,254500.0
2ETF01,2025-10-02,2025-10-01,20251002,2026.10.01 15:30:00,raw/2ETF01_2025-10-02.json,f86eaf71ceca484d1cfb1397a736f65c824af7ff100be85257062d7c0d86ab2d,equity,035720,카카오,509,30540000,509.0,30540000.0,60000.0
2ETF01,2025-10-02,2025-10-01,20251002,2026.10.01 15:30:00,raw/2ETF01_2025-10-02.json,f86eaf71ceca484d1cfb1397a736f65c824af7ff100be85257062d7c0d86ab2d,equity,036460,한국가스공사,49,1888950,49.0,1888950.0,38550.0
2ETF01,2025-10-02,2025-10-01,20251002,2026.10.01 15:30:00,raw/2ETF01_2025-10-02.json,f86eaf71ceca484d1cfb1397a736f65c824af7ff100be85257062d7c0d86ab2d,equity,036570,엔씨소프트,26,5525000,26.0,5525000.0,212500.0
2ETF01,2025-10-02,2025-10-01,20251002,2026.10.01 15:30:00,raw/2ETF01_2025-10-02.json,f86eaf71ceca484d1cfb1397a736f65c824af7ff100be85257062d7c0d86ab2d,equity,039130,하나투어,16,799200,16.0,799200.0,49950.0
2ETF01,2025-10-02,2025-10-01,20251002,2026.10.01 15:30:00,raw/2ETF01_2025-10-02.json,f86eaf71ceca484d1cfb1397a736f65c824af7ff100be85257062d7c0d86ab2d,equity,039490,키움증권,21,5113500,21.0,5113500.0,243500.0
2ETF01,2025-10-02,2025-10-01,20251002,2026.10.01 15:30:00,raw/2ETF01_2025-10-02.json,f86eaf71ceca484d1cfb1397a736f65c824af7ff100be85257062d7c0d86ab2d,equity,042660,한화오션,172,18988800,172.0,18988800.0,110400.0
2ETF01,2025-10-02,2025-10-01,20251002,2026.10.01 15:30:00,raw/2ETF01_2025-10-02.json,f86eaf71ceca484d1cfb1397a736f65c824af7ff100be85257062d7c0d86ab2d,equity,042670,HD현대인프라코어,196,2920400,196.0,2920400.0,14900.0
2ETF01,2025-10-02,2025-10-01,20251002,2026.10.01 15:30:00,raw/2ETF01_2025-10-02.json,f86eaf71ceca484d1cfb1397a736f65c824af7ff100be85257062d7c0d86ab2d,equity,042700,한미반도체,64,6073600,64.0,6073600.0,94900.0
2ETF01,2025-10-02,2025-10-01,20251002,2026.10.01 15:30:00,raw/2ETF01_2025-10-02.json,f86eaf71ceca484d1cfb1397a736f65c824af7ff100be85257062d7c0d86ab2d,equity,047040,대우건설,302,1094750,302.0,1094750.0,3625.0
2ETF01,2025-10-02,2025-10-01,20251002,2026.10.01 15:30:00,raw/2ETF01_2025-10-02.json,f86eaf71ceca484d1cfb1397a736f65c824af7ff100be85257062d7c0d86ab2d,equity,047050,포스코인터내셔널,69,3343050,69.0,3343050.0,48450.0
2ETF01,2025-10-02,2025-10-01,20251002,2026.10.01 15:30:00,raw/2ETF01_2025-10-02.json,f86eaf71ceca484d1cfb1397a736f65c824af7ff100be85257062d7c0d86ab2d,equity,047810,한국항공우주,106,11310200,106.0,11310200.0,106700.0
2ETF01,2025-10-02,2025-10-01,20251002,2026.10.01 15:30:00,raw/2ETF01_2025-10-02.json,f86eaf71ceca484d1cfb1397a736f65c824af7ff100be85257062d7c0d86ab2d,equity,051600,한전KPS,33,1579050,33.0,1579050.0,47850.0
2ETF01,2025-10-02,2025-10-01,20251002,2026.10.01 15:30:00,raw/2ETF01_2025-10-02.json,f86eaf71ceca484d1cfb1397a736f65c824af7ff100be85257062d7c0d86ab2d,equity,051900,LG생활건강,14,4011000,14.0,4011000.0,286500.0
2ETF01,2025-10-02,2025-10-01,20251002,2026.10.01 15:30:00,raw/2ETF01_2025-10-02.json,f86eaf71ceca484d1cfb1397a736f65c824af7ff100be85257062d7c0d86ab2d,equity,051910,LG화학,70,19705000,70.0,19705000.0,281500.0
2ETF01,2025-10-02,2025-10-01,20251002,2026.10.01 15:30:00,raw/2ETF01_2025-10-02.json,f86eaf71ceca484d1cfb1397a736f65c824af7ff100be85257062d7c0d86ab2d,equity,052690,한전기술,28,2380000,28.0,2380000.0,85000.0
2ETF01,2025-10-02,2025-10-01,20251002,2026.10.01 15:30:00,raw/2ETF01_2025-10-02.json,f86eaf71ceca484d1cfb1397a736f65c824af7ff100be85257062d7c0d86ab2d,equity,055550,신한지주,633,44626500,633.0,44626500.0,70500.0
2ETF01,2025-10-02,2025-10-01,20251002,2026.10.01 15:30:00,raw/2ETF01_2025-10-02.json,f86eaf71ceca484d1cfb1397a736f65c824af7ff100be85257062d7c0d86ab2d,equity,064350,현대로템,111,24697500,111.0,24697500.0,222500.0
2ETF01,2025-10-02,2025-10-01,20251002,2026.10.01 15:30:00,raw/2ETF01_2025-10-02.json,f86eaf71ceca484d1cfb1397a736f65c824af7ff100be85257062d7c0d86ab2d,equity,066570,LG전자,164,12316400,164.0,12316400.0,75100.0
2ETF01,2025-10-02,2025-10-01,20251002,2026.10.01 15:30:00,raw/2ETF01_2025-10-02.json,f86eaf71ceca484d1cfb1397a736f65c824af7ff100be85257062d7c0d86ab2d,equity,066970,엘앤에프,38,2751200,38.0,2751200.0,72400.0
2ETF01,2025-10-02,2025-10-01,20251002,2026.10.01 15:30:00,raw/2ETF01_2025-10-02.json,f86eaf71ceca484d1cfb1397a736f65c824af7ff100be85257062d7c0d86ab2d,equity,068270,셀트리온,234,40973400,234.0,40973400.0,175100.0
2ETF01,2025-10-02,2025-10-01,20251002,2026.10.01 15:30:00,raw/2ETF01_2025-10-02.json,f86eaf71ceca484d1cfb1397a736f65c824af7ff100be85257062d7c0d86ab2d,equity,069260,TKG휴켐스,33,581790,33.0,581790.0,17630.0
2ETF01,2025-10-02,2025-10-01,20251002,2026.10.01 15:30:00,raw/2ETF01_2025-10-02.json,f86eaf71ceca484d1cfb1397a736f65c824af7ff100be85257062d7c0d86ab2d,equity,069620,대웅제약,7,955500,7.0,955500.0,136500.0
2ETF01,2025-10-02,2025-10-01,20251002,2026.10.01 15:30:00,raw/2ETF01_2025-10-02.json,f86eaf71ceca484d1cfb1397a736f65c824af7ff100be85257062d7c0d86ab2d,equity,069960,현대백화점,21,1818600,21.0,1818600.0,86600.0
2ETF01,2025-10-02,2025-10-01,20251002,2026.10.01 15:30:00,raw/2ETF01_2025-10-02.json,f86eaf71ceca484d1cfb1397a736f65c824af7ff100be85257062d7c0d86ab2d,equity,071050,한국금융지주,62,8866000,62.0,8866000.0,143000.0
2ETF01,2025-10-02,2025-10-01,20251002,2026.10.01 15:30:00,raw/2ETF01_2025-10-02.json,f86eaf71ceca484d1cfb1397a736f65c824af7ff100be85257062d7c0d86ab2d,equity,071320,지역난방공사,4,351600,4.0,351600.0,87900.0
2ETF01,2025-10-02,2025-10-01,20251002,2026.10.01 15:30:00,raw/2ETF01_2025-10-02.json,f86eaf71ceca484d1cfb1397a736f65c824af7ff100be85257062d7c0d86ab2d,equity,073240,금호타이어,239,1116130,239.0,1116130.0,4670.0
2ETF01,2025-10-02,2025-10-01,20251002,2026.10.01 15:30:00,raw/2ETF01_2025-10-02.json,f86eaf71ceca484d1cfb1397a736f65c824af7ff100be85257062d7c0d86ab2d,equity,078930,GS,68,3094000,68.0,3094000.0,45500.0
2ETF01,2025-10-02,2025-10-01,20251002,2026.10.01 15:30:00,raw/2ETF01_2025-10-02.json,f86eaf71ceca484d1cfb1397a736f65c824af7ff100be85257062d7c0d86ab2d,equity,079550,LIG넥스원,20,10140000,20.0,10140000.0,507000.0
2ETF01,2025-10-02,2025-10-01,20251002,2026.10.01 15:30:00,raw/2ETF01_2025-10-02.json,f86eaf71ceca484d1cfb1397a736f65c824af7ff100be85257062d7c0d86ab2d,equity,081660,미스토홀딩스,52,2015000,52.0,2015000.0,38750.0
2ETF01,2025-10-02,2025-10-01,20251002,2026.10.01 15:30:00,raw/2ETF01_2025-10-02.json,f86eaf71ceca484d1cfb1397a736f65c824af7ff100be85257062d7c0d86ab2d,equity,086280,현대글로비스,56,9167200,56.0,9167200.0,163700.0
2ETF01,2025-10-02,2025-10-01,20251002,2026.10.01 15:30:00,raw/2ETF01_2025-10-02.json,f86eaf71ceca484d1cfb1397a736f65c824af7ff100be85257062d7c0d86ab2d,equity,086790,하나금융지주,381,32956500,381.0,32956500.0,86500.0
2ETF01,2025-10-02,2025-10-01,20251002,2026.10.01 15:30:00,raw/2ETF01_2025-10-02.json,f86eaf71ceca484d1cfb1397a736f65c824af7ff100be85257062d7c0d86ab2d,equity,088350,한화생명,500,1570000,500.0,1570000.0,3140.0
2ETF01,2025-10-02,2025-10-01,20251002,2026.10.01 15:30:00,raw/2ETF01_2025-10-02.json,f86eaf71ceca484d1cfb1397a736f65c824af7ff100be85257062d7c0d86ab2d,equity,090430,아모레퍼시픽,47,5790400,47.0,5790400.0,123200.0
2ETF01,2025-10-02,2025-10-01,20251002,2026.10.01 15:30:00,raw/2ETF01_2025-10-02.json,f86eaf71ceca484d1cfb1397a736f65c824af7ff100be85257062d7c0d86ab2d,equity,093370,후성,83,488040,83.0,488040.0,5880.0
2ETF01,2025-10-02,2025-10-01,20251002,2026.10.01 15:30:00,raw/2ETF01_2025-10-02.json,f86eaf71ceca484d1cfb1397a736f65c824af7ff100be85257062d7c0d86ab2d,equity,096770,SK이노베이션,113,11288700,113.0,11288700.0,99900.0
2ETF01,2025-10-02,2025-10-01,20251002,2026.10.01 15:30:00,raw/2ETF01_2025-10-02.json,f86eaf71ceca484d1cfb1397a736f65c824af7ff100be85257062d7c0d86ab2d,equity,097950,CJ제일제당,12,2814000,12.0,2814000.0,234500.0
2ETF01,2025-10-02,2025-10-01,20251002,2026.10.01 15:30:00,raw/2ETF01_2025-10-02.json,f86eaf71ceca484d1cfb1397a736f65c824af7ff100be85257062d7c0d86ab2d,equity,103140,풍산,25,3307500,25.0,3307500.0,132300.0
2ETF01,2025-10-02,2025-10-01,20251002,2026.10.01 15:30:00,raw/2ETF01_2025-10-02.json,f86eaf71ceca484d1cfb1397a736f65c824af7ff100be85257062d7c0d86ab2d,equity,105560,KB금융,491,57103300,491.0,57103300.0,116300.0
2ETF01,2025-10-02,2025-10-01,20251002,2026.10.01 15:30:00,raw/2ETF01_2025-10-02.json,f86eaf71ceca484d1cfb1397a736f65c824af7ff100be85257062d7c0d86ab2d,equity,111770,영원무역,33,2032800,33.0,2032800.0,61600.0
2ETF01,2025-10-02,2025-10-01,20251002,2026.10.01 15:30:00,raw/2ETF01_2025-10-02.json,f86eaf71ceca484d1cfb1397a736f65c824af7ff100be85257062d7c0d86ab2d,equity,112610,씨에스윈드,36,1495800,36.0,1495800.0,41550.0
2ETF01,2025-10-02,2025-10-01,20251002,2026.10.01 15:30:00,raw/2ETF01_2025-10-02.json,f86eaf71ceca484d1cfb1397a736f65c824af7ff100be85257062d7c0d86ab2d,equity,114090,GKL,46,718060,46.0,718060.0,15610.0
2ETF01,2025-10-02,2025-10-01,20251002,2026.10.01 15:30:00,raw/2ETF01_2025-10-02.json,f86eaf71ceca484d1cfb1397a736f65c824af7ff100be85257062d7c0d86ab2d,equity,120110,코오롱인더,28,959000,28.0,959000.0,34250.0
2ETF01,2025-10-02,2025-10-01,20251002,2026.10.01 15:30:00,raw/2ETF01_2025-10-02.json,f86eaf71ceca484d1cfb1397a736f65c824af7ff100be85257062d7c0d86ab2d,equity,128940,한미약품,10,3605000,10.0,3605000.0,360500.0
2ETF01,2025-10-02,2025-10-01,20251002,2026.10.01 15:30:00,raw/2ETF01_2025-10-02.json,f86eaf71ceca484d1cfb1397a736f65c824af7ff100be85257062d7c0d86ab2d,equity,137310,에스디바이오센서,53,524170,53.0,524170.0,9890.0
2ETF01,2025-10-02,2025-10-01,20251002,2026.10.01 15:30:00,raw/2ETF01_2025-10-02.json,f86eaf71ceca484d1cfb1397a736f65c824af7ff100be85257062d7c0d86ab2d,equity,138040,메리츠금융지주,117,13302900,117.0,13302900.0,113700.0
2ETF01,2025-10-02,2025-10-01,20251002,2026.10.01 15:30:00,raw/2ETF01_2025-10-02.json,f86eaf71ceca484d1cfb1397a736f65c824af7ff100be85257062d7c0d86ab2d,equity,138930,BNK금융지주,391,5661680,391.0,5661680.0,14480.0
2ETF01,2025-10-02,2025-10-01,20251002,2026.10.01 15:30:00,raw/2ETF01_2025-10-02.json,f86eaf71ceca484d1cfb1397a736f65c824af7ff100be85257062d7c0d86ab2d,equity,139130,iM금융지주,211,2848500,211.0,2848500.0,13500.0
2ETF01,2025-10-02,2025-10-01,20251002,2026.10.01 15:30:00,raw/2ETF01_2025-10-02.json,f86eaf71ceca484d1cfb1397a736f65c824af7ff100be85257062d7c0d86ab2d,equity,139480,이마트,30,2241000,30.0,2241000.0,74700.0
2ETF01,2025-10-02,2025-10-01,20251002,2026.10.01 15:30:00,raw/2ETF01_2025-10-02.json,f86eaf71ceca484d1cfb1397a736f65c824af7ff100be85257062d7c0d86ab2d,equity,145720,덴티움,10,555000,10.0,555000.0,55500.0
2ETF01,2025-10-02,2025-10-01,20251002,2026.10.01 15:30:00,raw/2ETF01_2025-10-02.json,f86eaf71ceca484d1cfb1397a736f65c824af7ff100be85257062d7c0d86ab2d,equity,161390,한국타이어앤테크놀로지,109,4174700,109.0,4174700.0,38300.0
2ETF01,2025-10-02,2025-10-01,20251002,2026.10.01 15:30:00,raw/2ETF01_2025-10-02.json,f86eaf71ceca484d1cfb1397a736f65c824af7ff100be85257062d7c0d86ab2d,equity,161890,한국콜마,26,1994200,26.0,1994200.0,76700.0
2ETF01,2025-10-02,2025-10-01,20251002,2026.10.01 15:30:00,raw/2ETF01_2025-10-02.json,f86eaf71ceca484d1cfb1397a736f65c824af7ff100be85257062d7c0d86ab2d,equity,175330,JB금융지주,244,5636400,244.0,5636400.0,23100.0
2ETF01,2025-10-02,2025-10-01,20251002,2026.10.01 15:30:00,raw/2ETF01_2025-10-02.json,f86eaf71ceca484d1cfb1397a736f65c824af7ff100be85257062d7c0d86ab2d,equity,180640,한진칼,71,6986400,71.0,6986400.0,98400.0
2ETF01,2025-10-02,2025-10-01,20251002,2026.10.01 15:30:00,raw/2ETF01_2025-10-02.json,f86eaf71ceca484d1cfb1397a736f65c824af7ff100be85257062d7c0d86ab2d,equity,185750,종근당,12,976800,12.0,976800.0,81400.0
2ETF01,2025-10-02,2025-10-01,20251002,2026.10.01 15:30:00,raw/2ETF01_2025-10-02.json,f86eaf71ceca484d1cfb1397a736f65c824af7ff100be85257062d7c0d86ab2d,equity,192080,더블유게임즈,16,820800,16.0,820800.0,51300.0
2ETF01,2025-10-02,2025-10-01,20251002,2026.10.01 15:30:00,raw/2ETF01_2025-10-02.json,f86eaf71ceca484d1cfb1397a736f65c824af7ff100be85257062d7c0d86ab2d,equity,192820,코스맥스,12,2508000,12.0,2508000.0,209000.0
2ETF01,2025-10-02,2025-10-01,20251002,2026.10.01 15:30:00,raw/2ETF01_2025-10-02.json,f86eaf71ceca484d1cfb1397a736f65c824af7ff100be85257062d7c0d86ab2d,equity,204320,HL만도,49,1643950,49.0,1643950.0,33550.0
2ETF01,2025-10-02,2025-10-01,20251002,2026.10.01 15:30:00,raw/2ETF01_2025-10-02.json,f86eaf71ceca484d1cfb1397a736f65c824af7ff100be85257062d7c0d86ab2d,equity,207940,삼성바이오로직스,24,24120000,24.0,24120000.0,1005000.0
2ETF01,2025-10-02,2025-10-01,20251002,2026.10.01 15:30:00,raw/2ETF01_2025-10-02.json,f86eaf71ceca484d1cfb1397a736f65c824af7ff100be85257062d7c0d86ab2d,equity,241560,두산밥캣,78,4313400,78.0,4313400.0,55300.0
2ETF01,2025-10-02,2025-10-01,20251002,2026.10.01 15:30:00,raw/2ETF01_2025-10-02.json,f86eaf71ceca484d1cfb1397a736f65c824af7ff100be85257062d7c0d86ab2d,equity,251270,넷마블,48,2980800,48.0,2980800.0,62100.0
2ETF01,2025-10-02,2025-10-01,20251002,2026.10.01 15:30:00,raw/2ETF01_2025-10-02.json,f86eaf71ceca484d1cfb1397a736f65c824af7ff100be85257062d7c0d86ab2d,equity,259960,크래프톤,44,13134000,44.0,13134000.0,298500.0
2ETF01,2025-10-02,2025-10-01,20251002,2026.10.01 15:30:00,raw/2ETF01_2025-10-02.json,f86eaf71ceca484d1cfb1397a736f65c824af7ff100be85257062d7c0d86ab2d,equity,267250,HD현대,68,10655600,68.0,10655600.0,156700.0
2ETF01,2025-10-02,2025-10-01,20251002,2026.10.01 15:30:00,raw/2ETF01_2025-10-02.json,f86eaf71ceca484d1cfb1397a736f65c824af7ff100be85257062d7c0d86ab2d,equity,267260,HD현대일렉트릭,34,20264000,34.0,20264000.0,596000.0
2ETF01,2025-10-02,2025-10-01,20251002,2026.10.01 15:30:00,raw/2ETF01_2025-10-02.json,f86eaf71ceca484d1cfb1397a736f65c824af7ff100be85257062d7c0d86ab2d,equity,268280,미원에스씨,1,139600,1.0,139600.0,139600.0
2ETF01,2025-10-02,2025-10-01,20251002,2026.10.01 15:30:00,raw/2ETF01_2025-10-02.json,f86eaf71ceca484d1cfb1397a736f65c824af7ff100be85257062d7c0d86ab2d,equity,271560,오리온,33,3461700,33.0,3461700.0,104900.0
2ETF01,2025-10-02,2025-10-01,20251002,2026.10.01 15:30:00,raw/2ETF01_2025-10-02.json,f86eaf71ceca484d1cfb1397a736f65c824af7ff100be85257062d7c0d86ab2d,equity,272210,한화시스템,106,6434200,106.0,6434200.0,60700.0
2ETF01,2025-10-02,2025-10-01,20251002,2026.10.01 15:30:00,raw/2ETF01_2025-10-02.json,f86eaf71ceca484d1cfb1397a736f65c824af7ff100be85257062d7c0d86ab2d,equity,278470,에이피알,37,9657000,37.0,9657000.0,261000.0
2ETF01,2025-10-02,2025-10-01,20251002,2026.10.01 15:30:00,raw/2ETF01_2025-10-02.json,f86eaf71ceca484d1cfb1397a736f65c824af7ff100be85257062d7c0d86ab2d,equity,280360,롯데웰푸드,3,344400,3.0,344400.0,114800.0
2ETF01,2025-10-02,2025-10-01,20251002,2026.10.01 15:30:00,raw/2ETF01_2025-10-02.json,f86eaf71ceca484d1cfb1397a736f65c824af7ff100be85257062d7c0d86ab2d,equity,282330,BGF리테일,12,1320000,12.0,1320000.0,110000.0
2ETF01,2025-10-02,2025-10-01,20251002,2026.10.01 15:30:00,raw/2ETF01_2025-10-02.json,f86eaf71ceca484d1cfb1397a736f65c824af7ff100be85257062d7c0d86ab2d,equity,285130,SK케미칼,15,849000,15.0,849000.0,56600.0
2ETF01,2025-10-02,2025-10-01,20251002,2026.10.01 15:30:00,raw/2ETF01_2025-10-02.json,f86eaf71ceca484d1cfb1397a736f65c824af7ff100be85257062d7c0d86ab2d,equity,298020,효성티앤씨,4,850000,4.0,850000.0,212500.0
2ETF01,2025-10-02,2025-10-01,20251002,2026.10.01 15:30:00,raw/2ETF01_2025-10-02.json,f86eaf71ceca484d1cfb1397a736f65c824af7ff100be85257062d7c0d86ab2d,equity,298040,효성중공업,7,9625000,7.0,9625000.0,1375000.0
2ETF01,2025-10-02,2025-10-01,20251002,2026.10.01 15:30:00,raw/2ETF01_2025-10-02.json,f86eaf71ceca484d1cfb1397a736f65c824af7ff100be85257062d7c0d86ab2d,equity,298050,HS효성첨단소재,4,720400,4.0,720400.0,180100.0
2ETF01,2025-10-02,2025-10-01,20251002,2026.10.01 15:30:00,raw/2ETF01_2025-10-02.json,f86eaf71ceca484d1cfb1397a736f65c824af7ff100be85257062d7c0d86ab2d,equity,300720,한일시멘트,24,457440,24.0,457440.0,19060.0
2ETF01,2025-10-02,2025-10-01,20251002,2026.10.01 15:30:00,raw/2ETF01_2025-10-02.json,f86eaf71ceca484d1cfb1397a736f65c824af7ff100be85257062d7c0d86ab2d,equity,302440,SK바이오사이언스,39,1831050,39.0,1831050.0,46950.0
2ETF01,2025-10-02,2025-10-01,20251002,2026.10.01 15:30:00,raw/2ETF01_2025-10-02.json,f86eaf71ceca484d1cfb1397a736f65c824af7ff100be85257062d7c0d86ab2d,equity,316140,우리금융지주,1024,26675200,1024.0,26675200.0,26050.0
2ETF01,2025-10-02,2025-10-01,20251002,2026.10.01 15:30:00,raw/2ETF01_2025-10-02.json,f86eaf71ceca484d1cfb1397a736f65c824af7ff100be85257062d7c0d86ab2d,equity,323410,카카오뱅크,513,12081150,513.0,12081150.0,23550.0
2ETF01,2025-10-02,2025-10-01,20251002,2026.10.01 15:30:00,raw/2ETF01_2025-10-02.json,f86eaf71ceca484d1cfb1397a736f65c824af7ff100be85257062d7c0d86ab2d,equity,326030,SK바이오팜,42,4334400,42.0,4334400.0,103200.0
2ETF01,2025-10-02,2025-10-01,20251002,2026.10.01 15:30:00,raw/2ETF01_2025-10-02.json,f86eaf71ceca484d1cfb1397a736f65c824af7ff100be85257062d7c0d86ab2d,equity,329180,HD현대중공업,34,17952000,34.0,17952000.0,528000.0
2ETF01,2025-10-02,2025-10-01,20251002,2026.10.01 15:30:00,raw/2ETF01_2025-10-02.json,f86eaf71ceca484d1cfb1397a736f65c824af7ff100be85257062d7c0d86ab2d,equity,352820,하이브,32,8576000,32.0,8576000.0,268000.0
2ETF01,2025-10-02,2025-10-01,20251002,2026.10.01 15:30:00,raw/2ETF01_2025-10-02.json,f86eaf71ceca484d1cfb1397a736f65c824af7ff100be85257062d7c0d86ab2d,equity,361610,SK아이이테크놀로지,44,1161600,44.0,1161600.0,26400.0
2ETF01,2025-10-02,2025-10-01,20251002,2026.10.01 15:30:00,raw/2ETF01_2025-10-02.json,f86eaf71ceca484d1cfb1397a736f65c824af7ff100be85257062d7c0d86ab2d,equity,373220,LG에너지솔루션,53,18417500,53.0,18417500.0,347500.0
2ETF01,2025-10-02,2025-10-01,20251002,2026.10.01 15:30:00,raw/2ETF01_2025-10-02.json,f86eaf71ceca484d1cfb1397a736f65c824af7ff100be85257062d7c0d86ab2d,equity,375500,DL이앤씨,45,1836000,45.0,1836000.0,40800.0
2ETF01,2025-10-02,2025-10-01,20251002,2026.10.01 15:30:00,raw/2ETF01_2025-10-02.json,f86eaf71ceca484d1cfb1397a736f65c824af7ff100be85257062d7c0d86ab2d,equity,377300,카카오페이,43,2283300,43.0,2283300.0,53100.0
2ETF01,2025-10-02,2025-10-01,20251002,2026.10.01 15:30:00,raw/2ETF01_2025-10-02.json,f86eaf71ceca484d1cfb1397a736f65c824af7ff100be85257062d7c0d86ab2d,equity,383220,F&F,21,1356600,21.0,1356600.0,64600.0
2ETF01,2025-10-02,2025-10-01,20251002,2026.10.01 15:30:00,raw/2ETF01_2025-10-02.json,f86eaf71ceca484d1cfb1397a736f65c824af7ff100be85257062d7c0d86ab2d,equity,402340,SK스퀘어,139,28564500,139.0,28564500.0,205500.0
2ETF01,2025-10-02,2025-10-01,20251002,2026.10.01 15:30:00,raw/2ETF01_2025-10-02.json,f86eaf71ceca484d1cfb1397a736f65c824af7ff100be85257062d7c0d86ab2d,equity,443060,HD현대마린솔루션,12,2652000,12.0,2652000.0,221000.0
2ETF01,2025-10-02,2025-10-01,20251002,2026.10.01 15:30:00,raw/2ETF01_2025-10-02.json,f86eaf71ceca484d1cfb1397a736f65c824af7ff100be85257062d7c0d86ab2d,equity,450080,에코프로머티,38,1778400,38.0,1778400.0,46800.0
2ETF01,2025-10-02,2025-10-01,20251002,2026.10.01 15:30:00,raw/2ETF01_2025-10-02.json,f86eaf71ceca484d1cfb1397a736f65c824af7ff100be85257062d7c0d86ab2d,equity,454910,두산로보틱스,29,1882100,29.0,1882100.0,64900.0
2ETF01,2025-10-02,2025-10-01,20251002,2026.10.01 15:30:00,raw/2ETF01_2025-10-02.json,f86eaf71ceca484d1cfb1397a736f65c824af7ff100be85257062d7c0d86ab2d,equity,456040,OCI,7,380800,7.0,380800.0,54400.0
2ETF01,2025-10-02,2025-10-01,20251002,2026.10.01 15:30:00,raw/2ETF01_2025-10-02.json,f86eaf71ceca484d1cfb1397a736f65c824af7ff100be85257062d7c0d86ab2d,equity,457190,이수스페셜티케미컬,31,1446150,31.0,1446150.0,46650.0
2ETF01,2025-10-02,2025-10-01,20251002,2026.10.01 15:30:00,raw/2ETF01_2025-10-02.json,f86eaf71ceca484d1cfb1397a736f65c824af7ff100be85257062d7c0d86ab2d,equity,489790,한화비전,52,2719600,52.0,2719600.0,52300.0
2ETF07,2025-10-02,2025-10-01,20251002,2026.10.01 15:30:00,raw/2ETF07_2025-10-02.json,cf2e79358b38dd3d9be7a36eb5c3604086f933a869fe0d40cecb1c8914902f1a,cash,KRD010010001,원화예금,4956952,4956952,4956952.0,4956952.0,1.0
2ETF07,2025-10-02,2025-10-01,20251002,2026.10.01 15:30:00,raw/2ETF07_2025-10-02.json,cf2e79358b38dd3d9be7a36eb5c3604086f933a869fe0d40cecb1c8914902f1a,equity,000660,SK하이닉스,1369,492840000,1369.0,492840000.0,360000.0
2ETF07,2025-10-02,2025-10-01,20251002,2026.10.01 15:30:00,raw/2ETF07_2025-10-02.json,cf2e79358b38dd3d9be7a36eb5c3604086f933a869fe0d40cecb1c8914902f1a,equity,000990,DB하이텍,1278,74124000,1278.0,74124000.0,58000.0
2ETF07,2025-10-02,2025-10-01,20251002,2026.10.01 15:30:00,raw/2ETF07_2025-10-02.json,cf2e79358b38dd3d9be7a36eb5c3604086f933a869fe0d40cecb1c8914902f1a,equity,005930,삼성전자,5560,478160000,5560.0,478160000.0,86000.0
2ETF07,2025-10-02,2025-10-01,20251002,2026.10.01 15:30:00,raw/2ETF07_2025-10-02.json,cf2e79358b38dd3d9be7a36eb5c3604086f933a869fe0d40cecb1c8914902f1a,equity,031980,피에스케이홀딩스,293,13404750,293.0,13404750.0,45750.0
2ETF07,2025-10-02,2025-10-01,20251002,2026.10.01 15:30:00,raw/2ETF07_2025-10-02.json,cf2e79358b38dd3d9be7a36eb5c3604086f933a869fe0d40cecb1c8914902f1a,equity,036540,SFA반도체,3043,13054470,3043.0,13054470.0,4290.0
2ETF07,2025-10-02,2025-10-01,20251002,2026.10.01 15:30:00,raw/2ETF07_2025-10-02.json,cf2e79358b38dd3d9be7a36eb5c3604086f933a869fe0d40cecb1c8914902f1a,equity,036930,주성엔지니어링,1302,40687500,1302.0,40687500.0,31250.0
2ETF07,2025-10-02,2025-10-01,20251002,2026.10.01 15:30:00,raw/2ETF07_2025-10-02.json,cf2e79358b38dd3d9be7a36eb5c3604086f933a869fe0d40cecb1c8914902f1a,equity,039030,이오테크닉스,344,80324000,344.0,80324000.0,233500.0
2ETF07,2025-10-02,2025-10-01,20251002,2026.10.01 15:30:00,raw/2ETF07_2025-10-02.json,cf2e79358b38dd3d9be7a36eb5c3604086f933a869fe0d40cecb1c8914902f1a,equity,042700,한미반도체,1713,162563700,1713.0,162563700.0,94900.0
2ETF07,2025-10-02,2025-10-01,20251002,2026.10.01 15:30:00,raw/2ETF07_2025-10-02.json,cf2e79358b38dd3d9be7a36eb5c3604086f933a869fe0d40cecb1c8914902f1a,equity,058470,리노공업,2037,107349900,2037.0,107349900.0,52700.0
2ETF07,2025-10-02,2025-10-01,20251002,2026.10.01 15:30:00,raw/2ETF07_2025-10-02.json,cf2e79358b38dd3d9be7a36eb5c3604086f933a869fe0d40cecb1c8914902f1a,equity,064760,티씨케이,240,43056000,240.0,43056000.0,179400.0
2ETF07,2025-10-02,2025-10-01,20251002,2026.10.01 15:30:00,raw/2ETF07_2025-10-02.json,cf2e79358b38dd3d9be7a36eb5c3604086f933a869fe0d40cecb1c8914902f1a,equity,067310,하나마이크론,1962,47186100,1962.0,47186100.0,24050.0
2ETF07,2025-10-02,2025-10-01,20251002,2026.10.01 15:30:00,raw/2ETF07_2025-10-02.json,cf2e79358b38dd3d9be7a36eb5c3604086f933a869fe0d40cecb1c8914902f1a,equity,080220,제주반도체,1246,22639820,1246.0,22639820.0,18170.0
2ETF07,2025-10-02,2025-10-01,20251002,2026.10.01 15:30:00,raw/2ETF07_2025-10-02.json,cf2e79358b38dd3d9be7a36eb5c3604086f933a869fe0d40cecb1c8914902f1a,equity,082270,젬백스,1296,67392000,1296.0,67392000.0,52000.0
2ETF07,2025-10-02,2025-10-01,20251002,2026.10.01 15:30:00,raw/2ETF07_2025-10-02.json,cf2e79358b38dd3d9be7a36eb5c3604086f933a869fe0d40cecb1c8914902f1a,equity,084370,유진테크,565,40962500,565.0,40962500.0,72500.0
2ETF07,2025-10-02,2025-10-01,20251002,2026.10.01 15:30:00,raw/2ETF07_2025-10-02.json,cf2e79358b38dd3d9be7a36eb5c3604086f933a869fe0d40cecb1c8914902f1a,equity,089030,테크윙,1290,76755000,1290.0,76755000.0,59500.0
2ETF07,2025-10-02,2025-10-01,20251002,2026.10.01 15:30:00,raw/2ETF07_2025-10-02.json,cf2e79358b38dd3d9be7a36eb5c3604086f933a869fe0d40cecb1c8914902f1a,equity,095340,ISC,418,33398200,418.0,33398200.0,79900.0
2ETF07,2025-10-02,2025-10-01,20251002,2026.10.01 15:30:00,raw/2ETF07_2025-10-02.json,cf2e79358b38dd3d9be7a36eb5c3604086f933a869fe0d40cecb1c8914902f1a,equity,098460,고영,2117,32813500,2117.0,32813500.0,15500.0
2ETF07,2025-10-02,2025-10-01,20251002,2026.10.01 15:30:00,raw/2ETF07_2025-10-02.json,cf2e79358b38dd3d9be7a36eb5c3604086f933a869fe0d40cecb1c8914902f1a,equity,101490,에스앤에스텍,670,33768000,670.0,33768000.0,50400.0
2ETF07,2025-10-02,2025-10-01,20251002,2026.10.01 15:30:00,raw/2ETF07_2025-10-02.json,cf2e79358b38dd3d9be7a36eb5c3604086f933a869fe0d40cecb1c8914902f1a,equity,108320,LX세미콘,448,24640000,448.0,24640000.0,55000.0
2ETF07,2025-10-02,2025-10-01,20251002,2026.10.01 15:30:00,raw/2ETF07_2025-10-02.json,cf2e79358b38dd3d9be7a36eb5c3604086f933a869fe0d40cecb1c8914902f1a,equity,131970,두산테스나,485,20709500,485.0,20709500.0,42700.0
2ETF07,2025-10-02,2025-10-01,20251002,2026.10.01 15:30:00,raw/2ETF07_2025-10-02.json,cf2e79358b38dd3d9be7a36eb5c3604086f933a869fe0d40cecb1c8914902f1a,equity,161580,필옵틱스,693,26472600,693.0,26472600.0,38200.0
2ETF07,2025-10-02,2025-10-01,20251002,2026.10.01 15:30:00,raw/2ETF07_2025-10-02.json,cf2e79358b38dd3d9be7a36eb5c3604086f933a869fe0d40cecb1c8914902f1a,equity,166090,하나머티리얼즈,431,18037350,431.0,18037350.0,41850.0
2ETF07,2025-10-02,2025-10-01,20251002,2026.10.01 15:30:00,raw/2ETF07_2025-10-02.json,cf2e79358b38dd3d9be7a36eb5c3604086f933a869fe0d40cecb1c8914902f1a,equity,183300,코미코,245,25088000,245.0,25088000.0,102400.0
2ETF07,2025-10-02,2025-10-01,20251002,2026.10.01 15:30:00,raw/2ETF07_2025-10-02.json,cf2e79358b38dd3d9be7a36eb5c3604086f933a869fe0d40cecb1c8914902f1a,equity,213420,덕산네오룩스,531,26045550,531.0,26045550.0,49050.0
2ETF07,2025-10-02,2025-10-01,20251002,2026.10.01 15:30:00,raw/2ETF07_2025-10-02.json,cf2e79358b38dd3d9be7a36eb5c3604086f933a869fe0d40cecb1c8914902f1a,equity,218410,RFHIC,676,19604000,676.0,19604000.0,29000.0
2ETF07,2025-10-02,2025-10-01,20251002,2026.10.01 15:30:00,raw/2ETF07_2025-10-02.json,cf2e79358b38dd3d9be7a36eb5c3604086f933a869fe0d40cecb1c8914902f1a,equity,222800,심텍,889,42049700,889.0,42049700.0,47300.0
2ETF07,2025-10-02,2025-10-01,20251002,2026.10.01 15:30:00,raw/2ETF07_2025-10-02.json,cf2e79358b38dd3d9be7a36eb5c3604086f933a869fe0d40cecb1c8914902f1a,equity,232140,와이씨,1619,23313600,1619.0,23313600.0,14400.0
2ETF07,2025-10-02,2025-10-01,20251002,2026.10.01 15:30:00,raw/2ETF07_2025-10-02.json,cf2e79358b38dd3d9be7a36eb5c3604086f933a869fe0d40cecb1c8914902f1a,equity,240810,원익IPS,1352,66518400,1352.0,66518400.0,49200.0
2ETF07,2025-10-02,2025-10-01,20251002,2026.10.01 15:30:00,raw/2ETF07_2025-10-02.json,cf2e79358b38dd3d9be7a36eb5c3604086f933a869fe0d40cecb1c8914902f1a,equity,281820,케이씨텍,391,15209900,391.0,15209900.0,38900.0
2ETF07,2025-10-02,2025-10-01,20251002,2026.10.01 15:30:00,raw/2ETF07_2025-10-02.json,cf2e79358b38dd3d9be7a36eb5c3604086f933a869fe0d40cecb1c8914902f1a,equity,319660,피에스케이,810,26649000,810.0,26649000.0,32900.0
2ETF07,2025-10-02,2025-10-01,20251002,2026.10.01 15:30:00,raw/2ETF07_2025-10-02.json,cf2e79358b38dd3d9be7a36eb5c3604086f933a869fe0d40cecb1c8914902f1a,equity,322000,HD현대에너지솔루션,212,9762600,212.0,9762600.0,46050.0
2ETF07,2025-10-02,2025-10-01,20251002,2026.10.01 15:30:00,raw/2ETF07_2025-10-02.json,cf2e79358b38dd3d9be7a36eb5c3604086f933a869fe0d40cecb1c8914902f1a,equity,323280,태성,815,19641500,815.0,19641500.0,24100.0
2ETF07,2025-10-02,2025-10-01,20251002,2026.10.01 15:30:00,raw/2ETF07_2025-10-02.json,cf2e79358b38dd3d9be7a36eb5c3604086f933a869fe0d40cecb1c8914902f1a,equity,348210,넥스틴,310,15872000,310.0,15872000.0,51200.0
2ETF07,2025-10-02,2025-10-01,20251002,2026.10.01 15:30:00,raw/2ETF07_2025-10-02.json,cf2e79358b38dd3d9be7a36eb5c3604086f933a869fe0d40cecb1c8914902f1a,equity,399720,가온칩스,248,12338000,248.0,12338000.0,49750.0
2ETF07,2025-10-02,2025-10-01,20251002,2026.10.01 15:30:00,raw/2ETF07_2025-10-02.json,cf2e79358b38dd3d9be7a36eb5c3604086f933a869fe0d40cecb1c8914902f1a,equity,403870,HPSP,1923,66055050,1923.0,66055050.0,34350.0
2ETF07,2025-10-02,2025-10-01,20251002,2026.10.01 15:30:00,raw/2ETF07_2025-10-02.json,cf2e79358b38dd3d9be7a36eb5c3604086f933a869fe0d40cecb1c8914902f1a,equity,440110,파두,1464,31329600,1464.0,31329600.0,21400.0
2ETF01,2025-10-10,2025-10-02,20251010,2026.10.01 15:30:00,raw/2ETF01_2025-10-10.json,c99266312a10068619adc0e16b70294d646b161736fe112f73b28d097414dd16,cash,KRD010010001,원화예금,5211628,5211628,5211628.0,5211628.0,1.0
2ETF01,2025-10-10,2025-10-02,20251010,2026.10.01 15:30:00,raw/2ETF01_2025-10-10.json,c99266312a10068619adc0e16b70294d646b161736fe112f73b28d097414dd16,equity,000080,하이트진로,47,899580,47.0,899580.0,19140.0
2ETF01,2025-10-10,2025-10-02,20251010,2026.10.01 15:30:00,raw/2ETF01_2025-10-10.json,c99266312a10068619adc0e16b70294d646b161736fe112f73b28d097414dd16,equity,000100,유한양행,91,10910900,91.0,10910900.0,119900.0
2ETF01,2025-10-10,2025-10-02,20251010,2026.10.01 15:30:00,raw/2ETF01_2025-10-10.json,c99266312a10068619adc0e16b70294d646b161736fe112f73b28d097414dd16,equity,000120,CJ대한통운,17,1426300,17.0,1426300.0,83900.0
2ETF01,2025-10-10,2025-10-02,20251010,2026.10.01 15:30:00,raw/2ETF01_2025-10-10.json,c99266312a10068619adc0e16b70294d646b161736fe112f73b28d097414dd16,equity,000150,두산,11,6545000,11.0,6545000.0,595000.0
2ETF01,2025-10-10,2025-10-02,20251010,2026.10.01 15:30:00,raw/2ETF01_2025-10-10.json,c99266312a10068619adc0e16b70294d646b161736fe112f73b28d097414dd16,equity,000210,DL,16,584800,16.0,584800.0,36550.0
2ETF01,2025-10-10,2025-10-02,20251010,2026.10.01 15:30:00,raw/2ETF01_2025-10-10.json,c99266312a10068619adc0e16b70294d646b161736fe112f73b28d097414dd16,equity,000240,한국앤컴퍼니,36,822600,36.0,822600.0,22850.0
2ETF01,2025-10-10,2025-10-02,20251010,2026.10.01 15:30:00,raw/2ETF01_2025-10-10.json,c99266312a10068619adc0e16b70294d646b161736fe112f73b28d097414dd16,equity,000270,기아,371,38658200,371.0,38658200.0,104200.0
2ETF01,2025-10-10,2025-10-02,20251010,2026.10.01 15:30:00,raw/2ETF01_2025-10-10.json,c99266312a10068619adc0e16b70294d646b161736fe112f73b28d097414dd16,equity,000660,SK하이닉스,851,336570500,851.0,336570500.0,395500.0
2ETF01,2025-10-10,2025-10-02,20251010,2026.10.01 15:30:00,raw/2ETF01_2025-10-10.json,c99266312a10068619adc0e16b70294d646b161736fe112f73b28d097414dd16,equity,000670,영풍,8,367600,8.0,367600.0,45950.0
2ETF01,2025-10-10,2025-10-02,20251010,2026.10.01 15:30:00,raw/2ETF01_2025-10-10.json,c99266312a10068619adc0e16b70294d646b161736fe112f73b28d097414dd16,equity,000720,현대건설,111,6160500,111.0,6160500.0,55500.0
2ETF01,2025-10-10,2025-10-02,20251010,2026.10.01 15:30:00,raw/2ETF01_2025-10-10.json,c99266312a10068619adc0e16b70294d646b161736fe112f73b28d097414dd16,equity,000810,삼성화재,46,20700000,46.0,20700000.0,450000.0
2ETF01,2025-10-10,2025-10-02,20251010,2026.10.01 15:30:00,raw/2ETF01_2025-10-10.json,c99266312a10068619adc0e16b70294d646b161736fe112f73b28d097414dd16,equity,000880,한화,42,3607800,42.0,3607800.0,85900.0
2ETF01,2025-10-10,2025-10-02,20251010,2026.10.01 15:30:00,raw/2ETF01_2025-10-10.json,c99266312a10068619adc0e16b70294d646b161736fe112f73b28d097414dd16,equity,001040,CJ,21,3744300,21.0,3744300.0,178300.0
2ETF01,2025-10-10,2025-10-02,20251010,2026.10.01 15:30:00,raw/2ETF01_2025-10-10.json,c99266312a10068619adc0e16b70294d646b161736fe112f73b28d097414dd16,equity,001430,세아베스틸지주,18,458100,18.0,458100.0,25450.0
2ETF01,2025-10-10,2025-10-02,20251010,2026.10.01 15:30:00,raw/2ETF01_2025-10-10.json,c99266312a10068619adc0e16b70294d646b161736fe112f73b28d097414dd16,equity,001440,대한전선,170,2713200,170.0,2713200.0,15960.0
2ETF01,2025-10-10,2025-10-02,20251010,2026.10.01 15:30:00,raw/2ETF01_2025-10-10.json,c99266312a10068619adc0e16b70294d646b161736fe112f73b28d097414dd16,equity,001450,현대해상,91,2534350,91.0,2534350.0,27850.0
2ETF01,2025-10-10,2025-10-02,20251010,2026.10.01 15:30:00,raw/2ETF01_2025-10-10.json,c99266312a10068619adc0e16b70294d646b161736fe112f73b28d097414dd16,equity,001680,대상,29,636550,29.0,636550.0,21950.0
2ETF01,2025-10-10,2025-10-02,20251010,2026.10.01 15:30:00,raw/2ETF01_2025-10-10.json,c99266312a10068619adc0e16b70294d646b161736fe112f73b28d097414dd16,equity,001800,오리온홀딩스,31,621550,31.0,621550.0,20050.0
2ETF01,2025-10-10,2025-10-02,20251010,2026.10.01 15:30:00,raw/2ETF01_2025-10-10.json,c99266312a10068619adc0e16b70294d646b161736fe112f73b28d097414dd16,equity,002380,KCC,6,2244000,6.0,2244000.0,374000.0
2ETF01,2025-10-10,2025-10-02,20251010,2026.10.01 15:30:00,raw/2ETF01_2025-10-10.json,c99266312a10068619adc0e16b70294d646b161736fe112f73b28d097414dd16,equity,002710,TCC스틸,27,432000,27.0,432000.0,16000.0
2ETF01,2025-10-10,2025-10-02,20251010,2026.10.01 15:30:00,raw/2ETF01_2025-10-10.json,c99266312a10068619adc0e16b70294d646b161736fe112f73b28d097414dd16,equity,002790,아모레퍼시픽홀딩스,39,1033500,39.0,1033500.0,26500.0
2ETF01,2025-10-10,2025-10-02,20251010,2026.10.01 15:30:00,raw/2ETF01_2025-10-10.json,c99266312a10068619adc0e16b70294d646b161736fe112f73b28d097414dd16,equity,002840,미원상사,2,313400,2.0,313400.0,156700.0
2ETF01,2025-10-10,2025-10-02,20251010,2026.10.01 15:30:00,raw/2ETF01_2025-10-10.json,c99266312a10068619adc0e16b70294d646b161736fe112f73b28d097414dd16,equity,003030,세아제강지주,2,304800,2.0,304800.0,152400.0
2ETF01,2025-10-10,2025-10-02,20251010,2026.10.01 15:30:00,raw/2ETF01_2025-10-10.json,c99266312a10068619adc0e16b70294d646b161736fe112f73b28d097414dd16,equity,003090,대웅,29,632200,29.0,632200.0,21800.0
2ETF01,2025-10-10,2025-10-02,20251010,2026.10.01 15:30:00,raw/2ETF01_2025-10-10.json,c99266312a10068619adc0e16b70294d646b161736fe112f73b28d097414dd16,equity,003230,삼양식품,6,9054000,6.0,9054000.0,1509000.0
2ETF01,2025-10-10,2025-10-02,20251010,2026.10.01 15:30:00,raw/2ETF01_2025-10-10.json,c99266312a10068619adc0e16b70294d646b161736fe112f73b28d097414dd16,equity,003240,태광산업,1,856000,1.0,856000.0,856000.0
2ETF01,2025-10-10,2025-10-02,20251010,2026.10.01 15:30:00,raw/2ETF01_2025-10-10.json,c99266312a10068619adc0e16b70294d646b161736fe112f73b28d097414dd16,equity,003490,대한항공,385,8855000,385.0,8855000.0,23000.0
2ETF01,2025-10-10,2025-10-02,20251010,2026.10.01 15:30:00,raw/2ETF01_2025-10-10.json,c99266312a10068619adc0e16b70294d646b161736fe112f73b28d097414dd16,equity,003550,LG,141,10152000,141.0,10152000.0,72000.0
2ETF01,2025-10-10,2025-10-02,20251010,2026.10.01 15:30:00,raw/2ETF01_2025-10-10.json,c99266312a10068619adc0e16b70294d646b161736fe112f73b28d097414dd16,equity,003620,KG모빌리티,135,453600,135.0,453600.0,3360.0
2ETF01,2025-10-10,2025-10-02,20251010,2026.10.01 15:30:00,raw/2ETF01_2025-10-10.json,c99266312a10068619adc0e16b70294d646b161736fe112f73b28d097414dd16,equity,003670,포스코퓨처엠,47,6885500,47.0,6885500.0,146500.0
2ETF01,2025-10-10,2025-10-02,20251010,2026.10.01 15:30:00,raw/2ETF01_2025-10-10.json,c99266312a10068619adc0e16b70294d646b161736fe112f73b28d097414dd16,equity,004000,롯데정밀화학,22,1012000,22.0,1012000.0,46000.0
2ETF01,2025-10-10,2025-10-02,20251010,2026.10.01 15:30:00,raw/2ETF01_2025-10-10.json,c99266312a10068619adc0e16b70294d646b161736fe112f73b28d097414dd16,equity,004020,현대제철,127,4216400,127.0,4216400.0,33200.0
2ETF01,2025-10-10,2025-10-02,20251010,2026.10.01 15:30:00,raw/2ETF01_2025-10-10.json,c99266312a10068619adc0e16b70294d646b161736fe112f73b28d097414dd16,equity,004170,신세계,10,1822000,10.0,1822000.0,182200.0
2ETF01,2025-10-10,2025-10-02,20251010,2026.10.01 15:30:00,raw/2ETF01_2025-10-10.json,c99266312a10068619adc0e16b70294d646b161736fe112f73b28d097414dd16,equity,004370,농심,5,2242500,5.0,2242500.0,448500.0
2ETF01,2025-10-10,2025-10-02,20251010,2026.10.01 15:30:00,raw/2ETF01_2025-10-10.json,c99266312a10068619adc0e16b70294d646b161736fe112f73b28d097414dd16,equity,004490,세방전지,12,784800,12.0,784800.0,65400.0
2ETF01,2025-10-10,2025-10-02,20251010,2026.10.01 15:30:00,raw/2ETF01_2025-10-10.json,c99266312a10068619adc0e16b70294d646b161736fe112f73b28d097414dd16,equity,004990,롯데지주,45,1275750,45.0,1275750.0,28350.0
2ETF01,2025-10-10,2025-10-02,20251010,2026.10.01 15:30:00,raw/2ETF01_2025-10-10.json,c99266312a10068619adc0e16b70294d646b161736fe112f73b28d097414dd16,equity,005250,녹십자홀딩스,33,518100,33.0,518100.0,15700.0
2ETF01,2025-10-10,2025-10-02,20251010,2026.10.01 15:30:00,raw/2ETF01_2025-10-10.json,c99266312a10068619adc0e16b70294d646b161736fe112f73b28d097414dd16,equity,005300,롯데칠성,5,568500,5.0,568500.0,113700.0
2ETF01,2025-10-10,2025-10-02,20251010,2026.10.01 15:30:00,raw/2ETF01_2025-10-10.json,c99266312a10068619adc0e16b70294d646b161736fe112f73b28d097414dd16,equity,005380,현대차,205,45100000,205.0,45100000.0,220000.0
2ETF01,2025-10-10,2025-10-02,20251010,2026.10.01 15:30:00,raw/2ETF01_2025-10-10.json,c99266312a10068619adc0e16b70294d646b161736fe112f73b28d097414dd16,equity,005420,코스모화학,38,568480,38.0,568480.0,14960.0
2ETF01,2025-10-10,2025-10-02,20251010,2026.10.01 15:30:00,raw/2ETF01_2025-10-10.json,c99266312a10068619adc0e16b70294d646b161736fe112f73b28d097414dd16,equity,005490,POSCO홀딩스,104,28392000,104.0,28392000.0,273000.0
2ETF01,2025-10-10,2025-10-02,20251010,2026.10.01 15:30:00,raw/2ETF01_2025-10-10.json,c99266312a10068619adc0e16b70294d646b161736fe112f73b28d097414dd16,equity,005830,DB손해보험,67,9078500,67.0,9078500.0,135500.0
2ETF01,2025-10-10,2025-10-02,20251010,2026.10.01 15:30:00,raw/2ETF01_2025-10-10.json,c99266312a10068619adc0e16b70294d646b161736fe112f73b28d097414dd16,equity,005850,에스엘,24,826800,24.0,826800.0,34450.0
2ETF01,2025-10-10,2025-10-02,20251010,2026.10.01 15:30:00,raw/2ETF01_2025-10-10.json,c99266312a10068619adc0e16b70294d646b161736fe112f73b28d097414dd16,equity,005930,삼성전자,7098,631722000,7098.0,631722000.0,89000.0
2ETF01,2025-10-10,2025-10-02,20251010,2026.10.01 15:30:00,raw/2ETF01_2025-10-10.json,c99266312a10068619adc0e16b70294d646b161736fe112f73b28d097414dd16,equity,005940,NH투자증권,221,4338230,221.0,4338230.0,19630.0
2ETF01,2025-10-10,2025-10-02,20251010,2026.10.01 15:30:00,raw/2ETF01_2025-10-10.json,c99266312a10068619adc0e16b70294d646b161736fe112f73b28d097414dd16,equity,006040,동원산업,6,266700,6.0,266700.0,44450.0
2ETF01,2025-10-10,2025-10-02,20251010,2026.10.01 15:30:00,raw/2ETF01_2025-10-10.json,c99266312a10068619adc0e16b70294d646b161736fe112f73b28d097414dd16,equity,006260,LS,26,4446000,26.0,4446000.0,171000.0
2ETF01,2025-10-10,2025-10-02,20251010,2026.10.01 15:30:00,raw/2ETF01_2025-10-10.json,c99266312a10068619adc0e16b70294d646b161736fe112f73b28d097414dd16,equity,006280,녹십자,8,1056000,8.0,1056000.0,132000.0
2ETF01,2025-10-10,2025-10-02,20251010,2026.10.01 15:30:00,raw/2ETF01_2025-10-10.json,c99266312a10068619adc0e16b70294d646b161736fe112f73b28d097414dd16,equity,006360,GS건설,97,1787710,97.0,1787710.0,18430.0
2ETF01,2025-10-10,2025-10-02,20251010,2026.10.01 15:30:00,raw/2ETF01_2025-10-10.json,c99266312a10068619adc0e16b70294d646b161736fe112f73b28d097414dd16,equity,006400,삼성SDI,92,18998000,92.0,18998000.0,206500.0
2ETF01,2025-10-10,2025-10-02,20251010,2026.10.01 15:30:00,raw/2ETF01_2025-10-10.json,c99266312a10068619adc0e16b70294d646b161736fe112f73b28d097414dd16,equity,006650,대한유화,5,566500,5.0,566500.0,113300.0
2ETF01,2025-10-10,2025-10-02,20251010,2026.10.01 15:30:00,raw/2ETF01_2025-10-10.json,c99266312a10068619adc0e16b70294d646b161736fe112f73b28d097414dd16,equity,006800,미래에셋증권,415,9005500,415.0,9005500.0,21700.0
2ETF01,2025-10-10,2025-10-02,20251010,2026.10.01 15:30:00,raw/2ETF01_2025-10-10.json,c99266312a10068619adc0e16b70294d646b161736fe112f73b28d097414dd16,equity,007070,GS리테일,51,884340,51.0,884340.0,17340.0
2ETF01,2025-10-10,2025-10-02,20251010,2026.10.01 15:30:00,raw/2ETF01_2025-10-10.json,c99266312a10068619adc0e16b70294d646b161736fe112f73b28d097414dd16,equity,007310,오뚜기,2,811000,2.0,811000.0,405500.0
2ETF01,2025-10-10,2025-10-02,20251010,2026.10.01 15:30:00,raw/2ETF01_2025-10-10.json,c99266312a10068619adc0e16b70294d646b161736fe112f73b28d097414dd16,equity,007340,DN오토모티브,31,699050,31.0,699050.0,22550.0
2ETF01,2025-10-10,2025-10-02,20251010,2026.10.01 15:30:00,raw/2ETF01_2025-10-10.json,c99266312a10068619adc0e16b70294d646b161736fe112f73b28d097414dd16,equity,008730,율촌화학,16,486400,16.0,486400.0,30400.0
2ETF01,2025-10-10,2025-10-02,20251010,2026.10.01 15:30:00,raw/2ETF01_2025-10-10.json,c99266312a10068619adc0e16b70294d646b161736fe112f73b28d097414dd16,equity,008770,호텔신라,46,2290800,46.0,2290800.0,49800.0
2ETF01,2025-10-10,2025-10-02,20251010,2026.10.01 15:30:00,raw/2ETF01_2025-10-10.json,c99266312a10068619adc0e16b70294d646b161736fe112f73b28d097414dd16,equity,008930,한미사이언스,42,1600200,42.0,1600200.0,38100.0
2ETF01,2025-10-10,2025-10-02,20251010,2026.10.01 15:30:00,raw/2ETF01_2025-10-10.json,c99266312a10068619adc0e16b70294d646b161736fe112f73b28d097414dd16,equity,009150,삼성전기,84,16447200,84.0,16447200.0,195800.0
2ETF01,2025-10-10,2025-10-02,20251010,2026.10.01 15:30:00,raw/2ETF01_2025-10-10.json,c99266312a10068619adc0e16b70294d646b161736fe112f73b28d097414dd16,equity,009240,한샘,12,528000,12.0,528000.0,44000.0
2ETF01,2025-10-10,2025-10-02,20251010,2026.10.01 15:30:00,raw/2ETF01_2025-10-10.json,c99266312a10068619adc0e16b70294d646b161736fe112f73b28d097414dd16,equity,009420,한올바이오파마,54,1863000,54.0,1863000.0,34500.0
2ETF01,2025-10-10,2025-10-02,20251010,2026.10.01 15:30:00,raw/2ETF01_2025-10-10.json,c99266312a10068619adc0e16b70294d646b161736fe112f73b28d097414dd16,equity,009540,HD한국조선해양,71,29287500,71.0,29287500.0,412500.0
2ETF01,2025-10-10,2025-10-02,20251010,2026.10.01 15:30:00,raw/2ETF01_2025-10-10.json,c99266312a10068619adc0e16b70294d646b161736fe112f73b28d097414dd16,equity,009830,한화솔루션,164,4723200,164.0,4723200.0,28800.0
2ETF01,2025-10-10,2025-10-02,20251010,2026.10.01 15:30:00,raw/2ETF01_2025-10-10.json,c99266312a10068619adc0e16b70294d646b161736fe112f73b28d097414dd16,equity,009970,영원무역홀딩스,8,1096800,8.0,1096800.0,137100.0
2ETF01,2025-10-10,2025-10-02,20251010,2026.10.01 15:30:00,raw/2ETF01_2025-10-10.json,c99266312a10068619adc0e16b70294d646b161736fe112f73b28d097414dd16,equity,010060,OCI홀딩스,20,1716000,20.0,1716000.0,85800.0
2ETF01,2025-10-10,2025-10-02,20251010,2026.10.01 15:30:00,raw/2ETF01_2025-10-10.json,c99266312a10068619adc0e16b70294d646b161736fe112f73b28d097414dd16,equity,010120,LS ELECTRIC,24,6960000,24.0,6960000.0,290000.0
2ETF01,2025-10-10,2025-10-02,20251010,2026.10.01 15:30:00,raw/2ETF01_2025-10-10.json,c99266312a10068619adc0e16b70294d646b161736fe112f73b28d097414dd16,equity,010130,고려아연,9,8271000,9.0,8271000.0,919000.0
2ETF01,2025-10-10,2025-10-02,20251010,2026.10.01 15:30:00,raw/2ETF01_2025-10-10.json,c99266312a10068619adc0e16b70294d646b161736fe112f73b28d097414dd16,equity,010140,삼성중공업,1000,21850000,1000.0,21850000.0,21850.0
2ETF01,2025-10-10,2025-10-02,20251010,2026.10.01 15:30:00,raw/2ETF01_2025-10-10.json,c99266312a10068619adc0e16b70294d646b161736fe112f73b28d097414dd16,equity,010620,HD현대미포,34,6970000,34.0,6970000.0,205000.0
2ETF01,2025-10-10,2025-10-02,20251010,2026.10.01 15:30:00,raw/2ETF01_2025-10-10.json,c99266312a10068619adc0e16b70294d646b161736fe112f73b28d097414dd16,equity,010950,S-Oil,63,3924900,63.0,3924900.0,62300.0
2ETF01,2025-10-10,2025-10-02,20251010,2026.10.01 15:30:00,raw/2ETF01_2025-10-10.json,c99266312a10068619adc0e16b70294d646b161736fe112f73b28d097414dd16,equity,011070,LG이노텍,22,4147000,22.0,4147000.0,188500.0
2ETF01,2025-10-10,2025-10-02,20251010,2026.10.01 15:30:00,raw/2ETF01_2025-10-10.json,c99266312a10068619adc0e16b70294d646b161736fe112f73b28d097414dd16,equity,011170,롯데케미칼,27,1814400,27.0,1814400.0,67200.0
2ETF01,2025-10-10,2025-10-02,20251010,2026.10.01 15:30:00,raw/2ETF01_2025-10-10.json,c99266312a10068619adc0e16b70294d646b161736fe112f73b28d097414dd16,equity,011200,HMM,513,10465200,513.0,10465200.0,20400.0
2ETF01,2025-10-10,2025-10-02,20251010,2026.10.01 15:30:00,raw/2ETF01_2025-10-10.json,c99266312a10068619adc0e16b70294d646b161736fe112f73b28d097414dd16,equity,011210,현대위아,23,1140800,23.0,1140800.0,49600.0
2ETF01,2025-10-10,2025-10-02,20251010,2026.10.01 15:30:00,raw/2ETF01_2025-10-10.json,c99266312a10068619adc0e16b70294d646b161736fe112f73b28d097414dd16,equity,011780,금호석유화학,23,2467900,23.0,2467900.0,107300.0
2ETF01,2025-10-10,2025-10-02,20251010,2026.10.01 15:30:00,raw/2ETF01_2025-10-10.json,c99266312a10068619adc0e16b70294d646b161736fe112f73b28d097414dd16,equity,011790,SKC,30,3096000,30.0,3096000.0,103200.0
2ETF01,2025-10-10,2025-10-02,20251010,2026.10.01 15:30:00,raw/2ETF01_2025-10-10.json,c99266312a10068619adc0e16b70294d646b161736fe112f73b28d097414dd16,equity,012330,현대모비스,95,28215000,95.0,28215000.0,297000.0
2ETF01,2025-10-10,2025-10-02,20251010,2026.10.01 15:30:00,raw/2ETF01_2025-10-10.json,c99266312a10068619adc0e16b70294d646b161736fe112f73b28d097414dd16,equity,012450,한화에어로스페이스,53,58141000,53.0,58141000.0,1097000.0
2ETF01,2025-10-10,2025-10-02,20251010,2026.10.01 15:30:00,raw/2ETF01_2025-10-10.json,c99266312a10068619adc0e16b70294d646b161736fe112f73b28d097414dd16,equity,012630,HDC,39,666510,39.0,666510.0,17090.0
2ETF01,2025-10-10,2025-10-02,20251010,2026.10.01 15:30:00,raw/2ETF01_2025-10-10.json,c99266312a10068619adc0e16b70294d646b161736fe112f73b28d097414dd16,equity,012750,에스원,37,3074700,37.0,3074700.0,83100.0
2ETF01,2025-10-10,2025-10-02,20251010,2026.10.01 15:30:00,raw/2ETF01_2025-10-10.json,c99266312a10068619adc0e16b70294d646b161736fe112f73b28d097414dd16,equity,014680,한솔케미칼,13,2834000,13.0,2834000.0,218000.0
2ETF01,2025-10-10,2025-10-02,20251010,2026.10.01 15:30:00,raw/2ETF01_2025-10-10.json,c99266312a10068619adc0e16b70294d646b161736fe112f73b28d097414dd16,equity,014820,동원시스템즈,8,218800,8.0,218800.0,27350.0
2ETF01,2025-10-10,2025-10-02,20251010,2026.10.01 15:30:00,raw/2ETF01_2025-10-10.json,c99266312a10068619adc0e16b70294d646b161736fe112f73b28d097414dd16,equity,015760,한국전력,477,16933500,477.0,16933500.0,35500.0
2ETF01,2025-10-10,2025-10-02,20251010,2026.10.01 15:30:00,raw/2ETF01_2025-10-10.json,c99266312a10068619adc0e16b70294d646b161736fe112f73b28d097414dd16,equity,016360,삼성증권,92,6660800,92.0,6660800.0,72400.0
2ETF01,2025-10-10,2025-10-02,20251010,2026.10.01 15:30:00,raw/2ETF01_2025-10-10.json,c99266312a10068619adc0e16b70294d646b161736fe112f73b28d097414dd16,equity,017670,SK텔레콤,225,12240000,225.0,12240000.0,54400.0
2ETF01,2025-10-10,2025-10-02,20251010,2026.10.01 15:30:00,raw/2ETF01_2025-10-10.json,c99266312a10068619adc0e16b70294d646b161736fe112f73b28d097414dd16,equity,017800,현대엘리베이터,39,3045900,39.0,3045900.0,78100.0
2ETF01,2025-10-10,2025-10-02,20251010,2026.10.01 15:30:00,raw/2ETF01_2025-10-10.json,c99266312a10068619adc0e16b70294d646b161736fe112f73b28d097414dd16,equity,017960,한국카본,49,1639050,49.0,1639050.0,33450.0
2ETF01,2025-10-10,2025-10-02,20251010,2026.10.01 15:30:00,raw/2ETF01_2025-10-10.json,c99266312a10068619adc0e16b70294d646b161736fe112f73b28d097414dd16,equity,018260,삼성에스디에스,57,9501900,57.0,9501900.0,166700.0
2ETF01,2025-10-10,2025-10-02,20251010,2026.10.01 15:30:00,raw/2ETF01_2025-10-10.json,c99266312a10068619adc0e16b70294d646b161736fe112f73b28d097414dd16,equity,018880,한온시스템,247,776815,247.0,776815.0,3145.0
2ETF01,2025-10-10,2025-10-02,20251010,2026.10.01 15:30:00,raw/2ETF01_2025-10-10.json,c99266312a10068619adc0e16b70294d646b161736fe112f73b28d097414dd16,equity,021240,코웨이,83,8142300,83.0,8142300.0,98100.0
2ETF01,2025-10-10,2025-10-02,20251010,2026.10.01 15:30:00,raw/2ETF01_2025-10-10.json,c99266312a10068619adc0e16b70294d646b161736fe112f73b28d097414dd16,equity,022100,포스코DX,76,1618800,76.0,1618800.0,21300.0
2ETF01,2025-10-10,2025-10-02,20251010,2026.10.01 15:30:00,raw/2ETF01_2025-10-10.json,c99266312a10068619adc0e16b70294d646b161736fe112f73b28d097414dd16,equity,023530,롯데쇼핑,15,1044000,15.0,1044000.0,69600.0
2ETF01,2025-10-10,2025-10-02,20251010,2026.10.01 15:30:00,raw/2ETF01_2025-10-10.json,c99266312a10068619adc0e16b70294d646b161736fe112f73b28d097414dd16,equity,024110,기업은행,411,7952850,411.0,7952850.0,19350.0
2ETF01,2025-10-10,2025-10-02,20251010,2026.10.01 15:30:00,raw/2ETF01_2025-10-10.json,c99266312a10068619adc0e16b70294d646b161736fe112f73b28d097414dd16,equity,026960,동서,47,1280750,47.0,1280750.0,27250.0
2ETF01,2025-10-10,2025-10-02,20251010,2026.10.01 15:30:00,raw/2ETF01_2025-10-10.json,c99266312a10068619adc0e16b70294d646b161736fe112f73b28d097414dd16,equity,028050,삼성E&A,238,6461700,238.0,6461700.0,27150.0
2ETF01,2025-10-10,2025-10-02,20251010,2026.10.01 15:30:00,raw/2ETF01_2025-10-10.json,c99266312a10068619adc0e16b70294d646b161736fe112f73b28d097414dd16,equity,028260,삼성물산,152,30065600,152.0,30065600.0,197800.0
2ETF01,2025-10-10,2025-10-02,20251010,2026.10.01 15:30:00,raw/2ETF01_2025-10-10.json,c99266312a10068619adc0e16b70294d646b161736fe112f73b28d097414dd16,equity,028670,팬오션,340,1286900,340.0,1286900.0,3785.0
2ETF01,2025-10-10,2025-10-02,20251010,2026.10.01 15:30:00,raw/2ETF01_2025-10-10.json,c99266312a10068619adc0e16b70294d646b161736fe112f73b28d097414dd16,equity,029780,삼성카드,40,2024000,40.0,2024000.0,50600.0
2ETF01,2025-10-10,2025-10-02,20251010,2026.10.01 15:30:00,raw/2ETF01_2025-10-10.json,c99266312a10068619adc0e16b70294d646b161736fe112f73b28d097414dd16,equity,030000,제일기획,105,2126250,105.0,2126250.0,20250.0
2ETF01,2025-10-10,2025-10-02,20251010,2026.10.01 15:30:00,raw/2ETF01_2025-10-10.json,c99266312a10068619adc0e16b70294d646b161736fe112f73b28d097414dd16,equity,030200,KT,332,16998400,332.0,16998400.0,51200.0
2ETF01,2025-10-10,2025-10-02,20251010,2026.10.01 15:30:00,raw/2ETF01_2025-10-10.json,c99266312a10068619adc0e16b70294d646b161736fe112f73b28d097414dd16,equity,032640,LG유플러스,417,6338400,417.0,6338400.0,15200.0
2ETF01,2025-10-10,2025-10-02,20251010,2026.10.01 15:30:00,raw/2ETF01_2025-10-10.json,c99266312a10068619adc0e16b70294d646b161736fe112f73b28d097414dd16,equity,032830,삼성생명,127,20205700,127.0,20205700.0,159100.0
2ETF01,2025-10-10,2025-10-02,20251010,2026.10.01 15:30:00,raw/2ETF01_2025-10-10.json,c99266312a10068619adc0e16b70294d646b161736fe112f73b28d097414dd16,equity,033780,KT&G,141,18894000,141.0,18894000.0,134000.0
2ETF01,2025-10-10,2025-10-02,20251010,2026.10.01 15:30:00,raw/2ETF01_2025-10-10.json,c99266312a10068619adc0e16b70294d646b161736fe112f73b28d097414dd16,equity,034020,두산에너빌리티,650,42120000,650.0,42120000.0,64800.0
2ETF01,2025-10-10,2025-10-02,20251010,2026.10.01 15:30:00,raw/2ETF01_2025-10-10.json,c99266312a10068619adc0e16b70294d646b161736fe112f73b28d097414dd16,equity,034220,LG디스플레이,439,6400620,439.0,6400620.0,14580.0
2ETF01,2025-10-10,2025-10-02,20251010,2026.10.01 15:30:00,raw/2ETF01_2025-10-10.json,c99266312a10068619adc0e16b70294d646b161736fe112f73b28d097414dd16,equity,034730,SK,54,11988000,54.0,11988000.0,222000.0
2ETF01,2025-10-10,2025-10-02,20251010,2026.10.01 15:30:00,raw/2ETF01_2025-10-10.json,c99266312a10068619adc0e16b70294d646b161736fe112f73b28d097414dd16,equity,035250,강원랜드,172,3090840,172.0,3090840.0,17970.0
2ETF01,2025-10-10,2025-10-02,20251010,2026.10.01 15:30:00,raw/2ETF01_2025-10-10.json,c99266312a10068619adc0e16b70294d646b161736fe112f73b28d097414dd16,equity,035420,NAVER,197,49841000,197.0,49841000.0,253000.0
2ETF01,2025-10-10,2025-10-02,20251010,2026.10.01 15:30:00,raw/2ETF01_2025-10-10.json,c99266312a10068619adc0e16b70294d646b161736fe112f73b28d097414dd16,equity,035720,카카오,509,30336400,509.0,30336400.0,59600.0
2ETF01,2025-10-10,2025-10-02,20251010,2026.10.01 15:30:00,raw/2ETF01_2025-10-10.json,c99266312a10068619adc0e16b70294d646b161736fe112f73b28d097414dd16,equity,036460,한국가스공사,49,1901200,49.0,1901200.0,38800.0
2ETF01,2025-10-10,2025-10-02,20251010,2026.10.01 15:30:00,raw/2ETF01_2025-10-10.json,c99266312a10068619adc0e16b70294d646b161736fe112f73b28d097414dd16,equity,036570,엔씨소프트,26,5603000,26.0,5603000.0,215500.0
2ETF01,2025-10-10,2025-10-02,20251010,2026.10.01 15:30:00,raw/2ETF01_2025-10-10.json,c99266312a10068619adc0e16b70294d646b161736fe112f73b28d097414dd16,equity,039130,하나투어,16,792800,16.0,792800.0,49550.0
2ETF01,2025-10-10,2025-10-02,20251010,2026.10.01 15:30:00,raw/2ETF01_2025-10-10.json,c99266312a10068619adc0e16b70294d646b161736fe112f73b28d097414dd16,equity,039490,키움증권,21,5313000,21.0,5313000.0,253000.0
2ETF01,2025-10-10,2025-10-02,20251010,2026.10.01 15:30:00,raw/2ETF01_2025-10-10.json,c99266312a10068619adc0e16b70294d646b161736fe112f73b28d097414dd16,equity,042660,한화오션,172,19178000,172.0,19178000.0,111500.0
2ETF01,2025-10-10,2025-10-02,20251010,2026.10.01 15:30:00,raw/2ETF01_2025-10-10.json,c99266312a10068619adc0e16b70294d646b161736fe112f73b28d097414dd16,equity,042670,HD현대인프라코어,196,2896880,196.0,2896880.0,14780.0
2ETF01,2025-10-10,2025-10-02,20251010,2026.10.01 15:30:00,raw/2ETF01_2025-10-10.json,c99266312a10068619adc0e16b70294d646b161736fe112f73b28d097414dd16,equity,042700,한미반도체,64,6438400,64.0,6438400.0,100600.0
2ETF01,2025-10-10,2025-10-02,20251010,2026.10.01 15:30:00,raw/2ETF01_2025-10-10.json,c99266312a10068619adc0e16b70294d646b161736fe112f73b28d097414dd16,equity,047040,대우건설,302,1096260,302.0,1096260.0,3630.0
2ETF01,2025-10-10,2025-10-02,20251010,2026.10.01 15:30:00,raw/2ETF01_2025-10-10.json,c99266312a10068619adc0e16b70294d646b161736fe112f73b28d097414dd16,equity,047050,포스코인터내셔널,69,3367200,69.0,3367200.0,48800.0
2ETF01,2025-10-10,2025-10-02,20251010,2026.10.01 15:30:00,raw/2ETF01_2025-10-10.json,c99266312a10068619adc0e16b70294d646b161736fe112f73b28d097414dd16,equity,047810,한국항공우주,106,11236000,106.0,11236000.0,106000.0
2ETF01,2025-10-10,2025-10-02,20251010,2026.10.01 15:30:00,raw/2ETF01_2025-10-10.json,c99266312a10068619adc0e16b70294d646b161736fe112f73b28d097414dd16,equity,051600,한전KPS,33,1584000,33.0,1584000.0,48000.0
2ETF01,2025-10-10,2025-10-02,20251010,2026.10.01 15:30:00,raw/2ETF01_2025-10-10.json,c99266312a10068619adc0e16b70294d646b161736fe112f73b28d097414dd16,equity,051900,LG생활건강,14,4046000,14.0,4046000.0,289000.0
2ETF01,2025-10-10,2025-10-02,20251010,2026.10.01 15:30:00,raw/2ETF01_2025-10-10.json,c99266312a10068619adc0e16b70294d646b161736fe112f73b28d097414dd16,equity,051910,LG화학,70,19425000,70.0,19425000.0,277500.0
2ETF01,2025-10-10,2025-10-02,20251010,2026.10.01 15:30:00,raw/2ETF01_2025-10-10.json,c99266312a10068619adc0e16b70294d646b161736fe112f73b28d097414dd16,equity,052690,한전기술,28,2405200,28.0,2405200.0,85900.0
2ETF01,2025-10-10,2025-10-02,20251010,2026.10.01 15:30:00,raw/2ETF01_2025-10-10.json,c99266312a10068619adc0e16b70294d646b161736fe112f73b28d097414dd16,equity,055550,신한지주,633,45196200,633.0,45196200.0,71400.0
2ETF01,2025-10-10,2025-10-02,20251010,2026.10.01 15:30:00,raw/2ETF01_2025-10-10.json,c99266312a10068619adc0e16b70294d646b161736fe112f73b28d097414dd16,equity,064350,현대로템,111,25086000,111.0,25086000.0,226000.0
2ETF01,2025-10-10,2025-10-02,20251010,2026.10.01 15:30:00,raw/2ETF01_2025-10-10.json,c99266312a10068619adc0e16b70294d646b161736fe112f73b28d097414dd16,equity,066570,LG전자,164,12529600,164.0,12529600.0,76400.0
2ETF01,2025-10-10,2025-10-02,20251010,2026.10.01 15:30:00,raw/2ETF01_2025-10-10.json,c99266312a10068619adc0e16b70294d646b161736fe112f73b28d097414dd16,equity,066970,엘앤에프,38,2804400,38.0,2804400.0,73800.0
2ETF01,2025-10-10,2025-10-02,20251010,2026.10.01 15:30:00,raw/2ETF01_2025-10-10.json,c99266312a10068619adc0e16b70294d646b161736fe112f73b28d097414dd16,equity,068270,셀트리온,234,41043600,234.0,41043600.0,175400.0
2ETF01,2025-10-10,2025-10-02,20251010,2026.10.01 15:30:00,raw/2ETF01_2025-10-10.json,c99266312a10068619adc0e16b70294d646b161736fe112f73b28d097414dd16,equity,069260,TKG휴켐스,33,584100,33.0,584100.0,17700.0
2ETF01,2025-10-10,2025-10-02,20251010,2026.10.01 15:30:00,raw/2ETF01_2025-10-10.json,c99266312a10068619adc0e16b70294d646b161736fe112f73b28d097414dd16,equity,069620,대웅제약,7,926100,7.0,926100.0,132300.0
2ETF01,2025-10-10,2025-10-02,20251010,2026.10.01 15:30:00,raw/2ETF01_2025-10-10.json,c99266312a10068619adc0e16b70294d646b161736fe112f73b28d097414dd16,equity,069960,현대백화점,21,1839600,21.0,1839600.0,87600.0
2ETF01,2025-10-10,2025-10-02,20251010,2026.10.01 15:30:00,raw/2ETF01_2025-10-10.json,c99266312a10068619adc0e16b70294d646b161736fe112f73b28d097414dd16,equity,071050,한국금융지주,62,8971400,62.0,8971400.0,144700.0
2ETF01,2025-10-10,2025-10-02,20251010,2026.10.01 15:30:00,raw/2ETF01_2025-10-10.json,c99266312a10068619adc0e16b70294d646b161736fe112f73b28d097414dd16,equity,071320,지역난방공사,4,340800,4.0,340800.0,85200.0
2ETF01,2025-10-10,2025-10-02,20251010,2026.10.01 15:30:00,raw/2ETF01_2025-10-10.json,c99266312a10068619adc0e16b70294d646b161736fe112f73b28d097414dd16,equity,073240,금호타이어,239,1125690,239.0,1125690.0,4710.0
2ETF01,2025-10-10,2025-10-02,20251010,2026.10.01 15:30:00,raw/2ETF01_2025-10-10.json,c99266312a10068619adc0e16b70294d646b161736fe112f73b28d097414dd16,equity,078930,GS,68,3080400,68.0,3080400.0,45300.0
2ETF01,2025-10-10,2025-10-02,20251010,2026.10.01 15:30:00,raw/2ETF01_2025-10-10.json,c99266312a10068619adc0e16b70294d646b161736fe112f73b28d097414dd16,equity,079550,LIG넥스원,20,10100000,20.0,10100000.0,505000.0
2ETF01,2025-10-10,2025-10-02,20251010,2026.10.01 15:30:00,raw/2ETF01_2025-10-10.json,c99266312a10068619adc0e16b70294d646b161736fe112f73b28d097414dd16,equity,081660,미스토홀딩스,52,2028000,52.0,2028000.0,39000.0
2ETF01,2025-10-10,2025-10-02,20251010,2026.10.01 15:30:00,raw/2ETF01_2025-10-10.json,c99266312a10068619adc0e16b70294d646b161736fe112f73b28d097414dd16,equity,086280,현대글로비스,56,9195200,56.0,9195200.0,164200.0
2ETF01,2025-10-10,2025-10-02,20251010,2026.10.01 15:30:00,raw/2ETF01_2025-10-10.json,c99266312a10068619adc0e16b70294d646b161736fe112f73b28d097414dd16,equity,086790,하나금융지주,381,33680400,381.0,33680400.0,88400.0
2ETF01,2025-10-10,2025-10-02,20251010,2026.10.01 15:30:00,raw/2ETF01_2025-10-10.json,c99266312a10068619adc0e16b70294d646b161736fe112f73b28d097414dd16,equity,088350,한화생명,500,1580000,500.0,1580000.0,3160.0
2ETF01,2025-10-10,2025-10-02,20251010,2026.10.01 15:30:00,raw/2ETF01_2025-10-10.json,c99266312a10068619adc0e16b70294d646b161736fe112f73b28d097414dd16,equity,090430,아모레퍼시픽,47,5729300,47.0,5729300.0,121900.0
2ETF01,2025-10-10,2025-10-02,20251010,2026.10.01 15:30:00,raw/2ETF01_2025-10-10.json,c99266312a10068619adc0e16b70294d646b161736fe112f73b28d097414dd16,equity,093370,후성,83,502980,83.0,502980.0,6060.0
2ETF01,2025-10-10,2025-10-02,20251010,2026.10.01 15:30:00,raw/2ETF01_2025-10-10.json,c99266312a10068619adc0e16b70294d646b161736fe112f73b28d097414dd16,equity,096770,SK이노베이션,113,11853700,113.0,11853700.0,104900.0
2ETF01,2025-10-10,2025-10-02,20251010,2026.10.01 15:30:00,raw/2ETF01_2025-10-10.json,c99266312a10068619adc0e16b70294d646b161736fe112f73b28d097414dd16,equity,097950,CJ제일제당,12,2802000,12.0,2802000.0,233500.0
2ETF01,2025-10-10,2025-10-02,20251010,2026.10.01 15:30:00,raw/2ETF01_2025-10-10.json,c99266312a10068619adc0e16b70294d646b161736fe112f73b28d097414dd16,equity,103140,풍산,25,3260000,25.0,3260000.0,130400.0
2ETF01,2025-10-10,2025-10-02,20251010,2026.10.01 15:30:00,raw/2ETF01_2025-10-10.json,c99266312a10068619adc0e16b70294d646b161736fe112f73b28d097414dd16,equity,105560,KB금융,491,57348800,491.0,57348800.0,116800.0
2ETF01,2025-10-10,2025-10-02,20251010,2026.10.01 15:30:00,raw/2ETF01_2025-10-10.json,c99266312a10068619adc0e16b70294d646b161736fe112f73b28d097414dd16,equity,111770,영원무역,33,2102100,33.0,2102100.0,63700.0
2ETF01,2025-10-10,2025-10-02,20251010,2026.10.01 15:30:00,raw/2ETF01_2025-10-10.json,c99266312a10068619adc0e16b70294d646b161736fe112f73b28d097414dd16,equity,112610,씨에스윈드,36,1539000,36.0,1539000.0,42750.0
2ETF01,2025-10-10,2025-10-02,20251010,2026.10.01 15:30:00,raw/2ETF01_2025-10-10.json,c99266312a10068619adc0e16b70294d646b161736fe112f73b28d097414dd16,equity,114090,GKL,46,718060,46.0,718060.0,15610.0
2ETF01,2025-10-10,2025-10-02,20251010,2026.10.01 15:30:00,raw/2ETF01_2025-10-10.json,c99266312a10068619adc0e16b70294d646b161736fe112f73b28d097414dd16,equity,120110,코오롱인더,28,971600,28.0,971600.0,34700.0
2ETF01,2025-10-10,2025-10-02,20251010,2026.10.01 15:30:00,raw/2ETF01_2025-10-10.json,c99266312a10068619adc0e16b70294d646b161736fe112f73b28d097414dd16,equity,128940,한미약품,10,3545000,10.0,3545000.0,354500.0
2ETF01,2025-10-10,2025-10-02,20251010,2026.10.01 15:30:00,raw/2ETF01_2025-10-10.json,c99266312a10068619adc0e16b70294d646b161736fe112f73b28d097414dd16,equity,137310,에스디바이오센서,53,527880,53.0,527880.0,9960.0
2ETF01,2025-10-10,2025-10-02,20251010,2026.10.01 15:30:00,raw/2ETF01_2025-10-10.json,c99266312a10068619adc0e16b70294d646b161736fe112f73b28d097414dd16,equity,138040,메리츠금융지주,117,13267800,117.0,13267800.0,113400.0
2ETF01,2025-10-10,2025-10-02,20251010,2026.10.01 15:30:00,raw/2ETF01_2025-10-10.json,c99266312a10068619adc0e16b70294d646b161736fe112f73b28d097414dd16,equity,138930,BNK금융지주,391,5743790,391.0,5743790.0,14690.0
2ETF01,2025-10-10,2025-10-02,20251010,2026.10.01 15:30:00,raw/2ETF01_2025-10-10.json,c99266312a10068619adc0e16b70294d646b161736fe112f73b28d097414dd16,equity,139130,iM금융지주,211,2878040,211.0,2878040.0,13640.0
2ETF01,2025-10-10,2025-10-02,20251010,2026.10.01 15:30:00,raw/2ETF01_2025-10-10.json,c99266312a10068619adc0e16b70294d646b161736fe112f73b28d097414dd16,equity,139480,이마트,30,2244000,30.0,2244000.0,74800.0
2ETF01,2025-10-10,2025-10-02,20251010,2026.10.01 15:30:00,raw/2ETF01_2025-10-10.json,c99266312a10068619adc0e16b70294d646b161736fe112f73b28d097414dd16,equity,145720,덴티움,10,564000,10.0,564000.0,56400.0
2ETF01,2025-10-10,2025-10-02,20251010,2026.10.01 15:30:00,raw/2ETF01_2025-10-10.json,c99266312a10068619adc0e16b70294d646b161736fe112f73b28d097414dd16,equity,161390,한국타이어앤테크놀로지,109,4201950,109.0,4201950.0,38550.0
2ETF01,2025-10-10,2025-10-02,20251010,2026.10.01 15:30:00,raw/2ETF01_2025-10-10.json,c99266312a10068619adc0e16b70294d646b161736fe112f73b28d097414dd16,equity,161890,한국콜마,26,2009800,26.0,2009800.0,77300.0
2ETF01,2025-10-10,2025-10-02,20251010,2026.10.01 15:30:00,raw/2ETF01_2025-10-10.json,c99266312a10068619adc0e16b70294d646b161736fe112f73b28d097414dd16,equity,175330,JB금융지주,244,5697400,244.0,5697400.0,23350.0
2ETF01,2025-10-10,2025-10-02,20251010,2026.10.01 15:30:00,raw/2ETF01_2025-10-10.json,c99266312a10068619adc0e16b70294d646b161736fe112f73b28d097414dd16,equity,180640,한진칼,71,7071600,71.0,7071600.0,99600.0
2ETF01,2025-10-10,2025-10-02,20251010,2026.10.01 15:30:00,raw/2ETF01_2025-10-10.json,c99266312a10068619adc0e16b70294d646b161736fe112f73b28d097414dd16,equity,185750,종근당,12,982800,12.0,982800.0,81900.0
2ETF01,2025-10-10,2025-10-02,20251010,2026.10.01 15:30:00,raw/2ETF01_2025-10-10.json,c99266312a10068619adc0e16b70294d646b161736fe112f73b28d097414dd16,equity,192080,더블유게임즈,16,824000,16.0,824000.0,51500.0
2ETF01,2025-10-10,2025-10-02,20251010,2026.10.01 15:30:00,raw/2ETF01_2025-10-10.json,c99266312a10068619adc0e16b70294d646b161736fe112f73b28d097414dd16,equity,192820,코스맥스,12,2544000,12.0,2544000.0,212000.0
2ETF01,2025-10-10,2025-10-02,20251010,2026.10.01 15:30:00,raw/2ETF01_2025-10-10.json,c99266312a10068619adc0e16b70294d646b161736fe112f73b28d097414dd16,equity,204320,HL만도,49,1663550,49.0,1663550.0,33950.0
2ETF01,2025-10-10,2025-10-02,20251010,2026.10.01 15:30:00,raw/2ETF01_2025-10-10.json,c99266312a10068619adc0e16b70294d646b161736fe112f73b28d097414dd16,equity,207940,삼성바이오로직스,24,24216000,24.0,24216000.0,1009000.0
2ETF01,2025-10-10,2025-10-02,20251010,2026.10.01 15:30:00,raw/2ETF01_2025-10-10.json,c99266312a10068619adc0e16b70294d646b161736fe112f73b28d097414dd16,equity,241560,두산밥캣,78,4368000,78.0,4368000.0,56000.0
2ETF01,2025-10-10,2025-10-02,20251010,2026.10.01 15:30:00,raw/2ETF01_2025-10-10.json,c99266312a10068619adc0e16b70294d646b161736fe112f73b28d097414dd16,equity,251270,넷마블,48,2832000,48.0,2832000.0,59000.0
2ETF01,2025-10-10,2025-10-02,20251010,2026.10.01 15:30:00,raw/2ETF01_2025-10-10.json,c99266312a10068619adc0e16b70294d646b161736fe112f73b28d097414dd16,equity,259960,크래프톤,44,13156000,44.0,13156000.0,299000.0
2ETF01,2025-10-10,2025-10-02,20251010,2026.10.01 15:30:00,raw/2ETF01_2025-10-10.json,c99266312a10068619adc0e16b70294d646b161736fe112f73b28d097414dd16,equity,267250,HD현대,68,11179200,68.0,11179200.0,164400.0
2ETF01,2025-10-10,2025-10-02,20251010,2026.10.01 15:30:00,raw/2ETF01_2025-10-10.json,c99266312a10068619adc0e16b70294d646b161736fe112f73b28d097414dd16,equity,267260,HD현대일렉트릭,34,21250000,34.0,21250000.0,625000.0
2ETF01,2025-10-10,2025-10-02,20251010,2026.10.01 15:30:00,raw/2ETF01_2025-10-10.json,c99266312a10068619adc0e16b70294d646b161736fe112f73b28d097414dd16,equity,268280,미원에스씨,1,138200,1.0,138200.0,138200.0
2ETF01,2025-10-10,2025-10-02,20251010,2026.10.01 15:30:00,raw/2ETF01_2025-10-10.json,c99266312a10068619adc0e16b70294d646b161736fe112f73b28d097414dd16,equity,271560,오리온,33,3408900,33.0,3408900.0,103300.0
2ETF01,2025-10-10,2025-10-02,20251010,2026.10.01 15:30:00,raw/2ETF01_2025-10-10.json,c99266312a10068619adc0e16b70294d646b161736fe112f73b28d097414dd16,equity,272210,한화시스템,106,6338800,106.0,6338800.0,59800.0
2ETF01,2025-10-10,2025-10-02,20251010,2026.10.01 15:30:00,raw/2ETF01_2025-10-10.json,c99266312a10068619adc0e16b70294d646b161736fe112f73b28d097414dd16,equity,278470,에이피알,37,9435000,37.0,9435000.0,255000.0
2ETF01,2025-10-10,2025-10-02,20251010,2026.10.01 15:30:00,raw/2ETF01_2025-10-10.json,c99266312a10068619adc0e16b70294d646b161736fe112f73b28d097414dd16,equity,280360,롯데웰푸드,3,342600,3.0,342600.0,114200.0
2ETF01,2025-10-10,2025-10-02,20251010,2026.10.01 15:30:00,raw/2ETF01_2025-10-10.json,c99266312a10068619adc0e16b70294d646b161736fe112f73b28d097414dd16,equity,282330,BGF리테일,12,1305600,12.0,1305600.0,108800.0
2ETF01,2025-10-10,2025-10-02,20251010,2026.10.01 15:30:00,raw/2ETF01_2025-10-10.json,c99266312a10068619adc0e16b70294d646b161736fe112f73b28d097414dd16,equity,285130,SK케미칼,15,870000,15.0,870000.0,58000.0
2ETF01,2025-10-10,2025-10-02,20251010,2026.10.01 15:30:00,raw/2ETF01_2025-10-10.json,c99266312a10068619adc0e16b70294d646b161736fe112f73b28d097414dd16,equity,298020,효성티앤씨,4,860000,4.0,860000.0,215000.0
2ETF01,2025-10-10,2025-10-02,20251010,2026.10.01 15:30:00,raw/2ETF01_2025-10-10.json,c99266312a10068619adc0e16b70294d646b161736fe112f73b28d097414dd16,equity,298040,효성중공업,7,9884000,7.0,9884000.0,1412000.0
2ETF01,2025-10-10,2025-10-02,20251010,2026.10.01 15:30:00,raw/2ETF01_2025-10-10.json,c99266312a10068619adc0e16b70294d646b161736fe112f73b28d097414dd16,equity,298050,HS효성첨단소재,4,727600,4.0,727600.0,181900.0
2ETF01,2025-10-10,2025-10-02,20251010,2026.10.01 15:30:00,raw/2ETF01_2025-10-10.json,c99266312a10068619adc0e16b70294d646b161736fe112f73b28d097414dd16,equity,300720,한일시멘트,24,456720,24.0,456720.0,19030.0
2ETF01,2025-10-10,2025-10-02,20251010,2026.10.01 15:30:00,raw/2ETF01_2025-10-10.json,c99266312a10068619adc0e16b70294d646b161736fe112f73b28d097414dd16,equity,302440,SK바이오사이언스,39,1844700,39.0,1844700.0,47300.0
2ETF01,2025-10-10,2025-10-02,20251010,2026.10.01 15:30:00,raw/2ETF01_2025-10-10.json,c99266312a10068619adc0e16b70294d646b161736fe112f73b28d097414dd16,equity,316140,우리금융지주,1024,26675200,1024.0,26675200.0,26050.0
2ETF01,2025-10-10,2025-10-02,20251010,2026.10.01 15:30:00,raw/2ETF01_2025-10-10.json,c99266312a10068619adc0e16b70294d646b161736fe112f73b28d097414dd16,equity,323410,카카오뱅크,513,12132450,513.0,12132450.0,23650.0
2ETF01,2025-10-10,2025-10-02,20251010,2026.10.01 15:30:00,raw/2ETF01_2025-10-10.json,c99266312a10068619adc0e16b70294d646b161736fe112f73b28d097414dd16,equity,326030,SK바이오팜,42,4368000,42.0,4368000.0,104000.0
2ETF01,2025-10-10,2025-10-02,20251010,2026.10.01 15:30:00,raw/2ETF01_2025-10-10.json,c99266312a10068619adc0e16b70294d646b161736fe112f73b28d097414dd16,equity,329180,HD현대중공업,34,17952000,34.0,17952000.0,528000.0
2ETF01,2025-10-10,2025-10-02,20251010,2026.10.01 15:30:00,raw/2ETF01_2025-10-10.json,c99266312a10068619adc0e16b70294d646b161736fe112f73b28d097414dd16,equity,352820,하이브,32,8560000,32.0,8560000.0,267500.0
2ETF01,2025-10-10,2025-10-02,20251010,2026.10.01 15:30:00,raw/2ETF01_2025-10-10.json,c99266312a10068619adc0e16b70294d646b161736fe112f73b28d097414dd16,equity,361610,SK아이이테크놀로지,44,1181400,44.0,1181400.0,26850.0
2ETF01,2025-10-10,2025-10-02,20251010,2026.10.01 15:30:00,raw/2ETF01_2025-10-10.json,c99266312a10068619adc0e16b70294d646b161736fe112f73b28d097414dd16,equity,373220,LG에너지솔루션,53,21147000,53.0,21147000.0,399000.0
2ETF01,2025-10-10,2025-10-02,20251010,2026.10.01 15:30:00,raw/2ETF01_2025-10-10.json,c99266312a10068619adc0e16b70294d646b161736fe112f73b28d097414dd16,equity,375500,DL이앤씨,45,1854000,45.0,1854000.0,41200.0
2ETF01,2025-10-10,2025-10-02,20251010,2026.10.01 15:30:00,raw/2ETF01_2025-10-10.json,c99266312a10068619adc0e16b70294d646b161736fe112f73b28d097414dd16,equity,377300,카카오페이,43,2257500,43.0,2257500.0,52500.0
2ETF01,2025-10-10,2025-10-02,20251010,2026.10.01 15:30:00,raw/2ETF01_2025-10-10.json,c99266312a10068619adc0e16b70294d646b161736fe112f73b28d097414dd16,equity,383220,F&F,21,1358700,21.0,1358700.0,64700.0
2ETF01,2025-10-10,2025-10-02,20251010,2026.10.01 15:30:00,raw/2ETF01_2025-10-10.json,c99266312a10068619adc0e16b70294d646b161736fe112f73b28d097414dd16,equity,402340,SK스퀘어,139,33082000,139.0,33082000.0,238000.0
2ETF01,2025-10-10,2025-10-02,20251010,2026.10.01 15:30:00,raw/2ETF01_2025-10-10.json,c99266312a10068619adc0e16b70294d646b161736fe112f73b28d097414dd16,equity,443060,HD현대마린솔루션,12,2700000,12.0,2700000.0,225000.0
2ETF01,2025-10-10,2025-10-02,20251010,2026.10.01 15:30:00,raw/2ETF01_2025-10-10.json,c99266312a10068619adc0e16b70294d646b161736fe112f73b28d097414dd16,equity,450080,에코프로머티,38,1820200,38.0,1820200.0,47900.0
2ETF01,2025-10-10,2025-10-02,20251010,2026.10.01 15:30:00,raw/2ETF01_2025-10-10.json,c99266312a10068619adc0e16b70294d646b161736fe112f73b28d097414dd16,equity,454910,두산로보틱스,29,1972000,29.0,1972000.0,68000.0
2ETF01,2025-10-10,2025-10-02,20251010,2026.10.01 15:30:00,raw/2ETF01_2025-10-10.json,c99266312a10068619adc0e16b70294d646b161736fe112f73b28d097414dd16,equity,456040,OCI,7,396900,7.0,396900.0,56700.0
2ETF01,2025-10-10,2025-10-02,20251010,2026.10.01 15:30:00,raw/2ETF01_2025-10-10.json,c99266312a10068619adc0e16b70294d646b161736fe112f73b28d097414dd16,equity,457190,이수스페셜티케미컬,31,1461650,31.0,1461650.0,47150.0
2ETF01,2025-10-10,2025-10-02,20251010,2026.10.01 15:30:00,raw/2ETF01_2025-10-10.json,c99266312a10068619adc0e16b70294d646b161736fe112f73b28d097414dd16,equity,489790,한화비전,52,2766400,52.0,2766400.0,53200.0
2ETF07,2025-10-10,2025-10-02,20251010,2026.10.01 15:30:00,raw/2ETF07_2025-10-10.json,0b7ffbcc429f9a1b4c2b02a391c9e5c0ed45aef1cfc04f4494d1a4150e29ea1d,cash,KRD010010001,원화예금,4824336,4824336,4824336.0,4824336.0,1.0
2ETF07,2025-10-10,2025-10-02,20251010,2026.10.01 15:30:00,raw/2ETF07_2025-10-10.json,0b7ffbcc429f9a1b4c2b02a391c9e5c0ed45aef1cfc04f4494d1a4150e29ea1d,equity,000660,SK하이닉스,1369,541439500,1369.0,541439500.0,395500.0
2ETF07,2025-10-10,2025-10-02,20251010,2026.10.01 15:30:00,raw/2ETF07_2025-10-10.json,0b7ffbcc429f9a1b4c2b02a391c9e5c0ed45aef1cfc04f4494d1a4150e29ea1d,equity,000990,DB하이텍,1278,71695800,1278.0,71695800.0,56100.0
2ETF07,2025-10-10,2025-10-02,20251010,2026.10.01 15:30:00,raw/2ETF07_2025-10-10.json,0b7ffbcc429f9a1b4c2b02a391c9e5c0ed45aef1cfc04f4494d1a4150e29ea1d,equity,005930,삼성전자,5560,494840000,5560.0,494840000.0,89000.0
2ETF07,2025-10-10,2025-10-02,20251010,2026.10.01 15:30:00,raw/2ETF07_2025-10-10.json,0b7ffbcc429f9a1b4c2b02a391c9e5c0ed45aef1cfc04f4494d1a4150e29ea1d,equity,031980,피에스케이홀딩스,293,13844250,293.0,13844250.0,47250.0
2ETF07,2025-10-10,2025-10-02,20251010,2026.10.01 15:30:00,raw/2ETF07_2025-10-10.json,0b7ffbcc429f9a1b4c2b02a391c9e5c0ed45aef1cfc04f4494d1a4150e29ea1d,equity,036540,SFA반도체,3043,13495705,3043.0,13495705.0,4435.0
2ETF07,2025-10-10,2025-10-02,20251010,2026.10.01 15:30:00,raw/2ETF07_2025-10-10.json,0b7ffbcc429f9a1b4c2b02a391c9e5c0ed45aef1cfc04f4494d1a4150e29ea1d,equity,036930,주성엔지니어링,1302,40427100,1302.0,40427100.0,31050.0
2ETF07,2025-10-10,2025-10-02,20251010,2026.10.01 15:30:00,raw/2ETF07_2025-10-10.json,0b7ffbcc429f9a1b4c2b02a391c9e5c0ed45aef1cfc04f4494d1a4150e29ea1d,equity,039030,이오테크닉스,344,81872000,344.0,81872000.0,238000.0
2ETF07,2025-10-10,2025-10-02,20251010,2026.10.01 15:30:00,raw/2ETF07_2025-10-10.json,0b7ffbcc429f9a1b4c2b02a391c9e5c0ed45aef1cfc04f4494d1a4150e29ea1d,equity,042700,한미반도체,1713,172327800,1713.0,172327800.0,100600.0
2ETF07,2025-10-10,2025-10-02,20251010,2026.10.01 15:30:00,raw/2ETF07_2025-10-10.json,0b7ffbcc429f9a1b4c2b02a391c9e5c0ed45aef1cfc04f4494d1a4150e29ea1d,equity,058470,리노공업,2037,109183200,2037.0,109183200.0,53600.0
2ETF07,2025-10-10,2025-10-02,20251010,2026.10.01 15:30:00,raw/2ETF07_2025-10-10.json,0b7ffbcc429f9a1b4c2b02a391c9e5c0ed45aef1cfc04f4494d1a4150e29ea1d,equity,064760,티씨케이,240,45480000,240.0,45480000.0,189500.0
2ETF07,2025-10-10,2025-10-02,20251010,2026.10.01 15:30:00,raw/2ETF07_2025-10-10.json,0b7ffbcc429f9a1b4c2b02a391c9e5c0ed45aef1cfc04f4494d1a4150e29ea1d,equity,067310,하나마이크론,1962,48363300,1962.0,48363300.0,24650.0
2ETF07,2025-10-10,2025-10-02,20251010,2026.10.01 15:30:00,raw/2ETF07_2025-10-10.json,0b7ffbcc429f9a1b4c2b02a391c9e5c0ed45aef1cfc04f4494d1a4150e29ea1d,equity,080220,제주반도체,1246,25979100,1246.0,25979100.0,20850.0
2ETF07,2025-10-10,2025-10-02,20251010,2026.10.01 15:30:00,raw/2ETF07_2025-10-10.json,0b7ffbcc429f9a1b4c2b02a391c9e5c0ed45aef1cfc04f4494d1a4150e29ea1d,equity,082270,젬백스,1296,65707200,1296.0,65707200.0,50700.0
2ETF07,2025-10-10,2025-10-02,20251010,2026.10.01 15:30:00,raw/2ETF07_2025-10-10.json,0b7ffbcc429f9a1b4c2b02a391c9e5c0ed45aef1cfc04f4494d1a4150e29ea1d,equity,084370,유진테크,565,43618000,565.0,43618000.0,77200.0
2ETF07,2025-10-10,2025-10-02,20251010,2026.10.01 15:30:00,raw/2ETF07_2025-10-10.json,0b7ffbcc429f9a1b4c2b02a391c9e5c0ed45aef1cfc04f4494d1a4150e29ea1d,equity,089030,테크윙,1290,78690000,1290.0,78690000.0,61000.0
2ETF07,2025-10-10,2025-10-02,20251010,2026.10.01 15:30:00,raw/2ETF07_2025-10-10.json,0b7ffbcc429f9a1b4c2b02a391c9e5c0ed45aef1cfc04f4494d1a4150e29ea1d,equity,095340,ISC,418,33858000,418.0,33858000.0,81000.0
2ETF07,2025-10-10,2025-10-02,20251010,2026.10.01 15:30:00,raw/2ETF07_2025-10-10.json,0b7ffbcc429f9a1b4c2b02a391c9e5c0ed45aef1cfc04f4494d1a4150e29ea1d,equity,098460,고영,2117,33490940,2117.0,33490940.0,15820.0
2ETF07,2025-10-10,2025-10-02,20251010,2026.10.01 15:30:00,raw/2ETF07_2025-10-10.json,0b7ffbcc429f9a1b4c2b02a391c9e5c0ed45aef1cfc04f4494d1a4150e29ea1d,equity,101490,에스앤에스텍,670,33567000,670.0,33567000.0,50100.0
2ETF07,2025-10-10,2025-10-02,20251010,2026.10.01 15:30:00,raw/2ETF07_2025-10-10.json,0b7ffbcc429f9a1b4c2b02a391c9e5c0ed45aef1cfc04f4494d1a4150e29ea1d,equity,108320,LX세미콘,448,25267200,448.0,25267200.0,56400.0
2ETF07,2025-10-10,2025-10-02,20251010,2026.10.01 15:30:00,raw/2ETF07_2025-10-10.json,0b7ffbcc429f9a1b4c2b02a391c9e5c0ed45aef1cfc04f4494d1a4150e29ea1d,equity,131970,두산테스나,485,21582500,485.0,21582500.0,44500.0
2ETF07,2025-10-10,2025-10-02,20251010,2026.10.01 15:30:00,raw/2ETF07_2025-10-10.json,0b7ffbcc429f9a1b4c2b02a391c9e5c0ed45aef1cfc04f4494d1a4150e29ea1d,equity,161580,필옵틱스,693,26299350,693.0,26299350.0,37950.0
2ETF07,2025-10-10,2025-10-02,20251010,2026.10.01 15:30:00,raw/2ETF07_2025-10-10.json,0b7ffbcc429f9a1b4c2b02a391c9e5c0ed45aef1cfc04f4494d1a4150e29ea1d,equity,166090,하나머티리얼즈,431,18274400,431.0,18274400.0,42400.0
2ETF07,2025-10-10,2025-10-02,20251010,2026.10.01 15:30:00,raw/2ETF07_2025-10-10.json,0b7ffbcc429f9a1b4c2b02a391c9e5c0ed45aef1cfc04f4494d1a4150e29ea1d,equity,183300,코미코,245,25112500,245.0,25112500.0,102500.0
2ETF07,2025-10-10,2025-10-02,20251010,2026.10.01 15:30:00,raw/2ETF07_2025-10-10.json,0b7ffbcc429f9a1b4c2b02a391c9e5c0ed45aef1cfc04f4494d1a4150e29ea1d,equity,213420,덕산네오룩스,531,25753500,531.0,25753500.0,48500.0
2ETF07,2025-10-10,2025-10-02,20251010,2026.10.01 15:30:00,raw/2ETF07_2025-10-10.json,0b7ffbcc429f9a1b4c2b02a391c9e5c0ed45aef1cfc04f4494d1a4150e29ea1d,equity,218410,RFHIC,676,19536400,676.0,19536400.0,28900.0
2ETF07,2025-10-10,2025-10-02,20251010,2026.10.01 15:30:00,raw/2ETF07_2025-10-10.json,0b7ffbcc429f9a1b4c2b02a391c9e5c0ed45aef1cfc04f4494d1a4150e29ea1d,equity,222800,심텍,889,45339000,889.0,45339000.0,51000.0
2ETF07,2025-10-10,2025-10-02,20251010,2026.10.01 15:30:00,raw/2ETF07_2025-10-10.json,0b7ffbcc429f9a1b4c2b02a391c9e5c0ed45aef1cfc04f4494d1a4150e29ea1d,equity,232140,와이씨,1619,24333570,1619.0,24333570.0,15030.0
2ETF07,2025-10-10,2025-10-02,20251010,2026.10.01 15:30:00,raw/2ETF07_2025-10-10.json,0b7ffbcc429f9a1b4c2b02a391c9e5c0ed45aef1cfc04f4494d1a4150e29ea1d,equity,240810,원익IPS,1352,76658400,1352.0,76658400.0,56700.0
2ETF07,2025-10-10,2025-10-02,20251010,2026.10.01 15:30:00,raw/2ETF07_2025-10-10.json,0b7ffbcc429f9a1b4c2b02a391c9e5c0ed45aef1cfc04f4494d1a4150e29ea1d,equity,281820,케이씨텍,391,15600900,391.0,15600900.0,39900.0
2ETF07,2025-10-10,2025-10-02,20251010,2026.10.01 15:30:00,raw/2ETF07_2025-10-10.json,0b7ffbcc429f9a1b4c2b02a391c9e5c0ed45aef1cfc04f4494d1a4150e29ea1d,equity,319660,피에스케이,810,27864000,810.0,27864000.0,34400.0
2ETF07,2025-10-10,2025-10-02,20251010,2026.10.01 15:30:00,raw/2ETF07_2025-10-10.json,0b7ffbcc429f9a1b4c2b02a391c9e5c0ed45aef1cfc04f4494d1a4150e29ea1d,equity,322000,HD현대에너지솔루션,212,9974600,212.0,9974600.0,47050.0
2ETF07,2025-10-10,2025-10-02,20251010,2026.10.01 15:30:00,raw/2ETF07_2025-10-10.json,0b7ffbcc429f9a1b4c2b02a391c9e5c0ed45aef1cfc04f4494d1a4150e29ea1d,equity,323280,태성,815,20252750,815.0,20252750.0,24850.0
2ETF07,2025-10-10,2025-10-02,20251010,2026.10.01 15:30:00,raw/2ETF07_2025-10-10.json,0b7ffbcc429f9a1b4c2b02a391c9e5c0ed45aef1cfc04f4494d1a4150e29ea1d,equity,348210,넥스틴,310,16182000,310.0,16182000.0,52200.0
2ETF07,2025-10-10,2025-10-02,20251010,2026.10.01 15:30:00,raw/2ETF07_2025-10-10.json,0b7ffbcc429f9a1b4c2b02a391c9e5c0ed45aef1cfc04f4494d1a4150e29ea1d,equity,399720,가온칩스,248,12598400,248.0,12598400.0,50800.0
2ETF07,2025-10-10,2025-10-02,20251010,2026.10.01 15:30:00,raw/2ETF07_2025-10-10.json,0b7ffbcc429f9a1b4c2b02a391c9e5c0ed45aef1cfc04f4494d1a4150e29ea1d,equity,403870,HPSP,1923,67305000,1923.0,67305000.0,35000.0
2ETF07,2025-10-10,2025-10-02,20251010,2026.10.01 15:30:00,raw/2ETF07_2025-10-10.json,0b7ffbcc429f9a1b4c2b02a391c9e5c0ed45aef1cfc04f4494d1a4150e29ea1d,equity,440110,파두,1464,33306000,1464.0,33306000.0,22750.0
2ETF01,2025-10-13,2025-10-10,20251013,2026.10.01 15:30:00,raw/2ETF01_2025-10-13.json,59da3c723b853a51e6694378fe1760adbf097637ec8289a94683f47517bbdf38,cash,KRD010010001,원화예금,5395281,5395281,5395281.0,5395281.0,1.0
2ETF01,2025-10-13,2025-10-10,20251013,2026.10.01 15:30:00,raw/2ETF01_2025-10-13.json,59da3c723b853a51e6694378fe1760adbf097637ec8289a94683f47517bbdf38,equity,000080,하이트진로,47,891590,47.0,891590.0,18970.0
2ETF01,2025-10-13,2025-10-10,20251013,2026.10.01 15:30:00,raw/2ETF01_2025-10-13.json,59da3c723b853a51e6694378fe1760adbf097637ec8289a94683f47517bbdf38,equity,000100,유한양행,91,10983700,91.0,10983700.0,120700.0
2ETF01,2025-10-13,2025-10-10,20251013,2026.10.01 15:30:00,raw/2ETF01_2025-10-13.json,59da3c723b853a51e6694378fe1760adbf097637ec8289a94683f47517bbdf38,equity,000120,CJ대한통운,17,1407600,17.0,1407600.0,82800.0
2ETF01,2025-10-13,2025-10-10,20251013,2026.10.01 15:30:00,raw/2ETF01_2025-10-13.json,59da3c723b853a51e6694378fe1760adbf097637ec8289a94683f47517bbdf38,equity,000150,두산,11,6545000,11.0,6545000.0,595000.0
2ETF01,2025-10-13,2025-10-10,20251013,2026.10.01 15:30:00,raw/2ETF01_2025-10-13.json,59da3c723b853a51e6694378fe1760adbf097637ec8289a94683f47517bbdf38,equity,000210,DL,16,579200,16.0,579200.0,36200.0
2ETF01,2025-10-13,2025-10-10,20251013,2026.10.01 15:30:00,raw/2ETF01_2025-10-13.json,59da3c723b853a51e6694378fe1760adbf097637ec8289a94683f47517bbdf38,equity,000240,한국앤컴퍼니,36,799200,36.0,799200.0,22200.0
2ETF01,2025-10-13,2025-10-10,20251013,2026.10.01 15:30:00,raw/2ETF01_2025-10-13.json,59da3c723b853a51e6694378fe1760adbf097637ec8289a94683f47517bbdf38,equity,000270,기아,371,37322600,371.0,37322600.0,100600.0
2ETF01,2025-10-13,2025-10-10,20251013,2026.10.01 15:30:00,raw/2ETF01_2025-10-13.json,59da3c723b853a51e6694378fe1760adbf097637ec8289a94683f47517bbdf38,equity,000660,SK하이닉스,851,364228000,851.0,364228000.0,428000.0
2ETF01,2025-10-13,2025-10-10,20251013,2026.10.01 15:30:00,raw/2ETF01_2025-10-13.json,59da3c723b853a51e6694378fe1760adbf097637ec8289a94683f47517bbdf38,equity,000670,영풍,8,367200,8.0,367200.0,45900.0
2ETF01,2025-10-13,2025-10-10,20251013,2026.10.01 15:30:00,raw/2ETF01_2025-10-13.json,59da3c723b853a51e6694378fe1760adbf097637ec8289a94683f47517bbdf38,equity,000720,현대건설,111,6238200,111.0,6238200.0,56200.0
2ETF01,2025-10-13,2025-10-10,20251013,2026.10.01 15:30:00,raw/2ETF01_2025-10-13.json,59da3c723b853a51e6694378fe1760adbf097637ec8289a94683f47517bbdf38,equity,000810,삼성화재,46,20769000,46.0,20769000.0,451500.0
2ETF01,2025-10-13,2025-10-10,20251013,2026.10.01 15:30:00,raw/2ETF01_2025-10-13.json,59da3c723b853a51e6694378fe1760adbf097637ec8289a94683f47517bbdf38,equity,000880,한화,42,3528000,42.0,3528000.0,84000.0
2ETF01,2025-10-13,2025-10-10,20251013,2026.10.01 15:30:00,raw/2ETF01_2025-10-13.json,59da3c723b853a51e6694378fe1760adbf097637ec8289a94683f47517bbdf38,equity,001040,CJ,21,3656100,21.0,3656100.0,174100.0
2ETF01,2025-10-13,2025-10-10,20251013,2026.10.01 15:30:00,raw/2ETF01_2025-10-13.json,59da3c723b853a51e6694378fe1760adbf097637ec8289a94683f47517bbdf38,equity,001430,세아베스틸지주,18,423000,18.0,423000.0,23500.0
2ETF01,2025-10-13,2025-10-10,20251013,2026.10.01 15:30:00,raw/2ETF01_2025-10-13.json,59da3c723b853a51e6694378fe1760adbf097637ec8289a94683f47517bbdf38,equity,001440,대한전선,170,2801600,170.0,2801600.0,16480.0
2ETF01,2025-10-13,2025-10-10,20251013,2026.10.01 15:30:00,raw/2ETF01_2025-10-13.json,59da3c723b853a51e6694378fe1760adbf097637ec8289a94683f47517bbdf38,equity,001450,현대해상,91,2538900,91.0,2538900.0,27900.0
2ETF01,2025-10-13,2025-10-10,20251013,2026.10.01 15:30:00,raw/2ETF01_2025-10-13.json,59da3c723b853a51e6694378fe1760adbf097637ec8289a94683f47517bbdf38,equity,001680,대상,29,624950,29.0,624950.0,21550.0
2ETF01,2025-10-13,2025-10-10,20251013,2026.10.01 15:30:00,raw/2ETF01_2025-10-13.json,59da3c723b853a51e6694378fe1760adbf097637ec8289a94683f47517bbdf38,equity,001800,오리온홀딩스,31,611010,31.0,611010.0,19710.0
2ETF01,2025-10-13,2025-10-10,20251013,2026.10.01 15:30:00,raw/2ETF01_2025-10-13.json,59da3c723b853a51e6694378fe1760adbf097637ec8289a94683f47517bbdf38,equity,002380,KCC,6,2307000,6.0,2307000.0,384500.0
2ETF01,2025-10-13,2025-10-10,20251013,2026.10.01 15:30:00,raw/2ETF01_2025-10-13.json,59da3c723b853a51e6694378fe1760adbf097637ec8289a94683f47517bbdf38,equity,002710,TCC스틸,27,412830,27.0,412830.0,15290.0
2ETF01,2025-10-13,2025-10-10,20251013,2026.10.01 15:30:00,raw/2ETF01_2025-10-13.json,59da3c723b853a51e6694378fe1760adbf097637ec8289a94683f47517bbdf38,equity,002790,아모레퍼시픽홀딩스,39,1012050,39.0,1012050.0,25950.0
2ETF01,2025-10-13,2025-10-10,20251013,2026.10.01 15:30:00,raw/2ETF01_2025-10-13.json,59da3c723b853a51e6694378fe1760adbf097637ec8289a94683f47517bbdf38,equity,002840,미원상사,2,317400,2.0,317400.0,158700.0
2ETF01,2025-10-13,2025-10-10,20251013,2026.10.01 15:30:00,raw/2ETF01_2025-10-13.json,59da3c723b853a51e6694378fe1760adbf097637ec8289a94683f47517bbdf38,equity,003030,세아제강지주,2,288200,2.0,288200.0,144100.0
2ETF01,2025-10-13,2025-10-10,20251013,2026.10.01 15:30:00,raw/2ETF01_2025-10-13.json,59da3c723b853a51e6694378fe1760adbf097637ec8289a94683f47517bbdf38,equity,003090,대웅,29,626400,29.0,626400.0,21600.0
2ETF01,2025-10-13,2025-10-10,20251013,2026.10.01 15:30:00,raw/2ETF01_2025-10-13.json,59da3c723b853a51e6694378fe1760adbf097637ec8289a94683f47517bbdf38,equity,003230,삼양식품,6,8724000,6.0,8724000.0,1454000.0
2ETF01,2025-10-13,2025-10-10,20251013,2026.10.01 15:30:00,raw/2ETF01_2025-10-13.json,59da3c723b853a51e6694378fe1760adbf097637ec8289a94683f47517bbdf38,equity,003240,태광산업,1,841000,1.0,841000.0,841000.0
2ETF01,2025-10-13,2025-10-10,20251013,2026.10.01 15:30:00,raw/2ETF01_2025-10-13.json,59da3c723b853a51e6694378fe1760adbf097637ec8289a94683f47517bbdf38,equity,003490,대한항공,385,8701000,385.0,8701000.0,22600.0
2ETF01,2025-10-13,2025-10-10,20251013,2026.10.01 15:30:00,raw/2ETF01_2025-10-13.json,59da3c723b853a51e6694378fe1760adbf097637ec8289a94683f47517bbdf38,equity,003550,LG,141,10053300,141.0,10053300.0,71300.0
2ETF01,2025-10-13,2025-10-10,20251013,2026.10.01 15:30:00,raw/2ETF01_2025-10-13.json,59da3c723b853a51e6694378fe1760adbf097637ec8289a94683f47517bbdf38,equity,003620,KG모빌리티,135,441450,135.0,441450.0,3270.0
2ETF01,2025-10-13,2025-10-10,20251013,2026.10.01 15:30:00,raw/2ETF01_2025-10-13.json,59da3c723b853a51e6694378fe1760adbf097637ec8289a94683f47517bbdf38,equity,003670,포스코퓨처엠,47,6876100,47.0,6876100.0,146300.0
2ETF01,2025-10-13,2025-10-10,20251013,2026.10.01 15:30:00,raw/2ETF01_2025-10-13.json,59da3c723b853a51e6694378fe1760adbf097637ec8289a94683f47517bbdf38,equity,004000,롯데정밀화학,22,1015300,22.0,1015300.0,46150.0
2ETF01,2025-10-13,2025-10-10,20251013,2026.10.01 15:30:00,raw/2ETF01_2025-10-13.json,59da3c723b853a51e6694378fe1760adbf097637ec8289a94683f47517bbdf38,equity,004020,현대제철,127,4133850,127.0,4133850.0,32550.0
2ETF01,2025-10-13,2025-10-10,20251013,2026.10.01 15:30:00,raw/2ETF01_2025-10-13.json,59da3c723b853a51e6694378fe1760adbf097637ec8289a94683f47517bbdf38,equity,004170,신세계,10,1775000,10.0,1775000.0,177500.0
2ETF01,2025-10-13,2025-10-10,20251013,2026.10.01 15:30:00,raw/2ETF01_2025-10-13.json,59da3c723b853a51e6694378fe1760adbf097637ec8289a94683f47517bbdf38,equity,004370,농심,5,2230000,5.0,2230000.0,446000.0
2ETF01,2025-10-13,2025-10-10,20251013,2026.10.01 15:30:00,raw/2ETF01_2025-10-13.json,59da3c723b853a51e6694378fe1760adbf097637ec8289a94683f47517bbdf38,equity,004490,세방전지,12,765600,12.0,765600.0,63800.0
2ETF01,2025-10-13,2025-10-10,20251013,2026.10.01 15:30:00,raw/2ETF01_2025-10-13.json,59da3c723b853a51e6694378fe1760adbf097637ec8289a94683f47517bbdf38,equity,004990,롯데지주,45,1262250,45.0,1262250.0,28050.0
2ETF01,2025-10-13,2025-10-10,20251013,2026.10.01 15:30:00,raw/2ETF01_2025-10-13.json,59da3c723b853a51e6694378fe1760adbf097637ec8289a94683f47517bbdf38,equity,005250,녹십자홀딩스,33,511170,33.0,511170.0,15490.0
2ETF01,2025-10-13,2025-10-10,20251013,2026.10.01 15:30:00,raw/2ETF01_2025-10-13.json,59da3c723b853a51e6694378fe1760adbf097637ec8289a94683f47517bbdf38,equity,005300,롯데칠성,5,571000,5.0,571000.0,114200.0
2ETF01,2025-10-13,2025-10-10,20251013,2026.10.01 15:30:00,raw/2ETF01_2025-10-13.json,59da3c723b853a51e6694378fe1760adbf097637ec8289a94683f47517bbdf38,equity,005380,현대차,205,44485000,205.0,44485000.0,217000.0
2ETF01,2025-10-13,2025-10-10,20251013,2026.10.01 15:30:00,raw/2ETF01_2025-10-13.json,59da3c723b853a51e6694378fe1760adbf097637ec8289a94683f47517bbdf38,equity,005420,코스모화학,38,550620,38.0,550620.0,14490.0
2ETF01,2025-10-13,2025-10-10,20251013,2026.10.01 15:30:00,raw/2ETF01_2025-10-13.json,59da3c723b853a51e6694378fe1760adbf097637ec8289a94683f47517bbdf38,equity,005490,POSCO홀딩스,104,27352000,104.0,27352000.0,263000.0
2ETF01,2025-10-13,2025-10-10,20251013,2026.10.01 15:30:00,raw/2ETF01_2025-10-13.json,59da3c723b853a51e6694378fe1760adbf097637ec8289a94683f47517bbdf38,equity,005830,DB손해보험,67,8917700,67.0,8917700.0,133100.0
2ETF01,2025-10-13,2025-10-10,20251013,2026.10.01 15:30:00,raw/2ETF01_2025-10-13.json,59da3c723b853a51e6694378fe1760adbf097637ec8289a94683f47517bbdf38,equity,005850,에스엘,24,823200,24.0,823200.0,34300.0
2ETF01,2025-10-13,2025-10-10,20251013,2026.10.01 15:30:00,raw/2ETF01_2025-10-13.json,59da3c723b853a51e6694378fe1760adbf097637ec8289a94683f47517bbdf38,equity,005930,삼성전자,7098,670051200,7098.0,670051200.0,94400.0
2ETF01,2025-10-13,2025-10-10,20251013,2026.10.01 15:30:00,raw/2ETF01_2025-10-13.json,59da3c723b853a51e6694378fe1760adbf097637ec8289a94683f47517bbdf38,equity,005940,NH투자증권,221,4278560,221.0,4278560.0,19360.0
2ETF01,2025-10-13,2025-10-10,20251013,2026.10.01 15:30:00,raw/2ETF01_2025-10-13.json,59da3c723b853a51e6694378fe1760adbf097637ec8289a94683f47517bbdf38,equity,006040,동원산업,6,261000,6.0,261000.0,43500.0
2ETF01,2025-10-13,2025-10-10,20251013,2026.10.01 15:30:00,raw/2ETF01_2025-10-13.json,59da3c723b853a51e6694378fe1760adbf097637ec8289a94683f47517bbdf38,equity,006260,LS,26,4469400,26.0,4469400.0,171900.0
2ETF01,2025-10-13,2025-10-10,20251013,2026.10.01 15:30:00,raw/2ETF01_2025-10-13.json,59da3c723b853a51e6694378fe1760adbf097637ec8289a94683f47517bbdf38,equity,006280,녹십자,8,1041600,8.0,1041600.0,130200.0
2ETF01,2025-10-13,2025-10-10,20251013,2026.10.01 15:30:00,raw/2ETF01_2025-10-13.json,59da3c723b853a51e6694378fe1760adbf097637ec8289a94683f47517bbdf38,equity,006360,GS건설,97,1823600,97.0,1823600.0,18800.0
2ETF01,2025-10-13,2025-10-10,20251013,2026.10.01 15:30:00,raw/2ETF01_2025-10-13.json,59da3c723b853a51e6694378fe1760adbf097637ec8289a94683f47517bbdf38,equity,006400,삼성SDI,92,19044000,92.0,19044000.0,207000.0
2ETF01,2025-10-13,2025-10-10,20251013,2026.10.01 15:30:00,raw/2ETF01_2025-10-13.json,59da3c723b853a51e6694378fe1760adbf097637ec8289a94683f47517bbdf38,equity,006650,대한유화,5,539000,5.0,539000.0,107800.0
2ETF01,2025-10-13,2025-10-10,20251013,2026.10.01 15:30:00,raw/2ETF01_2025-10-13.json,59da3c723b853a51e6694378fe1760adbf097637ec8289a94683f47517bbdf38,equity,006800,미래에셋증권,415,9109250,415.0,9109250.0,21950.0
2ETF01,2025-10-13,2025-10-10,20251013,2026.10.01 15:30:00,raw/2ETF01_2025-10-13.json,59da3c723b853a51e6694378fe1760adbf097637ec8289a94683f47517bbdf38,equity,007070,GS리테일,51,842520,51.0,842520.0,16520.0
2ETF01,2025-10-13,2025-10-10,20251013,2026.10.01 15:30:00,raw/2ETF01_2025-10-13.json,59da3c723b853a51e6694378fe1760adbf097637ec8289a94683f47517bbdf38,equity,007310,오뚜기,2,798000,2.0,798000.0,399000.0
2ETF01,2025-10-13,2025-10-10,20251013,2026.10.01 15:30:00,raw/2ETF01_2025-10-13.json,59da3c723b853a51e6694378fe1760adbf097637ec8289a94683f47517bbdf38,equity,007340,DN오토모티브,31,740900,31.0,740900.0,23900.0
2ETF01,2025-10-13,2025-10-10,20251013,2026.10.01 15:30:00,raw/2ETF01_2025-10-13.json,59da3c723b853a51e6694378fe1760adbf097637ec8289a94683f47517bbdf38,equity,008730,율촌화학,16,478400,16.0,478400.0,29900.0
2ETF01,2025-10-13,2025-10-10,20251013,2026.10.01 15:30:00,raw/2ETF01_2025-10-13.json,59da3c723b853a51e6694378fe1760adbf097637ec8289a94683f47517bbdf38,equity,008770,호텔신라,46,2293100,46.0,2293100.0,49850.0
2ETF01,2025-10-13,2025-10-10,20251013,2026.10.01 15:30:00,raw/2ETF01_2025-10-13.json,59da3c723b853a51e6694378fe1760adbf097637ec8289a94683f47517bbdf38,equity,008930,한미사이언스,42,1568700,42.0,1568700.0,37350.0
2ETF01,2025-10-13,2025-10-10,20251013,2026.10.01 15:30:00,raw/2ETF01_2025-10-13.json,59da3c723b853a51e6694378fe1760adbf097637ec8289a94683f47517bbdf38,equity,009150,삼성전기,84,17682000,84.0,17682000.0,210500.0
2ETF01,2025-10-13,2025-10-10,20251013,2026.10.01 15:30:00,raw/2ETF01_2025-10-13.json,59da3c723b853a51e6694378fe1760adbf097637ec8289a94683f47517bbdf38,equity,009240,한샘,12,547200,12.0,547200.0,45600.0
2ETF01,2025-10-13,2025-10-10,20251013,2026.10.01 15:30:00,raw/2ETF01_2025-10-13.json,59da3c723b853a51e6694378fe1760adbf097637ec8289a94683f47517bbdf38,equity,009420,한올바이오파마,54,1887300,54.0,1887300.0,34950.0
2ETF01,2025-10-13,2025-10-10,20251013,2026.10.01 15:30:00,raw/2ETF01_2025-10-13.json,59da3c723b853a51e6694378fe1760adbf097637ec8289a94683f47517bbdf38,equity,009540,HD한국조선해양,71,29465000,71.0,29465000.0,415000.0
2ETF01,2025-10-13,2025-10-10,20251013,2026.10.01 15:30:00,raw/2ETF01_2025-10-13.json,59da3c723b853a51e6694378fe1760adbf097637ec8289a94683f47517bbdf38,equity,009830,한화솔루션,164,4624800,164.0,4624800.0,28200.0
2ETF01,2025-10-13,2025-10-10,20251013,2026.10.01 15:30:00,raw/2ETF01_2025-10-13.json,59da3c723b853a51e6694378fe1760adbf097637ec8289a94683f47517bbdf38,equity,009970,영원무역홀딩스,8,1067200,8.0,1067200.0,133400.0
2ETF01,2025-10-13,2025-10-10,20251013,2026.10.01 15:30:00,raw/2ETF01_2025-10-13.json,59da3c723b853a51e6694378fe1760adbf097637ec8289a94683f47517bbdf38,equity,010060,OCI홀딩스,20,1730000,20.0,1730000.0,86500.0
2ETF01,2025-10-13,2025-10-10,20251013,2026.10.01 15:30:00,raw/2ETF01_2025-10-13.json,59da3c723b853a51e6694378fe1760adbf097637ec8289a94683f47517bbdf38,equity,010120,LS ELECTRIC,24,7248000,24.0,7248000.0,302000.0
2ETF01,2025-10-13,2025-10-10,20251013,2026.10.01 15:30:00,raw/2ETF01_2025-10-13.json,59da3c723b853a51e6694378fe1760adbf097637ec8289a94683f47517bbdf38,equity,010130,고려아연,9,8685000,9.0,8685000.0,965000.0
2ETF01,2025-10-13,2025-10-10,20251013,2026.10.01 15:30:00,raw/2ETF01_2025-10-13.json,59da3c723b853a51e6694378fe1760adbf097637ec8289a94683f47517bbdf38,equity,010140,삼성중공업,1000,22400000,1000.0,22400000.0,22400.0
2ETF01,2025-10-13,2025-10-10,20251013,2026.10.01 15:30:00,raw/2ETF01_2025-10-13.json,59da3c723b853a51e6694378fe1760adbf097637ec8289a94683f47517bbdf38,equity,010620,HD현대미포,34,6851000,34.0,6851000.0,201500.0
2ETF01,2025-10-13,2025-10-10,20251013,2026.10.01 15:30:00,raw/2ETF01_2025-10-13.json,59da3c723b853a51e6694378fe1760adbf097637ec8289a94683f47517bbdf38,equity,010950,S-Oil,63,4208400,63.0,4208400.0,66800.0
2ETF01,2025-10-13,2025-10-10,20251013,2026.10.01 15:30:00,raw/2ETF01_2025-10-13.json,59da3c723b853a51e6694378fe1760adbf097637ec8289a94683f47517bbdf38,equity,011070,LG이노텍,22,4219600,22.0,4219600.0,191800.0
2ETF01,2025-10-13,2025-10-10,20251013,2026.10.01 15:30:00,raw/2ETF01_2025-10-13.json,59da3c723b853a51e6694378fe1760adbf097637ec8289a94683f47517bbdf38,equity,011170,롯데케미칼,27,1765800,27.0,1765800.0,65400.0
2ETF01,2025-10-13,2025-10-10,20251013,2026.10.01 15:30:00,raw/2ETF01_2025-10-13.json,59da3c723b853a51e6694378fe1760adbf097637ec8289a94683f47517bbdf38,equity,011200,HMM,513,10193310,513.0,10193310.0,19870.0
2ETF01,2025-10-13,2025-10-10,20251013,2026.10.01 15:30:00,raw/2ETF01_2025-10-13.json,59da3c723b853a51e6694378fe1760adbf097637ec8289a94683f47517bbdf38,equity,011210,현대위아,23,1115500,23.0,1115500.0,48500.0
2ETF01,2025-10-13,2025-10-10,20251013,2026.10.01 15:30:00,raw/2ETF01_2025-10-13.json,59da3c723b853a51e6694378fe1760adbf097637ec8289a94683f47517bbdf38,equity,011780,금호석유화학,23,2497800,23.0,2497800.0,108600.0
2ETF01,2025-10-13,2025-10-10,20251013,2026.10.01 15:30:00,raw/2ETF01_2025-10-13.json,59da3c723b853a51e6694378fe1760adbf097637ec8289a94683f47517bbdf38,equity,011790,SKC,30,3123000,30.0,3123000.0,104100.0
2ETF01,2025-10-13,2025-10-10,20251013,2026.10.01 15:30:00,raw/2ETF01_2025-10-13.json,59da3c723b853a51e6694378fe1760adbf097637ec8289a94683f47517bbdf38,equity,012330,현대모비스,95,28310000,95.0,28310000.0,298000.0
2ETF01,2025-10-13,2025-10-10,20251013,2026.10.01 15:30:00,raw/2ETF01_2025-10-13.json,59da3c723b853a51e6694378fe1760adbf097637ec8289a94683f47517bbdf38,equity,012450,한화에어로스페이스,53,55226000,53.0,55226000.0,1042000.0
2ETF01,2025-10-13,2025-10-10,20251013,2026.10.01 15:30:00,raw/2ETF01_2025-10-13.json,59da3c723b853a51e6694378fe1760adbf097637ec8289a94683f47517bbdf38,equity,012630,HDC,39,675870,39.0,675870.0,17330.0
2ETF01,2025-10-13,2025-10-10,20251013,2026.10.01 15:30:00,raw/2ETF01_2025-10-13.json,59da3c723b853a51e6694378fe1760adbf097637ec8289a94683f47517bbdf38,equity,012750,에스원,37,2926700,37.0,2926700.0,79100.0
2ETF01,2025-10-13,2025-10-10,20251013,2026.10.01 15:30:00,raw/2ETF01_2025-10-13.json,59da3c723b853a51e6694378fe1760adbf097637ec8289a94683f47517bbdf38,equity,014680,한솔케미칼,13,2899000,13.0,2899000.0,223000.0
2ETF01,2025-10-13,2025-10-10,20251013,2026.10.01 15:30:00,raw/2ETF01_2025-10-13.json,59da3c723b853a51e6694378fe1760adbf097637ec8289a94683f47517bbdf38,equity,014820,동원시스템즈,8,218400,8.0,218400.0,27300.0
2ETF01,2025-10-13,2025-10-10,20251013,2026.10.01 15:30:00,raw/2ETF01_2025-10-13.json,59da3c723b853a51e6694378fe1760adbf097637ec8289a94683f47517bbdf38,equity,015760,한국전력,477,17052750,477.0,17052750.0,35750.0
2ETF01,2025-10-13,2025-10-10,20251013,2026.10.01 15:30:00,raw/2ETF01_2025-10-13.json,59da3c723b853a51e6694378fe1760adbf097637ec8289a94683f47517bbdf38,equity,016360,삼성증권,92,6743600,92.0,6743600.0,73300.0
2ETF01,2025-10-13,2025-10-10,20251013,2026.10.01 15:30:00,raw/2ETF01_2025-10-13.json,59da3c723b853a51e6694378fe1760adbf097637ec8289a94683f47517bbdf38,equity,017670,SK텔레콤,225,12285000,225.0,12285000.0,54600.0
2ETF01,2025-10-13,2025-10-10,20251013,2026.10.01 15:30:00,raw/2ETF01_2025-10-13.json,59da3c723b853a51e6694378fe1760adbf097637ec8289a94683f47517bbdf38,equity,017800,현대엘리베이터,39,3194100,39.0,3194100.0,81900.0
2ETF01,2025-10-13,2025-10-10,20251013,2026.10.01 15:30:00,raw/2ETF01_2025-10-13.json,59da3c723b853a51e6694378fe1760adbf097637ec8289a94683f47517bbdf38,equity,017960,한국카본,49,1612100,49.0,1612100.0,32900.0
2ETF01,2025-10-13,2025-10-10,20251013,2026.10.01 15:30:00,raw/2ETF01_2025-10-13.json,59da3c723b853a51e6694378fe1760adbf097637ec8289a94683f47517bbdf38,equity,018260,삼성에스디에스,57,9661500,57.0,9661500.0,169500.0
2ETF01,2025-10-13,2025-10-10,20251013,2026.10.01 15:30:00,raw/2ETF01_2025-10-13.json,59da3c723b853a51e6694378fe1760adbf097637ec8289a94683f47517bbdf38,equity,018880,한온시스템,247,754585,247.0,754585.0,3055.0
2ETF01,2025-10-13,2025-10-10,20251013,2026.10.01 15:30:00,raw/2ETF01_2025-10-13.json,59da3c723b853a51e6694378fe1760adbf097637ec8289a94683f47517bbdf38,equity,021240,코웨이,83,7743900,83.0,7743900.0,93300.0
2ETF01,2025-10-13,2025-10-10,20251013,2026.10.01 15:30:00,raw/2ETF01_2025-10-13.json,59da3c723b853a51e6694378fe1760adbf097637ec8289a94683f47517bbdf38,equity,022100,포스코DX,76,1592200,76.0,1592200.0,20950.0
2ETF01,2025-10-13,2025-10-10,20251013,2026.10.01 15:30:00,raw/2ETF01_2025-10-13.json,59da3c723b853a51e6694378fe1760adbf097637ec8289a94683f47517bbdf38,equity,023530,롯데쇼핑,15,1003500,15.0,1003500.0,66900.0
2ETF01,2025-10-13,2025-10-10,20251013,2026.10.01 15:30:00,raw/2ETF01_2025-10-13.json,59da3c723b853a51e6694378fe1760adbf097637ec8289a94683f47517bbdf38,equity,024110,기업은행,411,7796670,411.0,7796670.0,18970.0
2ETF01,2025-10-13,2025-10-10,20251013,2026.10.01 15:30:00,raw/2ETF01_2025-10-13.json,59da3c723b853a51e6694378fe1760adbf097637ec8289a94683f47517bbdf38,equity,026960,동서,47,1231400,47.0,1231400.0,26200.0
2ETF01,2025-10-13,2025-10-10,20251013,2026.10.01 15:30:00,raw/2ETF01_2025-10-13.json,59da3c723b853a51e6694378fe1760adbf097637ec8289a94683f47517bbdf38,equity,028050,삼성E&A,238,6592600,238.0,6592600.0,27700.0
2ETF01,2025-10-13,2025-10-10,20251013,2026.10.01 15:30:00,raw/2ETF01_2025-10-13.json,59da3c723b853a51e6694378fe1760adbf097637ec8289a94683f47517bbdf38,equity,028260,삼성물산,152,30780000,152.0,30780000.0,202500.0
2ETF01,2025-10-13,2025-10-10,20251013,2026.10.01 15:30:00,raw/2ETF01_2025-10-13.json,59da3c723b853a51e6694378fe1760adbf097637ec8289a94683f47517bbdf38,equity,028670,팬오션,340,1220600,340.0,1220600.0,3590.0
2ETF01,2025-10-13,2025-10-10,20251013,2026.10.01 15:30:00,raw/2ETF01_2025-10-13.json,59da3c723b853a51e6694378fe1760adbf097637ec8289a94683f47517bbdf38,equity,029780,삼성카드,40,1982000,40.0,1982000.0,49550.0
2ETF01,2025-10-13,2025-10-10,20251013,2026.10.01 15:30:00,raw/2ETF01_2025-10-13.json,59da3c723b853a51e6694378fe1760adbf097637ec8289a94683f47517bbdf38,equity,030000,제일기획,105,2142000,105.0,2142000.0,20400.0
2ETF01,2025-10-13,2025-10-10,20251013,2026.10.01 15:30:00,raw/2ETF01_2025-10-13.json,59da3c723b853a51e6694378fe1760adbf097637ec8289a94683f47517bbdf38,equity,030200,KT,332,16550200,332.0,16550200.0,49850.0
2ETF01,2025-10-13,2025-10-10,20251013,2026.10.01 15:30:00,raw/2ETF01_2025-10-13.json,59da3c723b853a51e6694378fe1760adbf097637ec8289a94683f47517bbdf38,equity,032640,LG유플러스,417,6325890,417.0,6325890.0,15170.0
2ETF01,2025-10-13,2025-10-10,20251013,2026.10.01 15:30:00,raw/2ETF01_2025-10-13.json,59da3c723b853a51e6694378fe1760adbf097637ec8289a94683f47517bbdf38,equity,032830,삼성생명,127,20320000,127.0,20320000.0,160000.0
2ETF01,2025-10-13,2025-10-10,20251013,2026.10.01 15:30:00,raw/2ETF01_2025-10-13.json,59da3c723b853a51e6694378fe1760adbf097637ec8289a94683f47517bbdf38,equity,033780,KT&G,141,19063200,141.0,19063200.0,135200.0
2ETF01,2025-10-13,2025-10-10,20251013,2026.10.01 15:30:00,raw/2ETF01_2025-10-13.json,59da3c723b853a51e6694378fe1760adbf097637ec8289a94683f47517bbdf38,equity,034020,두산에너빌리티,650,48425000,650.0,48425000.0,74500.0
2ETF01,2025-10-13,2025-10-10,20251013,2026.10.01 15:30:00,raw/2ETF01_2025-10-13.json,59da3c723b853a51e6694378fe1760adbf097637ec8289a94683f47517bbdf38,equity,034220,LG디스플레이,439,6857180,439.0,6857180.0,15620.0
2ETF01,2025-10-13,2025-10-10,20251013,2026.10.01 15:30:00,raw/2ETF01_2025-10-13.json,59da3c723b853a51e6694378fe1760adbf097637ec8289a94683f47517bbdf38,equity,034730,SK,54,11826000,54.0,11826000.0,219000.0
2ETF01,2025-10-13,2025-10-10,20251013,2026.10.01 15:30:00,raw/2ETF01_2025-10-13.json,59da3c723b853a51e6694378fe1760adbf097637ec8289a94683f47517bbdf38,equity,035250,강원랜드,172,3061600,172.0,3061600.0,17800.0
2ETF01,2025-10-13,2025-10-10,20251013,2026.10.01 15:30:00,raw/2ETF01_2025-10-13.json,59da3c723b853a51e6694378fe1760adbf097637ec8289a94683f47517bbdf38,equity,035420,NAVER,197,52697500,197.0,52697500.0,267500.0
2ETF01,2025-10-13,2025-10-10,20251013,2026.10.01 15:30:00,raw/2ETF01_2025-10-13.json,59da3c723b853a51e6694378fe1760adbf097637ec8289a94683f47517bbdf38,equity,035720,카카오,509,31608900,509.0,31608900.0,62100.0
2ETF01,2025-10-13,2025-10-10,20251013,2026.10.01 15:30:00,raw/2ETF01_2025-10-13.json,59da3c723b853a51e6694378fe1760adbf097637ec8289a94683f47517bbdf38,equity,036460,한국가스공사,49,1898750,49.0,1898750.0,38750.0
2ETF01,2025-10-13,2025-10-10,20251013,2026.10.01 15:30:00,raw/2ETF01_2025-10-13.json,59da3c723b853a51e6694378fe1760adbf097637ec8289a94683f47517bbdf38,equity,036570,엔씨소프트,26,5642000,26.0,5642000.0,217000.0
2ETF01,2025-10-13,2025-10-10,20251013,2026.10.01 15:30:00,raw/2ETF01_2025-10-13.json,59da3c723b853a51e6694378fe1760adbf097637ec8289a94683f47517bbdf38,equity,039130,하나투어,16,778400,16.0,778400.0,48650.0
2ETF01,2025-10-13,2025-10-10,20251013,2026.10.01 15:30:00,raw/2ETF01_2025-10-13.json,59da3c723b853a51e6694378fe1760adbf097637ec8289a94683f47517bbdf38,equity,039490,키움증권,21,5260500,21.0,5260500.0,250500.0
2ETF01,2025-10-13,2025-10-10,20251013,2026.10.01 15:30:00,raw/2ETF01_2025-10-13.json,59da3c723b853a51e6694378fe1760adbf097637ec8289a94683f47517bbdf38,equity,042660,한화오션,172,18799600,172.0,18799600.0,109300.0
2ETF01,2025-10-13,2025-10-10,20251013,2026.10.01 15:30:00,raw/2ETF01_2025-10-13.json,59da3c723b853a51e6694378fe1760adbf097637ec8289a94683f47517bbdf38,equity,042670,HD현대인프라코어,196,2998800,196.0,2998800.0,15300.0
2ETF01,2025-10-13,2025-10-10,20251013,2026.10.01 15:30:00,raw/2ETF01_2025-10-13.json,59da3c723b853a51e6694378fe1760adbf097637ec8289a94683f47517bbdf38,equity,042700,한미반도체,64,7622400,64.0,7622400.0,119100.0
2ETF01,2025-10-13,2025-10-10,20251013,2026.10.01 15:30:00,raw/2ETF01_2025-10-13.json,59da3c723b853a51e6694378fe1760adbf097637ec8289a94683f47517bbdf38,equity,047040,대우건설,302,1117400,302.0,1117400.0,3700.0
2ETF01,2025-10-13,2025-10-10,20251013,2026.10.01 15:30:00,raw/2ETF01_2025-10-13.json,59da3c723b853a51e6694378fe1760adbf097637ec8289a94683f47517bbdf38,equity,047050,포스코인터내셔널,69,3301650,69.0,3301650.0,47850.0
2ETF01,2025-10-13,2025-10-10,20251013,2026.10.01 15:30:00,raw/2ETF01_2025-10-13.json,59da3c723b853a51e6694378fe1760adbf097637ec8289a94683f47517bbdf38,equity,047810,한국항공우주,106,11342000,106.0,11342000.0,107000.0
2ETF01,2025-10-13,2025-10-10,20251013,2026.10.01 15:30:00,raw/2ETF01_2025-10-13.json,59da3c723b853a51e6694378fe1760adbf097637ec8289a94683f47517bbdf38,equity,051600,한전KPS,33,1607100,33.0,1607100.0,48700.0
2ETF01,2025-10-13,2025-10-10,20251013,2026.10.01 15:30:00,raw/2ETF01_2025-10-13.json,59da3c723b853a51e6694378fe1760adbf097637ec8289a94683f47517bbdf38,equity,051900,LG생활건강,14,4046000,14.0,4046000.0,289000.0
2ETF01,2025-10-13,2025-10-10,20251013,2026.10.01 15:30:00,raw/2ETF01_2025-10-13.json,59da3c723b853a51e6694378fe1760adbf097637ec8289a94683f47517bbdf38,equity,051910,LG화학,70,19530000,70.0,19530000.0,279000.0
2ETF01,2025-10-13,2025-10-10,20251013,2026.10.01 15:30:00,raw/2ETF01_2025-10-13.json,59da3c723b853a51e6694378fe1760adbf097637ec8289a94683f47517bbdf38,equity,052690,한전기술,28,2508800,28.0,2508800.0,89600.0
2ETF01,2025-10-13,2025-10-10,20251013,2026.10.01 15:30:00,raw/2ETF01_2025-10-13.json,59da3c723b853a51e6694378fe1760adbf097637ec8289a94683f47517bbdf38,equity,055550,신한지주,633,45576000,633.0,45576000.0,72000.0
2ETF01,2025-10-13,2025-10-10,20251013,2026.10.01 15:30:00,raw/2ETF01_2025-10-13.json,59da3c723b853a51e6694378fe1760adbf097637ec8289a94683f47517bbdf38,equity,064350,현대로템,111,24420000,111.0,24420000.0,220000.0
2ETF01,2025-10-13,2025-10-10,20251013,2026.10.01 15:30:00,raw/2ETF01_2025-10-13.json,59da3c723b853a51e6694378fe1760adbf097637ec8289a94683f47517bbdf38,equity,066570,LG전자,164,12956000,164.0,12956000.0,79000.0
2ETF01,2025-10-13,2025-10-10,20251013,2026.10.01 15:30:00,raw/2ETF01_2025-10-13.json,59da3c723b853a51e6694378fe1760adbf097637ec8289a94683f47517bbdf38,equity,066970,엘앤에프,38,2713200,38.0,2713200.0,71400.0
2ETF01,2025-10-13,2025-10-10,20251013,2026.10.01 15:30:00,raw/2ETF01_2025-10-13.json,59da3c723b853a51e6694378fe1760adbf097637ec8289a94683f47517bbdf38,equity,068270,셀트리온,234,40622400,234.0,40622400.0,173600.0
2ETF01,2025-10-13,2025-10-10,20251013,2026.10.01 15:30:00,raw/2ETF01_2025-10-13.json,59da3c723b853a51e6694378fe1760adbf097637ec8289a94683f47517bbdf38,equity,069260,TKG휴켐스,33,579150,33.0,579150.0,17550.0
2ETF01,2025-10-13,2025-10-10,20251013,2026.10.01 15:30:00,raw/2ETF01_2025-10-13.json,59da3c723b853a51e6694378fe1760adbf097637ec8289a94683f47517bbdf38,equity,069620,대웅제약,7,926100,7.0,926100.0,132300.0
2ETF01,2025-10-13,2025-10-10,20251013,2026.10.01 15:30:00,raw/2ETF01_2025-10-13.json,59da3c723b853a51e6694378fe1760adbf097637ec8289a94683f47517bbdf38,equity,069960,현대백화점,21,1734600,21.0,1734600.0,82600.0
2ETF01,2025-10-13,2025-10-10,20251013,2026.10.01 15:30:00,raw/2ETF01_2025-10-13.json,59da3c723b853a51e6694378fe1760adbf097637ec8289a94683f47517bbdf38,equity,071050,한국금융지주,62,9021000,62.0,9021000.0,145500.0
2ETF01,2025-10-13,2025-10-10,20251013,2026.10.01 15:30:00,raw/2ETF01_2025-10-13.json,59da3c723b853a51e6694378fe1760adbf097637ec8289a94683f47517bbdf38,equity,071320,지역난방공사,4,333200,4.0,333200.0,83300.0
2ETF01,2025-10-13,2025-10-10,20251013,2026.10.01 15:30:00,raw/2ETF01_2025-10-13.json,59da3c723b853a51e6694378fe1760adbf097637ec8289a94683f47517bbdf38,equity,073240,금호타이어,239,1088645,239.0,1088645.0,4555.0
2ETF01,2025-10-13,2025-10-10,20251013,2026.10.01 15:30:00,raw/2ETF01_2025-10-13.json,59da3c723b853a51e6694378fe1760adbf097637ec8289a94683f47517bbdf38,equity,078930,GS,68,3063400,68.0,3063400.0,45050.0
2ETF01,2025-10-13,2025-10-10,20251013,2026.10.01 15:30:00,raw/2ETF01_2025-10-13.json,59da3c723b853a51e6694378fe1760adbf097637ec8289a94683f47517bbdf38,equity,079550,LIG넥스원,20,9600000,20.0,9600000.0,480000.0
2ETF01,2025-10-13,2025-10-10,20251013,2026.10.01 15:30:00,raw/2ETF01_2025-10-13.json,59da3c723b853a51e6694378fe1760adbf097637ec8289a94683f47517bbdf38,equity,081660,미스토홀딩스,52,1976000,52.0,1976000.0,38000.0
2ETF01,2025-10-13,2025-10-10,20251013,2026.10.01 15:30:00,raw/2ETF01_2025-10-13.json,59da3c723b853a51e6694378fe1760adbf097637ec8289a94683f47517bbdf38,equity,086280,현대글로비스,56,9172800,56.0,9172800.0,163800.0
2ETF01,2025-10-13,2025-10-10,20251013,2026.10.01 15:30:00,raw/2ETF01_2025-10-13.json,59da3c723b853a51e6694378fe1760adbf097637ec8289a94683f47517bbdf38,equity,086790,하나금융지주,381,32766000,381.0,32766000.0,86000.0
2ETF01,2025-10-13,2025-10-10,20251013,2026.10.01 15:30:00,raw/2ETF01_2025-10-13.json,59da3c723b853a51e6694378fe1760adbf097637ec8289a94683f47517bbdf38,equity,088350,한화생명,500,1550000,500.0,1550000.0,3100.0
2ETF01,2025-10-13,2025-10-10,20251013,2026.10.01 15:30:00,raw/2ETF01_2025-10-13.json,59da3c723b853a51e6694378fe1760adbf097637ec8289a94683f47517bbdf38,equity,090430,아모레퍼시픽,47,5630600,47.0,5630600.0,119800.0
2ETF01,2025-10-13,2025-10-10,20251013,2026.10.01 15:30:00,raw/2ETF01_2025-10-13.json,59da3c723b853a51e6694378fe1760adbf097637ec8289a94683f47517bbdf38,equity,093370,후성,83,512940,83.0,512940.0,6180.0
2ETF01,2025-10-13,2025-10-10,20251013,2026.10.01 15:30:00,raw/2ETF01_2025-10-13.json,59da3c723b853a51e6694378fe1760adbf097637ec8289a94683f47517bbdf38,equity,096770,SK이노베이션,113,11639000,113.0,11639000.0,103000.0
2ETF01,2025-10-13,2025-10-10,20251013,2026.10.01 15:30:00,raw/2ETF01_2025-10-13.json,59da3c723b853a51e6694378fe1760adbf097637ec8289a94683f47517bbdf38,equity,097950,CJ제일제당,12,2808000,12.0,2808000.0,234000.0
2ETF01,2025-10-13,2025-10-10,20251013,2026.10.01 15:30:00,raw/2ETF01_2025-10-13.json,59da3c723b853a51e6694378fe1760adbf097637ec8289a94683f47517bbdf38,equity,103140,풍산,25,3125000,25.0,3125000.0,125000.0
2ETF01,2025-10-13,2025-10-10,20251013,2026.10.01 15:30:00,raw/2ETF01_2025-10-13.json,59da3c723b853a51e6694378fe1760adbf097637ec8289a94683f47517bbdf38,equity,105560,KB금융,491,55384800,491.0,55384800.0,112800.0
2ETF01,2025-10-13,2025-10-10,20251013,2026.10.01 15:30:00,raw/2ETF01_2025-10-13.json,59da3c723b853a51e6694378fe1760adbf097637ec8289a94683f47517bbdf38,equity,111770,영원무역,33,2049300,33.0,2049300.0,62100.0
2ETF01,2025-10-13,2025-10-10,20251013,2026.10.01 15:30:00,raw/2ETF01_2025-10-13.json,59da3c723b853a51e6694378fe1760adbf097637ec8289a94683f47517bbdf38,equity,112610,씨에스윈드,36,1540800,36.0,1540800.0,42800.0
2ETF01,2025-10-13,2025-10-10,20251013,2026.10.01 15:30:00,raw/2ETF01_2025-10-13.json,59da3c723b853a51e6694378fe1760adbf097637ec8289a94683f47517bbdf38,equity,114090,GKL,46,704720,46.0,704720.0,15320.0
2ETF01,2025-10-13,2025-10-10,20251013,2026.10.01 15:30:00,raw/2ETF01_2025-10-13.json,59da3c723b853a51e6694378fe1760adbf097637ec8289a94683f47517bbdf38,equity,120110,코오롱인더,28,981400,28.0,981400.0,35050.0
2ETF01,2025-10-13,2025-10-10,20251013,2026.10.01 15:30:00,raw/2ETF01_2025-10-13.json,59da3c723b853a51e6694378fe1760adbf097637ec8289a94683f47517bbdf38,equity,128940,한미약품,10,3545000,10.0,3545000.0,354500.0
2ETF01,2025-10-13,2025-10-10,20251013,2026.10.01 15:30:00,raw/2ETF01_2025-10-13.json,59da3c723b853a51e6694378fe1760adbf097637ec8289a94683f47517bbdf38,equity,137310,에스디바이오센서,53,517280,53.0,517280.0,9760.0
2ETF01,2025-10-13,2025-10-10,20251013,2026.10.01 15:30:00,raw/2ETF01_2025-10-13.json,59da3c723b853a51e6694378fe1760adbf097637ec8289a94683f47517bbdf38,equity,138040,메리츠금융지주,117,13033800,117.0,13033800.0,111400.0
2ETF01,2025-10-13,2025-10-10,20251013,2026.10.01 15:30:00,raw/2ETF01_2025-10-13.json,59da3c723b853a51e6694378fe1760adbf097637ec8289a94683f47517bbdf38,equity,138930,BNK금융지주,391,5509190,391.0,5509190.0,14090.0
2ETF01,2025-10-13,2025-10-10,20251013,2026.10.01 15:30:00,raw/2ETF01_2025-10-13.json,59da3c723b853a51e6694378fe1760adbf097637ec8289a94683f47517bbdf38,equity,139130,iM금융지주,211,2829510,211.0,2829510.0,13410.0
2ETF01,2025-10-13,2025-10-10,20251013,2026.10.01 15:30:00,raw/2ETF01_2025-10-13.json,59da3c723b853a51e6694378fe1760adbf097637ec8289a94683f47517bbdf38,equity,139480,이마트,30,2214000,30.0,2214000.0,73800.0
2ETF01,2025-10-13,2025-10-10,20251013,2026.10.01 15:30:00,raw/2ETF01_2025-10-13.json,59da3c723b853a51e6694378fe1760adbf097637ec8289a94683f47517bbdf38,equity,145720,덴티움,10,557000,10.0,557000.0,55700.0
2ETF01,2025-10-13,2025-10-10,20251013,2026.10.01 15:30:00,raw/2ETF01_2025-10-13.json,59da3c723b853a51e6694378fe1760adbf097637ec8289a94683f47517bbdf38,equity,161390,한국타이어앤테크놀로지,109,4234650,109.0,4234650.0,38850.0
2ETF01,2025-10-13,2025-10-10,20251013,2026.10.01 15:30:00,raw/2ETF01_2025-10-13.json,59da3c723b853a51e6694378fe1760adbf097637ec8289a94683f47517bbdf38,equity,161890,한국콜마,26,1963000,26.0,1963000.0,75500.0
2ETF01,2025-10-13,2025-10-10,20251013,2026.10.01 15:30:00,raw/2ETF01_2025-10-13.json,59da3c723b853a51e6694378fe1760adbf097637ec8289a94683f47517bbdf38,equity,175330,JB금융지주,244,5490000,244.0,5490000.0,22500.0
2ETF01,2025-10-13,2025-10-10,20251013,2026.10.01 15:30:00,raw/2ETF01_2025-10-13.json,59da3c723b853a51e6694378fe1760adbf097637ec8289a94683f47517bbdf38,equity,180640,한진칼,71,6915400,71.0,6915400.0,97400.0
2ETF01,2025-10-13,2025-10-10,20251013,2026.10.01 15:30:00,raw/2ETF01_2025-10-13.json,59da3c723b853a51e6694378fe1760adbf097637ec8289a94683f47517bbdf38,equity,185750,종근당,12,972000,12.0,972000.0,81000.0
2ETF01,2025-10-13,2025-10-10,20251013,2026.10.01 15:30:00,raw/2ETF01_2025-10-13.json,59da3c723b853a51e6694378fe1760adbf097637ec8289a94683f47517bbdf38,equity,192080,더블유게임즈,16,809600,16.0,809600.0,50600.0
2ETF01,2025-10-13,2025-10-10,20251013,2026.10.01 15:30:00,raw/2ETF01_2025-10-13.json,59da3c723b853a51e6694378fe1760adbf097637ec8289a94683f47517bbdf38,equity,192820,코스맥스,12,2454000,12.0,2454000.0,204500.0
2ETF01,2025-10-13,2025-10-10,20251013,2026.10.01 15:30:00,raw/2ETF01_2025-10-13.json,59da3c723b853a51e6694378fe1760adbf097637ec8289a94683f47517bbdf38,equity,204320,HL만도,49,1609650,49.0,1609650.0,32850.0
2ETF01,2025-10-13,2025-10-10,20251013,2026.10.01 15:30:00,raw/2ETF01_2025-10-13.json,59da3c723b853a51e6694378fe1760adbf097637ec8289a94683f47517bbdf38,equity,207940,삼성바이오로직스,24,24336000,24.0,24336000.0,1014000.0
2ETF01,2025-10-13,2025-10-10,20251013,2026.10.01 15:30:00,raw/2ETF01_2025-10-13.json,59da3c723b853a51e6694378fe1760adbf097637ec8289a94683f47517bbdf38,equity,241560,두산밥캣,78,4453800,78.0,4453800.0,57100.0
2ETF01,2025-10-13,2025-10-10,20251013,2026.10.01 15:30:00,raw/2ETF01_2025-10-13.json,59da3c723b853a51e6694378fe1760adbf097637ec8289a94683f47517bbdf38,equity,251270,넷마블,48,2784000,48.0,2784000.0,58000.0
2ETF01,2025-10-13,2025-10-10,20251013,2026.10.01 15:30:00,raw/2ETF01_2025-10-13.json,59da3c723b853a51e6694378fe1760adbf097637ec8289a94683f47517bbdf38,equity,259960,크래프톤,44,13288000,44.0,13288000.0,302000.0
2ETF01,2025-10-13,2025-10-10,20251013,2026.10.01 15:30:00,raw/2ETF01_2025-10-13.json,59da3c723b853a51e6694378fe1760adbf097637ec8289a94683f47517bbdf38,equity,267250,HD현대,68,10744000,68.0,10744000.0,158000.0
2ETF01,2025-10-13,2025-10-10,20251013,2026.10.01 15:30:00,raw/2ETF01_2025-10-13.json,59da3c723b853a51e6694378fe1760adbf097637ec8289a94683f47517bbdf38,equity,267260,HD현대일렉트릭,34,22440000,34.0,22440000.0,660000.0
2ETF01,2025-10-13,2025-10-10,20251013,2026.10.01 15:30:00,raw/2ETF01_2025-10-13.json,59da3c723b853a51e6694378fe1760adbf097637ec8289a94683f47517bbdf38,equity,268280,미원에스씨,1,138000,1.0,138000.0,138000.0
2ETF01,2025-10-13,2025-10-10,20251013,2026.10.01 15:30:00,raw/2ETF01_2025-10-13.json,59da3c723b853a51e6694378fe1760adbf097637ec8289a94683f47517bbdf38,equity,271560,오리온,33,3465000,33.0,3465000.0,105000.0
2ETF01,2025-10-13,2025-10-10,20251013,2026.10.01 15:30:00,raw/2ETF01_2025-10-13.json,59da3c723b853a51e6694378fe1760adbf097637ec8289a94683f47517bbdf38,equity,272210,한화시스템,106,6137400,106.0,6137400.0,57900.0
2ETF01,2025-10-13,2025-10-10,20251013,2026.10.01 15:30:00,raw/2ETF01_2025-10-13.json,59da3c723b853a51e6694378fe1760adbf097637ec8289a94683f47517bbdf38,equity,278470,에이피알,37,9509000,37.0,9509000.0,257000.0
2ETF01,2025-10-13,2025-10-10,20251013,2026.10.01 15:30:00,raw/2ETF01_2025-10-13.json,59da3c723b853a51e6694378fe1760adbf097637ec8289a94683f47517bbdf38,equity,280360,롯데웰푸드,3,337200,3.0,337200.0,112400.0
2ETF01,2025-10-13,2025-10-10,20251013,2026.10.01 15:30:00,raw/2ETF01_2025-10-13.json,59da3c723b853a51e6694378fe1760adbf097637ec8289a94683f47517bbdf38,equity,282330,BGF리테일,12,1262400,12.0,1262400.0,105200.0
2ETF01,2025-10-13,2025-10-10,20251013,2026.10.01 15:30:00,raw/2ETF01_2025-10-13.json,59da3c723b853a51e6694378fe1760adbf097637ec8289a94683f47517bbdf38,equity,285130,SK케미칼,15,880500,15.0,880500.0,58700.0
2ETF01,2025-10-13,2025-10-10,20251013,2026.10.01 15:30:00,raw/2ETF01_2025-10-13.json,59da3c723b853a51e6694378fe1760adbf097637ec8289a94683f47517bbdf38,equity,298020,효성티앤씨,4,832000,4.0,832000.0,208000.0
2ETF01,2025-10-13,2025-10-10,20251013,2026.10.01 15:30:00,raw/2ETF01_2025-10-13.json,59da3c723b853a51e6694378fe1760adbf097637ec8289a94683f47517bbdf38,equity,298040,효성중공업,7,10486000,7.0,10486000.0,1498000.0
2ETF01,2025-10-13,2025-10-10,20251013,2026.10.01 15:30:00,raw/2ETF01_2025-10-13.json,59da3c723b853a51e6694378fe1760adbf097637ec8289a94683f47517bbdf38,equity,298050,HS효성첨단소재,4,716800,4.0,716800.0,179200.0
2ETF01,2025-10-13,2025-10-10,20251013,2026.10.01 15:30:00,raw/2ETF01_2025-10-13.json,59da3c723b853a51e6694378fe1760adbf097637ec8289a94683f47517bbdf38,equity,300720,한일시멘트,24,445920,24.0,445920.0,18580.0
2ETF01,2025-10-13,2025-10-10,20251013,2026.10.01 15:30:00,raw/2ETF01_2025-10-13.json,59da3c723b853a51e6694378fe1760adbf097637ec8289a94683f47517bbdf38,equity,302440,SK바이오사이언스,39,1795950,39.0,1795950.0,46050.0
2ETF01,2025-10-13,2025-10-10,20251013,2026.10.01 15:30:00,raw/2ETF01_2025-10-13.json,59da3c723b853a51e6694378fe1760adbf097637ec8289a94683f47517bbdf38,equity,316140,우리금융지주,1024,25958400,1024.0,25958400.0,25350.0
2ETF01,2025-10-13,2025-10-10,20251013,2026.10.01 15:30:00,raw/2ETF01_2025-10-13.json,59da3c723b853a51e6694378fe1760adbf097637ec8289a94683f47517bbdf38,equity,323410,카카오뱅크,513,11850300,513.0,11850300.0,23100.0
2ETF01,2025-10-13,2025-10-10,20251013,2026.10.01 15:30:00,raw/2ETF01_2025-10-13.json,59da3c723b853a51e6694378fe1760adbf097637ec8289a94683f47517bbdf38,equity,326030,SK바이오팜,42,4363800,42.0,4363800.0,103900.0
2ETF01,2025-10-13,2025-10-10,20251013,2026.10.01 15:30:00,raw/2ETF01_2025-10-13.json,59da3c723b853a51e6694378fe1760adbf097637ec8289a94683f47517bbdf38,equity,329180,HD현대중공업,34,17510000,34.0,17510000.0,515000.0
2ETF01,2025-10-13,2025-10-10,20251013,2026.10.01 15:30:00,raw/2ETF01_2025-10-13.json,59da3c723b853a51e6694378fe1760adbf097637ec8289a94683f47517bbdf38,equity,352820,하이브,32,8720000,32.0,8720000.0,272500.0
2ETF01,2025-10-13,2025-10-10,20251013,2026.10.01 15:30:00,raw/2ETF01_2025-10-13.json,59da3c723b853a51e6694378fe1760adbf097637ec8289a94683f47517bbdf38,equity,361610,SK아이이테크놀로지,44,1177000,44.0,1177000.0,26750.0
2ETF01,2025-10-13,2025-10-10,20251013,2026.10.01 15:30:00,raw/2ETF01_2025-10-13.json,59da3c723b853a51e6694378fe1760adbf097637ec8289a94683f47517bbdf38,equity,373220,LG에너지솔루션,53,19053500,53.0,19053500.0,359500.0
2ETF01,2025-10-13,2025-10-10,20251013,2026.10.01 15:30:00,raw/2ETF01_2025-10-13.json,59da3c723b853a51e6694378fe1760adbf097637ec8289a94683f47517bbdf38,equity,375500,DL이앤씨,45,1876500,45.0,1876500.0,41700.0
2ETF01,2025-10-13,2025-10-10,20251013,2026.10.01 15:30:00,raw/2ETF01_2025-10-13.json,59da3c723b853a51e6694378fe1760adbf097637ec8289a94683f47517bbdf38,equity,377300,카카오페이,43,2270400,43.0,2270400.0,52800.0
2ETF01,2025-10-13,2025-10-10,20251013,2026.10.01 15:30:00,raw/2ETF01_2025-10-13.json,59da3c723b853a51e6694378fe1760adbf097637ec8289a94683f47517bbdf38,equity,383220,F&F,21,1331400,21.0,1331400.0,63400.0
2ETF01,2025-10-13,2025-10-10,20251013,2026.10.01 15:30:00,raw/2ETF01_2025-10-13.json,59da3c723b853a51e6694378fe1760adbf097637ec8289a94683f47517bbdf38,equity,402340,SK스퀘어,139,34333000,139.0,34333000.0,247000.0
2ETF01,2025-10-13,2025-10-10,20251013,2026.10.01 15:30:00,raw/2ETF01_2025-10-13.json,59da3c723b853a51e6694378fe1760adbf097637ec8289a94683f47517bbdf38,equity,443060,HD현대마린솔루션,12,2694000,12.0,2694000.0,224500.0
2ETF01,2025-10-13,2025-10-10,20251013,2026.10.01 15:30:00,raw/2ETF01_2025-10-13.json,59da3c723b853a51e6694378fe1760adbf097637ec8289a94683f47517bbdf38,equity,450080,에코프로머티,38,1755600,38.0,1755600.0,46200.0
2ETF01,2025-10-13,2025-10-10,20251013,2026.10.01 15:30:00,raw/2ETF01_2025-10-13.json,59da3c723b853a51e6694378fe1760adbf097637ec8289a94683f47517bbdf38,equity,454910,두산로보틱스,29,2038700,29.0,2038700.0,70300.0
2ETF01,2025-10-13,2025-10-10,20251013,2026.10.01 15:30:00,raw/2ETF01_2025-10-13.json,59da3c723b853a51e6694378fe1760adbf097637ec8289a94683f47517bbdf38,equity,456040,OCI,7,397600,7.0,397600.0,56800.0
2ETF01,2025-10-13,2025-10-10,20251013,2026.10.01 15:30:00,raw/2ETF01_2025-10-13.json,59da3c723b853a51e6694378fe1760adbf097637ec8289a94683f47517bbdf38,equity,457190,이수스페셜티케미컬,31,1488000,31.0,1488000.0,48000.0
2ETF01,2025-10-13,2025-10-10,20251013,2026.10.01 15:30:00,raw/2ETF01_2025-10-13.json,59da3c723b853a51e6694378fe1760adbf097637ec8289a94683f47517bbdf38,equity,489790,한화비전,52,2906800,52.0,2906800.0,55900.0
2ETF07,2025-10-13,2025-10-10,20251013,2026.10.01 15:30:00,raw/2ETF07_2025-10-13.json,74735d15b9b30357a39fa97055f5d4647025f8d73e2f0544e3d70d593ecd5fb0,cash,KRD010010001,원화예금,4778585,4778585,4778585.0,4778585.0,1.0
2ETF07,2025-10-13,2025-10-10,20251013,2026.10.01 15:30:00,raw/2ETF07_2025-10-13.json,74735d15b9b30357a39fa97055f5d4647025f8d73e2f0544e3d70d593ecd5fb0,equity,000660,SK하이닉스,1369,585932000,1369.0,585932000.0,428000.0
2ETF07,2025-10-13,2025-10-10,20251013,2026.10.01 15:30:00,raw/2ETF07_2025-10-13.json,74735d15b9b30357a39fa97055f5d4647025f8d73e2f0544e3d70d593ecd5fb0,equity,000990,DB하이텍,1278,75402000,1278.0,75402000.0,59000.0
2ETF07,2025-10-13,2025-10-10,20251013,2026.10.01 15:30:00,raw/2ETF07_2025-10-13.json,74735d15b9b30357a39fa97055f5d4647025f8d73e2f0544e3d70d593ecd5fb0,equity,005930,삼성전자,5560,524864000,5560.0,524864000.0,94400.0
2ETF07,2025-10-13,2025-10-10,20251013,2026.10.01 15:30:00,raw/2ETF07_2025-10-13.json,74735d15b9b30357a39fa97055f5d4647025f8d73e2f0544e3d70d593ecd5fb0,equity,031980,피에스케이홀딩스,293,15382500,293.0,15382500.0,52500.0
2ETF07,2025-10-13,2025-10-10,20251013,2026.10.01 15:30:00,raw/2ETF07_2025-10-13.json,74735d15b9b30357a39fa97055f5d4647025f8d73e2f0544e3d70d593ecd5fb0,equity,036540,SFA반도체,3043,13952155,3043.0,13952155.0,4585.0
2ETF07,2025-10-13,2025-10-10,20251013,2026.10.01 15:30:00,raw/2ETF07_2025-10-13.json,74735d15b9b30357a39fa97055f5d4647025f8d73e2f0544e3d70d593ecd5fb0,equity,036930,주성엔지니어링,1302,42380100,1302.0,42380100.0,32550.0
2ETF07,2025-10-13,2025-10-10,20251013,2026.10.01 15:30:00,raw/2ETF07_2025-10-13.json,74735d15b9b30357a39fa97055f5d4647025f8d73e2f0544e3d70d593ecd5fb0,equity,039030,이오테크닉스,344,88408000,344.0,88408000.0,257000.0
2ETF07,2025-10-13,2025-10-10,20251013,2026.10.01 15:30:00,raw/2ETF07_2025-10-13.json,74735d15b9b30357a39fa97055f5d4647025f8d73e2f0544e3d70d593ecd5fb0,equity,042700,한미반도체,1713,204018300,1713.0,204018300.0,119100.0
2ETF07,2025-10-13,2025-10-10,20251013,2026.10.01 15:30:00,raw/2ETF07_2025-10-13.json,74735d15b9b30357a39fa97055f5d4647025f8d73e2f0544e3d70d593ecd5fb0,equity,058470,리노공업,2037,109386900,2037.0,109386900.0,53700.0
2ETF07,2025-10-13,2025-10-10,20251013,2026.10.01 15:30:00,raw/2ETF07_2025-10-13.json,74735d15b9b30357a39fa97055f5d4647025f8d73e2f0544e3d70d593ecd5fb0,equity,064760,티씨케이,240,44784000,240.0,44784000.0,186600.0
2ETF07,2025-10-13,2025-10-10,20251013,2026.10.01 15:30:00,raw/2ETF07_2025-10-13.json,74735d15b9b30357a39fa97055f5d4647025f8d73e2f0544e3d70d593ecd5fb0,equity,067310,하나마이크론,1962,47774700,1962.0,47774700.0,24350.0
2ETF07,2025-10-13,2025-10-10,20251013,2026.10.01 15:30:00,raw/2ETF07_2025-10-13.json,74735d15b9b30357a39fa97055f5d4647025f8d73e2f0544e3d70d593ecd5fb0,equity,080220,제주반도체,1246,28408800,1246.0,28408800.0,22800.0
2ETF07,2025-10-13,2025-10-10,20251013,2026.10.01 15:30:00,raw/2ETF07_2025-10-13.json,74735d15b9b30357a39fa97055f5d4647025f8d73e2f0544e3d70d593ecd5fb0,equity,082270,젬백스,1296,60069600,1296.0,60069600.0,46350.0
2ETF07,2025-10-13,2025-10-10,20251013,2026.10.01 15:30:00,raw/2ETF07_2025-10-13.json,74735d15b9b30357a39fa97055f5d4647025f8d73e2f0544e3d70d593ecd5fb0,equity,084370,유진테크,565,44974000,565.0,44974000.0,79600.0
2ETF07,2025-10-13,2025-10-10,20251013,2026.10.01 15:30:00,raw/2ETF07_2025-10-13.json,74735d15b9b30357a39fa97055f5d4647025f8d73e2f0544e3d70d593ecd5fb0,equity,089030,테크윙,1290,79722000,1290.0,79722000.0,61800.0
2ETF07,2025-10-13,2025-10-10,20251013,2026.10.01 15:30:00,raw/2ETF07_2025-10-13.json,74735d15b9b30357a39fa97055f5d4647025f8d73e2f0544e3d70d593ecd5fb0,equity,095340,ISC,418,33732600,418.0,33732600.0,80700.0
2ETF07,2025-10-13,2025-10-10,20251013,2026.10.01 15:30:00,raw/2ETF07_2025-10-13.json,74735d15b9b30357a39fa97055f5d4647025f8d73e2f0544e3d70d593ecd5fb0,equity,098460,고영,2117,34041360,2117.0,34041360.0,16080.0
2ETF07,2025-10-13,2025-10-10,20251013,2026.10.01 15:30:00,raw/2ETF07_2025-10-13.json,74735d15b9b30357a39fa97055f5d4647025f8d73e2f0544e3d70d593ecd5fb0,equity,101490,에스앤에스텍,670,35644000,670.0,35644000.0,53200.0
2ETF07,2025-10-13,2025-10-10,20251013,2026.10.01 15:30:00,raw/2ETF07_2025-10-13.json,74735d15b9b30357a39fa97055f5d4647025f8d73e2f0544e3d70d593ecd5fb0,equity,108320,LX세미콘,448,26566400,448.0,26566400.0,59300.0
2ETF07,2025-10-13,2025-10-10,20251013,2026.10.01 15:30:00,raw/2ETF07_2025-10-13.json,74735d15b9b30357a39fa97055f5d4647025f8d73e2f0544e3d70d593ecd5fb0,equity,131970,두산테스나,485,22237250,485.0,22237250.0,45850.0
2ETF07,2025-10-13,2025-10-10,20251013,2026.10.01 15:30:00,raw/2ETF07_2025-10-13.json,74735d15b9b30357a39fa97055f5d4647025f8d73e2f0544e3d70d593ecd5fb0,equity,161580,필옵틱스,693,27650700,693.0,27650700.0,39900.0
2ETF07,2025-10-13,2025-10-10,20251013,2026.10.01 15:30:00,raw/2ETF07_2025-10-13.json,74735d15b9b30357a39fa97055f5d4647025f8d73e2f0544e3d70d593ecd5fb0,equity,166090,하나머티리얼즈,431,18597650,431.0,18597650.0,43150.0
2ETF07,2025-10-13,2025-10-10,20251013,2026.10.01 15:30:00,raw/2ETF07_2025-10-13.json,74735d15b9b30357a39fa97055f5d4647025f8d73e2f0544e3d70d593ecd5fb0,equity,183300,코미코,245,27048000,245.0,27048000.0,110400.0
2ETF07,2025-10-13,2025-10-10,20251013,2026.10.01 15:30:00,raw/2ETF07_2025-10-13.json,74735d15b9b30357a39fa97055f5d4647025f8d73e2f0544e3d70d593ecd5fb0,equity,213420,덕산네오룩스,531,25833150,531.0,25833150.0,48650.0
2ETF07,2025-10-13,2025-10-10,20251013,2026.10.01 15:30:00,raw/2ETF07_2025-10-13.json,74735d15b9b30357a39fa97055f5d4647025f8d73e2f0544e3d70d593ecd5fb0,equity,218410,RFHIC,676,19468800,676.0,19468800.0,28800.0
2ETF07,2025-10-13,2025-10-10,20251013,2026.10.01 15:30:00,raw/2ETF07_2025-10-13.json,74735d15b9b30357a39fa97055f5d4647025f8d73e2f0544e3d70d593ecd5fb0,equity,222800,심텍,889,47205900,889.0,47205900.0,53100.0
2ETF07,2025-10-13,2025-10-10,20251013,2026.10.01 15:30:00,raw/2ETF07_2025-10-13.json,74735d15b9b30357a39fa97055f5d4647025f8d73e2f0544e3d70d593ecd5fb0,equity,232140,와이씨,1619,24722130,1619.0,24722130.0,15270.0
2ETF07,2025-10-13,2025-10-10,20251013,2026.10.01 15:30:00,raw/2ETF07_2025-10-13.json,74735d15b9b30357a39fa97055f5d4647025f8d73e2f0544e3d70d593ecd5fb0,equity,240810,원익IPS,1352,77064000,1352.0,77064000.0,57000.0
2ETF07,2025-10-13,2025-10-10,20251013,2026.10.01 15:30:00,raw/2ETF07_2025-10-13.json,74735d15b9b30357a39fa97055f5d4647025f8d73e2f0544e3d70d593ecd5fb0,equity,281820,케이씨텍,391,15991900,391.0,15991900.0,40900.0
2ETF07,2025-10-13,2025-10-10,20251013,2026.10.01 15:30:00,raw/2ETF07_2025-10-13.json,74735d15b9b30357a39fa97055f5d4647025f8d73e2f0544e3d70d593ecd5fb0,equity,319660,피에스케이,810,29038500,810.0,29038500.0,35850.0
2ETF07,2025-10-13,2025-10-10,20251013,2026.10.01 15:30:00,raw/2ETF07_2025-10-13.json,74735d15b9b30357a39fa97055f5d4647025f8d73e2f0544e3d70d593ecd5fb0,equity,322000,HD현대에너지솔루션,212,9942800,212.0,9942800.0,46900.0
2ETF07,2025-10-13,2025-10-10,20251013,2026.10.01 15:30:00,raw/2ETF07_2025-10-13.json,74735d15b9b30357a39fa97055f5d4647025f8d73e2f0544e3d70d593ecd5fb0,equity,323280,태성,815,20823250,815.0,20823250.0,25550.0
2ETF07,2025-10-13,2025-10-10,20251013,2026.10.01 15:30:00,raw/2ETF07_2025-10-13.json,74735d15b9b30357a39fa97055f5d4647025f8d73e2f0544e3d70d593ecd5fb0,equity,348210,넥스틴,310,16368000,310.0,16368000.0,52800.0
2ETF07,2025-10-13,2025-10-10,20251013,2026.10.01 15:30:00,raw/2ETF07_2025-10-13.json,74735d15b9b30357a39fa97055f5d4647025f8d73e2f0544e3d70d593ecd5fb0,equity,399720,가온칩스,248,13218400,248.0,13218400.0,53300.0
2ETF07,2025-10-13,2025-10-10,20251013,2026.10.01 15:30:00,raw/2ETF07_2025-10-13.json,74735d15b9b30357a39fa97055f5d4647025f8d73e2f0544e3d70d593ecd5fb0,equity,403870,HPSP,1923,70285650,1923.0,70285650.0,36550.0
2ETF07,2025-10-13,2025-10-10,20251013,2026.10.01 15:30:00,raw/2ETF07_2025-10-13.json,74735d15b9b30357a39fa97055f5d4647025f8d73e2f0544e3d70d593ecd5fb0,equity,440110,파두,1464,32866800,1464.0,32866800.0,22450.0
2ETF01,2025-10-14,2025-10-13,20251014,2026.10.01 15:30:00,raw/2ETF01_2025-10-14.json,116bec60d571a5e4bae02aae5548b4fb533923ea85b277458b1c768df59af1fc,cash,KRD010010001,원화예금,5431192,5431192,5431192.0,5431192.0,1.0
2ETF01,2025-10-14,2025-10-13,20251014,2026.10.01 15:30:00,raw/2ETF01_2025-10-14.json,116bec60d571a5e4bae02aae5548b4fb533923ea85b277458b1c768df59af1fc,equity,000080,하이트진로,47,885480,47.0,885480.0,18840.0
2ETF01,2025-10-14,2025-10-13,20251014,2026.10.01 15:30:00,raw/2ETF01_2025-10-14.json,116bec60d571a5e4bae02aae5548b4fb533923ea85b277458b1c768df59af1fc,equity,000100,유한양행,91,10774400,91.0,10774400.0,118400.0
2ETF01,2025-10-14,2025-10-13,20251014,2026.10.01 15:30:00,raw/2ETF01_2025-10-14.json,116bec60d571a5e4bae02aae5548b4fb533923ea85b277458b1c768df59af1fc,equity,000120,CJ대한통운,17,1404200,17.0,1404200.0,82600.0
2ETF01,2025-10-14,2025-10-13,20251014,2026.10.01 15:30:00,raw/2ETF01_2025-10-14.json,116bec60d571a5e4bae02aae5548b4fb533923ea85b277458b1c768df59af1fc,equity,000150,두산,11,6490000,11.0,6490000.0,590000.0
2ETF01,2025-10-14,2025-10-13,20251014,2026.10.01 15:30:00,raw/2ETF01_2025-10-14.json,116bec60d571a5e4bae02aae5548b4fb533923ea85b277458b1c768df59af1fc,equity,000210,DL,16,580000,16.0,580000.0,36250.0
2ETF01,2025-10-14,2025-10-13,20251014,2026.10.01 15:30:00,raw/2ETF01_2025-10-14.json,116bec60d571a5e4bae02aae5548b4fb533923ea85b277458b1c768df59af1fc,equity,000240,한국앤컴퍼니,36,792000,36.0,792000.0,22000.0
2ETF01,2025-10-14,2025-10-13,20251014,2026.10.01 15:30:00,raw/2ETF01_2025-10-14.json,116bec60d571a5e4bae02aae5548b4fb533923ea85b277458b1c768df59af1fc,equity,000270,기아,371,37508100,371.0,37508100.0,101100.0
2ETF01,2025-10-14,2025-10-13,20251014,2026.10.01 15:30:00,raw/2ETF01_2025-10-14.json,116bec60d571a5e4bae02aae5548b4fb533923ea85b277458b1c768df59af1fc,equity,000660,SK하이닉스,851,353165000,851.0,353165000.0,415000.0
2ETF01,2025-10-14,2025-10-13,20251014,2026.10.01 15:30:00,raw/2ETF01_2025-10-14.json,116bec60d571a5e4bae02aae5548b4fb533923ea85b277458b1c768df59af1fc,equity,000670,영풍,8,366400,8.0,366400.0,45800.0
2ETF01,2025-10-14,2025-10-13,20251014,2026.10.01 15:30:00,raw/2ETF01_2025-10-14.json,116bec60d571a5e4bae02aae5548b4fb533923ea85b277458b1c768df59af1fc,equity,000720,현대건설,111,6438000,111.0,6438000.0,58000.0
2ETF01,2025-10-14,2025-10-13,20251014,2026.10.01 15:30:00,raw/2ETF01_2025-10-14.json,116bec60d571a5e4bae02aae5548b4fb533923ea85b277458b1c768df59af1fc,equity,000810,삼성화재,46,20700000,46.0,20700000.0,450000.0
2ETF01,2025-10-14,2025-10-13,20251014,2026.10.01 15:30:00,raw/2ETF01_2025-10-14.json,116bec60d571a5e4bae02aae5548b4fb533923ea85b277458b1c768df59af1fc,equity,000880,한화,42,3528000,42.0,3528000.0,84000.0
2ETF01,2025-10-14,2025-10-13,20251014,2026.10.01 15:30:00,raw/2ETF01_2025-10-14.json,116bec60d571a5e4bae02aae5548b4fb533923ea85b277458b1c768df59af1fc,equity,001040,CJ,21,3607800,21.0,3607800.0,171800.0
2ETF01,2025-10-14,2025-10-13,20251014,2026.10.01 15:30:00,raw/2ETF01_2025-10-14.json,116bec60d571a5e4bae02aae5548b4fb533923ea85b277458b1c768df59af1fc,equity,001430,세아베스틸지주,18,450000,18.0,450000.0,25000.0
2ETF01,2025-10-14,2025-10-13,20251014,2026.10.01 15:30:00,raw/2ETF01_2025-10-14.json,116bec60d571a5e4bae02aae5548b4fb533923ea85b277458b1c768df59af1fc,equity,001440,대한전선,170,3083800,170.0,3083800.0,18140.0
2ETF01,2025-10-14,2025-10-13,20251014,2026.10.01 15:30:00,raw/2ETF01_2025-10-14.json,116bec60d571a5e4bae02aae5548b4fb533923ea85b277458b1c768df59af1fc,equity,001450,현대해상,91,2516150,91.0,2516150.0,27650.0
2ETF01,2025-10-14,2025-10-13,20251014,2026.10.01 15:30:00,raw/2ETF01_2025-10-14.json,116bec60d571a5e4bae02aae5548b4fb533923ea85b277458b1c768df59af1fc,equity,001680,대상,29,614800,29.0,614800.0,21200.0
2ETF01,2025-10-14,2025-10-13,20251014,2026.10.01 15:30:00,raw/2ETF01_2025-10-14.json,116bec60d571a5e4bae02aae5548b4fb533923ea85b277458b1c768df59af1fc,equity,001800,오리온홀딩스,31,603880,31.0,603880.0,19480.0
2ETF01,2025-10-14,2025-10-13,20251014,2026.10.01 15:30:00,raw/2ETF01_2025-10-14.json,116bec60d571a5e4bae02aae5548b4fb533923ea85b277458b1c768df59af1fc,equity,002380,KCC,6,2271000,6.0,2271000.0,378500.0
2ETF01,2025-10-14,2025-10-13,20251014,2026.10.01 15:30:00,raw/2ETF01_2025-10-14.json,116bec60d571a5e4bae02aae5548b4fb533923ea85b277458b1c768df59af1fc,equity,002710,TCC스틸,27,432810,27.0,432810.0,16030.0
2ETF01,2025-10-14,2025-10-13,20251014,2026.10.01 15:30:00,raw/2ETF01_2025-10-14.json,116bec60d571a5e4bae02aae5548b4fb533923ea85b277458b1c768df59af1fc,equity,002790,아모레퍼시픽홀딩스,39,1023750,39.0,1023750.0,26250.0
2ETF01,2025-10-14,2025-10-13,20251014,2026.10.01 15:30:00,raw/2ETF01_2025-10-14.json,116bec60d571a5e4bae02aae5548b4fb533923ea85b277458b1c768df59af1fc,equity,002840,미원상사,2,306000,2.0,306000.0,153000.0
2ETF01,2025-10-14,2025-10-13,20251014,2026.10.01 15:30:00,raw/2ETF01_2025-10-14.json,116bec60d571a5e4bae02aae5548b4fb533923ea85b277458b1c768df59af1fc,equity,003030,세아제강지주,2,289000,2.0,289000.0,144500.0
2ETF01,2025-10-14,2025-10-13,20251014,2026.10.01 15:30:00,raw/2ETF01_2025-10-14.json,116bec60d571a5e4bae02aae5548b4fb533923ea85b277458b1c768df59af1fc,equity,003090,대웅,29,622050,29.0,622050.0,21450.0
2ETF01,2025-10-14,2025-10-13,20251014,2026.10.01 15:30:00,raw/2ETF01_2025-10-14.json,116bec60d571a5e4bae02aae5548b4fb533923ea85b277458b1c768df59af1fc,equity,003230,삼양식품,6,8574000,6.0,8574000.0,1429000.0
2ETF01,2025-10-14,2025-10-13,20251014,2026.10.01 15:30:00,raw/2ETF01_2025-10-14.json,116bec60d571a5e4bae02aae5548b4fb533923ea85b277458b1c768df59af1fc,equity,003240,태광산업,1,819000,1.0,819000.0,819000.0
2ETF01,2025-10-14,2025-10-13,20251014,2026.10.01 15:30:00,raw/2ETF01_2025-10-14.json,116bec60d571a5e4bae02aae5548b4fb533923ea85b277458b1c768df59af1fc,equity,003490,대한항공,385,8470000,385.0,8470000.0,22000.0
2ETF01,2025-10-14,2025-10-13,20251014,2026.10.01 15:30:00,raw/2ETF01_2025-10-14.json,116bec60d571a5e4bae02aae5548b4fb533923ea85b277458b1c768df59af1fc,equity,003550,LG,141,10095600,141.0,10095600.0,71600.0
2ETF01,2025-10-14,2025-10-13,20251014,2026.10.01 15:30:00,raw/2ETF01_2025-10-14.json,116bec60d571a5e4bae02aae5548b4fb533923ea85b277458b1c768df59af1fc,equity,003620,KG모빌리티,135,440775,135.0,440775.0,3265.0
2ETF01,2025-10-14,2025-10-13,20251014,2026.10.01 15:30:00,raw/2ETF01_2025-10-14.json,116bec60d571a5e4bae02aae5548b4fb533923ea85b277458b1c768df59af1fc,equity,003670,포스코퓨처엠,47,7411900,47.0,7411900.0,157700.0
2ETF01,2025-10-14,2025-10-13,20251014,2026.10.01 15:30:00,raw/2ETF01_2025-10-14.json,116bec60d571a5e4bae02aae5548b4fb533923ea85b277458b1c768df59af1fc,equity,004000,롯데정밀화학,22,1001000,22.0,1001000.0,45500.0
2ETF01,2025-10-14,2025-10-13,20251014,2026.10.01 15:30:00,raw/2ETF01_2025-10-14.json,116bec60d571a5e4bae02aae5548b4fb533923ea85b277458b1c768df59af1fc,equity,004020,현대제철,127,4178300,127.0,4178300.0,32900.0
2ETF01,2025-10-14,2025-10-13,20251014,2026.10.01 15:30:00,raw/2ETF01_2025-10-14.json,116bec60d571a5e4bae02aae5548b4fb533923ea85b277458b1c768df59af1fc,equity,004170,신세계,10,1791000,10.0,1791000.0,179100.0
2ETF01,2025-10-14,2025-10-13,20251014,2026.10.01 15:30:00,raw/2ETF01_2025-10-14.json,116bec60d571a5e4bae02aae5548b4fb533923ea85b277458b1c768df59af1fc,equity,004370,농심,5,2212500,5.0,2212500.0,442500.0
2ETF01,2025-10-14,2025-10-13,20251014,2026.10.01 15:30:00,raw/2ETF01_2025-10-14.json,116bec60d571a5e4bae02aae5548b4fb533923ea85b277458b1c768df59af1fc,equity,004490,세방전지,12,754800,12.0,754800.0,62900.0
2ETF01,2025-10-14,2025-10-13,20251014,2026.10.01 15:30:00,raw/2ETF01_2025-10-14.json,116bec60d571a5e4bae02aae5548b4fb533923ea85b277458b1c768df59af1fc,equity,004990,롯데지주,45,1255500,45.0,1255500.0,27900.0
2ETF01,2025-10-14,2025-10-13,20251014,2026.10.01 15:30:00,raw/2ETF01_2025-10-14.json,116bec60d571a5e4bae02aae5548b4fb533923ea85b277458b1c768df59af1fc,equity,005250,녹십자홀딩스,33,505560,33.0,505560.0,15320.0
2ETF01,2025-10-14,2025-10-13,20251014,2026.10.01 15:30:00,raw/2ETF01_2025-10-14.json,116bec60d571a5e4bae02aae5548b4fb533923ea85b277458b1c768df59af1fc,equity,005300,롯데칠성,5,565500,5.0,565500.0,113100.0
2ETF01,2025-10-14,2025-10-13,20251014,2026.10.01 15:30:00,raw/2ETF01_2025-10-14.json,116bec60d571a5e4bae02aae5548b4fb533923ea85b277458b1c768df59af1fc,equity,005380,현대차,205,44792500,205.0,44792500.0,218500.0
2ETF01,2025-10-14,2025-10-13,20251014,2026.10.01 15:30:00,raw/2ETF01_2025-10-14.json,116bec60d571a5e4bae02aae5548b4fb533923ea85b277458b1c768df59af1fc,equity,005420,코스모화학,38,592040,38.0,592040.0,15580.0
2ETF01,2025-10-14,2025-10-13,20251014,2026.10.01 15:30:00,raw/2ETF01_2025-10-14.json,116bec60d571a5e4bae02aae5548b4fb533923ea85b277458b1c768df59af1fc,equity,005490,POSCO홀딩스,104,28340000,104.0,28340000.0,272500.0
2ETF01,2025-10-14,2025-10-13,20251014,2026.10.01 15:30:00,raw/2ETF01_2025-10-14.json,116bec60d571a5e4bae02aae5548b4fb533923ea85b277458b1c768df59af1fc,equity,005830,DB손해보험,67,8924400,67.0,8924400.0,133200.0
2ETF01,2025-10-14,2025-10-13,20251014,2026.10.01 15:30:00,raw/2ETF01_2025-10-14.json,116bec60d571a5e4bae02aae5548b4fb533923ea85b277458b1c768df59af1fc,equity,005850,에스엘,24,811200,24.0,811200.0,33800.0
2ETF01,2025-10-14,2025-10-13,20251014,2026.10.01 15:30:00,raw/2ETF01_2025-10-14.json,116bec60d571a5e4bae02aae5548b4fb533923ea85b277458b1c768df59af1fc,equity,005930,삼성전자,7098,662243400,7098.0,662243400.0,93300.0
2ETF01,2025-10-14,2025-10-13,20251014,2026.10.01 15:30:00,raw/2ETF01_2025-10-14.json,116bec60d571a5e4bae02aae5548b4fb533923ea85b277458b1c768df59af1fc,equity,005940,NH투자증권,221,4249830,221.0,4249830.0,19230.0
2ETF01,2025-10-14,2025-10-13,20251014,2026.10.01 15:30:00,raw/2ETF01_2025-10-14.json,116bec60d571a5e4bae02aae5548b4fb533923ea85b277458b1c768df59af1fc,equity,006040,동원산업,6,253500,6.0,253500.0,42250.0
2ETF01,2025-10-14,2025-10-13,20251014,2026.10.01 15:30:00,raw/2ETF01_2025-10-14.json,116bec60d571a5e4bae02aae5548b4fb533923ea85b277458b1c768df59af1fc,equity,006260,LS,26,4451200,26.0,4451200.0,171200.0
2ETF01,2025-10-14,2025-10-13,20251014,2026.10.01 15:30:00,raw/2ETF01_2025-10-14.json,116bec60d571a5e4bae02aae5548b4fb533923ea85b277458b1c768df59af1fc,equity,006280,녹십자,8,1036000,8.0,1036000.0,129500.0
2ETF01,2025-10-14,2025-10-13,20251014,2026.10.01 15:30:00,raw/2ETF01_2025-10-14.json,116bec60d571a5e4bae02aae5548b4fb533923ea85b277458b1c768df59af1fc,equity,006360,GS건설,97,1805170,97.0,1805170.0,18610.0
2ETF01,2025-10-14,2025-10-13,20251014,2026.10.01 15:30:00,raw/2ETF01_2025-10-14.json,116bec60d571a5e4bae02aae5548b4fb533923ea85b277458b1c768df59af1fc,equity,006400,삼성SDI,92,19366000,92.0,19366000.0,210500.0
2ETF01,2025-10-14,2025-10-13,20251014,2026.10.01 15:30:00,raw/2ETF01_2025-10-14.json,116bec60d571a5e4bae02aae5548b4fb533923ea85b277458b1c768df59af1fc,equity,006650,대한유화,5,540000,5.0,540000.0,108000.0
2ETF01,2025-10-14,2025-10-13,20251014,2026.10.01 15:30:00,raw/2ETF01_2025-10-14.json,116bec60d571a5e4bae02aae5548b4fb533923ea85b277458b1c768df59af1fc,equity,006800,미래에셋증권,415,8881000,415.0,8881000.0,21400.0
2ETF01,2025-10-14,2025-10-13,20251014,2026.10.01 15:30:00,raw/2ETF01_2025-10-14.json,116bec60d571a5e4bae02aae5548b4fb533923ea85b277458b1c768df59af1fc,equity,007070,GS리테일,51,823650,51.0,823650.0,16150.0
2ETF01,2025-10-14,2025-10-13,20251014,2026.10.01 15:30:00,raw/2ETF01_2025-10-14.json,116bec60d571a5e4bae02aae5548b4fb533923ea85b277458b1c768df59af1fc,equity,007310,오뚜기,2,787000,2.0,787000.0,393500.0
2ETF01,2025-10-14,2025-10-13,20251014,2026.10.01 15:30:00,raw/2ETF01_2025-10-14.json,116bec60d571a5e4bae02aae5548b4fb533923ea85b277458b1c768df59af1fc,equity,007340,DN오토모티브,31,736250,31.0,736250.0,23750.0
2ETF01,2025-10-14,2025-10-13,20251014,2026.10.01 15:30:00,raw/2ETF01_2025-10-14.json,116bec60d571a5e4bae02aae5548b4fb533923ea85b277458b1c768df59af1fc,equity,008730,율촌화학,16,480000,16.0,480000.0,30000.0
2ETF01,2025-10-14,2025-10-13,20251014,2026.10.01 15:30:00,raw/2ETF01_2025-10-14.json,116bec60d571a5e4bae02aae5548b4fb533923ea85b277458b1c768df59af1fc,equity,008770,호텔신라,46,2304600,46.0,2304600.0,50100.0
2ETF01,2025-10-14,2025-10-13,20251014,2026.10.01 15:30:00,raw/2ETF01_2025-10-14.json,116bec60d571a5e4bae02aae5548b4fb533923ea85b277458b1c768df59af1fc,equity,008930,한미사이언스,42,1535100,42.0,1535100.0,36550.0
2ETF01,2025-10-14,2025-10-13,20251014,2026.10.01 15:30:00,raw/2ETF01_2025-10-14.json,116bec60d571a5e4bae02aae5548b4fb533923ea85b277458b1c768df59af1fc,equity,009150,삼성전기,84,17094000,84.0,17094000.0,203500.0
2ETF01,2025-10-14,2025-10-13,20251014,2026.10.01 15:30:00,raw/2ETF01_2025-10-14.json,116bec60d571a5e4bae02aae5548b4fb533923ea85b277458b1c768df59af1fc,equity,009240,한샘,12,543000,12.0,543000.0,45250.0
2ETF01,2025-10-14,2025-10-13,20251014,2026.10.01 15:30:00,raw/2ETF01_2025-10-14.json,116bec60d571a5e4bae02aae5548b4fb533923ea85b277458b1c768df59af1fc,equity,009420,한올바이오파마,54,1863000,54.0,1863000.0,34500.0
2ETF01,2025-10-14,2025-10-13,20251014,2026.10.01 15:30:00,raw/2ETF01_2025-10-14.json,116bec60d571a5e4bae02aae5548b4fb533923ea85b277458b1c768df59af1fc,equity,009540,HD한국조선해양,71,29820000,71.0,29820000.0,420000.0
2ETF01,2025-10-14,2025-10-13,20251014,2026.10.01 15:30:00,raw/2ETF01_2025-10-14.json,116bec60d571a5e4bae02aae5548b4fb533923ea85b277458b1c768df59af1fc,equity,009830,한화솔루션,164,4633000,164.0,4633000.0,28250.0
2ETF01,2025-10-14,2025-10-13,20251014,2026.10.01 15:30:00,raw/2ETF01_2025-10-14.json,116bec60d571a5e4bae02aae5548b4fb533923ea85b277458b1c768df59af1fc,equity,009970,영원무역홀딩스,8,1076800,8.0,1076800.0,134600.0
2ETF01,2025-10-14,2025-10-13,20251014,2026.10.01 15:30:00,raw/2ETF01_2025-10-14.json,116bec60d571a5e4bae02aae5548b4fb533923ea85b277458b1c768df59af1fc,equity,010060,OCI홀딩스,20,1718000,20.0,1718000.0,85900.0
2ETF01,2025-10-14,2025-10-13,20251014,2026.10.01 15:30:00,raw/2ETF01_2025-10-14.json,116bec60d571a5e4bae02aae5548b4fb533923ea85b277458b1c768df59af1fc,equity,010120,LS ELECTRIC,24,7104000,24.0,7104000.0,296000.0
2ETF01,2025-10-14,2025-10-13,20251014,2026.10.01 15:30:00,raw/2ETF01_2025-10-14.json,116bec60d571a5e4bae02aae5548b4fb533923ea85b277458b1c768df59af1fc,equity,010130,고려아연,9,10377000,9.0,10377000.0,1153000.0
2ETF01,2025-10-14,2025-10-13,20251014,2026.10.01 15:30:00,raw/2ETF01_2025-10-14.json,116bec60d571a5e4bae02aae5548b4fb533923ea85b277458b1c768df59af1fc,equity,010140,삼성중공업,1000,22250000,1000.0,22250000.0,22250.0
2ETF01,2025-10-14,2025-10-13,20251014,2026.10.01 15:30:00,raw/2ETF01_2025-10-14.json,116bec60d571a5e4bae02aae5548b4fb533923ea85b277458b1c768df59af1fc,equity,010620,HD현대미포,34,6868000,34.0,6868000.0,202000.0
2ETF01,2025-10-14,2025-10-13,20251014,2026.10.01 15:30:00,raw/2ETF01_2025-10-14.json,116bec60d571a5e4bae02aae5548b4fb533923ea85b277458b1c768df59af1fc,equity,010950,S-Oil,63,4170600,63.0,4170600.0,66200.0
2ETF01,2025-10-14,2025-10-13,20251014,2026.10.01 15:30:00,raw/2ETF01_2025-10-14.json,116bec60d571a5e4bae02aae5548b4fb533923ea85b277458b1c768df59af1fc,equity,011070,LG이노텍,22,4118400,22.0,4118400.0,187200.0
2ETF01,2025-10-14,2025-10-13,20251014,2026.10.01 15:30:00,raw/2ETF01_2025-10-14.json,116bec60d571a5e4bae02aae5548b4fb533923ea85b277458b1c768df59af1fc,equity,011170,롯데케미칼,27,1784700,27.0,1784700.0,66100.0
2ETF01,2025-10-14,2025-10-13,20251014,2026.10.01 15:30:00,raw/2ETF01_2025-10-14.json,116bec60d571a5e4bae02aae5548b4fb533923ea85b277458b1c768df59af1fc,equity,011200,HMM,513,10285650,513.0,10285650.0,20050.0
2ETF01,2025-10-14,2025-10-13,20251014,2026.10.01 15:30:00,raw/2ETF01_2025-10-14.json,116bec60d571a5e4bae02aae5548b4fb533923ea85b277458b1c768df59af1fc,equity,011210,현대위아,23,1102850,23.0,1102850.0,47950.0
2ETF01,2025-10-14,2025-10-13,20251014,2026.10.01 15:30:00,raw/2ETF01_2025-10-14.json,116bec60d571a5e4bae02aae5548b4fb533923ea85b277458b1c768df59af1fc,equity,011780,금호석유화학,23,2479400,23.0,2479400.0,107800.0
2ETF01,2025-10-14,2025-10-13,20251014,2026.10.01 15:30:00,raw/2ETF01_2025-10-14.json,116bec60d571a5e4bae02aae5548b4fb533923ea85b277458b1c768df59af1fc,equity,011790,SKC,30,3126000,30.0,3126000.0,104200.0
2ETF01,2025-10-14,2025-10-13,20251014,2026.10.01 15:30:00,raw/2ETF01_2025-10-14.json,116bec60d571a5e4bae02aae5548b4fb533923ea85b277458b1c768df59af1fc,equity,012330,현대모비스,95,27455000,95.0,27455000.0,289000.0
2ETF01,2025-10-14,2025-10-13,20251014,2026.10.01 15:30:00,raw/2ETF01_2025-10-14.json,116bec60d571a5e4bae02aae5548b4fb533923ea85b277458b1c768df59af1fc,equity,012450,한화에어로스페이스,53,52629000,53.0,52629000.0,993000.0
2ETF01,2025-10-14,2025-10-13,20251014,2026.10.01 15:30:00,raw/2ETF01_2025-10-14.json,116bec60d571a5e4bae02aae5548b4fb533923ea85b277458b1c768df59af1fc,equity,012630,HDC,39,682500,39.0,682500.0,17500.0
2ETF01,2025-10-14,2025-10-13,20251014,2026.10.01 15:30:00,raw/2ETF01_2025-10-14.json,116bec60d571a5e4bae02aae5548b4fb533923ea85b277458b1c768df59af1fc,equity,012750,에스원,37,2934100,37.0,2934100.0,79300.0
2ETF01,2025-10-14,2025-10-13,20251014,2026.10.01 15:30:00,raw/2ETF01_2025-10-14.json,116bec60d571a5e4bae02aae5548b4fb533923ea85b277458b1c768df59af1fc,equity,014680,한솔케미칼,13,2879500,13.0,2879500.0,221500.0
2ETF01,2025-10-14,2025-10-13,20251014,2026.10.01 15:30:00,raw/2ETF01_2025-10-14.json,116bec60d571a5e4bae02aae5548b4fb533923ea85b277458b1c768df59af1fc,equity,014820,동원시스템즈,8,219200,8.0,219200.0,27400.0
2ETF01,2025-10-14,2025-10-13,20251014,2026.10.01 15:30:00,raw/2ETF01_2025-10-14.json,116bec60d571a5e4bae02aae5548b4fb533923ea85b277458b1c768df59af1fc,equity,015760,한국전력,477,17028900,477.0,17028900.0,35700.0
2ETF01,2025-10-14,2025-10-13,20251014,2026.10.01 15:30:00,raw/2ETF01_2025-10-14.json,116bec60d571a5e4bae02aae5548b4fb533923ea85b277458b1c768df59af1fc,equity,016360,삼성증권,92,6596400,92.0,6596400.0,71700.0
2ETF01,2025-10-14,2025-10-13,20251014,2026.10.01 15:30:00,raw/2ETF01_2025-10-14.json,116bec60d571a5e4bae02aae5548b4fb533923ea85b277458b1c768df59af1fc,equity,017670,SK텔레콤,225,12217500,225.0,12217500.0,54300.0
2ETF01,2025-10-14,2025-10-13,20251014,2026.10.01 15:30:00,raw/2ETF01_2025-10-14.json,116bec60d571a5e4bae02aae5548b4fb533923ea85b277458b1c768df59af1fc,equity,017800,현대엘리베이터,39,3155100,39.0,3155100.0,80900.0
2ETF01,2025-10-14,2025-10-13,20251014,2026.10.01 15:30:00,raw/2ETF01_2025-10-14.json,116bec60d571a5e4bae02aae5548b4fb533923ea85b277458b1c768df59af1fc,equity,017960,한국카본,49,1707650,49.0,1707650.0,34850.0
2ETF01,2025-10-14,2025-10-13,20251014,2026.10.01 15:30:00,raw/2ETF01_2025-10-14.json,116bec60d571a5e4bae02aae5548b4fb533923ea85b277458b1c768df59af1fc,equity,018260,삼성에스디에스,57,9507600,57.0,9507600.0,166800.0
2ETF01,2025-10-14,2025-10-13,20251014,2026.10.01 15:30:00,raw/2ETF01_2025-10-14.json,116bec60d571a5e4bae02aae5548b4fb533923ea85b277458b1c768df59af1fc,equity,018880,한온시스템,247,753350,247.0,753350.0,3050.0
2ETF01,2025-10-14,2025-10-13,20251014,2026.10.01 15:30:00,raw/2ETF01_2025-10-14.json,116bec60d571a5e4bae02aae5548b4fb533923ea85b277458b1c768df59af1fc,equity,021240,코웨이,83,7743900,83.0,7743900.0,93300.0
2ETF01,2025-10-14,2025-10-13,20251014,2026.10.01 15:30:00,raw/2ETF01_2025-10-14.json,116bec60d571a5e4bae02aae5548b4fb533923ea85b277458b1c768df59af1fc,equity,022100,포스코DX,76,1626400,76.0,1626400.0,21400.0
2ETF01,2025-10-14,2025-10-13,20251014,2026.10.01 15:30:00,raw/2ETF01_2025-10-14.json,116bec60d571a5e4bae02aae5548b4fb533923ea85b277458b1c768df59af1fc,equity,023530,롯데쇼핑,15,1003500,15.0,1003500.0,66900.0
2ETF01,2025-10-14,2025-10-13,20251014,2026.10.01 15:30:00,raw/2ETF01_2025-10-14.json,116bec60d571a5e4bae02aae5548b4fb533923ea85b277458b1c768df59af1fc,equity,024110,기업은행,411,7763790,411.0,7763790.0,18890.0
2ETF01,2025-10-14,2025-10-13,20251014,2026.10.01 15:30:00,raw/2ETF01_2025-10-14.json,116bec60d571a5e4bae02aae5548b4fb533923ea85b277458b1c768df59af1fc,equity,026960,동서,47,1233750,47.0,1233750.0,26250.0
2ETF01,2025-10-14,2025-10-13,20251014,2026.10.01 15:30:00,raw/2ETF01_2025-10-14.json,116bec60d571a5e4bae02aae5548b4fb533923ea85b277458b1c768df59af1fc,equity,028050,삼성E&A,238,6521200,238.0,6521200.0,27400.0
2ETF01,2025-10-14,2025-10-13,20251014,2026.10.01 15:30:00,raw/2ETF01_2025-10-14.json,116bec60d571a5e4bae02aae5548b4fb533923ea85b277458b1c768df59af1fc,equity,028260,삼성물산,152,30628000,152.0,30628000.0,201500.0
2ETF01,2025-10-14,2025-10-13,20251014,2026.10.01 15:30:00,raw/2ETF01_2025-10-14.json,116bec60d571a5e4bae02aae5548b4fb533923ea85b277458b1c768df59af1fc,equity,028670,팬오션,340,1207000,340.0,1207000.0,3550.0
2ETF01,2025-10-14,2025-10-13,20251014,2026.10.01 15:30:00,raw/2ETF01_2025-10-14.json,116bec60d571a5e4bae02aae5548b4fb533923ea85b277458b1c768df59af1fc,equity,029780,삼성카드,40,1976000,40.0,1976000.0,49400.0
2ETF01,2025-10-14,2025-10-13,20251014,2026.10.01 15:30:00,raw/2ETF01_2025-10-14.json,116bec60d571a5e4bae02aae5548b4fb533923ea85b277458b1c768df59af1fc,equity,030000,제일기획,105,2168250,105.0,2168250.0,20650.0
2ETF01,2025-10-14,2025-10-13,20251014,2026.10.01 15:30:00,raw/2ETF01_2025-10-14.json,116bec60d571a5e4bae02aae5548b4fb533923ea85b277458b1c768df59af1fc,equity,030200,KT,332,16550200,332.0,16550200.0,49850.0
2ETF01,2025-10-14,2025-10-13,20251014,2026.10.01 15:30:00,raw/2ETF01_2025-10-14.json,116bec60d571a5e4bae02aae5548b4fb533923ea85b277458b1c768df59af1fc,equity,032640,LG유플러스,417,6225810,417.0,6225810.0,14930.0
2ETF01,2025-10-14,2025-10-13,20251014,2026.10.01 15:30:00,raw/2ETF01_2025-10-14.json,116bec60d571a5e4bae02aae5548b4fb533923ea85b277458b1c768df59af1fc,equity,032830,삼성생명,127,19951700,127.0,19951700.0,157100.0
2ETF01,2025-10-14,2025-10-13,20251014,2026.10.01 15:30:00,raw/2ETF01_2025-10-14.json,116bec60d571a5e4bae02aae5548b4fb533923ea85b277458b1c768df59af1fc,equity,033780,KT&G,141,18894000,141.0,18894000.0,134000.0
2ETF01,2025-10-14,2025-10-13,20251014,2026.10.01 15:30:00,raw/2ETF01_2025-10-14.json,116bec60d571a5e4bae02aae5548b4fb533923ea85b277458b1c768df59af1fc,equity,034020,두산에너빌리티,650,50440000,650.0,50440000.0,77600.0
2ETF01,2025-10-14,2025-10-13,20251014,2026.10.01 15:30:00,raw/2ETF01_2025-10-14.json,116bec60d571a5e4bae02aae5548b4fb533923ea85b277458b1c768df59af1fc,equity,034220,LG디스플레이,439,6668410,439.0,6668410.0,15190.0
2ETF01,2025-10-14,2025-10-13,20251014,2026.10.01 15:30:00,raw/2ETF01_2025-10-14.json,116bec60d571a5e4bae02aae5548b4fb533923ea85b277458b1c768df59af1fc,equity,034730,SK,54,11988000,54.0,11988000.0,222000.0
2ETF01,2025-10-14,2025-10-13,20251014,2026.10.01 15:30:00,raw/2ETF01_2025-10-14.json,116bec60d571a5e4bae02aae5548b4fb533923ea85b277458b1c768df59af1fc,equity,035250,강원랜드,172,3020320,172.0,3020320.0,17560.0
2ETF01,2025-10-14,2025-10-13,20251014,2026.10.01 15:30:00,raw/2ETF01_2025-10-14.json,116bec60d571a5e4bae02aae5548b4fb533923ea85b277458b1c768df59af1fc,equity,035420,NAVER,197,51712500,197.0,51712500.0,262500.0
2ETF01,2025-10-14,2025-10-13,20251014,2026.10.01 15:30:00,raw/2ETF01_2025-10-14.json,116bec60d571a5e4bae02aae5548b4fb533923ea85b277458b1c768df59af1fc,equity,035720,카카오,509,30438200,509.0,30438200.0,59800.0
2ETF01,2025-10-14,2025-10-13,20251014,2026.10.01 15:30:00,raw/2ETF01_2025-10-14.json,116bec60d571a5e4bae02aae5548b4fb533923ea85b277458b1c768df59af1fc,equity,036460,한국가스공사,49,1913450,49.0,1913450.0,39050.0
2ETF01,2025-10-14,2025-10-13,20251014,2026.10.01 15:30:00,raw/2ETF01_2025-10-14.json,116bec60d571a5e4bae02aae5548b4fb533923ea85b277458b1c768df59af1fc,equity,036570,엔씨소프트,26,5551000,26.0,5551000.0,213500.0
2ETF01,2025-10-14,2025-10-13,20251014,2026.10.01 15:30:00,raw/2ETF01_2025-10-14.json,116bec60d571a5e4bae02aae5548b4fb533923ea85b277458b1c768df59af1fc,equity,039130,하나투어,16,762400,16.0,762400.0,47650.0
2ETF01,2025-10-14,2025-10-13,20251014,2026.10.01 15:30:00,raw/2ETF01_2025-10-14.json,116bec60d571a5e4bae02aae5548b4fb533923ea85b277458b1c768df59af1fc,equity,039490,키움증권,21,5050500,21.0,5050500.0,240500.0
2ETF01,2025-10-14,2025-10-13,20251014,2026.10.01 15:30:00,raw/2ETF01_2025-10-14.json,116bec60d571a5e4bae02aae5548b4fb533923ea85b277458b1c768df59af1fc,equity,042660,한화오션,172,18816800,172.0,18816800.0,109400.0
2ETF01,2025-10-14,2025-10-13,20251014,2026.10.01 15:30:00,raw/2ETF01_2025-10-14.json,116bec60d571a5e4bae02aae5548b4fb533923ea85b277458b1c768df59af1fc,equity,042670,HD현대인프라코어,196,2849840,196.0,2849840.0,14540.0
2ETF01,2025-10-14,2025-10-13,20251014,2026.10.01 15:30:00,raw/2ETF01_2025-10-14.json,116bec60d571a5e4bae02aae5548b4fb533923ea85b277458b1c768df59af1fc,equity,042700,한미반도체,64,8192000,64.0,8192000.0,128000.0
2ETF01,2025-10-14,2025-10-13,20251014,2026.10.01 15:30:00,raw/2ETF01_2025-10-14.json,116bec60d571a5e4bae02aae5548b4fb533923ea85b277458b1c768df59af1fc,equity,047040,대우건설,302,1094750,302.0,1094750.0,3625.0
2ETF01,2025-10-14,2025-10-13,20251014,2026.10.01 15:30:00,raw/2ETF01_2025-10-14.json,116bec60d571a5e4bae02aae5548b4fb533923ea85b277458b1c768df59af1fc,equity,047050,포스코인터내셔널,69,3381000,69.0,3381000.0,49000.0
2ETF01,2025-10-14,2025-10-13,20251014,2026.10.01 15:30:00,raw/2ETF01_2025-10-14.json,116bec60d571a5e4bae02aae5548b4fb533923ea85b277458b1c768df59af1fc,equity,047810,한국항공우주,106,10748400,106.0,10748400.0,101400.0
2ETF01,2025-10-14,2025-10-13,20251014,2026.10.01 15:30:00,raw/2ETF01_2025-10-14.json,116bec60d571a5e4bae02aae5548b4fb533923ea85b277458b1c768df59af1fc,equity,051600,한전KPS,33,1593900,33.0,1593900.0,48300.0
2ETF01,2025-10-14,2025-10-13,20251014,2026.10.01 15:30:00,raw/2ETF01_2025-10-14.json,116bec60d571a5e4bae02aae5548b4fb533923ea85b277458b1c768df59af1fc,equity,051900,LG생활건강,14,4053000,14.0,4053000.0,289500.0
2ETF01,2025-10-14,2025-10-13,20251014,2026.10.01 15:30:00,raw/2ETF01_2025-10-14.json,116bec60d571a5e4bae02aae5548b4fb533923ea85b277458b1c768df59af1fc,equity,051910,LG화학,70,19740000,70.0,19740000.0,282000.0
2ETF01,2025-10-14,2025-10-13,20251014,2026.10.01 15:30:00,raw/2ETF01_2025-10-14.json,116bec60d571a5e4bae02aae5548b4fb533923ea85b277458b1c768df59af1fc,equity,052690,한전기술,28,2525600,28.0,2525600.0,90200.0
2ETF01,2025-10-14,2025-10-13,20251014,2026.10.01 15:30:00,raw/2ETF01_2025-10-14.json,116bec60d571a5e4bae02aae5548b4fb533923ea85b277458b1c768df59af1fc,equity,055550,신한지주,633,44563200,633.0,44563200.0,70400.0
2ETF01,2025-10-14,2025-10-13,20251014,2026.10.01 15:30:00,raw/2ETF01_2025-10-14.json,116bec60d571a5e4bae02aae5548b4fb533923ea85b277458b1c768df59af1fc,equity,064350,현대로템,111,23310000,111.0,23310000.0,210000.0
2ETF01,2025-10-14,2025-10-13,20251014,2026.10.01 15:30:00,raw/2ETF01_2025-10-14.json,116bec60d571a5e4bae02aae5548b4fb533923ea85b277458b1c768df59af1fc,equity,066570,LG전자,164,13284000,164.0,13284000.0,81000.0
2ETF01,2025-10-14,2025-10-13,20251014,2026.10.01 15:30:00,raw/2ETF01_2025-10-14.json,116bec60d571a5e4bae02aae5548b4fb533923ea85b277458b1c768df59af1fc,equity,066970,엘앤에프,38,2815800,38.0,2815800.0,74100.0
2ETF01,2025-10-14,2025-10-13,20251014,2026.10.01 15:30:00,raw/2ETF01_2025-10-14.json,116bec60d571a5e4bae02aae5548b4fb533923ea85b277458b1c768df59af1fc,equity,068270,셀트리온,234,39990600,234.0,39990600.0,170900.0
2ETF01,2025-10-14,2025-10-13,20251014,2026.10.01 15:30:00,raw/2ETF01_2025-10-14.json,116bec60d571a5e4bae02aae5548b4fb533923ea85b277458b1c768df59af1fc,equity,069260,TKG휴켐스,33,583440,33.0,583440.0,17680.0
2ETF01,2025-10-14,2025-10-13,20251014,2026.10.01 15:30:00,raw/2ETF01_2025-10-14.json,116bec60d571a5e4bae02aae5548b4fb533923ea85b277458b1c768df59af1fc,equity,069620,대웅제약,7,937300,7.0,937300.0,133900.0
2ETF01,2025-10-14,2025-10-13,20251014,2026.10.01 15:30:00,raw/2ETF01_2025-10-14.json,116bec60d571a5e4bae02aae5548b4fb533923ea85b277458b1c768df59af1fc,equity,069960,현대백화점,21,1728300,21.0,1728300.0,82300.0
2ETF01,2025-10-14,2025-10-13,20251014,2026.10.01 15:30:00,raw/2ETF01_2025-10-14.json,116bec60d571a5e4bae02aae5548b4fb533923ea85b277458b1c768df59af1fc,equity,071050,한국금융지주,62,8810200,62.0,8810200.0,142100.0
2ETF01,2025-10-14,2025-10-13,20251014,2026.10.01 15:30:00,raw/2ETF01_2025-10-14.json,116bec60d571a5e4bae02aae5548b4fb533923ea85b277458b1c768df59af1fc,equity,071320,지역난방공사,4,333200,4.0,333200.0,83300.0
2ETF01,2025-10-14,2025-10-13,20251014,2026.10.01 15:30:00,raw/2ETF01_2025-10-14.json,116bec60d571a5e4bae02aae5548b4fb533923ea85b277458b1c768df59af1fc,equity,073240,금호타이어,239,1055185,239.0,1055185.0,4415.0
2ETF01,2025-10-14,2025-10-13,20251014,2026.10.01 15:30:00,raw/2ETF01_2025-10-14.json,116bec60d571a5e4bae02aae5548b4fb533923ea85b277458b1c768df59af1fc,equity,078930,GS,68,3019200,68.0,3019200.0,44400.0
2ETF01,2025-10-14,2025-10-13,20251014,2026.10.01 15:30:00,raw/2ETF01_2025-10-14.json,116bec60d571a5e4bae02aae5548b4fb533923ea85b277458b1c768df59af1fc,equity,079550,LIG넥스원,20,9300000,20.0,9300000.0,465000.0
2ETF01,2025-10-14,2025-10-13,20251014,2026.10.01 15:30:00,raw/2ETF01_2025-10-14.json,116bec60d571a5e4bae02aae5548b4fb533923ea85b277458b1c768df59af1fc,equity,081660,미스토홀딩스,52,1976000,52.0,1976000.0,38000.0
2ETF01,2025-10-14,2025-10-13,20251014,2026.10.01 15:30:00,raw/2ETF01_2025-10-14.json,116bec60d571a5e4bae02aae5548b4fb533923ea85b277458b1c768df59af1fc,equity,086280,현대글로비스,56,8887200,56.0,8887200.0,158700.0
2ETF01,2025-10-14,2025-10-13,20251014,2026.10.01 15:30:00,raw/2ETF01_2025-10-14.json,116bec60d571a5e4bae02aae5548b4fb533923ea85b277458b1c768df59af1fc,equity,086790,하나금융지주,381,32499300,381.0,32499300.0,85300.0
2ETF01,2025-10-14,2025-10-13,20251014,2026.10.01 15:30:00,raw/2ETF01_2025-10-14.json,116bec60d571a5e4bae02aae5548b4fb533923ea85b277458b1c768df59af1fc,equity,088350,한화생명,500,1542500,500.0,1542500.0,3085.0
2ETF01,2025-10-14,2025-10-13,20251014,2026.10.01 15:30:00,raw/2ETF01_2025-10-14.json,116bec60d571a5e4bae02aae5548b4fb533923ea85b277458b1c768df59af1fc,equity,090430,아모레퍼시픽,47,5668200,47.0,5668200.0,120600.0
2ETF01,2025-10-14,2025-10-13,20251014,2026.10.01 15:30:00,raw/2ETF01_2025-10-14.json,116bec60d571a5e4bae02aae5548b4fb533923ea85b277458b1c768df59af1fc,equity,093370,후성,83,516260,83.0,516260.0,6220.0
2ETF01,2025-10-14,2025-10-13,20251014,2026.10.01 15:30:00,raw/2ETF01_2025-10-14.json,116bec60d571a5e4bae02aae5548b4fb533923ea85b277458b1c768df59af1fc,equity,096770,SK이노베이션,113,11752000,113.0,11752000.0,104000.0
2ETF01,2025-10-14,2025-10-13,20251014,2026.10.01 15:30:00,raw/2ETF01_2025-10-14.json,116bec60d571a5e4bae02aae5548b4fb533923ea85b277458b1c768df59af1fc,equity,097950,CJ제일제당,12,2802000,12.0,2802000.0,233500.0
2ETF01,2025-10-14,2025-10-13,20251014,2026.10.01 15:30:00,raw/2ETF01_2025-10-14.json,116bec60d571a5e4bae02aae5548b4fb533923ea85b277458b1c768df59af1fc,equity,103140,풍산,25,3057500,25.0,3057500.0,122300.0
2ETF01,2025-10-14,2025-10-13,20251014,2026.10.01 15:30:00,raw/2ETF01_2025-10-14.json,116bec60d571a5e4bae02aae5548b4fb533923ea85b277458b1c768df59af1fc,equity,105560,KB금융,491,54795600,491.0,54795600.0,111600.0
2ETF01,2025-10-14,2025-10-13,20251014,2026.10.01 15:30:00,raw/2ETF01_2025-10-14.json,116bec60d571a5e4bae02aae5548b4fb533923ea85b277458b1c768df59af1fc,equity,111770,영원무역,33,2036100,33.0,2036100.0,61700.0
2ETF01,2025-10-14,2025-10-13,20251014,2026.10.01 15:30:00,raw/2ETF01_2025-10-14.json,116bec60d571a5e4bae02aae5548b4fb533923ea85b277458b1c768df59af1fc,equity,112610,씨에스윈드,36,1533600,36.0,1533600.0,42600.0
2ETF01,2025-10-14,2025-10-13,20251014,2026.10.01 15:30:00,raw/2ETF01_2025-10-14.json,116bec60d571a5e4bae02aae5548b4fb533923ea85b277458b1c768df59af1fc,equity,114090,GKL,46,714380,46.0,714380.0,15530.0
2ETF01,2025-10-14,2025-10-13,20251014,2026.10.01 15:30:00,raw/2ETF01_2025-10-14.json,116bec60d571a5e4bae02aae5548b4fb533923ea85b277458b1c768df59af1fc,equity,120110,코오롱인더,28,981400,28.0,981400.0,35050.0
2ETF01,2025-10-14,2025-10-13,20251014,2026.10.01 15:30:00,raw/2ETF01_2025-10-14.json,116bec60d571a5e4bae02aae5548b4fb533923ea85b277458b1c768df59af1fc,equity,128940,한미약품,10,3490000,10.0,3490000.0,349000.0
2ETF01,2025-10-14,2025-10-13,20251014,2026.10.01 15:30:00,raw/2ETF01_2025-10-14.json,116bec60d571a5e4bae02aae5548b4fb533923ea85b277458b1c768df59af1fc,equity,137310,에스디바이오센서,53,512510,53.0,512510.0,9670.0
2ETF01,2025-10-14,2025-10-13,20251014,2026.10.01 15:30:00,raw/2ETF01_2025-10-14.json,116bec60d571a5e4bae02aae5548b4fb533923ea85b277458b1c768df59af1fc,equity,138040,메리츠금융지주,117,13080600,117.0,13080600.0,111800.0
2ETF01,2025-10-14,2025-10-13,20251014,2026.10.01 15:30:00,raw/2ETF01_2025-10-14.json,116bec60d571a5e4bae02aae5548b4fb533923ea85b277458b1c768df59af1fc,equity,138930,BNK금융지주,391,5513100,391.0,5513100.0,14100.0
2ETF01,2025-10-14,2025-10-13,20251014,2026.10.01 15:30:00,raw/2ETF01_2025-10-14.json,116bec60d571a5e4bae02aae5548b4fb533923ea85b277458b1c768df59af1fc,equity,139130,iM금융지주,211,2840060,211.0,2840060.0,13460.0
2ETF01,2025-10-14,2025-10-13,20251014,2026.10.01 15:30:00,raw/2ETF01_2025-10-14.json,116bec60d571a5e4bae02aae5548b4fb533923ea85b277458b1c768df59af1fc,equity,139480,이마트,30,2199000,30.0,2199000.0,73300.0
2ETF01,2025-10-14,2025-10-13,20251014,2026.10.01 15:30:00,raw/2ETF01_2025-10-14.json,116bec60d571a5e4bae02aae5548b4fb533923ea85b277458b1c768df59af1fc,equity,145720,덴티움,10,541000,10.0,541000.0,54100.0
2ETF01,2025-10-14,2025-10-13,20251014,2026.10.01 15:30:00,raw/2ETF01_2025-10-14.json,116bec60d571a5e4bae02aae5548b4fb533923ea85b277458b1c768df59af1fc,equity,161390,한국타이어앤테크놀로지,109,4256450,109.0,4256450.0,39050.0
2ETF01,2025-10-14,2025-10-13,20251014,2026.10.01 15:30:00,raw/2ETF01_2025-10-14.json,116bec60d571a5e4bae02aae5548b4fb533923ea85b277458b1c768df59af1fc,equity,161890,한국콜마,26,1976000,26.0,1976000.0,76000.0
2ETF01,2025-10-14,2025-10-13,20251014,2026.10.01 15:30:00,raw/2ETF01_2025-10-14.json,116bec60d571a5e4bae02aae5548b4fb533923ea85b277458b1c768df59af1fc,equity,175330,JB금융지주,244,5514400,244.0,5514400.0,22600.0
2ETF01,2025-10-14,2025-10-13,20251014,2026.10.01 15:30:00,raw/2ETF01_2025-10-14.json,116bec60d571a5e4bae02aae5548b4fb533923ea85b277458b1c768df59af1fc,equity,180640,한진칼,71,6887000,71.0,6887000.0,97000.0
2ETF01,2025-10-14,2025-10-13,20251014,2026.10.01 15:30:00,raw/2ETF01_2025-10-14.json,116bec60d571a5e4bae02aae5548b4fb533923ea85b277458b1c768df59af1fc,equity,185750,종근당,12,968400,12.0,968400.0,80700.0
2ETF01,2025-10-14,2025-10-13,20251014,2026.10.01 15:30:00,raw/2ETF01_2025-10-14.json,116bec60d571a5e4bae02aae5548b4fb533923ea85b277458b1c768df59af1fc,equity,192080,더블유게임즈,16,808000,16.0,808000.0,50500.0
2ETF01,2025-10-14,2025-10-13,20251014,2026.10.01 15:30:00,raw/2ETF01_2025-10-14.json,116bec60d571a5e4bae02aae5548b4fb533923ea85b277458b1c768df59af1fc,equity,192820,코스맥스,12,2448000,12.0,2448000.0,204000.0
2ETF01,2025-10-14,2025-10-13,20251014,2026.10.01 15:30:00,raw/2ETF01_2025-10-14.json,116bec60d571a5e4bae02aae5548b4fb533923ea85b277458b1c768df59af1fc,equity,204320,HL만도,49,1609650,49.0,1609650.0,32850.0
2ETF01,2025-10-14,2025-10-13,20251014,2026.10.01 15:30:00,raw/2ETF01_2025-10-14.json,116bec60d571a5e4bae02aae5548b4fb533923ea85b277458b1c768df59af1fc,equity,207940,삼성바이오로직스,24,24480000,24.0,24480000.0,1020000.0
2ETF01,2025-10-14,2025-10-13,20251014,2026.10.01 15:30:00,raw/2ETF01_2025-10-14.json,116bec60d571a5e4bae02aae5548b4fb533923ea85b277458b1c768df59af1fc,equity,241560,두산밥캣,78,4391400,78.0,4391400.0,56300.0
2ETF01,2025-10-14,2025-10-13,20251014,2026.10.01 15:30:00,raw/2ETF01_2025-10-14.json,116bec60d571a5e4bae02aae5548b4fb533923ea85b277458b1c768df59af1fc,equity,251270,넷마블,48,2736000,48.0,2736000.0,57000.0
2ETF01,2025-10-14,2025-10-13,20251014,2026.10.01 15:30:00,raw/2ETF01_2025-10-14.json,116bec60d571a5e4bae02aae5548b4fb533923ea85b277458b1c768df59af1fc,equity,259960,크래프톤,44,13354000,44.0,13354000.0,303500.0
2ETF01,2025-10-14,2025-10-13,20251014,2026.10.01 15:30:00,raw/2ETF01_2025-10-14.json,116bec60d571a5e4bae02aae5548b4fb533923ea85b277458b1c768df59af1fc,equity,267250,HD현대,68,10648800,68.0,10648800.0,156600.0
2ETF01,2025-10-14,2025-10-13,20251014,2026.10.01 15:30:00,raw/2ETF01_2025-10-14.json,116bec60d571a5e4bae02aae5548b4fb533923ea85b277458b1c768df59af1fc,equity,267260,HD현대일렉트릭,34,22644000,34.0,22644000.0,666000.0
2ETF01,2025-10-14,2025-10-13,20251014,2026.10.01 15:30:00,raw/2ETF01_2025-10-14.json,116bec60d571a5e4bae02aae5548b4fb533923ea85b277458b1c768df59af1fc,equity,268280,미원에스씨,1,138700,1.0,138700.0,138700.0
2ETF01,2025-10-14,2025-10-13,20251014,2026.10.01 15:30:00,raw/2ETF01_2025-10-14.json,116bec60d571a5e4bae02aae5548b4fb533923ea85b277458b1c768df59af1fc,equity,271560,오리온,33,3369300,33.0,3369300.0,102100.0
2ETF01,2025-10-14,2025-10-13,20251014,2026.10.01 15:30:00,raw/2ETF01_2025-10-14.json,116bec60d571a5e4bae02aae5548b4fb533923ea85b277458b1c768df59af1fc,equity,272210,한화시스템,106,5872400,106.0,5872400.0,55400.0
2ETF01,2025-10-14,2025-10-13,20251014,2026.10.01 15:30:00,raw/2ETF01_2025-10-14.json,116bec60d571a5e4bae02aae5548b4fb533923ea85b277458b1c768df59af1fc,equity,278470,에이피알,37,9583000,37.0,9583000.0,259000.0
2ETF01,2025-10-14,2025-10-13,20251014,2026.10.01 15:30:00,raw/2ETF01_2025-10-14.json,116bec60d571a5e4bae02aae5548b4fb533923ea85b277458b1c768df59af1fc,equity,280360,롯데웰푸드,3,332100,3.0,332100.0,110700.0
2ETF01,2025-10-14,2025-10-13,20251014,2026.10.01 15:30:00,raw/2ETF01_2025-10-14.json,116bec60d571a5e4bae02aae5548b4fb533923ea85b277458b1c768df59af1fc,equity,282330,BGF리테일,12,1268400,12.0,1268400.0,105700.0
2ETF01,2025-10-14,2025-10-13,20251014,2026.10.01 15:30:00,raw/2ETF01_2025-10-14.json,116bec60d571a5e4bae02aae5548b4fb533923ea85b277458b1c768df59af1fc,equity,285130,SK케미칼,15,874500,15.0,874500.0,58300.0
2ETF01,2025-10-14,2025-10-13,20251014,2026.10.01 15:30:00,raw/2ETF01_2025-10-14.json,116bec60d571a5e4bae02aae5548b4fb533923ea85b277458b1c768df59af1fc,equity,298020,효성티앤씨,4,826000,4.0,826000.0,206500.0
2ETF01,2025-10-14,2025-10-13,20251014,2026.10.01 15:30:00,raw/2ETF01_2025-10-14.json,116bec60d571a5e4bae02aae5548b4fb533923ea85b277458b1c768df59af1fc,equity,298040,효성중공업,7,10122000,7.0,10122000.0,1446000.0
2ETF01,2025-10-14,2025-10-13,20251014,2026.10.01 15:30:00,raw/2ETF01_2025-10-14.json,116bec60d571a5e4bae02aae5548b4fb533923ea85b277458b1c768df59af1fc,equity,298050,HS효성첨단소재,4,709600,4.0,709600.0,177400.0
2ETF01,2025-10-14,2025-10-13,20251014,2026.10.01 15:30:00,raw/2ETF01_2025-10-14.json,116bec60d571a5e4bae02aae5548b4fb533923ea85b277458b1c768df59af1fc,equity,300720,한일시멘트,24,437760,24.0,437760.0,18240.0
2ETF01,2025-10-14,2025-10-13,20251014,2026.10.01 15:30:00,raw/2ETF01_2025-10-14.json,116bec60d571a5e4bae02aae5548b4fb533923ea85b277458b1c768df59af1fc,equity,302440,SK바이오사이언스,39,1792050,39.0,1792050.0,45950.0
2ETF01,2025-10-14,2025-10-13,20251014,2026.10.01 15:30:00,raw/2ETF01_2025-10-14.json,116bec60d571a5e4bae02aae5548b4fb533923ea85b277458b1c768df59af1fc,equity,316140,우리금융지주,1024,25753600,1024.0,25753600.0,25150.0
2ETF01,2025-10-14,2025-10-13,20251014,2026.10.01 15:30:00,raw/2ETF01_2025-10-14.json,116bec60d571a5e4bae02aae5548b4fb533923ea85b277458b1c768df59af1fc,equity,323410,카카오뱅크,513,11645100,513.0,11645100.0,22700.0
2ETF01,2025-10-14,2025-10-13,20251014,2026.10.01 15:30:00,raw/2ETF01_2025-10-14.json,116bec60d571a5e4bae02aae5548b4fb533923ea85b277458b1c768df59af1fc,equity,326030,SK바이오팜,42,4300800,42.0,4300800.0,102400.0
2ETF01,2025-10-14,2025-10-13,20251014,2026.10.01 15:30:00,raw/2ETF01_2025-10-14.json,116bec60d571a5e4bae02aae5548b4fb533923ea85b277458b1c768df59af1fc,equity,329180,HD현대중공업,34,17578000,34.0,17578000.0,517000.0
2ETF01,2025-10-14,2025-10-13,20251014,2026.10.01 15:30:00,raw/2ETF01_2025-10-14.json,116bec60d571a5e4bae02aae5548b4fb533923ea85b277458b1c768df59af1fc,equity,352820,하이브,32,9088000,32.0,9088000.0,284000.0
2ETF01,2025-10-14,2025-10-13,20251014,2026.10.01 15:30:00,raw/2ETF01_2025-10-14.json,116bec60d571a5e4bae02aae5548b4fb533923ea85b277458b1c768df59af1fc,equity,361610,SK아이이테크놀로지,44,1227600,44.0,1227600.0,27900.0
2ETF01,2025-10-14,2025-10-13,20251014,2026.10.01 15:30:00,raw/2ETF01_2025-10-14.json,116bec60d571a5e4bae02aae5548b4fb533923ea85b277458b1c768df59af1fc,equity,373220,LG에너지솔루션,53,19080000,53.0,19080000.0,360000.0
2ETF01,2025-10-14,2025-10-13,20251014,2026.10.01 15:30:00,raw/2ETF01_2025-10-14.json,116bec60d571a5e4bae02aae5548b4fb533923ea85b277458b1c768df59af1fc,equity,375500,DL이앤씨,45,1856250,45.0,1856250.0,41250.0
2ETF01,2025-10-14,2025-10-13,20251014,2026.10.01 15:30:00,raw/2ETF01_2025-10-14.json,116bec60d571a5e4bae02aae5548b4fb533923ea85b277458b1c768df59af1fc,equity,377300,카카오페이,43,2231700,43.0,2231700.0,51900.0
2ETF01,2025-10-14,2025-10-13,20251014,2026.10.01 15:30:00,raw/2ETF01_2025-10-14.json,116bec60d571a5e4bae02aae5548b4fb533923ea85b277458b1c768df59af1fc,equity,383220,F&F,21,1331400,21.0,1331400.0,63400.0
2ETF01,2025-10-14,2025-10-13,20251014,2026.10.01 15:30:00,raw/2ETF01_2025-10-14.json,116bec60d571a5e4bae02aae5548b4fb533923ea85b277458b1c768df59af1fc,equity,402340,SK스퀘어,139,34124500,139.0,34124500.0,245500.0
2ETF01,2025-10-14,2025-10-13,20251014,2026.10.01 15:30:00,raw/2ETF01_2025-10-14.json,116bec60d571a5e4bae02aae5548b4fb533923ea85b277458b1c768df59af1fc,equity,443060,HD현대마린솔루션,12,2874000,12.0,2874000.0,239500.0
2ETF01,2025-10-14,2025-10-13,20251014,2026.10.01 15:30:00,raw/2ETF01_2025-10-14.json,116bec60d571a5e4bae02aae5548b4fb533923ea85b277458b1c768df59af1fc,equity,450080,에코프로머티,38,1841100,38.0,1841100.0,48450.0
2ETF01,2025-10-14,2025-10-13,20251014,2026.10.01 15:30:00,raw/2ETF01_2025-10-14.json,116bec60d571a5e4bae02aae5548b4fb533923ea85b277458b1c768df59af1fc,equity,454910,두산로보틱스,29,2021300,29.0,2021300.0,69700.0
2ETF01,2025-10-14,2025-10-13,20251014,2026.10.01 15:30:00,raw/2ETF01_2025-10-14.json,116bec60d571a5e4bae02aae5548b4fb533923ea85b277458b1c768df59af1fc,equity,456040,OCI,7,394800,7.0,394800.0,56400.0
2ETF01,2025-10-14,2025-10-13,20251014,2026.10.01 15:30:00,raw/2ETF01_2025-10-14.json,116bec60d571a5e4bae02aae5548b4fb533923ea85b277458b1c768df59af1fc,equity,457190,이수스페셜티케미컬,31,1523650,31.0,1523650.0,49150.0
2ETF01,2025-10-14,2025-10-13,20251014,2026.10.01 15:30:00,raw/2ETF01_2025-10-14.json,116bec60d571a5e4bae02aae5548b4fb533923ea85b277458b1c768df59af1fc,equity,489790,한화비전,52,2854800,52.0,2854800.0,54900.0
2ETF07,2025-10-14,2025-10-13,20251014,2026.10.01 15:30:00,raw/2ETF07_2025-10-14.json,3008017de5afb67f935e8020bfae18bcb09918fe1c9e4be88ceaee2622729849,cash,KRD010010001,원화예금,4761798,4761798,4761798.0,4761798.0,1.0
2ETF07,2025-10-14,2025-10-13,20251014,2026.10.01 15:30:00,raw/2ETF07_2025-10-14.json,3008017de5afb67f935e8020bfae18bcb09918fe1c9e4be88ceaee2622729849,equity,000660,SK하이닉스,1369,568135000,1369.0,568135000.0,415000.0
2ETF07,2025-10-14,2025-10-13,20251014,2026.10.01 15:30:00,raw/2ETF07_2025-10-14.json,3008017de5afb67f935e8020bfae18bcb09918fe1c9e4be88ceaee2622729849,equity,000990,DB하이텍,1278,75402000,1278.0,75402000.0,59000.0
2ETF07,2025-10-14,2025-10-13,20251014,2026.10.01 15:30:00,raw/2ETF07_2025-10-14.json,3008017de5afb67f935e8020bfae18bcb09918fe1c9e4be88ceaee2622729849,equity,005930,삼성전자,5560,518748000,5560.0,518748000.0,93300.0
2ETF07,2025-10-14,2025-10-13,20251014,2026.10.01 15:30:00,raw/2ETF07_2025-10-14.json,3008017de5afb67f935e8020bfae18bcb09918fe1c9e4be88ceaee2622729849,equity,031980,피에스케이홀딩스,293,15763400,293.0,15763400.0,53800.0
2ETF07,2025-10-14,2025-10-13,20251014,2026.10.01 15:30:00,raw/2ETF07_2025-10-14.json,3008017de5afb67f935e8020bfae18bcb09918fe1c9e4be88ceaee2622729849,equity,036540,SFA반도체,3043,14073875,3043.0,14073875.0,4625.0
2ETF07,2025-10-14,2025-10-13,20251014,2026.10.01 15:30:00,raw/2ETF07_2025-10-14.json,3008017de5afb67f935e8020bfae18bcb09918fe1c9e4be88ceaee2622729849,equity,036930,주성엔지니어링,1302,41989500,1302.0,41989500.0,32250.0
2ETF07,2025-10-14,2025-10-13,20251014,2026.10.01 15:30:00,raw/2ETF07_2025-10-14.json,3008017de5afb67f935e8020bfae18bcb09918fe1c9e4be88ceaee2622729849,equity,039030,이오테크닉스,344,89268000,344.0,89268000.0,259500.0
2ETF07,2025-10-14,2025-10-13,20251014,2026.10.01 15:30:00,raw/2ETF07_2025-10-14.json,3008017de5afb67f935e8020bfae18bcb09918fe1c9e4be88ceaee2622729849,equity,042700,한미반도체,1713,219264000,1713.0,219264000.0,128000.0
2ETF07,2025-10-14,2025-10-13,20251014,2026.10.01 15:30:00,raw/2ETF07_2025-10-14.json,3008017de5afb67f935e8020bfae18bcb09918fe1c9e4be88ceaee2622729849,equity,058470,리노공업,2037,114683100,2037.0,114683100.0,56300.0
2ETF07,2025-10-14,2025-10-13,20251014,2026.10.01 15:30:00,raw/2ETF07_2025-10-14.json,3008017de5afb67f935e8020bfae18bcb09918fe1c9e4be88ceaee2622729849,equity,064760,티씨케이,240,44088000,240.0,44088000.0,183700.0
2ETF07,2025-10-14,2025-10-13,20251014,2026.10.01 15:30:00,raw/2ETF07_2025-10-14.json,3008017de5afb67f935e8020bfae18bcb09918fe1c9e4be88ceaee2622729849,equity,067310,하나마이크론,1962,54445500,1962.0,54445500.0,27750.0
2ETF07,2025-10-14,2025-10-13,20251014,2026.10.01 15:30:00,raw/2ETF07_2025-10-14.json,3008017de5afb67f935e8020bfae18bcb09918fe1c9e4be88ceaee2622729849,equity,080220,제주반도체,1246,28658000,1246.0,28658000.0,23000.0
2ETF07,2025-10-14,2025-10-13,20251014,2026.10.01 15:30:00,raw/2ETF07_2025-10-14.json,3008017de5afb67f935e8020bfae18bcb09918fe1c9e4be88ceaee2622729849,equity,082270,젬백스,1296,59292000,1296.0,59292000.0,45750.0
2ETF07,2025-10-14,2025-10-13,20251014,2026.10.01 15:30:00,raw/2ETF07_2025-10-14.json,3008017de5afb67f935e8020bfae18bcb09918fe1c9e4be88ceaee2622729849,equity,084370,유진테크,565,44352500,565.0,44352500.0,78500.0
2ETF07,2025-10-14,2025-10-13,20251014,2026.10.01 15:30:00,raw/2ETF07_2025-10-14.json,3008017de5afb67f935e8020bfae18bcb09918fe1c9e4be88ceaee2622729849,equity,089030,테크윙,1290,79593000,1290.0,79593000.0,61700.0
2ETF07,2025-10-14,2025-10-13,20251014,2026.10.01 15:30:00,raw/2ETF07_2025-10-14.json,3008017de5afb67f935e8020bfae18bcb09918fe1c9e4be88ceaee2622729849,equity,095340,ISC,418,33941600,418.0,33941600.0,81200.0
2ETF07,2025-10-14,2025-10-13,20251014,2026.10.01 15:30:00,raw/2ETF07_2025-10-14.json,3008017de5afb67f935e8020bfae18bcb09918fe1c9e4be88ceaee2622729849,equity,098460,고영,2117,35226880,2117.0,35226880.0,16640.0
2ETF07,2025-10-14,2025-10-13,20251014,2026.10.01 15:30:00,raw/2ETF07_2025-10-14.json,3008017de5afb67f935e8020bfae18bcb09918fe1c9e4be88ceaee2622729849,equity,101490,에스앤에스텍,670,40066000,670.0,40066000.0,59800.0
2ETF07,2025-10-14,2025-10-13,20251014,2026.10.01 15:30:00,raw/2ETF07_2025-10-14.json,3008017de5afb67f935e8020bfae18bcb09918fe1c9e4be88ceaee2622729849,equity,108320,LX세미콘,448,26521600,448.0,26521600.0,59200.0
2ETF07,2025-10-14,2025-10-13,20251014,2026.10.01 15:30:00,raw/2ETF07_2025-10-14.json,3008017de5afb67f935e8020bfae18bcb09918fe1c9e4be88ceaee2622729849,equity,131970,두산테스나,485,23862000,485.0,23862000.0,49200.0
2ETF07,2025-10-14,2025-10-13,20251014,2026.10.01 15:30:00,raw/2ETF07_2025-10-14.json,3008017de5afb67f935e8020bfae18bcb09918fe1c9e4be88ceaee2622729849,equity,161580,필옵틱스,693,28205100,693.0,28205100.0,40700.0
2ETF07,2025-10-14,2025-10-13,20251014,2026.10.01 15:30:00,raw/2ETF07_2025-10-14.json,3008017de5afb67f935e8020bfae18bcb09918fe1c9e4be88ceaee2622729849,equity,166090,하나머티리얼즈,431,18209750,431.0,18209750.0,42250.0
2ETF07,2025-10-14,2025-10-13,20251014,2026.10.01 15:30:00,raw/2ETF07_2025-10-14.json,3008017de5afb67f935e8020bfae18bcb09918fe1c9e4be88ceaee2622729849,equity,183300,코미코,245,28591500,245.0,28591500.0,116700.0
2ETF07,2025-10-14,2025-10-13,20251014,2026.10.01 15:30:00,raw/2ETF07_2025-10-14.json,3008017de5afb67f935e8020bfae18bcb09918fe1c9e4be88ceaee2622729849,equity,213420,덕산네오룩스,531,24691500,531.0,24691500.0,46500.0
2ETF07,2025-10-14,2025-10-13,20251014,2026.10.01 15:30:00,raw/2ETF07_2025-10-14.json,3008017de5afb67f935e8020bfae18bcb09918fe1c9e4be88ceaee2622729849,equity,218410,RFHIC,676,19266000,676.0,19266000.0,28500.0
2ETF07,2025-10-14,2025-10-13,20251014,2026.10.01 15:30:00,raw/2ETF07_2025-10-14.json,3008017de5afb67f935e8020bfae18bcb09918fe1c9e4be88ceaee2622729849,equity,222800,심텍,889,45783500,889.0,45783500.0,51500.0
2ETF07,2025-10-14,2025-10-13,20251014,2026.10.01 15:30:00,raw/2ETF07_2025-10-14.json,3008017de5afb67f935e8020bfae18bcb09918fe1c9e4be88ceaee2622729849,equity,232140,와이씨,1619,24592610,1619.0,24592610.0,15190.0
2ETF07,2025-10-14,2025-10-13,20251014,2026.10.01 15:30:00,raw/2ETF07_2025-10-14.json,3008017de5afb67f935e8020bfae18bcb09918fe1c9e4be88ceaee2622729849,equity,240810,원익IPS,1352,77199200,1352.0,77199200.0,57100.0
2ETF07,2025-10-14,2025-10-13,20251014,2026.10.01 15:30:00,raw/2ETF07_2025-10-14.json,3008017de5afb67f935e8020bfae18bcb09918fe1c9e4be88ceaee2622729849,equity,281820,케이씨텍,391,15737750,391.0,15737750.0,40250.0
2ETF07,2025-10-14,2025-10-13,20251014,2026.10.01 15:30:00,raw/2ETF07_2025-10-14.json,3008017de5afb67f935e8020bfae18bcb09918fe1c9e4be88ceaee2622729849,equity,319660,피에스케이,810,28309500,810.0,28309500.0,34950.0
2ETF07,2025-10-14,2025-10-13,20251014,2026.10.01 15:30:00,raw/2ETF07_2025-10-14.json,3008017de5afb67f935e8020bfae18bcb09918fe1c9e4be88ceaee2622729849,equity,322000,HD현대에너지솔루션,212,9582400,212.0,9582400.0,45200.0
2ETF07,2025-10-14,2025-10-13,20251014,2026.10.01 15:30:00,raw/2ETF07_2025-10-14.json,3008017de5afb67f935e8020bfae18bcb09918fe1c9e4be88ceaee2622729849,equity,323280,태성,815,21190000,815.0,21190000.0,26000.0
2ETF07,2025-10-14,2025-10-13,20251014,2026.10.01 15:30:00,raw/2ETF07_2025-10-14.json,3008017de5afb67f935e8020bfae18bcb09918fe1c9e4be88ceaee2622729849,equity,348210,넥스틴,310,16492000,310.0,16492000.0,53200.0
2ETF07,2025-10-14,2025-10-13,20251014,2026.10.01 15:30:00,raw/2ETF07_2025-10-14.json,3008017de5afb67f935e8020bfae18bcb09918fe1c9e4be88ceaee2622729849,equity,399720,가온칩스,248,13962400,248.0,13962400.0,56300.0
2ETF07,2025-10-14,2025-10-13,20251014,2026.10.01 15:30:00,raw/2ETF07_2025-10-14.json,3008017de5afb67f935e8020bfae18bcb09918fe1c9e4be88ceaee2622729849,equity,403870,HPSP,1923,70862550,1923.0,70862550.0,36850.0
2ETF07,2025-10-14,2025-10-13,20251014,2026.10.01 15:30:00,raw/2ETF07_2025-10-14.json,3008017de5afb67f935e8020bfae18bcb09918fe1c9e4be88ceaee2622729849,equity,440110,파두,1464,34770000,1464.0,34770000.0,23750.0
2ETF01,2025-10-15,2025-10-14,20251015,2026.10.01 15:30:00,raw/2ETF01_2025-10-15.json,3f29e4a14d7789f19b486f06824d3d14e640a7fe14e119116cdf4f4b1d97d6c8,cash,KRD010010001,원화예금,5255875,5255875,5255875.0,5255875.0,1.0
2ETF01,2025-10-15,2025-10-14,20251015,2026.10.01 15:30:00,raw/2ETF01_2025-10-15.json,3f29e4a14d7789f19b486f06824d3d14e640a7fe14e119116cdf4f4b1d97d6c8,equity,000080,하이트진로,47,882190,47.0,882190.0,18770.0
2ETF01,2025-10-15,2025-10-14,20251015,2026.10.01 15:30:00,raw/2ETF01_2025-10-15.json,3f29e4a14d7789f19b486f06824d3d14e640a7fe14e119116cdf4f4b1d97d6c8,equity,000100,유한양행,91,10920000,91.0,10920000.0,120000.0
2ETF01,2025-10-15,2025-10-14,20251015,2026.10.01 15:30:00,raw/2ETF01_2025-10-15.json,3f29e4a14d7789f19b486f06824d3d14e640a7fe14e119116cdf4f4b1d97d6c8,equity,000120,CJ대한통운,17,1412700,17.0,1412700.0,83100.0
2ETF01,2025-10-15,2025-10-14,20251015,2026.10.01 15:30:00,raw/2ETF01_2025-10-15.json,3f29e4a14d7789f19b486f06824d3d14e640a7fe14e119116cdf4f4b1d97d6c8,equity,000150,두산,11,6391000,11.0,6391000.0,581000.0
2ETF01,2025-10-15,2025-10-14,20251015,2026.10.01 15:30:00,raw/2ETF01_2025-10-15.json,3f29e4a14d7789f19b486f06824d3d14e640a7fe14e119116cdf4f4b1d97d6c8,equity,000210,DL,16,571200,16.0,571200.0,35700.0
2ETF01,2025-10-15,2025-10-14,20251015,2026.10.01 15:30:00,raw/2ETF01_2025-10-15.json,3f29e4a14d7789f19b486f06824d3d14e640a7fe14e119116cdf4f4b1d97d6c8,equity,000240,한국앤컴퍼니,36,802800,36.0,802800.0,22300.0
2ETF01,2025-10-15,2025-10-14,20251015,2026.10.01 15:30:00,raw/2ETF01_2025-10-15.json,3f29e4a14d7789f19b486f06824d3d14e640a7fe14e119116cdf4f4b1d97d6c8,equity,000270,기아,371,38027500,371.0,38027500.0,102500.0
2ETF01,2025-10-15,2025-10-14,20251015,2026.10.01 15:30:00,raw/2ETF01_2025-10-15.json,3f29e4a14d7789f19b486f06824d3d14e640a7fe14e119116cdf4f4b1d97d6c8,equity,000660,SK하이닉스,851,350186500,851.0,350186500.0,411500.0
2ETF01,2025-10-15,2025-10-14,20251015,2026.10.01 15:30:00,raw/2ETF01_2025-10-15.json,3f29e4a14d7789f19b486f06824d3d14e640a7fe14e119116cdf4f4b1d97d6c8,equity,000670,영풍,8,388400,8.0,388400.0,48550.0
2ETF01,2025-10-15,2025-10-14,20251015,2026.10.01 15:30:00,raw/2ETF01_2025-10-15.json,3f29e4a14d7789f19b486f06824d3d14e640a7fe14e119116cdf4f4b1d97d6c8,equity,000720,현대건설,111,6393600,111.0,6393600.0,57600.0
2ETF01,2025-10-15,2025-10-14,20251015,2026.10.01 15:30:00,raw/2ETF01_2025-10-15.json,3f29e4a14d7789f19b486f06824d3d14e640a7fe14e119116cdf4f4b1d97d6c8,equity,000810,삼성화재,46,20470000,46.0,20470000.0,445000.0
2ETF01,2025-10-15,2025-10-14,20251015,2026.10.01 15:30:00,raw/2ETF01_2025-10-15.json,3f29e4a14d7789f19b486f06824d3d14e640a7fe14e119116cdf4f4b1d97d6c8,equity,000880,한화,42,3347400,42.0,3347400.0,79700.0
2ETF01,2025-10-15,2025-10-14,20251015,2026.10.01 15:30:00,raw/2ETF01_2025-10-15.json,3f29e4a14d7789f19b486f06824d3d14e640a7fe14e119116cdf4f4b1d97d6c8,equity,001040,CJ,21,3540600,21.0,3540600.0,168600.0
2ETF01,2025-10-15,2025-10-14,20251015,2026.10.01 15:30:00,raw/2ETF01_2025-10-15.json,3f29e4a14d7789f19b486f06824d3d14e640a7fe14e119116cdf4f4b1d97d6c8,equity,001430,세아베스틸지주,18,453600,18.0,453600.0,25200.0
2ETF01,2025-10-15,2025-10-14,20251015,2026.10.01 15:30:00,raw/2ETF01_2025-10-15.json,3f29e4a14d7789f19b486f06824d3d14e640a7fe14e119116cdf4f4b1d97d6c8,equity,001440,대한전선,170,2930800,170.0,2930800.0,17240.0
2ETF01,2025-10-15,2025-10-14,20251015,2026.10.01 15:30:00,raw/2ETF01_2025-10-15.json,3f29e4a14d7789f19b486f06824d3d14e640a7fe14e119116cdf4f4b1d97d6c8,equity,001450,현대해상,91,2502500,91.0,2502500.0,27500.0
2ETF01,2025-10-15,2025-10-14,20251015,2026.10.01 15:30:00,raw/2ETF01_2025-10-15.json,3f29e4a14d7789f19b486f06824d3d14e640a7fe14e119116cdf4f4b1d97d6c8,equity,001680,대상,29,607550,29.0,607550.0,20950.0
2ETF01,2025-10-15,2025-10-14,20251015,2026.10.01 15:30:00,raw/2ETF01_2025-10-15.json,3f29e4a14d7789f19b486f06824d3d14e640a7fe14e119116cdf4f4b1d97d6c8,equity,001800,오리온홀딩스,31,602950,31.0,602950.0,19450.0
2ETF01,2025-10-15,2025-10-14,20251015,2026.10.01 15:30:00,raw/2ETF01_2025-10-15.json,3f29e4a14d7789f19b486f06824d3d14e640a7fe14e119116cdf4f4b1d97d6c8,equity,002380,KCC,6,2238000,6.0,2238000.0,373000.0
2ETF01,2025-10-15,2025-10-14,20251015,2026.10.01 15:30:00,raw/2ETF01_2025-10-15.json,3f29e4a14d7789f19b486f06824d3d14e640a7fe14e119116cdf4f4b1d97d6c8,equity,002710,TCC스틸,27,455760,27.0,455760.0,16880.0
2ETF01,2025-10-15,2025-10-14,20251015,2026.10.01 15:30:00,raw/2ETF01_2025-10-15.json,3f29e4a14d7789f19b486f06824d3d14e640a7fe14e119116cdf4f4b1d97d6c8,equity,002790,아모레퍼시픽홀딩스,39,1006200,39.0,1006200.0,25800.0
2ETF01,2025-10-15,2025-10-14,20251015,2026.10.01 15:30:00,raw/2ETF01_2025-10-15.json,3f29e4a14d7789f19b486f06824d3d14e640a7fe14e119116cdf4f4b1d97d6c8,equity,002840,미원상사,2,304400,2.0,304400.0,152200.0
2ETF01,2025-10-15,2025-10-14,20251015,2026.10.01 15:30:00,raw/2ETF01_2025-10-15.json,3f29e4a14d7789f19b486f06824d3d14e640a7fe14e119116cdf4f4b1d97d6c8,equity,003030,세아제강지주,2,285800,2.0,285800.0,142900.0
2ETF01,2025-10-15,2025-10-14,20251015,2026.10.01 15:30:00,raw/2ETF01_2025-10-15.json,3f29e4a14d7789f19b486f06824d3d14e640a7fe14e119116cdf4f4b1d97d6c8,equity,003090,대웅,29,606100,29.0,606100.0,20900.0
2ETF01,2025-10-15,2025-10-14,20251015,2026.10.01 15:30:00,raw/2ETF01_2025-10-15.json,3f29e4a14d7789f19b486f06824d3d14e640a7fe14e119116cdf4f4b1d97d6c8,equity,003230,삼양식품,6,8382000,6.0,8382000.0,1397000.0
2ETF01,2025-10-15,2025-10-14,20251015,2026.10.01 15:30:00,raw/2ETF01_2025-10-15.json,3f29e4a14d7789f19b486f06824d3d14e640a7fe14e119116cdf4f4b1d97d6c8,equity,003240,태광산업,1,826000,1.0,826000.0,826000.0
2ETF01,2025-10-15,2025-10-14,20251015,2026.10.01 15:30:00,raw/2ETF01_2025-10-15.json,3f29e4a14d7789f19b486f06824d3d14e640a7fe14e119116cdf4f4b1d97d6c8,equity,003490,대한항공,385,8470000,385.0,8470000.0,22000.0
2ETF01,2025-10-15,2025-10-14,20251015,2026.10.01 15:30:00,raw/2ETF01_2025-10-15.json,3f29e4a14d7789f19b486f06824d3d14e640a7fe14e119116cdf4f4b1d97d6c8,equity,003550,LG,141,10180200,141.0,10180200.0,72200.0
2ETF01,2025-10-15,2025-10-14,20251015,2026.10.01 15:30:00,raw/2ETF01_2025-10-15.json,3f29e4a14d7789f19b486f06824d3d14e640a7fe14e119116cdf4f4b1d97d6c8,equity,003620,KG모빌리티,135,436725,135.0,436725.0,3235.0
2ETF01,2025-10-15,2025-10-14,20251015,2026.10.01 15:30:00,raw/2ETF01_2025-10-15.json,3f29e4a14d7789f19b486f06824d3d14e640a7fe14e119116cdf4f4b1d97d6c8,equity,003670,포스코퓨처엠,47,7834900,47.0,7834900.0,166700.0
2ETF01,2025-10-15,2025-10-14,20251015,2026.10.01 15:30:00,raw/2ETF01_2025-10-15.json,3f29e4a14d7789f19b486f06824d3d14e640a7fe14e119116cdf4f4b1d97d6c8,equity,004000,롯데정밀화학,22,997700,22.0,997700.0,45350.0
2ETF01,2025-10-15,2025-10-14,20251015,2026.10.01 15:30:00,raw/2ETF01_2025-10-15.json,3f29e4a14d7789f19b486f06824d3d14e640a7fe14e119116cdf4f4b1d97d6c8,equity,004020,현대제철,127,4127500,127.0,4127500.0,32500.0
2ETF01,2025-10-15,2025-10-14,20251015,2026.10.01 15:30:00,raw/2ETF01_2025-10-15.json,3f29e4a14d7789f19b486f06824d3d14e640a7fe14e119116cdf4f4b1d97d6c8,equity,004170,신세계,10,1760000,10.0,1760000.0,176000.0
2ETF01,2025-10-15,2025-10-14,20251015,2026.10.01 15:30:00,raw/2ETF01_2025-10-15.json,3f29e4a14d7789f19b486f06824d3d14e640a7fe14e119116cdf4f4b1d97d6c8,equity,004370,농심,5,2145000,5.0,2145000.0,429000.0
2ETF01,2025-10-15,2025-10-14,20251015,2026.10.01 15:30:00,raw/2ETF01_2025-10-15.json,3f29e4a14d7789f19b486f06824d3d14e640a7fe14e119116cdf4f4b1d97d6c8,equity,004490,세방전지,12,751200,12.0,751200.0,62600.0
2ETF01,2025-10-15,2025-10-14,20251015,2026.10.01 15:30:00,raw/2ETF01_2025-10-15.json,3f29e4a14d7789f19b486f06824d3d14e640a7fe14e119116cdf4f4b1d97d6c8,equity,004990,롯데지주,45,1257750,45.0,1257750.0,27950.0
2ETF01,2025-10-15,2025-10-14,20251015,2026.10.01 15:30:00,raw/2ETF01_2025-10-15.json,3f29e4a14d7789f19b486f06824d3d14e640a7fe14e119116cdf4f4b1d97d6c8,equity,005250,녹십자홀딩스,33,501930,33.0,501930.0,15210.0
2ETF01,2025-10-15,2025-10-14,20251015,2026.10.01 15:30:00,raw/2ETF01_2025-10-15.json,3f29e4a14d7789f19b486f06824d3d14e640a7fe14e119116cdf4f4b1d97d6c8,equity,005300,롯데칠성,5,560000,5.0,560000.0,112000.0
2ETF01,2025-10-15,2025-10-14,20251015,2026.10.01 15:30:00,raw/2ETF01_2025-10-15.json,3f29e4a14d7789f19b486f06824d3d14e640a7fe14e119116cdf4f4b1d97d6c8,equity,005380,현대차,205,45715000,205.0,45715000.0,223000.0
2ETF01,2025-10-15,2025-10-14,20251015,2026.10.01 15:30:00,raw/2ETF01_2025-10-15.json,3f29e4a14d7789f19b486f06824d3d14e640a7fe14e119116cdf4f4b1d97d6c8,equity,005420,코스모화학,38,606480,38.0,606480.0,15960.0
2ETF01,2025-10-15,2025-10-14,20251015,2026.10.01 15:30:00,raw/2ETF01_2025-10-15.json,3f29e4a14d7789f19b486f06824d3d14e640a7fe14e119116cdf4f4b1d97d6c8,equity,005490,POSCO홀딩스,104,28912000,104.0,28912000.0,278000.0
2ETF01,2025-10-15,2025-10-14,20251015,2026.10.01 15:30:00,raw/2ETF01_2025-10-15.json,3f29e4a14d7789f19b486f06824d3d14e640a7fe14e119116cdf4f4b1d97d6c8,equity,005830,DB손해보험,67,8890900,67.0,8890900.0,132700.0
2ETF01,2025-10-15,2025-10-14,20251015,2026.10.01 15:30:00,raw/2ETF01_2025-10-15.json,3f29e4a14d7789f19b486f06824d3d14e640a7fe14e119116cdf4f4b1d97d6c8,equity,005850,에스엘,24,810000,24.0,810000.0,33750.0
2ETF01,2025-10-15,2025-10-14,20251015,2026.10.01 15:30:00,raw/2ETF01_2025-10-15.json,3f29e4a14d7789f19b486f06824d3d14e640a7fe14e119116cdf4f4b1d97d6c8,equity,005930,삼성전자,7098,650176800,7098.0,650176800.0,91600.0
2ETF01,2025-10-15,2025-10-14,20251015,2026.10.01 15:30:00,raw/2ETF01_2025-10-15.json,3f29e4a14d7789f19b486f06824d3d14e640a7fe14e119116cdf4f4b1d97d6c8,equity,005940,NH투자증권,221,4218890,221.0,4218890.0,19090.0
2ETF01,2025-10-15,2025-10-14,20251015,2026.10.01 15:30:00,raw/2ETF01_2025-10-15.json,3f29e4a14d7789f19b486f06824d3d14e640a7fe14e119116cdf4f4b1d97d6c8,equity,006040,동원산업,6,253800,6.0,253800.0,42300.0
2ETF01,2025-10-15,2025-10-14,20251015,2026.10.01 15:30:00,raw/2ETF01_2025-10-15.json,3f29e4a14d7789f19b486f06824d3d14e640a7fe14e119116cdf4f4b1d97d6c8,equity,006260,LS,26,4573400,26.0,4573400.0,175900.0
2ETF01,2025-10-15,2025-10-14,20251015,2026.10.01 15:30:00,raw/2ETF01_2025-10-15.json,3f29e4a14d7789f19b486f06824d3d14e640a7fe14e119116cdf4f4b1d97d6c8,equity,006280,녹십자,8,1029600,8.0,1029600.0,128700.0
2ETF01,2025-10-15,2025-10-14,20251015,2026.10.01 15:30:00,raw/2ETF01_2025-10-15.json,3f29e4a14d7789f19b486f06824d3d14e640a7fe14e119116cdf4f4b1d97d6c8,equity,006360,GS건설,97,1804200,97.0,1804200.0,18600.0
2ETF01,2025-10-15,2025-10-14,20251015,2026.10.01 15:30:00,raw/2ETF01_2025-10-15.json,3f29e4a14d7789f19b486f06824d3d14e640a7fe14e119116cdf4f4b1d97d6c8,equity,006400,삼성SDI,92,20240000,92.0,20240000.0,220000.0
2ETF01,2025-10-15,2025-10-14,20251015,2026.10.01 15:30:00,raw/2ETF01_2025-10-15.json,3f29e4a14d7789f19b486f06824d3d14e640a7fe14e119116cdf4f4b1d97d6c8,equity,006650,대한유화,5,550500,5.0,550500.0,110100.0
2ETF01,2025-10-15,2025-10-14,20251015,2026.10.01 15:30:00,raw/2ETF01_2025-10-15.json,3f29e4a14d7789f19b486f06824d3d14e640a7fe14e119116cdf4f4b1d97d6c8,equity,006800,미래에셋증권,415,8528250,415.0,8528250.0,20550.0
2ETF01,2025-10-15,2025-10-14,20251015,2026.10.01 15:30:00,raw/2ETF01_2025-10-15.json,3f29e4a14d7789f19b486f06824d3d14e640a7fe14e119116cdf4f4b1d97d6c8,equity,007070,GS리테일,51,827220,51.0,827220.0,16220.0
2ETF01,2025-10-15,2025-10-14,20251015,2026.10.01 15:30:00,raw/2ETF01_2025-10-15.json,3f29e4a14d7789f19b486f06824d3d14e640a7fe14e119116cdf4f4b1d97d6c8,equity,007310,오뚜기,2,782000,2.0,782000.0,391000.0
2ETF01,2025-10-15,2025-10-14,20251015,2026.10.01 15:30:00,raw/2ETF01_2025-10-15.json,3f29e4a14d7789f19b486f06824d3d14e640a7fe14e119116cdf4f4b1d97d6c8,equity,007340,DN오토모티브,31,725400,31.0,725400.0,23400.0
2ETF01,2025-10-15,2025-10-14,20251015,2026.10.01 15:30:00,raw/2ETF01_2025-10-15.json,3f29e4a14d7789f19b486f06824d3d14e640a7fe14e119116cdf4f4b1d97d6c8,equity,008730,율촌화학,16,485600,16.0,485600.0,30350.0
2ETF01,2025-10-15,2025-10-14,20251015,2026.10.01 15:30:00,raw/2ETF01_2025-10-15.json,3f29e4a14d7789f19b486f06824d3d14e640a7fe14e119116cdf4f4b1d97d6c8,equity,008770,호텔신라,46,2247100,46.0,2247100.0,48850.0
2ETF01,2025-10-15,2025-10-14,20251015,2026.10.01 15:30:00,raw/2ETF01_2025-10-15.json,3f29e4a14d7789f19b486f06824d3d14e640a7fe14e119116cdf4f4b1d97d6c8,equity,008930,한미사이언스,42,1524600,42.0,1524600.0,36300.0
2ETF01,2025-10-15,2025-10-14,20251015,2026.10.01 15:30:00,raw/2ETF01_2025-10-15.json,3f29e4a14d7789f19b486f06824d3d14e640a7fe14e119116cdf4f4b1d97d6c8,equity,009150,삼성전기,84,16648800,84.0,16648800.0,198200.0
2ETF01,2025-10-15,2025-10-14,20251015,2026.10.01 15:30:00,raw/2ETF01_2025-10-15.json,3f29e4a14d7789f19b486f06824d3d14e640a7fe14e119116cdf4f4b1d97d6c8,equity,009240,한샘,12,535200,12.0,535200.0,44600.0
2ETF01,2025-10-15,2025-10-14,20251015,2026.10.01 15:30:00,raw/2ETF01_2025-10-15.json,3f29e4a14d7789f19b486f06824d3d14e640a7fe14e119116cdf4f4b1d97d6c8,equity,009420,한올바이오파마,54,1876500,54.0,1876500.0,34750.0
2ETF01,2025-10-15,2025-10-14,20251015,2026.10.01 15:30:00,raw/2ETF01_2025-10-15.json,3f29e4a14d7789f19b486f06824d3d14e640a7fe14e119116cdf4f4b1d97d6c8,equity,009540,HD한국조선해양,71,28968000,71.0,28968000.0,408000.0
2ETF01,2025-10-15,2025-10-14,20251015,2026.10.01 15:30:00,raw/2ETF01_2025-10-15.json,3f29e4a14d7789f19b486f06824d3d14e640a7fe14e119116cdf4f4b1d97d6c8,equity,009830,한화솔루션,164,4559200,164.0,4559200.0,27800.0
2ETF01,2025-10-15,2025-10-14,20251015,2026.10.01 15:30:00,raw/2ETF01_2025-10-15.json,3f29e4a14d7789f19b486f06824d3d14e640a7fe14e119116cdf4f4b1d97d6c8,equity,009970,영원무역홀딩스,8,1065600,8.0,1065600.0,133200.0
2ETF01,2025-10-15,2025-10-14,20251015,2026.10.01 15:30:00,raw/2ETF01_2025-10-15.json,3f29e4a14d7789f19b486f06824d3d14e640a7fe14e119116cdf4f4b1d97d6c8,equity,010060,OCI홀딩스,20,1772000,20.0,1772000.0,88600.0
2ETF01,2025-10-15,2025-10-14,20251015,2026.10.01 15:30:00,raw/2ETF01_2025-10-15.json,3f29e4a14d7789f19b486f06824d3d14e640a7fe14e119116cdf4f4b1d97d6c8,equity,010120,LS ELECTRIC,24,7068000,24.0,7068000.0,294500.0
2ETF01,2025-10-15,2025-10-14,20251015,2026.10.01 15:30:00,raw/2ETF01_2025-10-15.json,3f29e4a14d7789f19b486f06824d3d14e640a7fe14e119116cdf4f4b1d97d6c8,equity,010130,고려아연,9,12474000,9.0,12474000.0,1386000.0
2ETF01,2025-10-15,2025-10-14,20251015,2026.10.01 15:30:00,raw/2ETF01_2025-10-15.json,3f29e4a14d7789f19b486f06824d3d14e640a7fe14e119116cdf4f4b1d97d6c8,equity,010140,삼성중공업,1000,21200000,1000.0,21200000.0,21200.0
2ETF01,2025-10-15,2025-10-14,20251015,2026.10.01 15:30:00,raw/2ETF01_2025-10-15.json,3f29e4a14d7789f19b486f06824d3d14e640a7fe14e119116cdf4f4b1d97d6c8,equity,010620,HD현대미포,34,6664000,34.0,6664000.0,196000.0
2ETF01,2025-10-15,2025-10-14,20251015,2026.10.01 15:30:00,raw/2ETF01_2025-10-15.json,3f29e4a14d7789f19b486f06824d3d14e640a7fe14e119116cdf4f4b1d97d6c8,equity,010950,S-Oil,63,4176900,63.0,4176900.0,66300.0
2ETF01,2025-10-15,2025-10-14,20251015,2026.10.01 15:30:00,raw/2ETF01_2025-10-15.json,3f29e4a14d7789f19b486f06824d3d14e640a7fe14e119116cdf4f4b1d97d6c8,equity,011070,LG이노텍,22,4039200,22.0,4039200.0,183600.0
2ETF01,2025-10-15,2025-10-14,20251015,2026.10.01 15:30:00,raw/2ETF01_2025-10-15.json,3f29e4a14d7789f19b486f06824d3d14e640a7fe14e119116cdf4f4b1d97d6c8,equity,011170,롯데케미칼,27,1822500,27.0,1822500.0,67500.0
2ETF01,2025-10-15,2025-10-14,20251015,2026.10.01 15:30:00,raw/2ETF01_2025-10-15.json,3f29e4a14d7789f19b486f06824d3d14e640a7fe14e119116cdf4f4b1d97d6c8,equity,011200,HMM,513,10465200,513.0,10465200.0,20400.0
2ETF01,2025-10-15,2025-10-14,20251015,2026.10.01 15:30:00,raw/2ETF01_2025-10-15.json,3f29e4a14d7789f19b486f06824d3d14e640a7fe14e119116cdf4f4b1d97d6c8,equity,011210,현대위아,23,1123550,23.0,1123550.0,48850.0
2ETF01,2025-10-15,2025-10-14,20251015,2026.10.01 15:30:00,raw/2ETF01_2025-10-15.json,3f29e4a14d7789f19b486f06824d3d14e640a7fe14e119116cdf4f4b1d97d6c8,equity,011780,금호석유화학,23,2507000,23.0,2507000.0,109000.0
2ETF01,2025-10-15,2025-10-14,20251015,2026.10.01 15:30:00,raw/2ETF01_2025-10-15.json,3f29e4a14d7789f19b486f06824d3d14e640a7fe14e119116cdf4f4b1d97d6c8,equity,011790,SKC,30,3099000,30.0,3099000.0,103300.0
2ETF01,2025-10-15,2025-10-14,20251015,2026.10.01 15:30:00,raw/2ETF01_2025-10-15.json,3f29e4a14d7789f19b486f06824d3d14e640a7fe14e119116cdf4f4b1d97d6c8,equity,012330,현대모비스,95,28452500,95.0,28452500.0,299500.0
2ETF01,2025-10-15,2025-10-14,20251015,2026.10.01 15:30:00,raw/2ETF01_2025-10-15.json,3f29e4a14d7789f19b486f06824d3d14e640a7fe14e119116cdf4f4b1d97d6c8,equity,012450,한화에어로스페이스,53,49449000,53.0,49449000.0,933000.0
2ETF01,2025-10-15,2025-10-14,20251015,2026.10.01 15:30:00,raw/2ETF01_2025-10-15.json,3f29e4a14d7789f19b486f06824d3d14e640a7fe14e119116cdf4f4b1d97d6c8,equity,012630,HDC,39,708630,39.0,708630.0,18170.0
2ETF01,2025-10-15,2025-10-14,20251015,2026.10.01 15:30:00,raw/2ETF01_2025-10-15.json,3f29e4a14d7789f19b486f06824d3d14e640a7fe14e119116cdf4f4b1d97d6c8,equity,012750,에스원,37,2826800,37.0,2826800.0,76400.0
2ETF01,2025-10-15,2025-10-14,20251015,2026.10.01 15:30:00,raw/2ETF01_2025-10-15.json,3f29e4a14d7789f19b486f06824d3d14e640a7fe14e119116cdf4f4b1d97d6c8,equity,014680,한솔케미칼,13,2782000,13.0,2782000.0,214000.0
2ETF01,2025-10-15,2025-10-14,20251015,2026.10.01 15:30:00,raw/2ETF01_2025-10-15.json,3f29e4a14d7789f19b486f06824d3d14e640a7fe14e119116cdf4f4b1d97d6c8,equity,014820,동원시스템즈,8,222000,8.0,222000.0,27750.0
2ETF01,2025-10-15,2025-10-14,20251015,2026.10.01 15:30:00,raw/2ETF01_2025-10-15.json,3f29e4a14d7789f19b486f06824d3d14e640a7fe14e119116cdf4f4b1d97d6c8,equity,015760,한국전력,477,17982900,477.0,17982900.0,37700.0
2ETF01,2025-10-15,2025-10-14,20251015,2026.10.01 15:30:00,raw/2ETF01_2025-10-15.json,3f29e4a14d7789f19b486f06824d3d14e640a7fe14e119116cdf4f4b1d97d6c8,equity,016360,삼성증권,92,6651600,92.0,6651600.0,72300.0
2ETF01,2025-10-15,2025-10-14,20251015,2026.10.01 15:30:00,raw/2ETF01_2025-10-15.json,3f29e4a14d7789f19b486f06824d3d14e640a7fe14e119116cdf4f4b1d97d6c8,equity,017670,SK텔레콤,225,12060000,225.0,12060000.0,53600.0
2ETF01,2025-10-15,2025-10-14,20251015,2026.10.01 15:30:00,raw/2ETF01_2025-10-15.json,3f29e4a14d7789f19b486f06824d3d14e640a7fe14e119116cdf4f4b1d97d6c8,equity,017800,현대엘리베이터,39,3162900,39.0,3162900.0,81100.0
2ETF01,2025-10-15,2025-10-14,20251015,2026.10.01 15:30:00,raw/2ETF01_2025-10-15.json,3f29e4a14d7789f19b486f06824d3d14e640a7fe14e119116cdf4f4b1d97d6c8,equity,017960,한국카본,49,1661100,49.0,1661100.0,33900.0
2ETF01,2025-10-15,2025-10-14,20251015,2026.10.01 15:30:00,raw/2ETF01_2025-10-15.json,3f29e4a14d7789f19b486f06824d3d14e640a7fe14e119116cdf4f4b1d97d6c8,equity,018260,삼성에스디에스,57,9433500,57.0,9433500.0,165500.0
2ETF01,2025-10-15,2025-10-14,20251015,2026.10.01 15:30:00,raw/2ETF01_2025-10-15.json,3f29e4a14d7789f19b486f06824d3d14e640a7fe14e119116cdf4f4b1d97d6c8,equity,018880,한온시스템,247,760760,247.0,760760.0,3080.0
2ETF01,2025-10-15,2025-10-14,20251015,2026.10.01 15:30:00,raw/2ETF01_2025-10-15.json,3f29e4a14d7789f19b486f06824d3d14e640a7fe14e119116cdf4f4b1d97d6c8,equity,021240,코웨이,83,7760500,83.0,7760500.0,93500.0
2ETF01,2025-10-15,2025-10-14,20251015,2026.10.01 15:30:00,raw/2ETF01_2025-10-15.json,3f29e4a14d7789f19b486f06824d3d14e640a7fe14e119116cdf4f4b1d97d6c8,equity,022100,포스코DX,76,1641600,76.0,1641600.0,21600.0
2ETF01,2025-10-15,2025-10-14,20251015,2026.10.01 15:30:00,raw/2ETF01_2025-10-15.json,3f29e4a14d7789f19b486f06824d3d14e640a7fe14e119116cdf4f4b1d97d6c8,equity,023530,롯데쇼핑,15,1003500,15.0,1003500.0,66900.0
2ETF01,2025-10-15,2025-10-14,20251015,2026.10.01 15:30:00,raw/2ETF01_2025-10-15.json,3f29e4a14d7789f19b486f06824d3d14e640a7fe14e119116cdf4f4b1d97d6c8,equity,024110,기업은행,411,7722690,411.0,7722690.0,18790.0
2ETF01,2025-10-15,2025-10-14,20251015,2026.10.01 15:30:00,raw/2ETF01_2025-10-15.json,3f29e4a14d7789f19b486f06824d3d14e640a7fe14e119116cdf4f4b1d97d6c8,equity,026960,동서,47,1219650,47.0,1219650.0,25950.0
2ETF01,2025-10-15,2025-10-14,20251015,2026.10.01 15:30:00,raw/2ETF01_2025-10-15.json,3f29e4a14d7789f19b486f06824d3d14e640a7fe14e119116cdf4f4b1d97d6c8,equity,028050,삼성E&A,238,6687800,238.0,6687800.0,28100.0
2ETF01,2025-10-15,2025-10-14,20251015,2026.10.01 15:30:00,raw/2ETF01_2025-10-15.json,3f29e4a14d7789f19b486f06824d3d14e640a7fe14e119116cdf4f4b1d97d6c8,equity,028260,삼성물산,152,29609600,152.0,29609600.0,194800.0
2ETF01,2025-10-15,2025-10-14,20251015,2026.10.01 15:30:00,raw/2ETF01_2025-10-15.json,3f29e4a14d7789f19b486f06824d3d14e640a7fe14e119116cdf4f4b1d97d6c8,equity,028670,팬오션,340,1268200,340.0,1268200.0,3730.0
2ETF01,2025-10-15,2025-10-14,20251015,2026.10.01 15:30:00,raw/2ETF01_2025-10-15.json,3f29e4a14d7789f19b486f06824d3d14e640a7fe14e119116cdf4f4b1d97d6c8,equity,029780,삼성카드,40,1962000,40.0,1962000.0,49050.0
2ETF01,2025-10-15,2025-10-14,20251015,2026.10.01 15:30:00,raw/2ETF01_2025-10-15.json,3f29e4a14d7789f19b486f06824d3d14e640a7fe14e119116cdf4f4b1d97d6c8,equity,030000,제일기획,105,2152500,105.0,2152500.0,20500.0
2ETF01,2025-10-15,2025-10-14,20251015,2026.10.01 15:30:00,raw/2ETF01_2025-10-15.json,3f29e4a14d7789f19b486f06824d3d14e640a7fe14e119116cdf4f4b1d97d6c8,equity,030200,KT,332,16135200,332.0,16135200.0,48600.0
2ETF01,2025-10-15,2025-10-14,20251015,2026.10.01 15:30:00,raw/2ETF01_2025-10-15.json,3f29e4a14d7789f19b486f06824d3d14e640a7fe14e119116cdf4f4b1d97d6c8,equity,032640,LG유플러스,417,6150750,417.0,6150750.0,14750.0
2ETF01,2025-10-15,2025-10-14,20251015,2026.10.01 15:30:00,raw/2ETF01_2025-10-15.json,3f29e4a14d7789f19b486f06824d3d14e640a7fe14e119116cdf4f4b1d97d6c8,equity,032830,삼성생명,127,21209000,127.0,21209000.0,167000.0
2ETF01,2025-10-15,2025-10-14,20251015,2026.10.01 15:30:00,raw/2ETF01_2025-10-15.json,3f29e4a14d7789f19b486f06824d3d14e640a7fe14e119116cdf4f4b1d97d6c8,equity,033780,KT&G,141,19613100,141.0,19613100.0,139100.0
2ETF01,2025-10-15,2025-10-14,20251015,2026.10.01 15:30:00,raw/2ETF01_2025-10-15.json,3f29e4a14d7789f19b486f06824d3d14e640a7fe14e119116cdf4f4b1d97d6c8,equity,034020,두산에너빌리티,650,49270000,650.0,49270000.0,75800.0
2ETF01,2025-10-15,2025-10-14,20251015,2026.10.01 15:30:00,raw/2ETF01_2025-10-15.json,3f29e4a14d7789f19b486f06824d3d14e640a7fe14e119116cdf4f4b1d97d6c8,equity,034220,LG디스플레이,439,6159170,439.0,6159170.0,14030.0
2ETF01,2025-10-15,2025-10-14,20251015,2026.10.01 15:30:00,raw/2ETF01_2025-10-15.json,3f29e4a14d7789f19b486f06824d3d14e640a7fe14e119116cdf4f4b1d97d6c8,equity,034730,SK,54,11988000,54.0,11988000.0,222000.0
2ETF01,2025-10-15,2025-10-14,20251015,2026.10.01 15:30:00,raw/2ETF01_2025-10-15.json,3f29e4a14d7789f19b486f06824d3d14e640a7fe14e119116cdf4f4b1d97d6c8,equity,035250,강원랜드,172,3003120,172.0,3003120.0,17460.0
2ETF01,2025-10-15,2025-10-14,20251015,2026.10.01 15:30:00,raw/2ETF01_2025-10-15.json,3f29e4a14d7789f19b486f06824d3d14e640a7fe14e119116cdf4f4b1d97d6c8,equity,035420,NAVER,197,50826000,197.0,50826000.0,258000.0
2ETF01,2025-10-15,2025-10-14,20251015,2026.10.01 15:30:00,raw/2ETF01_2025-10-15.json,3f29e4a14d7789f19b486f06824d3d14e640a7fe14e119116cdf4f4b1d97d6c8,equity,035720,카카오,509,30336400,509.0,30336400.0,59600.0
2ETF01,2025-10-15,2025-10-14,20251015,2026.10.01 15:30:00,raw/2ETF01_2025-10-15.json,3f29e4a14d7789f19b486f06824d3d14e640a7fe14e119116cdf4f4b1d97d6c8,equity,036460,한국가스공사,49,1906100,49.0,1906100.0,38900.0
2ETF01,2025-10-15,2025-10-14,20251015,2026.10.01 15:30:00,raw/2ETF01_2025-10-15.json,3f29e4a14d7789f19b486f06824d3d14e640a7fe14e119116cdf4f4b1d97d6c8,equity,036570,엔씨소프트,26,5395000,26.0,5395000.0,207500.0
2ETF01,2025-10-15,2025-10-14,20251015,2026.10.01 15:30:00,raw/2ETF01_2025-10-15.json,3f29e4a14d7789f19b486f06824d3d14e640a7fe14e119116cdf4f4b1d97d6c8,equity,039130,하나투어,16,755200,16.0,755200.0,47200.0
2ETF01,2025-10-15,2025-10-14,20251015,2026.10.01 15:30:00,raw/2ETF01_2025-10-15.json,3f29e4a14d7789f19b486f06824d3d14e640a7fe14e119116cdf4f4b1d97d6c8,equity,039490,키움증권,21,5124000,21.0,5124000.0,244000.0
2ETF01,2025-10-15,2025-10-14,20251015,2026.10.01 15:30:00,raw/2ETF01_2025-10-15.json,3f29e4a14d7789f19b486f06824d3d14e640a7fe14e119116cdf4f4b1d97d6c8,equity,042660,한화오션,172,17733200,172.0,17733200.0,103100.0
2ETF01,2025-10-15,2025-10-14,20251015,2026.10.01 15:30:00,raw/2ETF01_2025-10-15.json,3f29e4a14d7789f19b486f06824d3d14e640a7fe14e119116cdf4f4b1d97d6c8,equity,042670,HD현대인프라코어,196,2832200,196.0,2832200.0,14450.0
2ETF01,2025-10-15,2025-10-14,20251015,2026.10.01 15:30:00,raw/2ETF01_2025-10-15.json,3f29e4a14d7789f19b486f06824d3d14e640a7fe14e119116cdf4f4b1d97d6c8,equity,042700,한미반도체,64,8236800,64.0,8236800.0,128700.0
2ETF01,2025-10-15,2025-10-14,20251015,2026.10.01 15:30:00,raw/2ETF01_2025-10-15.json,3f29e4a14d7789f19b486f06824d3d14e640a7fe14e119116cdf4f4b1d97d6c8,equity,047040,대우건설,302,1087200,302.0,1087200.0,3600.0
2ETF01,2025-10-15,2025-10-14,20251015,2026.10.01 15:30:00,raw/2ETF01_2025-10-15.json,3f29e4a14d7789f19b486f06824d3d14e640a7fe14e119116cdf4f4b1d97d6c8,equity,047050,포스코인터내셔널,69,3415500,69.0,3415500.0,49500.0
2ETF01,2025-10-15,2025-10-14,20251015,2026.10.01 15:30:00,raw/2ETF01_2025-10-15.json,3f29e4a14d7789f19b486f06824d3d14e640a7fe14e119116cdf4f4b1d97d6c8,equity,047810,한국항공우주,106,10451600,106.0,10451600.0,98600.0
2ETF01,2025-10-15,2025-10-14,20251015,2026.10.01 15:30:00,raw/2ETF01_2025-10-15.json,3f29e4a14d7789f19b486f06824d3d14e640a7fe14e119116cdf4f4b1d97d6c8,equity,051600,한전KPS,33,1593900,33.0,1593900.0,48300.0
2ETF01,2025-10-15,2025-10-14,20251015,2026.10.01 15:30:00,raw/2ETF01_2025-10-15.json,3f29e4a14d7789f19b486f06824d3d14e640a7fe14e119116cdf4f4b1d97d6c8,equity,051900,LG생활건강,14,3955000,14.0,3955000.0,282500.0
2ETF01,2025-10-15,2025-10-14,20251015,2026.10.01 15:30:00,raw/2ETF01_2025-10-15.json,3f29e4a14d7789f19b486f06824d3d14e640a7fe14e119116cdf4f4b1d97d6c8,equity,051910,LG화학,70,20755000,70.0,20755000.0,296500.0
2ETF01,2025-10-15,2025-10-14,20251015,2026.10.01 15:30:00,raw/2ETF01_2025-10-15.json,3f29e4a14d7789f19b486f06824d3d14e640a7fe14e119116cdf4f4b1d97d6c8,equity,052690,한전기술,28,2480800,28.0,2480800.0,88600.0
2ETF01,2025-10-15,2025-10-14,20251015,2026.10.01 15:30:00,raw/2ETF01_2025-10-15.json,3f29e4a14d7789f19b486f06824d3d14e640a7fe14e119116cdf4f4b1d97d6c8,equity,055550,신한지주,633,43297200,633.0,43297200.0,68400.0
2ETF01,2025-10-15,2025-10-14,20251015,2026.10.01 15:30:00,raw/2ETF01_2025-10-15.json,3f29e4a14d7789f19b486f06824d3d14e640a7fe14e119116cdf4f4b1d97d6c8,equity,064350,현대로템,111,22422000,111.0,22422000.0,202000.0
2ETF01,2025-10-15,2025-10-14,20251015,2026.10.01 15:30:00,raw/2ETF01_2025-10-15.json,3f29e4a14d7789f19b486f06824d3d14e640a7fe14e119116cdf4f4b1d97d6c8,equity,066570,LG전자,164,13612000,164.0,13612000.0,83000.0
2ETF01,2025-10-15,2025-10-14,20251015,2026.10.01 15:30:00,raw/2ETF01_2025-10-15.json,3f29e4a14d7789f19b486f06824d3d14e640a7fe14e119116cdf4f4b1d97d6c8,equity,066970,엘앤에프,38,3135000,38.0,3135000.0,82500.0
2ETF01,2025-10-15,2025-10-14,20251015,2026.10.01 15:30:00,raw/2ETF01_2025-10-15.json,3f29e4a14d7789f19b486f06824d3d14e640a7fe14e119116cdf4f4b1d97d6c8,equity,068270,셀트리온,234,39709800,234.0,39709800.0,169700.0
2ETF01,2025-10-15,2025-10-14,20251015,2026.10.01 15:30:00,raw/2ETF01_2025-10-15.json,3f29e4a14d7789f19b486f06824d3d14e640a7fe14e119116cdf4f4b1d97d6c8,equity,069260,TKG휴켐스,33,600930,33.0,600930.0,18210.0
2ETF01,2025-10-15,2025-10-14,20251015,2026.10.01 15:30:00,raw/2ETF01_2025-10-15.json,3f29e4a14d7789f19b486f06824d3d14e640a7fe14e119116cdf4f4b1d97d6c8,equity,069620,대웅제약,7,937300,7.0,937300.0,133900.0
2ETF01,2025-10-15,2025-10-14,20251015,2026.10.01 15:30:00,raw/2ETF01_2025-10-15.json,3f29e4a14d7789f19b486f06824d3d14e640a7fe14e119116cdf4f4b1d97d6c8,equity,069960,현대백화점,21,1707300,21.0,1707300.0,81300.0
2ETF01,2025-10-15,2025-10-14,20251015,2026.10.01 15:30:00,raw/2ETF01_2025-10-15.json,3f29e4a14d7789f19b486f06824d3d14e640a7fe14e119116cdf4f4b1d97d6c8,equity,071050,한국금융지주,62,8618000,62.0,8618000.0,139000.0
2ETF01,2025-10-15,2025-10-14,20251015,2026.10.01 15:30:00,raw/2ETF01_2025-10-15.json,3f29e4a14d7789f19b486f06824d3d14e640a7fe14e119116cdf4f4b1d97d6c8,equity,071320,지역난방공사,4,335200,4.0,335200.0,83800.0
2ETF01,2025-10-15,2025-10-14,20251015,2026.10.01 15:30:00,raw/2ETF01_2025-10-15.json,3f29e4a14d7789f19b486f06824d3d14e640a7fe14e119116cdf4f4b1d97d6c8,equity,073240,금호타이어,239,1053990,239.0,1053990.0,4410.0
2ETF01,2025-10-15,2025-10-14,20251015,2026.10.01 15:30:00,raw/2ETF01_2025-10-15.json,3f29e4a14d7789f19b486f06824d3d14e640a7fe14e119116cdf4f4b1d97d6c8,equity,078930,GS,68,3019200,68.0,3019200.0,44400.0
2ETF01,2025-10-15,2025-10-14,20251015,2026.10.01 15:30:00,raw/2ETF01_2025-10-15.json,3f29e4a14d7789f19b486f06824d3d14e640a7fe14e119116cdf4f4b1d97d6c8,equity,079550,LIG넥스원,20,8940000,20.0,8940000.0,447000.0
2ETF01,2025-10-15,2025-10-14,20251015,2026.10.01 15:30:00,raw/2ETF01_2025-10-15.json,3f29e4a14d7789f19b486f06824d3d14e640a7fe14e119116cdf4f4b1d97d6c8,equity,081660,미스토홀딩스,52,1960400,52.0,1960400.0,37700.0
2ETF01,2025-10-15,2025-10-14,20251015,2026.10.01 15:30:00,raw/2ETF01_2025-10-15.json,3f29e4a14d7789f19b486f06824d3d14e640a7fe14e119116cdf4f4b1d97d6c8,equity,086280,현대글로비스,56,8898400,56.0,8898400.0,158900.0
2ETF01,2025-10-15,2025-10-14,20251015,2026.10.01 15:30:00,raw/2ETF01_2025-10-15.json,3f29e4a14d7789f19b486f06824d3d14e640a7fe14e119116cdf4f4b1d97d6c8,equity,086790,하나금융지주,381,32156400,381.0,32156400.0,84400.0
2ETF01,2025-10-15,2025-10-14,20251015,2026.10.01 15:30:00,raw/2ETF01_2025-10-15.json,3f29e4a14d7789f19b486f06824d3d14e640a7fe14e119116cdf4f4b1d97d6c8,equity,088350,한화생명,500,1582500,500.0,1582500.0,3165.0
2ETF01,2025-10-15,2025-10-14,20251015,2026.10.01 15:30:00,raw/2ETF01_2025-10-15.json,3f29e4a14d7789f19b486f06824d3d14e640a7fe14e119116cdf4f4b1d97d6c8,equity,090430,아모레퍼시픽,47,5513100,47.0,5513100.0,117300.0
2ETF01,2025-10-15,2025-10-14,20251015,2026.10.01 15:30:00,raw/2ETF01_2025-10-15.json,3f29e4a14d7789f19b486f06824d3d14e640a7fe14e119116cdf4f4b1d97d6c8,equity,093370,후성,83,502150,83.0,502150.0,6050.0
2ETF01,2025-10-15,2025-10-14,20251015,2026.10.01 15:30:00,raw/2ETF01_2025-10-15.json,3f29e4a14d7789f19b486f06824d3d14e640a7fe14e119116cdf4f4b1d97d6c8,equity,096770,SK이노베이션,113,12000600,113.0,12000600.0,106200.0
2ETF01,2025-10-15,2025-10-14,20251015,2026.10.01 15:30:00,raw/2ETF01_2025-10-15.json,3f29e4a14d7789f19b486f06824d3d14e640a7fe14e119116cdf4f4b1d97d6c8,equity,097950,CJ제일제당,12,2778000,12.0,2778000.0,231500.0
2ETF01,2025-10-15,2025-10-14,20251015,2026.10.01 15:30:00,raw/2ETF01_2025-10-15.json,3f29e4a14d7789f19b486f06824d3d14e640a7fe14e119116cdf4f4b1d97d6c8,equity,103140,풍산,25,3180000,25.0,3180000.0,127200.0
2ETF01,2025-10-15,2025-10-14,20251015,2026.10.01 15:30:00,raw/2ETF01_2025-10-15.json,3f29e4a14d7789f19b486f06824d3d14e640a7fe14e119116cdf4f4b1d97d6c8,equity,105560,KB금융,491,54451900,491.0,54451900.0,110900.0
2ETF01,2025-10-15,2025-10-14,20251015,2026.10.01 15:30:00,raw/2ETF01_2025-10-15.json,3f29e4a14d7789f19b486f06824d3d14e640a7fe14e119116cdf4f4b1d97d6c8,equity,111770,영원무역,33,1999800,33.0,1999800.0,60600.0
2ETF01,2025-10-15,2025-10-14,20251015,2026.10.01 15:30:00,raw/2ETF01_2025-10-15.json,3f29e4a14d7789f19b486f06824d3d14e640a7fe14e119116cdf4f4b1d97d6c8,equity,112610,씨에스윈드,36,1531800,36.0,1531800.0,42550.0
2ETF01,2025-10-15,2025-10-14,20251015,2026.10.01 15:30:00,raw/2ETF01_2025-10-15.json,3f29e4a14d7789f19b486f06824d3d14e640a7fe14e119116cdf4f4b1d97d6c8,equity,114090,GKL,46,704260,46.0,704260.0,15310.0
2ETF01,2025-10-15,2025-10-14,20251015,2026.10.01 15:30:00,raw/2ETF01_2025-10-15.json,3f29e4a14d7789f19b486f06824d3d14e640a7fe14e119116cdf4f4b1d97d6c8,equity,120110,코오롱인더,28,975800,28.0,975800.0,34850.0
2ETF01,2025-10-15,2025-10-14,20251015,2026.10.01 15:30:00,raw/2ETF01_2025-10-15.json,3f29e4a14d7789f19b486f06824d3d14e640a7fe14e119116cdf4f4b1d97d6c8,equity,128940,한미약품,10,3420000,10.0,3420000.0,342000.0
2ETF01,2025-10-15,2025-10-14,20251015,2026.10.01 15:30:00,raw/2ETF01_2025-10-15.json,3f29e4a14d7789f19b486f06824d3d14e640a7fe14e119116cdf4f4b1d97d6c8,equity,137310,에스디바이오센서,53,505620,53.0,505620.0,9540.0
2ETF01,2025-10-15,2025-10-14,20251015,2026.10.01 15:30:00,raw/2ETF01_2025-10-15.json,3f29e4a14d7789f19b486f06824d3d14e640a7fe14e119116cdf4f4b1d97d6c8,equity,138040,메리츠금융지주,117,12940200,117.0,12940200.0,110600.0
2ETF01,2025-10-15,2025-10-14,20251015,2026.10.01 15:30:00,raw/2ETF01_2025-10-15.json,3f29e4a14d7789f19b486f06824d3d14e640a7fe14e119116cdf4f4b1d97d6c8,equity,138930,BNK금융지주,391,5458360,391.0,5458360.0,13960.0
2ETF01,2025-10-15,2025-10-14,20251015,2026.10.01 15:30:00,raw/2ETF01_2025-10-15.json,3f29e4a14d7789f19b486f06824d3d14e640a7fe14e119116cdf4f4b1d97d6c8,equity,139130,iM금융지주,211,2789420,211.0,2789420.0,13220.0
2ETF01,2025-10-15,2025-10-14,20251015,2026.10.01 15:30:00,raw/2ETF01_2025-10-15.json,3f29e4a14d7789f19b486f06824d3d14e640a7fe14e119116cdf4f4b1d97d6c8,equity,139480,이마트,30,2217000,30.0,2217000.0,73900.0
2ETF01,2025-10-15,2025-10-14,20251015,2026.10.01 15:30:00,raw/2ETF01_2025-10-15.json,3f29e4a14d7789f19b486f06824d3d14e640a7fe14e119116cdf4f4b1d97d6c8,equity,145720,덴티움,10,545000,10.0,545000.0,54500.0
2ETF01,2025-10-15,2025-10-14,20251015,2026.10.01 15:30:00,raw/2ETF01_2025-10-15.json,3f29e4a14d7789f19b486f06824d3d14e640a7fe14e119116cdf4f4b1d97d6c8,equity,161390,한국타이어앤테크놀로지,109,4321850,109.0,4321850.0,39650.0
2ETF01,2025-10-15,2025-10-14,20251015,2026.10.01 15:30:00,raw/2ETF01_2025-10-15.json,3f29e4a14d7789f19b486f06824d3d14e640a7fe14e119116cdf4f4b1d97d6c8,equity,161890,한국콜마,26,1926600,26.0,1926600.0,74100.0
2ETF01,2025-10-15,2025-10-14,20251015,2026.10.01 15:30:00,raw/2ETF01_2025-10-15.json,3f29e4a14d7789f19b486f06824d3d14e640a7fe14e119116cdf4f4b1d97d6c8,equity,175330,JB금융지주,244,5490000,244.0,5490000.0,22500.0
2ETF01,2025-10-15,2025-10-14,20251015,2026.10.01 15:30:00,raw/2ETF01_2025-10-15.json,3f29e4a14d7789f19b486f06824d3d14e640a7fe14e119116cdf4f4b1d97d6c8,equity,180640,한진칼,71,6858600,71.0,6858600.0,96600.0
2ETF01,2025-10-15,2025-10-14,20251015,2026.10.01 15:30:00,raw/2ETF01_2025-10-15.json,3f29e4a14d7789f19b486f06824d3d14e640a7fe14e119116cdf4f4b1d97d6c8,equity,185750,종근당,12,962400,12.0,962400.0,80200.0
2ETF01,2025-10-15,2025-10-14,20251015,2026.10.01 15:30:00,raw/2ETF01_2025-10-15.json,3f29e4a14d7789f19b486f06824d3d14e640a7fe14e119116cdf4f4b1d97d6c8,equity,192080,더블유게임즈,16,800000,16.0,800000.0,50000.0
2ETF01,2025-10-15,2025-10-14,20251015,2026.10.01 15:30:00,raw/2ETF01_2025-10-15.json,3f29e4a14d7789f19b486f06824d3d14e640a7fe14e119116cdf4f4b1d97d6c8,equity,192820,코스맥스,12,2384400,12.0,2384400.0,198700.0
2ETF01,2025-10-15,2025-10-14,20251015,2026.10.01 15:30:00,raw/2ETF01_2025-10-15.json,3f29e4a14d7789f19b486f06824d3d14e640a7fe14e119116cdf4f4b1d97d6c8,equity,204320,HL만도,49,1609650,49.0,1609650.0,32850.0
2ETF01,2025-10-15,2025-10-14,20251015,2026.10.01 15:30:00,raw/2ETF01_2025-10-15.json,3f29e4a14d7789f19b486f06824d3d14e640a7fe14e119116cdf4f4b1d97d6c8,equity,207940,삼성바이오로직스,24,24648000,24.0,24648000.0,1027000.0
2ETF01,2025-10-15,2025-10-14,20251015,2026.10.01 15:30:00,raw/2ETF01_2025-10-15.json,3f29e4a14d7789f19b486f06824d3d14e640a7fe14e119116cdf4f4b1d97d6c8,equity,241560,두산밥캣,78,4375800,78.0,4375800.0,56100.0
2ETF01,2025-10-15,2025-10-14,20251015,2026.10.01 15:30:00,raw/2ETF01_2025-10-15.json,3f29e4a14d7789f19b486f06824d3d14e640a7fe14e119116cdf4f4b1d97d6c8,equity,251270,넷마블,48,2668800,48.0,2668800.0,55600.0
2ETF01,2025-10-15,2025-10-14,20251015,2026.10.01 15:30:00,raw/2ETF01_2025-10-15.json,3f29e4a14d7789f19b486f06824d3d14e640a7fe14e119116cdf4f4b1d97d6c8,equity,259960,크래프톤,44,12782000,44.0,12782000.0,290500.0
2ETF01,2025-10-15,2025-10-14,20251015,2026.10.01 15:30:00,raw/2ETF01_2025-10-15.json,3f29e4a14d7789f19b486f06824d3d14e640a7fe14e119116cdf4f4b1d97d6c8,equity,267250,HD현대,68,10424400,68.0,10424400.0,153300.0
2ETF01,2025-10-15,2025-10-14,20251015,2026.10.01 15:30:00,raw/2ETF01_2025-10-15.json,3f29e4a14d7789f19b486f06824d3d14e640a7fe14e119116cdf4f4b1d97d6c8,equity,267260,HD현대일렉트릭,34,22032000,34.0,22032000.0,648000.0
2ETF01,2025-10-15,2025-10-14,20251015,2026.10.01 15:30:00,raw/2ETF01_2025-10-15.json,3f29e4a14d7789f19b486f06824d3d14e640a7fe14e119116cdf4f4b1d97d6c8,equity,268280,미원에스씨,1,136500,1.0,136500.0,136500.0
2ETF01,2025-10-15,2025-10-14,20251015,2026.10.01 15:30:00,raw/2ETF01_2025-10-15.json,3f29e4a14d7789f19b486f06824d3d14e640a7fe14e119116cdf4f4b1d97d6c8,equity,271560,오리온,33,3326400,33.0,3326400.0,100800.0
2ETF01,2025-10-15,2025-10-14,20251015,2026.10.01 15:30:00,raw/2ETF01_2025-10-15.json,3f29e4a14d7789f19b486f06824d3d14e640a7fe14e119116cdf4f4b1d97d6c8,equity,272210,한화시스템,106,5459000,106.0,5459000.0,51500.0
2ETF01,2025-10-15,2025-10-14,20251015,2026.10.01 15:30:00,raw/2ETF01_2025-10-15.json,3f29e4a14d7789f19b486f06824d3d14e640a7fe14e119116cdf4f4b1d97d6c8,equity,278470,에이피알,37,9139000,37.0,9139000.0,247000.0
2ETF01,2025-10-15,2025-10-14,20251015,2026.10.01 15:30:00,raw/2ETF01_2025-10-15.json,3f29e4a14d7789f19b486f06824d3d14e640a7fe14e119116cdf4f4b1d97d6c8,equity,280360,롯데웰푸드,3,331200,3.0,331200.0,110400.0
2ETF01,2025-10-15,2025-10-14,20251015,2026.10.01 15:30:00,raw/2ETF01_2025-10-15.json,3f29e4a14d7789f19b486f06824d3d14e640a7fe14e119116cdf4f4b1d97d6c8,equity,282330,BGF리테일,12,1268400,12.0,1268400.0,105700.0
2ETF01,2025-10-15,2025-10-14,20251015,2026.10.01 15:30:00,raw/2ETF01_2025-10-15.json,3f29e4a14d7789f19b486f06824d3d14e640a7fe14e119116cdf4f4b1d97d6c8,equity,285130,SK케미칼,15,886500,15.0,886500.0,59100.0
2ETF01,2025-10-15,2025-10-14,20251015,2026.10.01 15:30:00,raw/2ETF01_2025-10-15.json,3f29e4a14d7789f19b486f06824d3d14e640a7fe14e119116cdf4f4b1d97d6c8,equity,298020,효성티앤씨,4,820000,4.0,820000.0,205000.0
2ETF01,2025-10-15,2025-10-14,20251015,2026.10.01 15:30:00,raw/2ETF01_2025-10-15.json,3f29e4a14d7789f19b486f06824d3d14e640a7fe14e119116cdf4f4b1d97d6c8,equity,298040,효성중공업,7,10255000,7.0,10255000.0,1465000.0
2ETF01,2025-10-15,2025-10-14,20251015,2026.10.01 15:30:00,raw/2ETF01_2025-10-15.json,3f29e4a14d7789f19b486f06824d3d14e640a7fe14e119116cdf4f4b1d97d6c8,equity,298050,HS효성첨단소재,4,710800,4.0,710800.0,177700.0
2ETF01,2025-10-15,2025-10-14,20251015,2026.10.01 15:30:00,raw/2ETF01_2025-10-15.json,3f29e4a14d7789f19b486f06824d3d14e640a7fe14e119116cdf4f4b1d97d6c8,equity,300720,한일시멘트,24,434880,24.0,434880.0,18120.0
2ETF01,2025-10-15,2025-10-14,20251015,2026.10.01 15:30:00,raw/2ETF01_2025-10-15.json,3f29e4a14d7789f19b486f06824d3d14e640a7fe14e119116cdf4f4b1d97d6c8,equity,302440,SK바이오사이언스,39,1786200,39.0,1786200.0,45800.0
2ETF01,2025-10-15,2025-10-14,20251015,2026.10.01 15:30:00,raw/2ETF01_2025-10-15.json,3f29e4a14d7789f19b486f06824d3d14e640a7fe14e119116cdf4f4b1d97d6c8,equity,316140,우리금융지주,1024,25446400,1024.0,25446400.0,24850.0
2ETF01,2025-10-15,2025-10-14,20251015,2026.10.01 15:30:00,raw/2ETF01_2025-10-15.json,3f29e4a14d7789f19b486f06824d3d14e640a7fe14e119116cdf4f4b1d97d6c8,equity,323410,카카오뱅크,513,11491200,513.0,11491200.0,22400.0
2ETF01,2025-10-15,2025-10-14,20251015,2026.10.01 15:30:00,raw/2ETF01_2025-10-15.json,3f29e4a14d7789f19b486f06824d3d14e640a7fe14e119116cdf4f4b1d97d6c8,equity,326030,SK바이오팜,42,4263000,42.0,4263000.0,101500.0
2ETF01,2025-10-15,2025-10-14,20251015,2026.10.01 15:30:00,raw/2ETF01_2025-10-15.json,3f29e4a14d7789f19b486f06824d3d14e640a7fe14e119116cdf4f4b1d97d6c8,equity,329180,HD현대중공업,34,16864000,34.0,16864000.0,496000.0
2ETF01,2025-10-15,2025-10-14,20251015,2026.10.01 15:30:00,raw/2ETF01_2025-10-15.json,3f29e4a14d7789f19b486f06824d3d14e640a7fe14e119116cdf4f4b1d97d6c8,equity,352820,하이브,32,8688000,32.0,8688000.0,271500.0
2ETF01,2025-10-15,2025-10-14,20251015,2026.10.01 15:30:00,raw/2ETF01_2025-10-15.json,3f29e4a14d7789f19b486f06824d3d14e640a7fe14e119116cdf4f4b1d97d6c8,equity,361610,SK아이이테크놀로지,44,1289200,44.0,1289200.0,29300.0
2ETF01,2025-10-15,2025-10-14,20251015,2026.10.01 15:30:00,raw/2ETF01_2025-10-15.json,3f29e4a14d7789f19b486f06824d3d14e640a7fe14e119116cdf4f4b1d97d6c8,equity,373220,LG에너지솔루션,53,20405000,53.0,20405000.0,385000.0
2ETF01,2025-10-15,2025-10-14,20251015,2026.10.01 15:30:00,raw/2ETF01_2025-10-15.json,3f29e4a14d7789f19b486f06824d3d14e640a7fe14e119116cdf4f4b1d97d6c8,equity,375500,DL이앤씨,45,1838250,45.0,1838250.0,40850.0
2ETF01,2025-10-15,2025-10-14,20251015,2026.10.01 15:30:00,raw/2ETF01_2025-10-15.json,3f29e4a14d7789f19b486f06824d3d14e640a7fe14e119116cdf4f4b1d97d6c8,equity,377300,카카오페이,43,2201600,43.0,2201600.0,51200.0
2ETF01,2025-10-15,2025-10-14,20251015,2026.10.01 15:30:00,raw/2ETF01_2025-10-15.json,3f29e4a14d7789f19b486f06824d3d14e640a7fe14e119116cdf4f4b1d97d6c8,equity,383220,F&F,21,1333500,21.0,1333500.0,63500.0
2ETF01,2025-10-15,2025-10-14,20251015,2026.10.01 15:30:00,raw/2ETF01_2025-10-15.json,3f29e4a14d7789f19b486f06824d3d14e640a7fe14e119116cdf4f4b1d97d6c8,equity,402340,SK스퀘어,139,32595500,139.0,32595500.0,234500.0
2ETF01,2025-10-15,2025-10-14,20251015,2026.10.01 15:30:00,raw/2ETF01_2025-10-15.json,3f29e4a14d7789f19b486f06824d3d14e640a7fe14e119116cdf4f4b1d97d6c8,equity,443060,HD현대마린솔루션,12,2790000,12.0,2790000.0,232500.0
2ETF01,2025-10-15,2025-10-14,20251015,2026.10.01 15:30:00,raw/2ETF01_2025-10-15.json,3f29e4a14d7789f19b486f06824d3d14e640a7fe14e119116cdf4f4b1d97d6c8,equity,450080,에코프로머티,38,1898100,38.0,1898100.0,49950.0
2ETF01,2025-10-15,2025-10-14,20251015,2026.10.01 15:30:00,raw/2ETF01_2025-10-15.json,3f29e4a14d7789f19b486f06824d3d14e640a7fe14e119116cdf4f4b1d97d6c8,equity,454910,두산로보틱스,29,1983600,29.0,1983600.0,68400.0
2ETF01,2025-10-15,2025-10-14,20251015,2026.10.01 15:30:00,raw/2ETF01_2025-10-15.json,3f29e4a14d7789f19b486f06824d3d14e640a7fe14e119116cdf4f4b1d97d6c8,equity,456040,OCI,7,396900,7.0,396900.0,56700.0
2ETF01,2025-10-15,2025-10-14,20251015,2026.10.01 15:30:00,raw/2ETF01_2025-10-15.json,3f29e4a14d7789f19b486f06824d3d14e640a7fe14e119116cdf4f4b1d97d6c8,equity,457190,이수스페셜티케미컬,31,1587200,31.0,1587200.0,51200.0
2ETF01,2025-10-15,2025-10-14,20251015,2026.10.01 15:30:00,raw/2ETF01_2025-10-15.json,3f29e4a14d7789f19b486f06824d3d14e640a7fe14e119116cdf4f4b1d97d6c8,equity,489790,한화비전,52,2667600,52.0,2667600.0,51300.0
2ETF07,2025-10-15,2025-10-14,20251015,2026.10.01 15:30:00,raw/2ETF07_2025-10-15.json,094df6e3677888ccbc2ae7fa41e4850e6360a42a7d898c9537a9b7e2f35cb17f,cash,KRD010010001,원화예금,4710784,4710784,4710784.0,4710784.0,1.0
2ETF07,2025-10-15,2025-10-14,20251015,2026.10.01 15:30:00,raw/2ETF07_2025-10-15.json,094df6e3677888ccbc2ae7fa41e4850e6360a42a7d898c9537a9b7e2f35cb17f,equity,000660,SK하이닉스,1369,563343500,1369.0,563343500.0,411500.0
2ETF07,2025-10-15,2025-10-14,20251015,2026.10.01 15:30:00,raw/2ETF07_2025-10-15.json,094df6e3677888ccbc2ae7fa41e4850e6360a42a7d898c9537a9b7e2f35cb17f,equity,000990,DB하이텍,1278,70673400,1278.0,70673400.0,55300.0
2ETF07,2025-10-15,2025-10-14,20251015,2026.10.01 15:30:00,raw/2ETF07_2025-10-15.json,094df6e3677888ccbc2ae7fa41e4850e6360a42a7d898c9537a9b7e2f35cb17f,equity,005930,삼성전자,5560,509296000,5560.0,509296000.0,91600.0
2ETF07,2025-10-15,2025-10-14,20251015,2026.10.01 15:30:00,raw/2ETF07_2025-10-15.json,094df6e3677888ccbc2ae7fa41e4850e6360a42a7d898c9537a9b7e2f35cb17f,equity,031980,피에스케이홀딩스,293,14576750,293.0,14576750.0,49750.0
2ETF07,2025-10-15,2025-10-14,20251015,2026.10.01 15:30:00,raw/2ETF07_2025-10-15.json,094df6e3677888ccbc2ae7fa41e4850e6360a42a7d898c9537a9b7e2f35cb17f,equity,036540,SFA반도체,3043,13358770,3043.0,13358770.0,4390.0
2ETF07,2025-10-15,2025-10-14,20251015,2026.10.01 15:30:00,raw/2ETF07_2025-10-15.json,094df6e3677888ccbc2ae7fa41e4850e6360a42a7d898c9537a9b7e2f35cb17f,equity,036930,주성엔지니어링,1302,40101600,1302.0,40101600.0,30800.0
2ETF07,2025-10-15,2025-10-14,20251015,2026.10.01 15:30:00,raw/2ETF07_2025-10-15.json,094df6e3677888ccbc2ae7fa41e4850e6360a42a7d898c9537a9b7e2f35cb17f,equity,039030,이오테크닉스,344,86000000,344.0,86000000.0,250000.0
2ETF07,2025-10-15,2025-10-14,20251015,2026.10.01 15:30:00,raw/2ETF07_2025-10-15.json,094df6e3677888ccbc2ae7fa41e4850e6360a42a7d898c9537a9b7e2f35cb17f,equity,042700,한미반도체,1713,220463100,1713.0,220463100.0,128700.0
2ETF07,2025-10-15,2025-10-14,20251015,2026.10.01 15:30:00,raw/2ETF07_2025-10-15.json,094df6e3677888ccbc2ae7fa41e4850e6360a42a7d898c9537a9b7e2f35cb17f,equity,058470,리노공업,2037,116109000,2037.0,116109000.0,57000.0
2ETF07,2025-10-15,2025-10-14,20251015,2026.10.01 15:30:00,raw/2ETF07_2025-10-15.json,094df6e3677888ccbc2ae7fa41e4850e6360a42a7d898c9537a9b7e2f35cb17f,equity,064760,티씨케이,240,43680000,240.0,43680000.0,182000.0
2ETF07,2025-10-15,2025-10-14,20251015,2026.10.01 15:30:00,raw/2ETF07_2025-10-15.json,094df6e3677888ccbc2ae7fa41e4850e6360a42a7d898c9537a9b7e2f35cb17f,equity,067310,하나마이크론,1962,51012000,1962.0,51012000.0,26000.0
2ETF07,2025-10-15,2025-10-14,20251015,2026.10.01 15:30:00,raw/2ETF07_2025-10-15.json,094df6e3677888ccbc2ae7fa41e4850e6360a42a7d898c9537a9b7e2f35cb17f,equity,080220,제주반도체,1246,27100500,1246.0,27100500.0,21750.0
2ETF07,2025-10-15,2025-10-14,20251015,2026.10.01 15:30:00,raw/2ETF07_2025-10-15.json,094df6e3677888ccbc2ae7fa41e4850e6360a42a7d898c9537a9b7e2f35cb17f,equity,082270,젬백스,1296,60004800,1296.0,60004800.0,46300.0
2ETF07,2025-10-15,2025-10-14,20251015,2026.10.01 15:30:00,raw/2ETF07_2025-10-15.json,094df6e3677888ccbc2ae7fa41e4850e6360a42a7d898c9537a9b7e2f35cb17f,equity,084370,유진테크,565,43392000,565.0,43392000.0,76800.0
2ETF07,2025-10-15,2025-10-14,20251015,2026.10.01 15:30:00,raw/2ETF07_2025-10-15.json,094df6e3677888ccbc2ae7fa41e4850e6360a42a7d898c9537a9b7e2f35cb17f,equity,089030,테크윙,1290,73143000,1290.0,73143000.0,56700.0
2ETF07,2025-10-15,2025-10-14,20251015,2026.10.01 15:30:00,raw/2ETF07_2025-10-15.json,094df6e3677888ccbc2ae7fa41e4850e6360a42a7d898c9537a9b7e2f35cb17f,equity,095340,ISC,418,33105600,418.0,33105600.0,79200.0
2ETF07,2025-10-15,2025-10-14,20251015,2026.10.01 15:30:00,raw/2ETF07_2025-10-15.json,094df6e3677888ccbc2ae7fa41e4850e6360a42a7d898c9537a9b7e2f35cb17f,equity,098460,고영,2117,33575620,2117.0,33575620.0,15860.0
2ETF07,2025-10-15,2025-10-14,20251015,2026.10.01 15:30:00,raw/2ETF07_2025-10-15.json,094df6e3677888ccbc2ae7fa41e4850e6360a42a7d898c9537a9b7e2f35cb17f,equity,101490,에스앤에스텍,670,37721000,670.0,37721000.0,56300.0
2ETF07,2025-10-15,2025-10-14,20251015,2026.10.01 15:30:00,raw/2ETF07_2025-10-15.json,094df6e3677888ccbc2ae7fa41e4850e6360a42a7d898c9537a9b7e2f35cb17f,equity,108320,LX세미콘,448,25760000,448.0,25760000.0,57500.0
2ETF07,2025-10-15,2025-10-14,20251015,2026.10.01 15:30:00,raw/2ETF07_2025-10-15.json,094df6e3677888ccbc2ae7fa41e4850e6360a42a7d898c9537a9b7e2f35cb17f,equity,131970,두산테스나,485,22164500,485.0,22164500.0,45700.0
2ETF07,2025-10-15,2025-10-14,20251015,2026.10.01 15:30:00,raw/2ETF07_2025-10-15.json,094df6e3677888ccbc2ae7fa41e4850e6360a42a7d898c9537a9b7e2f35cb17f,equity,161580,필옵틱스,693,26576550,693.0,26576550.0,38350.0
2ETF07,2025-10-15,2025-10-14,20251015,2026.10.01 15:30:00,raw/2ETF07_2025-10-15.json,094df6e3677888ccbc2ae7fa41e4850e6360a42a7d898c9537a9b7e2f35cb17f,equity,166090,하나머티리얼즈,431,17240000,431.0,17240000.0,40000.0
2ETF07,2025-10-15,2025-10-14,20251015,2026.10.01 15:30:00,raw/2ETF07_2025-10-15.json,094df6e3677888ccbc2ae7fa41e4850e6360a42a7d898c9537a9b7e2f35cb17f,equity,183300,코미코,245,27685000,245.0,27685000.0,113000.0
2ETF07,2025-10-15,2025-10-14,20251015,2026.10.01 15:30:00,raw/2ETF07_2025-10-15.json,094df6e3677888ccbc2ae7fa41e4850e6360a42a7d898c9537a9b7e2f35cb17f,equity,213420,덕산네오룩스,531,23895000,531.0,23895000.0,45000.0
2ETF07,2025-10-15,2025-10-14,20251015,2026.10.01 15:30:00,raw/2ETF07_2025-10-15.json,094df6e3677888ccbc2ae7fa41e4850e6360a42a7d898c9537a9b7e2f35cb17f,equity,218410,RFHIC,676,18860400,676.0,18860400.0,27900.0
2ETF07,2025-10-15,2025-10-14,20251015,2026.10.01 15:30:00,raw/2ETF07_2025-10-15.json,094df6e3677888ccbc2ae7fa41e4850e6360a42a7d898c9537a9b7e2f35cb17f,equity,222800,심텍,889,43383200,889.0,43383200.0,48800.0
2ETF07,2025-10-15,2025-10-14,20251015,2026.10.01 15:30:00,raw/2ETF07_2025-10-15.json,094df6e3677888ccbc2ae7fa41e4850e6360a42a7d898c9537a9b7e2f35cb17f,equity,232140,와이씨,1619,23345980,1619.0,23345980.0,14420.0
2ETF07,2025-10-15,2025-10-14,20251015,2026.10.01 15:30:00,raw/2ETF07_2025-10-15.json,094df6e3677888ccbc2ae7fa41e4850e6360a42a7d898c9537a9b7e2f35cb17f,equity,240810,원익IPS,1352,72737600,1352.0,72737600.0,53800.0
2ETF07,2025-10-15,2025-10-14,20251015,2026.10.01 15:30:00,raw/2ETF07_2025-10-15.json,094df6e3677888ccbc2ae7fa41e4850e6360a42a7d898c9537a9b7e2f35cb17f,equity,281820,케이씨텍,391,14779800,391.0,14779800.0,37800.0
2ETF07,2025-10-15,2025-10-14,20251015,2026.10.01 15:30:00,raw/2ETF07_2025-10-15.json,094df6e3677888ccbc2ae7fa41e4850e6360a42a7d898c9537a9b7e2f35cb17f,equity,319660,피에스케이,810,25920000,810.0,25920000.0,32000.0
2ETF07,2025-10-15,2025-10-14,20251015,2026.10.01 15:30:00,raw/2ETF07_2025-10-15.json,094df6e3677888ccbc2ae7fa41e4850e6360a42a7d898c9537a9b7e2f35cb17f,equity,322000,HD현대에너지솔루션,212,9540000,212.0,9540000.0,45000.0
2ETF07,2025-10-15,2025-10-14,20251015,2026.10.01 15:30:00,raw/2ETF07_2025-10-15.json,094df6e3677888ccbc2ae7fa41e4850e6360a42a7d898c9537a9b7e2f35cb17f,equity,323280,태성,815,20619500,815.0,20619500.0,25300.0
2ETF07,2025-10-15,2025-10-14,20251015,2026.10.01 15:30:00,raw/2ETF07_2025-10-15.json,094df6e3677888ccbc2ae7fa41e4850e6360a42a7d898c9537a9b7e2f35cb17f,equity,348210,넥스틴,310,15996000,310.0,15996000.0,51600.0
2ETF07,2025-10-15,2025-10-14,20251015,2026.10.01 15:30:00,raw/2ETF07_2025-10-15.json,094df6e3677888ccbc2ae7fa41e4850e6360a42a7d898c9537a9b7e2f35cb17f,equity,399720,가온칩스,248,14185600,248.0,14185600.0,57200.0
2ETF07,2025-10-15,2025-10-14,20251015,2026.10.01 15:30:00,raw/2ETF07_2025-10-15.json,094df6e3677888ccbc2ae7fa41e4850e6360a42a7d898c9537a9b7e2f35cb17f,equity,403870,HPSP,1923,67978050,1923.0,67978050.0,35350.0
2ETF07,2025-10-15,2025-10-14,20251015,2026.10.01 15:30:00,raw/2ETF07_2025-10-15.json,094df6e3677888ccbc2ae7fa41e4850e6360a42a7d898c9537a9b7e2f35cb17f,equity,440110,파두,1464,32866800,1464.0,32866800.0,22450.0
2ETF01,2025-10-16,2025-10-15,20251016,2026.10.01 15:30:00,raw/2ETF01_2025-10-16.json,cc71a6edd02ed1d5ad4b36175956a709af5c9c6bda7c93193dfae91d441d2c1b,cash,KRD010010001,원화예금,5320725,5320725,5320725.0,5320725.0,1.0
2ETF01,2025-10-16,2025-10-15,20251016,2026.10.01 15:30:00,raw/2ETF01_2025-10-16.json,cc71a6edd02ed1d5ad4b36175956a709af5c9c6bda7c93193dfae91d441d2c1b,equity,000080,하이트진로,47,884070,47.0,884070.0,18810.0
2ETF01,2025-10-16,2025-10-15,20251016,2026.10.01 15:30:00,raw/2ETF01_2025-10-16.json,cc71a6edd02ed1d5ad4b36175956a709af5c9c6bda7c93193dfae91d441d2c1b,equity,000100,유한양행,91,10665200,91.0,10665200.0,117200.0
2ETF01,2025-10-16,2025-10-15,20251016,2026.10.01 15:30:00,raw/2ETF01_2025-10-16.json,cc71a6edd02ed1d5ad4b36175956a709af5c9c6bda7c93193dfae91d441d2c1b,equity,000120,CJ대한통운,17,1400800,17.0,1400800.0,82400.0
2ETF01,2025-10-16,2025-10-15,20251016,2026.10.01 15:30:00,raw/2ETF01_2025-10-16.json,cc71a6edd02ed1d5ad4b36175956a709af5c9c6bda7c93193dfae91d441d2c1b,equity,000150,두산,11,6589000,11.0,6589000.0,599000.0
2ETF01,2025-10-16,2025-10-15,20251016,2026.10.01 15:30:00,raw/2ETF01_2025-10-16.json,cc71a6edd02ed1d5ad4b36175956a709af5c9c6bda7c93193dfae91d441d2c1b,equity,000210,DL,16,589600,16.0,589600.0,36850.0
2ETF01,2025-10-16,2025-10-15,20251016,2026.10.01 15:30:00,raw/2ETF01_2025-10-16.json,cc71a6edd02ed1d5ad4b36175956a709af5c9c6bda7c93193dfae91d441d2c1b,equity,000240,한국앤컴퍼니,36,815400,36.0,815400.0,22650.0
2ETF01,2025-10-16,2025-10-15,20251016,2026.10.01 15:30:00,raw/2ETF01_2025-10-16.json,cc71a6edd02ed1d5ad4b36175956a709af5c9c6bda7c93193dfae91d441d2c1b,equity,000270,기아,371,38509800,371.0,38509800.0,103800.0
2ETF01,2025-10-16,2025-10-15,20251016,2026.10.01 15:30:00,raw/2ETF01_2025-10-16.json,cc71a6edd02ed1d5ad4b36175956a709af5c9c6bda7c93193dfae91d441d2c1b,equity,000660,SK하이닉스,851,359547500,851.0,359547500.0,422500.0
2ETF01,2025-10-16,2025-10-15,20251016,2026.10.01 15:30:00,raw/2ETF01_2025-10-16.json,cc71a6edd02ed1d5ad4b36175956a709af5c9c6bda7c93193dfae91d441d2c1b,equity,000670,영풍,8,388800,8.0,388800.0,48600.0
2ETF01,2025-10-16,2025-10-15,20251016,2026.10.01 15:30:00,raw/2ETF01_2025-10-16.json,cc71a6edd02ed1d5ad4b36175956a709af5c9c6bda7c93193dfae91d441d2c1b,equity,000720,현대건설,111,6826500,111.0,6826500.0,61500.0
2ETF01,2025-10-16,2025-10-15,20251016,2026.10.01 15:30:00,raw/2ETF01_2025-10-16.json,cc71a6edd02ed1d5ad4b36175956a709af5c9c6bda7c93193dfae91d441d2c1b,equity,000810,삼성화재,46,20585000,46.0,20585000.0,447500.0
2ETF01,2025-10-16,2025-10-15,20251016,2026.10.01 15:30:00,raw/2ETF01_2025-10-16.json,cc71a6edd02ed1d5ad4b36175956a709af5c9c6bda7c93193dfae91d441d2c1b,equity,000880,한화,42,3502800,42.0,3502800.0,83400.0
2ETF01,2025-10-16,2025-10-15,20251016,2026.10.01 15:30:00,raw/2ETF01_2025-10-16.json,cc71a6edd02ed1d5ad4b36175956a709af5c9c6bda7c93193dfae91d441d2c1b,equity,001040,CJ,21,3549000,21.0,3549000.0,169000.0
2ETF01,2025-10-16,2025-10-15,20251016,2026.10.01 15:30:00,raw/2ETF01_2025-10-16.json,cc71a6edd02ed1d5ad4b36175956a709af5c9c6bda7c93193dfae91d441d2c1b,equity,001430,세아베스틸지주,18,465300,18.0,465300.0,25850.0
2ETF01,2025-10-16,2025-10-15,20251016,2026.10.01 15:30:00,raw/2ETF01_2025-10-16.json,cc71a6edd02ed1d5ad4b36175956a709af5c9c6bda7c93193dfae91d441d2c1b,equity,001440,대한전선,170,2973300,170.0,2973300.0,17490.0
2ETF01,2025-10-16,2025-10-15,20251016,2026.10.01 15:30:00,raw/2ETF01_2025-10-16.json,cc71a6edd02ed1d5ad4b36175956a709af5c9c6bda7c93193dfae91d441d2c1b,equity,001450,현대해상,91,2520700,91.0,2520700.0,27700.0
2ETF01,2025-10-16,2025-10-15,20251016,2026.10.01 15:30:00,raw/2ETF01_2025-10-16.json,cc71a6edd02ed1d5ad4b36175956a709af5c9c6bda7c93193dfae91d441d2c1b,equity,001680,대상,29,616250,29.0,616250.0,21250.0
2ETF01,2025-10-16,2025-10-15,20251016,2026.10.01 15:30:00,raw/2ETF01_2025-10-16.json,cc71a6edd02ed1d5ad4b36175956a709af5c9c6bda7c93193dfae91d441d2c1b,equity,001800,오리온홀딩스,31,609770,31.0,609770.0,19670.0
2ETF01,2025-10-16,2025-10-15,20251016,2026.10.01 15:30:00,raw/2ETF01_2025-10-16.json,cc71a6edd02ed1d5ad4b36175956a709af5c9c6bda7c93193dfae91d441d2c1b,equity,002380,KCC,6,2325000,6.0,2325000.0,387500.0
2ETF01,2025-10-16,2025-10-15,20251016,2026.10.01 15:30:00,raw/2ETF01_2025-10-16.json,cc71a6edd02ed1d5ad4b36175956a709af5c9c6bda7c93193dfae91d441d2c1b,equity,002710,TCC스틸,27,464130,27.0,464130.0,17190.0
2ETF01,2025-10-16,2025-10-15,20251016,2026.10.01 15:30:00,raw/2ETF01_2025-10-16.json,cc71a6edd02ed1d5ad4b36175956a709af5c9c6bda7c93193dfae91d441d2c1b,equity,002790,아모레퍼시픽홀딩스,39,1006200,39.0,1006200.0,25800.0
2ETF01,2025-10-16,2025-10-15,20251016,2026.10.01 15:30:00,raw/2ETF01_2025-10-16.json,cc71a6edd02ed1d5ad4b36175956a709af5c9c6bda7c93193dfae91d441d2c1b,equity,002840,미원상사,2,312000,2.0,312000.0,156000.0
2ETF01,2025-10-16,2025-10-15,20251016,2026.10.01 15:30:00,raw/2ETF01_2025-10-16.json,cc71a6edd02ed1d5ad4b36175956a709af5c9c6bda7c93193dfae91d441d2c1b,equity,003030,세아제강지주,2,285800,2.0,285800.0,142900.0
2ETF01,2025-10-16,2025-10-15,20251016,2026.10.01 15:30:00,raw/2ETF01_2025-10-16.json,cc71a6edd02ed1d5ad4b36175956a709af5c9c6bda7c93193dfae91d441d2c1b,equity,003090,대웅,29,636550,29.0,636550.0,21950.0
2ETF01,2025-10-16,2025-10-15,20251016,2026.10.01 15:30:00,raw/2ETF01_2025-10-16.json,cc71a6edd02ed1d5ad4b36175956a709af5c9c6bda7c93193dfae91d441d2c1b,equity,003230,삼양식품,6,8526000,6.0,8526000.0,1421000.0
2ETF01,2025-10-16,2025-10-15,20251016,2026.10.01 15:30:00,raw/2ETF01_2025-10-16.json,cc71a6edd02ed1d5ad4b36175956a709af5c9c6bda7c93193dfae91d441d2c1b,equity,003240,태광산업,1,836000,1.0,836000.0,836000.0
2ETF01,2025-10-16,2025-10-15,20251016,2026.10.01 15:30:00,raw/2ETF01_2025-10-16.json,cc71a6edd02ed1d5ad4b36175956a709af5c9c6bda7c93193dfae91d441d2c1b,equity,003490,대한항공,385,8489250,385.0,8489250.0,22050.0
2ETF01,2025-10-16,2025-10-15,20251016,2026.10.01 15:30:00,raw/2ETF01_2025-10-16.json,cc71a6edd02ed1d5ad4b36175956a709af5c9c6bda7c93193dfae91d441d2c1b,equity,003550,LG,141,10236600,141.0,10236600.0,72600.0
2ETF01,2025-10-16,2025-10-15,20251016,2026.10.01 15:30:00,raw/2ETF01_2025-10-16.json,cc71a6edd02ed1d5ad4b36175956a709af5c9c6bda7c93193dfae91d441d2c1b,equity,003620,KG모빌리티,135,444825,135.0,444825.0,3295.0
2ETF01,2025-10-16,2025-10-15,20251016,2026.10.01 15:30:00,raw/2ETF01_2025-10-16.json,cc71a6edd02ed1d5ad4b36175956a709af5c9c6bda7c93193dfae91d441d2c1b,equity,003670,포스코퓨처엠,47,8187400,47.0,8187400.0,174200.0
2ETF01,2025-10-16,2025-10-15,20251016,2026.10.01 15:30:00,raw/2ETF01_2025-10-16.json,cc71a6edd02ed1d5ad4b36175956a709af5c9c6bda7c93193dfae91d441d2c1b,equity,004000,롯데정밀화학,22,1012000,22.0,1012000.0,46000.0
2ETF01,2025-10-16,2025-10-15,20251016,2026.10.01 15:30:00,raw/2ETF01_2025-10-16.json,cc71a6edd02ed1d5ad4b36175956a709af5c9c6bda7c93193dfae91d441d2c1b,equity,004020,현대제철,127,4178300,127.0,4178300.0,32900.0
2ETF01,2025-10-16,2025-10-15,20251016,2026.10.01 15:30:00,raw/2ETF01_2025-10-16.json,cc71a6edd02ed1d5ad4b36175956a709af5c9c6bda7c93193dfae91d441d2c1b,equity,004170,신세계,10,1745000,10.0,1745000.0,174500.0
2ETF01,2025-10-16,2025-10-15,20251016,2026.10.01 15:30:00,raw/2ETF01_2025-10-16.json,cc71a6edd02ed1d5ad4b36175956a709af5c9c6bda7c93193dfae91d441d2c1b,equity,004370,농심,5,2162500,5.0,2162500.0,432500.0
2ETF01,2025-10-16,2025-10-15,20251016,2026.10.01 15:30:00,raw/2ETF01_2025-10-16.json,cc71a6edd02ed1d5ad4b36175956a709af5c9c6bda7c93193dfae91d441d2c1b,equity,004490,세방전지,12,754800,12.0,754800.0,62900.0
2ETF01,2025-10-16,2025-10-15,20251016,2026.10.01 15:30:00,raw/2ETF01_2025-10-16.json,cc71a6edd02ed1d5ad4b36175956a709af5c9c6bda7c93193dfae91d441d2c1b,equity,004990,롯데지주,45,1282500,45.0,1282500.0,28500.0
2ETF01,2025-10-16,2025-10-15,20251016,2026.10.01 15:30:00,raw/2ETF01_2025-10-16.json,cc71a6edd02ed1d5ad4b36175956a709af5c9c6bda7c93193dfae91d441d2c1b,equity,005250,녹십자홀딩스,33,512490,33.0,512490.0,15530.0
2ETF01,2025-10-16,2025-10-15,20251016,2026.10.01 15:30:00,raw/2ETF01_2025-10-16.json,cc71a6edd02ed1d5ad4b36175956a709af5c9c6bda7c93193dfae91d441d2c1b,equity,005300,롯데칠성,5,568500,5.0,568500.0,113700.0
2ETF01,2025-10-16,2025-10-15,20251016,2026.10.01 15:30:00,raw/2ETF01_2025-10-16.json,cc71a6edd02ed1d5ad4b36175956a709af5c9c6bda7c93193dfae91d441d2c1b,equity,005380,현대차,205,45817500,205.0,45817500.0,223500.0
2ETF01,2025-10-16,2025-10-15,20251016,2026.10.01 15:30:00,raw/2ETF01_2025-10-16.json,cc71a6edd02ed1d5ad4b36175956a709af5c9c6bda7c93193dfae91d441d2c1b,equity,005420,코스모화학,38,613320,38.0,613320.0,16140.0
2ETF01,2025-10-16,2025-10-15,20251016,2026.10.01 15:30:00,raw/2ETF01_2025-10-16.json,cc71a6edd02ed1d5ad4b36175956a709af5c9c6bda7c93193dfae91d441d2c1b,equity,005490,POSCO홀딩스,104,28964000,104.0,28964000.0,278500.0
2ETF01,2025-10-16,2025-10-15,20251016,2026.10.01 15:30:00,raw/2ETF01_2025-10-16.json,cc71a6edd02ed1d5ad4b36175956a709af5c9c6bda7c93193dfae91d441d2c1b,equity,005830,DB손해보험,67,8951200,67.0,8951200.0,133600.0
2ETF01,2025-10-16,2025-10-15,20251016,2026.10.01 15:30:00,raw/2ETF01_2025-10-16.json,cc71a6edd02ed1d5ad4b36175956a709af5c9c6bda7c93193dfae91d441d2c1b,equity,005850,에스엘,24,836400,24.0,836400.0,34850.0
2ETF01,2025-10-16,2025-10-15,20251016,2026.10.01 15:30:00,raw/2ETF01_2025-10-16.json,cc71a6edd02ed1d5ad4b36175956a709af5c9c6bda7c93193dfae91d441d2c1b,equity,005930,삼성전자,7098,674310000,7098.0,674310000.0,95000.0
2ETF01,2025-10-16,2025-10-15,20251016,2026.10.01 15:30:00,raw/2ETF01_2025-10-16.json,cc71a6edd02ed1d5ad4b36175956a709af5c9c6bda7c93193dfae91d441d2c1b,equity,005940,NH투자증권,221,4364750,221.0,4364750.0,19750.0
2ETF01,2025-10-16,2025-10-15,20251016,2026.10.01 15:30:00,raw/2ETF01_2025-10-16.json,cc71a6edd02ed1d5ad4b36175956a709af5c9c6bda7c93193dfae91d441d2c1b,equity,006040,동원산업,6,257400,6.0,257400.0,42900.0
2ETF01,2025-10-16,2025-10-15,20251016,2026.10.01 15:30:00,raw/2ETF01_2025-10-16.json,cc71a6edd02ed1d5ad4b36175956a709af5c9c6bda7c93193dfae91d441d2c1b,equity,006260,LS,26,4807400,26.0,4807400.0,184900.0
2ETF01,2025-10-16,2025-10-15,20251016,2026.10.01 15:30:00,raw/2ETF01_2025-10-16.json,cc71a6edd02ed1d5ad4b36175956a709af5c9c6bda7c93193dfae91d441d2c1b,equity,006280,녹십자,8,1044800,8.0,1044800.0,130600.0
2ETF01,2025-10-16,2025-10-15,20251016,2026.10.01 15:30:00,raw/2ETF01_2025-10-16.json,cc71a6edd02ed1d5ad4b36175956a709af5c9c6bda7c93193dfae91d441d2c1b,equity,006360,GS건설,97,1871130,97.0,1871130.0,19290.0
2ETF01,2025-10-16,2025-10-15,20251016,2026.10.01 15:30:00,raw/2ETF01_2025-10-16.json,cc71a6edd02ed1d5ad4b36175956a709af5c9c6bda7c93193dfae91d441d2c1b,equity,006400,삼성SDI,92,20378000,92.0,20378000.0,221500.0
2ETF01,2025-10-16,2025-10-15,20251016,2026.10.01 15:30:00,raw/2ETF01_2025-10-16.json,cc71a6edd02ed1d5ad4b36175956a709af5c9c6bda7c93193dfae91d441d2c1b,equity,006650,대한유화,5,545500,5.0,545500.0,109100.0
2ETF01,2025-10-16,2025-10-15,20251016,2026.10.01 15:30:00,raw/2ETF01_2025-10-16.json,cc71a6edd02ed1d5ad4b36175956a709af5c9c6bda7c93193dfae91d441d2c1b,equity,006800,미래에셋증권,415,8901750,415.0,8901750.0,21450.0
2ETF01,2025-10-16,2025-10-15,20251016,2026.10.01 15:30:00,raw/2ETF01_2025-10-16.json,cc71a6edd02ed1d5ad4b36175956a709af5c9c6bda7c93193dfae91d441d2c1b,equity,007070,GS리테일,51,835890,51.0,835890.0,16390.0
2ETF01,2025-10-16,2025-10-15,20251016,2026.10.01 15:30:00,raw/2ETF01_2025-10-16.json,cc71a6edd02ed1d5ad4b36175956a709af5c9c6bda7c93193dfae91d441d2c1b,equity,007310,오뚜기,2,786000,2.0,786000.0,393000.0
2ETF01,2025-10-16,2025-10-15,20251016,2026.10.01 15:30:00,raw/2ETF01_2025-10-16.json,cc71a6edd02ed1d5ad4b36175956a709af5c9c6bda7c93193dfae91d441d2c1b,equity,007340,DN오토모티브,31,730050,31.0,730050.0,23550.0
2ETF01,2025-10-16,2025-10-15,20251016,2026.10.01 15:30:00,raw/2ETF01_2025-10-16.json,cc71a6edd02ed1d5ad4b36175956a709af5c9c6bda7c93193dfae91d441d2c1b,equity,008730,율촌화학,16,496000,16.0,496000.0,31000.0
2ETF01,2025-10-16,2025-10-15,20251016,2026.10.01 15:30:00,raw/2ETF01_2025-10-16.json,cc71a6edd02ed1d5ad4b36175956a709af5c9c6bda7c93193dfae91d441d2c1b,equity,008770,호텔신라,46,2290800,46.0,2290800.0,49800.0
2ETF01,2025-10-16,2025-10-15,20251016,2026.10.01 15:30:00,raw/2ETF01_2025-10-16.json,cc71a6edd02ed1d5ad4b36175956a709af5c9c6bda7c93193dfae91d441d2c1b,equity,008930,한미사이언스,42,1543500,42.0,1543500.0,36750.0
2ETF01,2025-10-16,2025-10-15,20251016,2026.10.01 15:30:00,raw/2ETF01_2025-10-16.json,cc71a6edd02ed1d5ad4b36175956a709af5c9c6bda7c93193dfae91d441d2c1b,equity,009150,삼성전기,84,16800000,84.0,16800000.0,200000.0
2ETF01,2025-10-16,2025-10-15,20251016,2026.10.01 15:30:00,raw/2ETF01_2025-10-16.json,cc71a6edd02ed1d5ad4b36175956a709af5c9c6bda7c93193dfae91d441d2c1b,equity,009240,한샘,12,553800,12.0,553800.0,46150.0
2ETF01,2025-10-16,2025-10-15,20251016,2026.10.01 15:30:00,raw/2ETF01_2025-10-16.json,cc71a6edd02ed1d5ad4b36175956a709af5c9c6bda7c93193dfae91d441d2c1b,equity,009420,한올바이오파마,54,1868400,54.0,1868400.0,34600.0
2ETF01,2025-10-16,2025-10-15,20251016,2026.10.01 15:30:00,raw/2ETF01_2025-10-16.json,cc71a6edd02ed1d5ad4b36175956a709af5c9c6bda7c93193dfae91d441d2c1b,equity,009540,HD한국조선해양,71,30352500,71.0,30352500.0,427500.0
2ETF01,2025-10-16,2025-10-15,20251016,2026.10.01 15:30:00,raw/2ETF01_2025-10-16.json,cc71a6edd02ed1d5ad4b36175956a709af5c9c6bda7c93193dfae91d441d2c1b,equity,009830,한화솔루션,164,4756000,164.0,4756000.0,29000.0
2ETF01,2025-10-16,2025-10-15,20251016,2026.10.01 15:30:00,raw/2ETF01_2025-10-16.json,cc71a6edd02ed1d5ad4b36175956a709af5c9c6bda7c93193dfae91d441d2c1b,equity,009970,영원무역홀딩스,8,1073600,8.0,1073600.0,134200.0
2ETF01,2025-10-16,2025-10-15,20251016,2026.10.01 15:30:00,raw/2ETF01_2025-10-16.json,cc71a6edd02ed1d5ad4b36175956a709af5c9c6bda7c93193dfae91d441d2c1b,equity,010060,OCI홀딩스,20,1918000,20.0,1918000.0,95900.0
2ETF01,2025-10-16,2025-10-15,20251016,2026.10.01 15:30:00,raw/2ETF01_2025-10-16.json,cc71a6edd02ed1d5ad4b36175956a709af5c9c6bda7c93193dfae91d441d2c1b,equity,010120,LS ELECTRIC,24,7332000,24.0,7332000.0,305500.0
2ETF01,2025-10-16,2025-10-15,20251016,2026.10.01 15:30:00,raw/2ETF01_2025-10-16.json,cc71a6edd02ed1d5ad4b36175956a709af5c9c6bda7c93193dfae91d441d2c1b,equity,010130,고려아연,9,12474000,9.0,12474000.0,1386000.0
2ETF01,2025-10-16,2025-10-15,20251016,2026.10.01 15:30:00,raw/2ETF01_2025-10-16.json,cc71a6edd02ed1d5ad4b36175956a709af5c9c6bda7c93193dfae91d441d2c1b,equity,010140,삼성중공업,1000,21550000,1000.0,21550000.0,21550.0
2ETF01,2025-10-16,2025-10-15,20251016,2026.10.01 15:30:00,raw/2ETF01_2025-10-16.json,cc71a6edd02ed1d5ad4b36175956a709af5c9c6bda7c93193dfae91d441d2c1b,equity,010620,HD현대미포,34,6817000,34.0,6817000.0,200500.0
2ETF01,2025-10-16,2025-10-15,20251016,2026.10.01 15:30:00,raw/2ETF01_2025-10-16.json,cc71a6edd02ed1d5ad4b36175956a709af5c9c6bda7c93193dfae91d441d2c1b,equity,010950,S-Oil,63,4126500,63.0,4126500.0,65500.0
2ETF01,2025-10-16,2025-10-15,20251016,2026.10.01 15:30:00,raw/2ETF01_2025-10-16.json,cc71a6edd02ed1d5ad4b36175956a709af5c9c6bda7c93193dfae91d441d2c1b,equity,011070,LG이노텍,22,4316400,22.0,4316400.0,196200.0
2ETF01,2025-10-16,2025-10-15,20251016,2026.10.01 15:30:00,raw/2ETF01_2025-10-16.json,cc71a6edd02ed1d5ad4b36175956a709af5c9c6bda7c93193dfae91d441d2c1b,equity,011170,롯데케미칼,27,1852200,27.0,1852200.0,68600.0
2ETF01,2025-10-16,2025-10-15,20251016,2026.10.01 15:30:00,raw/2ETF01_2025-10-16.json,cc71a6edd02ed1d5ad4b36175956a709af5c9c6bda7c93193dfae91d441d2c1b,equity,011200,HMM,513,10439550,513.0,10439550.0,20350.0
2ETF01,2025-10-16,2025-10-15,20251016,2026.10.01 15:30:00,raw/2ETF01_2025-10-16.json,cc71a6edd02ed1d5ad4b36175956a709af5c9c6bda7c93193dfae91d441d2c1b,equity,011210,현대위아,23,1137350,23.0,1137350.0,49450.0
2ETF01,2025-10-16,2025-10-15,20251016,2026.10.01 15:30:00,raw/2ETF01_2025-10-16.json,cc71a6edd02ed1d5ad4b36175956a709af5c9c6bda7c93193dfae91d441d2c1b,equity,011780,금호석유화학,23,2518500,23.0,2518500.0,109500.0
2ETF01,2025-10-16,2025-10-15,20251016,2026.10.01 15:30:00,raw/2ETF01_2025-10-16.json,cc71a6edd02ed1d5ad4b36175956a709af5c9c6bda7c93193dfae91d441d2c1b,equity,011790,SKC,30,3195000,30.0,3195000.0,106500.0
2ETF01,2025-10-16,2025-10-15,20251016,2026.10.01 15:30:00,raw/2ETF01_2025-10-16.json,cc71a6edd02ed1d5ad4b36175956a709af5c9c6bda7c93193dfae91d441d2c1b,equity,012330,현대모비스,95,28547500,95.0,28547500.0,300500.0
2ETF01,2025-10-16,2025-10-15,20251016,2026.10.01 15:30:00,raw/2ETF01_2025-10-16.json,cc71a6edd02ed1d5ad4b36175956a709af5c9c6bda7c93193dfae91d441d2c1b,equity,012450,한화에어로스페이스,53,50562000,53.0,50562000.0,954000.0
2ETF01,2025-10-16,2025-10-15,20251016,2026.10.01 15:30:00,raw/2ETF01_2025-10-16.json,cc71a6edd02ed1d5ad4b36175956a709af5c9c6bda7c93193dfae91d441d2c1b,equity,012630,HDC,39,705120,39.0,705120.0,18080.0
2ETF01,2025-10-16,2025-10-15,20251016,2026.10.01 15:30:00,raw/2ETF01_2025-10-16.json,cc71a6edd02ed1d5ad4b36175956a709af5c9c6bda7c93193dfae91d441d2c1b,equity,012750,에스원,37,2830500,37.0,2830500.0,76500.0
2ETF01,2025-10-16,2025-10-15,20251016,2026.10.01 15:30:00,raw/2ETF01_2025-10-16.json,cc71a6edd02ed1d5ad4b36175956a709af5c9c6bda7c93193dfae91d441d2c1b,equity,014680,한솔케미칼,13,2775500,13.0,2775500.0,213500.0
2ETF01,2025-10-16,2025-10-15,20251016,2026.10.01 15:30:00,raw/2ETF01_2025-10-16.json,cc71a6edd02ed1d5ad4b36175956a709af5c9c6bda7c93193dfae91d441d2c1b,equity,014820,동원시스템즈,8,223200,8.0,223200.0,27900.0
2ETF01,2025-10-16,2025-10-15,20251016,2026.10.01 15:30:00,raw/2ETF01_2025-10-16.json,cc71a6edd02ed1d5ad4b36175956a709af5c9c6bda7c93193dfae91d441d2c1b,equity,015760,한국전력,477,18769950,477.0,18769950.0,39350.0
2ETF01,2025-10-16,2025-10-15,20251016,2026.10.01 15:30:00,raw/2ETF01_2025-10-16.json,cc71a6edd02ed1d5ad4b36175956a709af5c9c6bda7c93193dfae91d441d2c1b,equity,016360,삼성증권,92,6890800,92.0,6890800.0,74900.0
2ETF01,2025-10-16,2025-10-15,20251016,2026.10.01 15:30:00,raw/2ETF01_2025-10-16.json,cc71a6edd02ed1d5ad4b36175956a709af5c9c6bda7c93193dfae91d441d2c1b,equity,017670,SK텔레콤,225,12172500,225.0,12172500.0,54100.0
2ETF01,2025-10-16,2025-10-15,20251016,2026.10.01 15:30:00,raw/2ETF01_2025-10-16.json,cc71a6edd02ed1d5ad4b36175956a709af5c9c6bda7c93193dfae91d441d2c1b,equity,017800,현대엘리베이터,39,3221400,39.0,3221400.0,82600.0
2ETF01,2025-10-16,2025-10-15,20251016,2026.10.01 15:30:00,raw/2ETF01_2025-10-16.json,cc71a6edd02ed1d5ad4b36175956a709af5c9c6bda7c93193dfae91d441d2c1b,equity,017960,한국카본,49,1884050,49.0,1884050.0,38450.0
2ETF01,2025-10-16,2025-10-15,20251016,2026.10.01 15:30:00,raw/2ETF01_2025-10-16.json,cc71a6edd02ed1d5ad4b36175956a709af5c9c6bda7c93193dfae91d441d2c1b,equity,018260,삼성에스디에스,57,9410700,57.0,9410700.0,165100.0
2ETF01,2025-10-16,2025-10-15,20251016,2026.10.01 15:30:00,raw/2ETF01_2025-10-16.json,cc71a6edd02ed1d5ad4b36175956a709af5c9c6bda7c93193dfae91d441d2c1b,equity,018880,한온시스템,247,779285,247.0,779285.0,3155.0
2ETF01,2025-10-16,2025-10-15,20251016,2026.10.01 15:30:00,raw/2ETF01_2025-10-16.json,cc71a6edd02ed1d5ad4b36175956a709af5c9c6bda7c93193dfae91d441d2c1b,equity,021240,코웨이,83,7768800,83.0,7768800.0,93600.0
2ETF01,2025-10-16,2025-10-15,20251016,2026.10.01 15:30:00,raw/2ETF01_2025-10-16.json,cc71a6edd02ed1d5ad4b36175956a709af5c9c6bda7c93193dfae91d441d2c1b,equity,022100,포스코DX,76,1668200,76.0,1668200.0,21950.0
2ETF01,2025-10-16,2025-10-15,20251016,2026.10.01 15:30:00,raw/2ETF01_2025-10-16.json,cc71a6edd02ed1d5ad4b36175956a709af5c9c6bda7c93193dfae91d441d2c1b,equity,023530,롯데쇼핑,15,1005000,15.0,1005000.0,67000.0
2ETF01,2025-10-16,2025-10-15,20251016,2026.10.01 15:30:00,raw/2ETF01_2025-10-16.json,cc71a6edd02ed1d5ad4b36175956a709af5c9c6bda7c93193dfae91d441d2c1b,equity,024110,기업은행,411,7858320,411.0,7858320.0,19120.0
2ETF01,2025-10-16,2025-10-15,20251016,2026.10.01 15:30:00,raw/2ETF01_2025-10-16.json,cc71a6edd02ed1d5ad4b36175956a709af5c9c6bda7c93193dfae91d441d2c1b,equity,026960,동서,47,1252550,47.0,1252550.0,26650.0
2ETF01,2025-10-16,2025-10-15,20251016,2026.10.01 15:30:00,raw/2ETF01_2025-10-16.json,cc71a6edd02ed1d5ad4b36175956a709af5c9c6bda7c93193dfae91d441d2c1b,equity,028050,삼성E&A,238,6735400,238.0,6735400.0,28300.0
2ETF01,2025-10-16,2025-10-15,20251016,2026.10.01 15:30:00,raw/2ETF01_2025-10-16.json,cc71a6edd02ed1d5ad4b36175956a709af5c9c6bda7c93193dfae91d441d2c1b,equity,028260,삼성물산,152,31312000,152.0,31312000.0,206000.0
2ETF01,2025-10-16,2025-10-15,20251016,2026.10.01 15:30:00,raw/2ETF01_2025-10-16.json,cc71a6edd02ed1d5ad4b36175956a709af5c9c6bda7c93193dfae91d441d2c1b,equity,028670,팬오션,340,1256300,340.0,1256300.0,3695.0
2ETF01,2025-10-16,2025-10-15,20251016,2026.10.01 15:30:00,raw/2ETF01_2025-10-16.json,cc71a6edd02ed1d5ad4b36175956a709af5c9c6bda7c93193dfae91d441d2c1b,equity,029780,삼성카드,40,1972000,40.0,1972000.0,49300.0
2ETF01,2025-10-16,2025-10-15,20251016,2026.10.01 15:30:00,raw/2ETF01_2025-10-16.json,cc71a6edd02ed1d5ad4b36175956a709af5c9c6bda7c93193dfae91d441d2c1b,equity,030000,제일기획,105,2121000,105.0,2121000.0,20200.0
2ETF01,2025-10-16,2025-10-15,20251016,2026.10.01 15:30:00,raw/2ETF01_2025-10-16.json,cc71a6edd02ed1d5ad4b36175956a709af5c9c6bda7c93193dfae91d441d2c1b,equity,030200,KT,332,16384200,332.0,16384200.0,49350.0
2ETF01,2025-10-16,2025-10-15,20251016,2026.10.01 15:30:00,raw/2ETF01_2025-10-16.json,cc71a6edd02ed1d5ad4b36175956a709af5c9c6bda7c93193dfae91d441d2c1b,equity,032640,LG유플러스,417,6325890,417.0,6325890.0,15170.0
2ETF01,2025-10-16,2025-10-15,20251016,2026.10.01 15:30:00,raw/2ETF01_2025-10-16.json,cc71a6edd02ed1d5ad4b36175956a709af5c9c6bda7c93193dfae91d441d2c1b,equity,032830,삼성생명,127,20599400,127.0,20599400.0,162200.0
2ETF01,2025-10-16,2025-10-15,20251016,2026.10.01 15:30:00,raw/2ETF01_2025-10-16.json,cc71a6edd02ed1d5ad4b36175956a709af5c9c6bda7c93193dfae91d441d2c1b,equity,033780,KT&G,141,19246500,141.0,19246500.0,136500.0
2ETF01,2025-10-16,2025-10-15,20251016,2026.10.01 15:30:00,raw/2ETF01_2025-10-16.json,cc71a6edd02ed1d5ad4b36175956a709af5c9c6bda7c93193dfae91d441d2c1b,equity,034020,두산에너빌리티,650,53885000,650.0,53885000.0,82900.0
2ETF01,2025-10-16,2025-10-15,20251016,2026.10.01 15:30:00,raw/2ETF01_2025-10-16.json,cc71a6edd02ed1d5ad4b36175956a709af5c9c6bda7c93193dfae91d441d2c1b,equity,034220,LG디스플레이,439,6361110,439.0,6361110.0,14490.0
2ETF01,2025-10-16,2025-10-15,20251016,2026.10.01 15:30:00,raw/2ETF01_2025-10-16.json,cc71a6edd02ed1d5ad4b36175956a709af5c9c6bda7c93193dfae91d441d2c1b,equity,034730,SK,54,12501000,54.0,12501000.0,231500.0
2ETF01,2025-10-16,2025-10-15,20251016,2026.10.01 15:30:00,raw/2ETF01_2025-10-16.json,cc71a6edd02ed1d5ad4b36175956a709af5c9c6bda7c93193dfae91d441d2c1b,equity,035250,강원랜드,172,3034080,172.0,3034080.0,17640.0
2ETF01,2025-10-16,2025-10-15,20251016,2026.10.01 15:30:00,raw/2ETF01_2025-10-16.json,cc71a6edd02ed1d5ad4b36175956a709af5c9c6bda7c93193dfae91d441d2c1b,equity,035420,NAVER,197,50924500,197.0,50924500.0,258500.0
2ETF01,2025-10-16,2025-10-15,20251016,2026.10.01 15:30:00,raw/2ETF01_2025-10-16.json,cc71a6edd02ed1d5ad4b36175956a709af5c9c6bda7c93193dfae91d441d2c1b,equity,035720,카카오,509,30132800,509.0,30132800.0,59200.0
2ETF01,2025-10-16,2025-10-15,20251016,2026.10.01 15:30:00,raw/2ETF01_2025-10-16.json,cc71a6edd02ed1d5ad4b36175956a709af5c9c6bda7c93193dfae91d441d2c1b,equity,036460,한국가스공사,49,1979600,49.0,1979600.0,40400.0
2ETF01,2025-10-16,2025-10-15,20251016,2026.10.01 15:30:00,raw/2ETF01_2025-10-16.json,cc71a6edd02ed1d5ad4b36175956a709af5c9c6bda7c93193dfae91d441d2c1b,equity,036570,엔씨소프트,26,5369000,26.0,5369000.0,206500.0
2ETF01,2025-10-16,2025-10-15,20251016,2026.10.01 15:30:00,raw/2ETF01_2025-10-16.json,cc71a6edd02ed1d5ad4b36175956a709af5c9c6bda7c93193dfae91d441d2c1b,equity,039130,하나투어,16,766400,16.0,766400.0,47900.0
2ETF01,2025-10-16,2025-10-15,20251016,2026.10.01 15:30:00,raw/2ETF01_2025-10-16.json,cc71a6edd02ed1d5ad4b36175956a709af5c9c6bda7c93193dfae91d441d2c1b,equity,039490,키움증권,21,5292000,21.0,5292000.0,252000.0
2ETF01,2025-10-16,2025-10-15,20251016,2026.10.01 15:30:00,raw/2ETF01_2025-10-16.json,cc71a6edd02ed1d5ad4b36175956a709af5c9c6bda7c93193dfae91d441d2c1b,equity,042660,한화오션,172,18077200,172.0,18077200.0,105100.0
2ETF01,2025-10-16,2025-10-15,20251016,2026.10.01 15:30:00,raw/2ETF01_2025-10-16.json,cc71a6edd02ed1d5ad4b36175956a709af5c9c6bda7c93193dfae91d441d2c1b,equity,042670,HD현대인프라코어,196,2971360,196.0,2971360.0,15160.0
2ETF01,2025-10-16,2025-10-15,20251016,2026.10.01 15:30:00,raw/2ETF01_2025-10-16.json,cc71a6edd02ed1d5ad4b36175956a709af5c9c6bda7c93193dfae91d441d2c1b,equity,042700,한미반도체,64,9088000,64.0,9088000.0,142000.0
2ETF01,2025-10-16,2025-10-15,20251016,2026.10.01 15:30:00,raw/2ETF01_2025-10-16.json,cc71a6edd02ed1d5ad4b36175956a709af5c9c6bda7c93193dfae91d441d2c1b,equity,047040,대우건설,302,1126460,302.0,1126460.0,3730.0
2ETF01,2025-10-16,2025-10-15,20251016,2026.10.01 15:30:00,raw/2ETF01_2025-10-16.json,cc71a6edd02ed1d5ad4b36175956a709af5c9c6bda7c93193dfae91d441d2c1b,equity,047050,포스코인터내셔널,69,3484500,69.0,3484500.0,50500.0
2ETF01,2025-10-16,2025-10-15,20251016,2026.10.01 15:30:00,raw/2ETF01_2025-10-16.json,cc71a6edd02ed1d5ad4b36175956a709af5c9c6bda7c93193dfae91d441d2c1b,equity,047810,한국항공우주,106,10600000,106.0,10600000.0,100000.0
2ETF01,2025-10-16,2025-10-15,20251016,2026.10.01 15:30:00,raw/2ETF01_2025-10-16.json,cc71a6edd02ed1d5ad4b36175956a709af5c9c6bda7c93193dfae91d441d2c1b,equity,051600,한전KPS,33,1641750,33.0,1641750.0,49750.0
2ETF01,2025-10-16,2025-10-15,20251016,2026.10.01 15:30:00,raw/2ETF01_2025-10-16.json,cc71a6edd02ed1d5ad4b36175956a709af5c9c6bda7c93193dfae91d441d2c1b,equity,051900,LG생활건강,14,3948000,14.0,3948000.0,282000.0
2ETF01,2025-10-16,2025-10-15,20251016,2026.10.01 15:30:00,raw/2ETF01_2025-10-16.json,cc71a6edd02ed1d5ad4b36175956a709af5c9c6bda7c93193dfae91d441d2c1b,equity,051910,LG화학,70,20580000,70.0,20580000.0,294000.0
2ETF01,2025-10-16,2025-10-15,20251016,2026.10.01 15:30:00,raw/2ETF01_2025-10-16.json,cc71a6edd02ed1d5ad4b36175956a709af5c9c6bda7c93193dfae91d441d2c1b,equity,052690,한전기술,28,2707600,28.0,2707600.0,96700.0
2ETF01,2025-10-16,2025-10-15,20251016,2026.10.01 15:30:00,raw/2ETF01_2025-10-16.json,cc71a6edd02ed1d5ad4b36175956a709af5c9c6bda7c93193dfae91d441d2c1b,equity,055550,신한지주,633,45006300,633.0,45006300.0,71100.0
2ETF01,2025-10-16,2025-10-15,20251016,2026.10.01 15:30:00,raw/2ETF01_2025-10-16.json,cc71a6edd02ed1d5ad4b36175956a709af5c9c6bda7c93193dfae91d441d2c1b,equity,064350,현대로템,111,23698500,111.0,23698500.0,213500.0
2ETF01,2025-10-16,2025-10-15,20251016,2026.10.01 15:30:00,raw/2ETF01_2025-10-16.json,cc71a6edd02ed1d5ad4b36175956a709af5c9c6bda7c93193dfae91d441d2c1b,equity,066570,LG전자,164,13825200,164.0,13825200.0,84300.0
2ETF01,2025-10-16,2025-10-15,20251016,2026.10.01 15:30:00,raw/2ETF01_2025-10-16.json,cc71a6edd02ed1d5ad4b36175956a709af5c9c6bda7c93193dfae91d441d2c1b,equity,066970,엘앤에프,38,3135000,38.0,3135000.0,82500.0
2ETF01,2025-10-16,2025-10-15,20251016,2026.10.01 15:30:00,raw/2ETF01_2025-10-16.json,cc71a6edd02ed1d5ad4b36175956a709af5c9c6bda7c93193dfae91d441d2c1b,equity,068270,셀트리온,234,40060800,234.0,40060800.0,171200.0
2ETF01,2025-10-16,2025-10-15,20251016,2026.10.01 15:30:00,raw/2ETF01_2025-10-16.json,cc71a6edd02ed1d5ad4b36175956a709af5c9c6bda7c93193dfae91d441d2c1b,equity,069260,TKG휴켐스,33,594660,33.0,594660.0,18020.0
2ETF01,2025-10-16,2025-10-15,20251016,2026.10.01 15:30:00,raw/2ETF01_2025-10-16.json,cc71a6edd02ed1d5ad4b36175956a709af5c9c6bda7c93193dfae91d441d2c1b,equity,069620,대웅제약,7,944300,7.0,944300.0,134900.0
2ETF01,2025-10-16,2025-10-15,20251016,2026.10.01 15:30:00,raw/2ETF01_2025-10-16.json,cc71a6edd02ed1d5ad4b36175956a709af5c9c6bda7c93193dfae91d441d2c1b,equity,069960,현대백화점,21,1696800,21.0,1696800.0,80800.0
2ETF01,2025-10-16,2025-10-15,20251016,2026.10.01 15:30:00,raw/2ETF01_2025-10-16.json,cc71a6edd02ed1d5ad4b36175956a709af5c9c6bda7c93193dfae91d441d2c1b,equity,071050,한국금융지주,62,9194600,62.0,9194600.0,148300.0
2ETF01,2025-10-16,2025-10-15,20251016,2026.10.01 15:30:00,raw/2ETF01_2025-10-16.json,cc71a6edd02ed1d5ad4b36175956a709af5c9c6bda7c93193dfae91d441d2c1b,equity,071320,지역난방공사,4,343600,4.0,343600.0,85900.0
2ETF01,2025-10-16,2025-10-15,20251016,2026.10.01 15:30:00,raw/2ETF01_2025-10-16.json,cc71a6edd02ed1d5ad4b36175956a709af5c9c6bda7c93193dfae91d441d2c1b,equity,073240,금호타이어,239,1061160,239.0,1061160.0,4440.0
2ETF01,2025-10-16,2025-10-15,20251016,2026.10.01 15:30:00,raw/2ETF01_2025-10-16.json,cc71a6edd02ed1d5ad4b36175956a709af5c9c6bda7c93193dfae91d441d2c1b,equity,078930,GS,68,3080400,68.0,3080400.0,45300.0
2ETF01,2025-10-16,2025-10-15,20251016,2026.10.01 15:30:00,raw/2ETF01_2025-10-16.json,cc71a6edd02ed1d5ad4b36175956a709af5c9c6bda7c93193dfae91d441d2c1b,equity,079550,LIG넥스원,20,9140000,20.0,9140000.0,457000.0
2ETF01,2025-10-16,2025-10-15,20251016,2026.10.01 15:30:00,raw/2ETF01_2025-10-16.json,cc71a6edd02ed1d5ad4b36175956a709af5c9c6bda7c93193dfae91d441d2c1b,equity,081660,미스토홀딩스,52,1968200,52.0,1968200.0,37850.0
2ETF01,2025-10-16,2025-10-15,20251016,2026.10.01 15:30:00,raw/2ETF01_2025-10-16.json,cc71a6edd02ed1d5ad4b36175956a709af5c9c6bda7c93193dfae91d441d2c1b,equity,086280,현대글로비스,56,9111200,56.0,9111200.0,162700.0
2ETF01,2025-10-16,2025-10-15,20251016,2026.10.01 15:30:00,raw/2ETF01_2025-10-16.json,cc71a6edd02ed1d5ad4b36175956a709af5c9c6bda7c93193dfae91d441d2c1b,equity,086790,하나금융지주,381,32918400,381.0,32918400.0,86400.0
2ETF01,2025-10-16,2025-10-15,20251016,2026.10.01 15:30:00,raw/2ETF01_2025-10-16.json,cc71a6edd02ed1d5ad4b36175956a709af5c9c6bda7c93193dfae91d441d2c1b,equity,088350,한화생명,500,1590000,500.0,1590000.0,3180.0
2ETF01,2025-10-16,2025-10-15,20251016,2026.10.01 15:30:00,raw/2ETF01_2025-10-16.json,cc71a6edd02ed1d5ad4b36175956a709af5c9c6bda7c93193dfae91d441d2c1b,equity,090430,아모레퍼시픽,47,5494300,47.0,5494300.0,116900.0
2ETF01,2025-10-16,2025-10-15,20251016,2026.10.01 15:30:00,raw/2ETF01_2025-10-16.json,cc71a6edd02ed1d5ad4b36175956a709af5c9c6bda7c93193dfae91d441d2c1b,equity,093370,후성,83,507130,83.0,507130.0,6110.0
2ETF01,2025-10-16,2025-10-15,20251016,2026.10.01 15:30:00,raw/2ETF01_2025-10-16.json,cc71a6edd02ed1d5ad4b36175956a709af5c9c6bda7c93193dfae91d441d2c1b,equity,096770,SK이노베이션,113,12170100,113.0,12170100.0,107700.0
2ETF01,2025-10-16,2025-10-15,20251016,2026.10.01 15:30:00,raw/2ETF01_2025-10-16.json,cc71a6edd02ed1d5ad4b36175956a709af5c9c6bda7c93193dfae91d441d2c1b,equity,097950,CJ제일제당,12,2796000,12.0,2796000.0,233000.0
2ETF01,2025-10-16,2025-10-15,20251016,2026.10.01 15:30:00,raw/2ETF01_2025-10-16.json,cc71a6edd02ed1d5ad4b36175956a709af5c9c6bda7c93193dfae91d441d2c1b,equity,103140,풍산,25,3305000,25.0,3305000.0,132200.0
2ETF01,2025-10-16,2025-10-15,20251016,2026.10.01 15:30:00,raw/2ETF01_2025-10-16.json,cc71a6edd02ed1d5ad4b36175956a709af5c9c6bda7c93193dfae91d441d2c1b,equity,105560,KB금융,491,56808700,491.0,56808700.0,115700.0
2ETF01,2025-10-16,2025-10-15,20251016,2026.10.01 15:30:00,raw/2ETF01_2025-10-16.json,cc71a6edd02ed1d5ad4b36175956a709af5c9c6bda7c93193dfae91d441d2c1b,equity,111770,영원무역,33,2019600,33.0,2019600.0,61200.0
2ETF01,2025-10-16,2025-10-15,20251016,2026.10.01 15:30:00,raw/2ETF01_2025-10-16.json,cc71a6edd02ed1d5ad4b36175956a709af5c9c6bda7c93193dfae91d441d2c1b,equity,112610,씨에스윈드,36,1573200,36.0,1573200.0,43700.0
2ETF01,2025-10-16,2025-10-15,20251016,2026.10.01 15:30:00,raw/2ETF01_2025-10-16.json,cc71a6edd02ed1d5ad4b36175956a709af5c9c6bda7c93193dfae91d441d2c1b,equity,114090,GKL,46,729560,46.0,729560.0,15860.0
2ETF01,2025-10-16,2025-10-15,20251016,2026.10.01 15:30:00,raw/2ETF01_2025-10-16.json,cc71a6edd02ed1d5ad4b36175956a709af5c9c6bda7c93193dfae91d441d2c1b,equity,120110,코오롱인더,28,985600,28.0,985600.0,35200.0
2ETF01,2025-10-16,2025-10-15,20251016,2026.10.01 15:30:00,raw/2ETF01_2025-10-16.json,cc71a6edd02ed1d5ad4b36175956a709af5c9c6bda7c93193dfae91d441d2c1b,equity,128940,한미약품,10,3520000,10.0,3520000.0,352000.0
2ETF01,2025-10-16,2025-10-15,20251016,2026.10.01 15:30:00,raw/2ETF01_2025-10-16.json,cc71a6edd02ed1d5ad4b36175956a709af5c9c6bda7c93193dfae91d441d2c1b,equity,137310,에스디바이오센서,53,511450,53.0,511450.0,9650.0
2ETF01,2025-10-16,2025-10-15,20251016,2026.10.01 15:30:00,raw/2ETF01_2025-10-16.json,cc71a6edd02ed1d5ad4b36175956a709af5c9c6bda7c93193dfae91d441d2c1b,equity,138040,메리츠금융지주,117,13267800,117.0,13267800.0,113400.0
2ETF01,2025-10-16,2025-10-15,20251016,2026.10.01 15:30:00,raw/2ETF01_2025-10-16.json,cc71a6edd02ed1d5ad4b36175956a709af5c9c6bda7c93193dfae91d441d2c1b,equity,138930,BNK금융지주,391,5657770,391.0,5657770.0,14470.0
2ETF01,2025-10-16,2025-10-15,20251016,2026.10.01 15:30:00,raw/2ETF01_2025-10-16.json,cc71a6edd02ed1d5ad4b36175956a709af5c9c6bda7c93193dfae91d441d2c1b,equity,139130,iM금융지주,211,2903360,211.0,2903360.0,13760.0
2ETF01,2025-10-16,2025-10-15,20251016,2026.10.01 15:30:00,raw/2ETF01_2025-10-16.json,cc71a6edd02ed1d5ad4b36175956a709af5c9c6bda7c93193dfae91d441d2c1b,equity,139480,이마트,30,2226000,30.0,2226000.0,74200.0
2ETF01,2025-10-16,2025-10-15,20251016,2026.10.01 15:30:00,raw/2ETF01_2025-10-16.json,cc71a6edd02ed1d5ad4b36175956a709af5c9c6bda7c93193dfae91d441d2c1b,equity,145720,덴티움,10,548000,10.0,548000.0,54800.0
2ETF01,2025-10-16,2025-10-15,20251016,2026.10.01 15:30:00,raw/2ETF01_2025-10-16.json,cc71a6edd02ed1d5ad4b36175956a709af5c9c6bda7c93193dfae91d441d2c1b,equity,161390,한국타이어앤테크놀로지,109,4381800,109.0,4381800.0,40200.0
2ETF01,2025-10-16,2025-10-15,20251016,2026.10.01 15:30:00,raw/2ETF01_2025-10-16.json,cc71a6edd02ed1d5ad4b36175956a709af5c9c6bda7c93193dfae91d441d2c1b,equity,161890,한국콜마,26,1968200,26.0,1968200.0,75700.0
2ETF01,2025-10-16,2025-10-15,20251016,2026.10.01 15:30:00,raw/2ETF01_2025-10-16.json,cc71a6edd02ed1d5ad4b36175956a709af5c9c6bda7c93193dfae91d441d2c1b,equity,175330,JB금융지주,244,5563200,244.0,5563200.0,22800.0
2ETF01,2025-10-16,2025-10-15,20251016,2026.10.01 15:30:00,raw/2ETF01_2025-10-16.json,cc71a6edd02ed1d5ad4b36175956a709af5c9c6bda7c93193dfae91d441d2c1b,equity,180640,한진칼,71,6915400,71.0,6915400.0,97400.0
2ETF01,2025-10-16,2025-10-15,20251016,2026.10.01 15:30:00,raw/2ETF01_2025-10-16.json,cc71a6edd02ed1d5ad4b36175956a709af5c9c6bda7c93193dfae91d441d2c1b,equity,185750,종근당,12,976800,12.0,976800.0,81400.0
2ETF01,2025-10-16,2025-10-15,20251016,2026.10.01 15:30:00,raw/2ETF01_2025-10-16.json,cc71a6edd02ed1d5ad4b36175956a709af5c9c6bda7c93193dfae91d441d2c1b,equity,192080,더블유게임즈,16,806400,16.0,806400.0,50400.0
2ETF01,2025-10-16,2025-10-15,20251016,2026.10.01 15:30:00,raw/2ETF01_2025-10-16.json,cc71a6edd02ed1d5ad4b36175956a709af5c9c6bda7c93193dfae91d441d2c1b,equity,192820,코스맥스,12,2436000,12.0,2436000.0,203000.0
2ETF01,2025-10-16,2025-10-15,20251016,2026.10.01 15:30:00,raw/2ETF01_2025-10-16.json,cc71a6edd02ed1d5ad4b36175956a709af5c9c6bda7c93193dfae91d441d2c1b,equity,204320,HL만도,49,1621900,49.0,1621900.0,33100.0
2ETF01,2025-10-16,2025-10-15,20251016,2026.10.01 15:30:00,raw/2ETF01_2025-10-16.json,cc71a6edd02ed1d5ad4b36175956a709af5c9c6bda7c93193dfae91d441d2c1b,equity,207940,삼성바이오로직스,24,27048000,24.0,27048000.0,1127000.0
2ETF01,2025-10-16,2025-10-15,20251016,2026.10.01 15:30:00,raw/2ETF01_2025-10-16.json,cc71a6edd02ed1d5ad4b36175956a709af5c9c6bda7c93193dfae91d441d2c1b,equity,241560,두산밥캣,78,4524000,78.0,4524000.0,58000.0
2ETF01,2025-10-16,2025-10-15,20251016,2026.10.01 15:30:00,raw/2ETF01_2025-10-16.json,cc71a6edd02ed1d5ad4b36175956a709af5c9c6bda7c93193dfae91d441d2c1b,equity,251270,넷마블,48,2692800,48.0,2692800.0,56100.0
2ETF01,2025-10-16,2025-10-15,20251016,2026.10.01 15:30:00,raw/2ETF01_2025-10-16.json,cc71a6edd02ed1d5ad4b36175956a709af5c9c6bda7c93193dfae91d441d2c1b,equity,259960,크래프톤,44,12870000,44.0,12870000.0,292500.0
2ETF01,2025-10-16,2025-10-15,20251016,2026.10.01 15:30:00,raw/2ETF01_2025-10-16.json,cc71a6edd02ed1d5ad4b36175956a709af5c9c6bda7c93193dfae91d441d2c1b,equity,267250,HD현대,68,10669200,68.0,10669200.0,156900.0
2ETF01,2025-10-16,2025-10-15,20251016,2026.10.01 15:30:00,raw/2ETF01_2025-10-16.json,cc71a6edd02ed1d5ad4b36175956a709af5c9c6bda7c93193dfae91d441d2c1b,equity,267260,HD현대일렉트릭,34,22712000,34.0,22712000.0,668000.0
2ETF01,2025-10-16,2025-10-15,20251016,2026.10.01 15:30:00,raw/2ETF01_2025-10-16.json,cc71a6edd02ed1d5ad4b36175956a709af5c9c6bda7c93193dfae91d441d2c1b,equity,268280,미원에스씨,1,135800,1.0,135800.0,135800.0
2ETF01,2025-10-16,2025-10-15,20251016,2026.10.01 15:30:00,raw/2ETF01_2025-10-16.json,cc71a6edd02ed1d5ad4b36175956a709af5c9c6bda7c93193dfae91d441d2c1b,equity,271560,오리온,33,3336300,33.0,3336300.0,101100.0
2ETF01,2025-10-16,2025-10-15,20251016,2026.10.01 15:30:00,raw/2ETF01_2025-10-16.json,cc71a6edd02ed1d5ad4b36175956a709af5c9c6bda7c93193dfae91d441d2c1b,equity,272210,한화시스템,106,5660400,106.0,5660400.0,53400.0
2ETF01,2025-10-16,2025-10-15,20251016,2026.10.01 15:30:00,raw/2ETF01_2025-10-16.json,cc71a6edd02ed1d5ad4b36175956a709af5c9c6bda7c93193dfae91d441d2c1b,equity,278470,에이피알,37,9176000,37.0,9176000.0,248000.0
2ETF01,2025-10-16,2025-10-15,20251016,2026.10.01 15:30:00,raw/2ETF01_2025-10-16.json,cc71a6edd02ed1d5ad4b36175956a709af5c9c6bda7c93193dfae91d441d2c1b,equity,280360,롯데웰푸드,3,335400,3.0,335400.0,111800.0
2ETF01,2025-10-16,2025-10-15,20251016,2026.10.01 15:30:00,raw/2ETF01_2025-10-16.json,cc71a6edd02ed1d5ad4b36175956a709af5c9c6bda7c93193dfae91d441d2c1b,equity,282330,BGF리테일,12,1266000,12.0,1266000.0,105500.0
2ETF01,2025-10-16,2025-10-15,20251016,2026.10.01 15:30:00,raw/2ETF01_2025-10-16.json,cc71a6edd02ed1d5ad4b36175956a709af5c9c6bda7c93193dfae91d441d2c1b,equity,285130,SK케미칼,15,894000,15.0,894000.0,59600.0
2ETF01,2025-10-16,2025-10-15,20251016,2026.10.01 15:30:00,raw/2ETF01_2025-10-16.json,cc71a6edd02ed1d5ad4b36175956a709af5c9c6bda7c93193dfae91d441d2c1b,equity,298020,효성티앤씨,4,816000,4.0,816000.0,204000.0
2ETF01,2025-10-16,2025-10-15,20251016,2026.10.01 15:30:00,raw/2ETF01_2025-10-16.json,cc71a6edd02ed1d5ad4b36175956a709af5c9c6bda7c93193dfae91d441d2c1b,equity,298040,효성중공업,7,11480000,7.0,11480000.0,1640000.0
2ETF01,2025-10-16,2025-10-15,20251016,2026.10.01 15:30:00,raw/2ETF01_2025-10-16.json,cc71a6edd02ed1d5ad4b36175956a709af5c9c6bda7c93193dfae91d441d2c1b,equity,298050,HS효성첨단소재,4,721200,4.0,721200.0,180300.0
2ETF01,2025-10-16,2025-10-15,20251016,2026.10.01 15:30:00,raw/2ETF01_2025-10-16.json,cc71a6edd02ed1d5ad4b36175956a709af5c9c6bda7c93193dfae91d441d2c1b,equity,300720,한일시멘트,24,443520,24.0,443520.0,18480.0
2ETF01,2025-10-16,2025-10-15,20251016,2026.10.01 15:30:00,raw/2ETF01_2025-10-16.json,cc71a6edd02ed1d5ad4b36175956a709af5c9c6bda7c93193dfae91d441d2c1b,equity,302440,SK바이오사이언스,39,1801800,39.0,1801800.0,46200.0
2ETF01,2025-10-16,2025-10-15,20251016,2026.10.01 15:30:00,raw/2ETF01_2025-10-16.json,cc71a6edd02ed1d5ad4b36175956a709af5c9c6bda7c93193dfae91d441d2c1b,equity,316140,우리금융지주,1024,26163200,1024.0,26163200.0,25550.0
2ETF01,2025-10-16,2025-10-15,20251016,2026.10.01 15:30:00,raw/2ETF01_2025-10-16.json,cc71a6edd02ed1d5ad4b36175956a709af5c9c6bda7c93193dfae91d441d2c1b,equity,323410,카카오뱅크,513,11568150,513.0,11568150.0,22550.0
2ETF01,2025-10-16,2025-10-15,20251016,2026.10.01 15:30:00,raw/2ETF01_2025-10-16.json,cc71a6edd02ed1d5ad4b36175956a709af5c9c6bda7c93193dfae91d441d2c1b,equity,326030,SK바이오팜,42,4263000,42.0,4263000.0,101500.0
2ETF01,2025-10-16,2025-10-15,20251016,2026.10.01 15:30:00,raw/2ETF01_2025-10-16.json,cc71a6edd02ed1d5ad4b36175956a709af5c9c6bda7c93193dfae91d441d2c1b,equity,329180,HD현대중공업,34,17238000,34.0,17238000.0,507000.0
2ETF01,2025-10-16,2025-10-15,20251016,2026.10.01 15:30:00,raw/2ETF01_2025-10-16.json,cc71a6edd02ed1d5ad4b36175956a709af5c9c6bda7c93193dfae91d441d2c1b,equity,352820,하이브,32,8896000,32.0,8896000.0,278000.0
2ETF01,2025-10-16,2025-10-15,20251016,2026.10.01 15:30:00,raw/2ETF01_2025-10-16.json,cc71a6edd02ed1d5ad4b36175956a709af5c9c6bda7c93193dfae91d441d2c1b,equity,361610,SK아이이테크놀로지,44,1306800,44.0,1306800.0,29700.0
2ETF01,2025-10-16,2025-10-15,20251016,2026.10.01 15:30:00,raw/2ETF01_2025-10-16.json,cc71a6edd02ed1d5ad4b36175956a709af5c9c6bda7c93193dfae91d441d2c1b,equity,373220,LG에너지솔루션,53,20484500,53.0,20484500.0,386500.0
2ETF01,2025-10-16,2025-10-15,20251016,2026.10.01 15:30:00,raw/2ETF01_2025-10-16.json,cc71a6edd02ed1d5ad4b36175956a709af5c9c6bda7c93193dfae91d441d2c1b,equity,375500,DL이앤씨,45,1890000,45.0,1890000.0,42000.0
2ETF01,2025-10-16,2025-10-15,20251016,2026.10.01 15:30:00,raw/2ETF01_2025-10-16.json,cc71a6edd02ed1d5ad4b36175956a709af5c9c6bda7c93193dfae91d441d2c1b,equity,377300,카카오페이,43,2227400,43.0,2227400.0,51800.0
2ETF01,2025-10-16,2025-10-15,20251016,2026.10.01 15:30:00,raw/2ETF01_2025-10-16.json,cc71a6edd02ed1d5ad4b36175956a709af5c9c6bda7c93193dfae91d441d2c1b,equity,383220,F&F,21,1352400,21.0,1352400.0,64400.0
2ETF01,2025-10-16,2025-10-15,20251016,2026.10.01 15:30:00,raw/2ETF01_2025-10-16.json,cc71a6edd02ed1d5ad4b36175956a709af5c9c6bda7c93193dfae91d441d2c1b,equity,402340,SK스퀘어,139,33846500,139.0,33846500.0,243500.0
2ETF01,2025-10-16,2025-10-15,20251016,2026.10.01 15:30:00,raw/2ETF01_2025-10-16.json,cc71a6edd02ed1d5ad4b36175956a709af5c9c6bda7c93193dfae91d441d2c1b,equity,443060,HD현대마린솔루션,12,2808000,12.0,2808000.0,234000.0
2ETF01,2025-10-16,2025-10-15,20251016,2026.10.01 15:30:00,raw/2ETF01_2025-10-16.json,cc71a6edd02ed1d5ad4b36175956a709af5c9c6bda7c93193dfae91d441d2c1b,equity,450080,에코프로머티,38,1911400,38.0,1911400.0,50300.0
2ETF01,2025-10-16,2025-10-15,20251016,2026.10.01 15:30:00,raw/2ETF01_2025-10-16.json,cc71a6edd02ed1d5ad4b36175956a709af5c9c6bda7c93193dfae91d441d2c1b,equity,454910,두산로보틱스,29,2085100,29.0,2085100.0,71900.0
2ETF01,2025-10-16,2025-10-15,20251016,2026.10.01 15:30:00,raw/2ETF01_2025-10-16.json,cc71a6edd02ed1d5ad4b36175956a709af5c9c6bda7c93193dfae91d441d2c1b,equity,456040,OCI,7,411600,7.0,411600.0,58800.0
2ETF01,2025-10-16,2025-10-15,20251016,2026.10.01 15:30:00,raw/2ETF01_2025-10-16.json,cc71a6edd02ed1d5ad4b36175956a709af5c9c6bda7c93193dfae91d441d2c1b,equity,457190,이수스페셜티케미컬,31,1590300,31.0,1590300.0,51300.0
2ETF01,2025-10-16,2025-10-15,20251016,2026.10.01 15:30:00,raw/2ETF01_2025-10-16.json,cc71a6edd02ed1d5ad4b36175956a709af5c9c6bda7c93193dfae91d441d2c1b,equity,489790,한화비전,52,2750800,52.0,2750800.0,52900.0
2ETF07,2025-10-16,2025-10-15,20251016,2026.10.01 15:30:00,raw/2ETF07_2025-10-16.json,2ac1740661c1dc280e2db0a44733a923bd419e08564193ecae3f7351ca353ab3,cash,KRD010010001,원화예금,4763600,4763600,4763600.0,4763600.0,1.0
2ETF07,2025-10-16,2025-10-15,20251016,2026.10.01 15:30:00,raw/2ETF07_2025-10-16.json,2ac1740661c1dc280e2db0a44733a923bd419e08564193ecae3f7351ca353ab3,equity,000660,SK하이닉스,1369,578402500,1369.0,578402500.0,422500.0
2ETF07,2025-10-16,2025-10-15,20251016,2026.10.01 15:30:00,raw/2ETF07_2025-10-16.json,2ac1740661c1dc280e2db0a44733a923bd419e08564193ecae3f7351ca353ab3,equity,000990,DB하이텍,1278,75146400,1278.0,75146400.0,58800.0
2ETF07,2025-10-16,2025-10-15,20251016,2026.10.01 15:30:00,raw/2ETF07_2025-10-16.json,2ac1740661c1dc280e2db0a44733a923bd419e08564193ecae3f7351ca353ab3,equity,005930,삼성전자,5560,528200000,5560.0,528200000.0,95000.0
2ETF07,2025-10-16,2025-10-15,20251016,2026.10.01 15:30:00,raw/2ETF07_2025-10-16.json,2ac1740661c1dc280e2db0a44733a923bd419e08564193ecae3f7351ca353ab3,equity,031980,피에스케이홀딩스,293,15353200,293.0,15353200.0,52400.0
2ETF07,2025-10-16,2025-10-15,20251016,2026.10.01 15:30:00,raw/2ETF07_2025-10-16.json,2ac1740661c1dc280e2db0a44733a923bd419e08564193ecae3f7351ca353ab3,equity,036540,SFA반도체,3043,13906510,3043.0,13906510.0,4570.0
2ETF07,2025-10-16,2025-10-15,20251016,2026.10.01 15:30:00,raw/2ETF07_2025-10-16.json,2ac1740661c1dc280e2db0a44733a923bd419e08564193ecae3f7351ca353ab3,equity,036930,주성엔지니어링,1302,41403600,1302.0,41403600.0,31800.0
2ETF07,2025-10-16,2025-10-15,20251016,2026.10.01 15:30:00,raw/2ETF07_2025-10-16.json,2ac1740661c1dc280e2db0a44733a923bd419e08564193ecae3f7351ca353ab3,equity,039030,이오테크닉스,344,88236000,344.0,88236000.0,256500.0
2ETF07,2025-10-16,2025-10-15,20251016,2026.10.01 15:30:00,raw/2ETF07_2025-10-16.json,2ac1740661c1dc280e2db0a44733a923bd419e08564193ecae3f7351ca353ab3,equity,042700,한미반도체,1713,243246000,1713.0,243246000.0,142000.0
2ETF07,2025-10-16,2025-10-15,20251016,2026.10.01 15:30:00,raw/2ETF07_2025-10-16.json,2ac1740661c1dc280e2db0a44733a923bd419e08564193ecae3f7351ca353ab3,equity,058470,리노공업,2037,117942300,2037.0,117942300.0,57900.0
2ETF07,2025-10-16,2025-10-15,20251016,2026.10.01 15:30:00,raw/2ETF07_2025-10-16.json,2ac1740661c1dc280e2db0a44733a923bd419e08564193ecae3f7351ca353ab3,equity,064760,티씨케이,240,43320000,240.0,43320000.0,180500.0
2ETF07,2025-10-16,2025-10-15,20251016,2026.10.01 15:30:00,raw/2ETF07_2025-10-16.json,2ac1740661c1dc280e2db0a44733a923bd419e08564193ecae3f7351ca353ab3,equity,067310,하나마이크론,1962,51993000,1962.0,51993000.0,26500.0
2ETF07,2025-10-16,2025-10-15,20251016,2026.10.01 15:30:00,raw/2ETF07_2025-10-16.json,2ac1740661c1dc280e2db0a44733a923bd419e08564193ecae3f7351ca353ab3,equity,080220,제주반도체,1246,28097300,1246.0,28097300.0,22550.0
2ETF07,2025-10-16,2025-10-15,20251016,2026.10.01 15:30:00,raw/2ETF07_2025-10-16.json,2ac1740661c1dc280e2db0a44733a923bd419e08564193ecae3f7351ca353ab3,equity,082270,젬백스,1296,57931200,1296.0,57931200.0,44700.0
2ETF07,2025-10-16,2025-10-15,20251016,2026.10.01 15:30:00,raw/2ETF07_2025-10-16.json,2ac1740661c1dc280e2db0a44733a923bd419e08564193ecae3f7351ca353ab3,equity,084370,유진테크,565,44804500,565.0,44804500.0,79300.0
2ETF07,2025-10-16,2025-10-15,20251016,2026.10.01 15:30:00,raw/2ETF07_2025-10-16.json,2ac1740661c1dc280e2db0a44733a923bd419e08564193ecae3f7351ca353ab3,equity,089030,테크윙,1290,79335000,1290.0,79335000.0,61500.0
2ETF07,2025-10-16,2025-10-15,20251016,2026.10.01 15:30:00,raw/2ETF07_2025-10-16.json,2ac1740661c1dc280e2db0a44733a923bd419e08564193ecae3f7351ca353ab3,equity,095340,ISC,418,33690800,418.0,33690800.0,80600.0
2ETF07,2025-10-16,2025-10-15,20251016,2026.10.01 15:30:00,raw/2ETF07_2025-10-16.json,2ac1740661c1dc280e2db0a44733a923bd419e08564193ecae3f7351ca353ab3,equity,098460,고영,2117,34655290,2117.0,34655290.0,16370.0
2ETF07,2025-10-16,2025-10-15,20251016,2026.10.01 15:30:00,raw/2ETF07_2025-10-16.json,2ac1740661c1dc280e2db0a44733a923bd419e08564193ecae3f7351ca353ab3,equity,101490,에스앤에스텍,670,40267000,670.0,40267000.0,60100.0
2ETF07,2025-10-16,2025-10-15,20251016,2026.10.01 15:30:00,raw/2ETF07_2025-10-16.json,2ac1740661c1dc280e2db0a44733a923bd419e08564193ecae3f7351ca353ab3,equity,108320,LX세미콘,448,26476800,448.0,26476800.0,59100.0
2ETF07,2025-10-16,2025-10-15,20251016,2026.10.01 15:30:00,raw/2ETF07_2025-10-16.json,2ac1740661c1dc280e2db0a44733a923bd419e08564193ecae3f7351ca353ab3,equity,131970,두산테스나,485,26093000,485.0,26093000.0,53800.0
2ETF07,2025-10-16,2025-10-15,20251016,2026.10.01 15:30:00,raw/2ETF07_2025-10-16.json,2ac1740661c1dc280e2db0a44733a923bd419e08564193ecae3f7351ca353ab3,equity,161580,필옵틱스,693,27581400,693.0,27581400.0,39800.0
2ETF07,2025-10-16,2025-10-15,20251016,2026.10.01 15:30:00,raw/2ETF07_2025-10-16.json,2ac1740661c1dc280e2db0a44733a923bd419e08564193ecae3f7351ca353ab3,equity,166090,하나머티리얼즈,431,18145100,431.0,18145100.0,42100.0
2ETF07,2025-10-16,2025-10-15,20251016,2026.10.01 15:30:00,raw/2ETF07_2025-10-16.json,2ac1740661c1dc280e2db0a44733a923bd419e08564193ecae3f7351ca353ab3,equity,183300,코미코,245,28346500,245.0,28346500.0,115700.0
2ETF07,2025-10-16,2025-10-15,20251016,2026.10.01 15:30:00,raw/2ETF07_2025-10-16.json,2ac1740661c1dc280e2db0a44733a923bd419e08564193ecae3f7351ca353ab3,equity,213420,덕산네오룩스,531,24346350,531.0,24346350.0,45850.0
2ETF07,2025-10-16,2025-10-15,20251016,2026.10.01 15:30:00,raw/2ETF07_2025-10-16.json,2ac1740661c1dc280e2db0a44733a923bd419e08564193ecae3f7351ca353ab3,equity,218410,RFHIC,676,21496800,676.0,21496800.0,31800.0
2ETF07,2025-10-16,2025-10-15,20251016,2026.10.01 15:30:00,raw/2ETF07_2025-10-16.json,2ac1740661c1dc280e2db0a44733a923bd419e08564193ecae3f7351ca353ab3,equity,222800,심텍,889,45427900,889.0,45427900.0,51100.0
2ETF07,2025-10-16,2025-10-15,20251016,2026.10.01 15:30:00,raw/2ETF07_2025-10-16.json,2ac1740661c1dc280e2db0a44733a923bd419e08564193ecae3f7351ca353ab3,equity,232140,와이씨,1619,24803080,1619.0,24803080.0,15320.0
2ETF07,2025-10-16,2025-10-15,20251016,2026.10.01 15:30:00,raw/2ETF07_2025-10-16.json,2ac1740661c1dc280e2db0a44733a923bd419e08564193ecae3f7351ca353ab3,equity,240810,원익IPS,1352,73954400,1352.0,73954400.0,54700.0
2ETF07,2025-10-16,2025-10-15,20251016,2026.10.01 15:30:00,raw/2ETF07_2025-10-16.json,2ac1740661c1dc280e2db0a44733a923bd419e08564193ecae3f7351ca353ab3,equity,281820,케이씨텍,391,15561800,391.0,15561800.0,39800.0
2ETF07,2025-10-16,2025-10-15,20251016,2026.10.01 15:30:00,raw/2ETF07_2025-10-16.json,2ac1740661c1dc280e2db0a44733a923bd419e08564193ecae3f7351ca353ab3,equity,319660,피에스케이,810,26973000,810.0,26973000.0,33300.0
2ETF07,2025-10-16,2025-10-15,20251016,2026.10.01 15:30:00,raw/2ETF07_2025-10-16.json,2ac1740661c1dc280e2db0a44733a923bd419e08564193ecae3f7351ca353ab3,equity,322000,HD현대에너지솔루션,212,10059400,212.0,10059400.0,47450.0
2ETF07,2025-10-16,2025-10-15,20251016,2026.10.01 15:30:00,raw/2ETF07_2025-10-16.json,2ac1740661c1dc280e2db0a44733a923bd419e08564193ecae3f7351ca353ab3,equity,323280,태성,815,22086500,815.0,22086500.0,27100.0
2ETF07,2025-10-16,2025-10-15,20251016,2026.10.01 15:30:00,raw/2ETF07_2025-10-16.json,2ac1740661c1dc280e2db0a44733a923bd419e08564193ecae3f7351ca353ab3,equity,348210,넥스틴,310,16027000,310.0,16027000.0,51700.0
2ETF07,2025-10-16,2025-10-15,20251016,2026.10.01 15:30:00,raw/2ETF07_2025-10-16.json,2ac1740661c1dc280e2db0a44733a923bd419e08564193ecae3f7351ca353ab3,equity,399720,가온칩스,248,14855200,248.0,14855200.0,59900.0
2ETF07,2025-10-16,2025-10-15,20251016,2026.10.01 15:30:00,raw/2ETF07_2025-10-16.json,2ac1740661c1dc280e2db0a44733a923bd419e08564193ecae3f7351ca353ab3,equity,403870,HPSP,1923,69612600,1923.0,69612600.0,36200.0
2ETF07,2025-10-16,2025-10-15,20251016,2026.10.01 15:30:00,raw/2ETF07_2025-10-16.json,2ac1740661c1dc280e2db0a44733a923bd419e08564193ecae3f7351ca353ab3,equity,440110,파두,1464,33232800,1464.0,33232800.0,22700.0
2ETF01,2025-10-17,2025-10-16,20251017,2026.10.01 15:30:00,raw/2ETF01_2025-10-17.json,c6f9d3ddff2383bec064ad2b702720976567672b970e3ba2d4f4f82c327f40c5,cash,KRD010010001,원화예금,5122346,5122346,5122346.0,5122346.0,1.0
2ETF01,2025-10-17,2025-10-16,20251017,2026.10.01 15:30:00,raw/2ETF01_2025-10-17.json,c6f9d3ddff2383bec064ad2b702720976567672b970e3ba2d4f4f82c327f40c5,equity,000080,하이트진로,47,885950,47.0,885950.0,18850.0
2ETF01,2025-10-17,2025-10-16,20251017,2026.10.01 15:30:00,raw/2ETF01_2025-10-17.json,c6f9d3ddff2383bec064ad2b702720976567672b970e3ba2d4f4f82c327f40c5,equity,000100,유한양행,91,10628800,91.0,10628800.0,116800.0
2ETF01,2025-10-17,2025-10-16,20251017,2026.10.01 15:30:00,raw/2ETF01_2025-10-17.json,c6f9d3ddff2383bec064ad2b702720976567672b970e3ba2d4f4f82c327f40c5,equity,000120,CJ대한통운,17,1385500,17.0,1385500.0,81500.0
2ETF01,2025-10-17,2025-10-16,20251017,2026.10.01 15:30:00,raw/2ETF01_2025-10-17.json,c6f9d3ddff2383bec064ad2b702720976567672b970e3ba2d4f4f82c327f40c5,equity,000150,두산,11,6666000,11.0,6666000.0,606000.0
2ETF01,2025-10-17,2025-10-16,20251017,2026.10.01 15:30:00,raw/2ETF01_2025-10-17.json,c6f9d3ddff2383bec064ad2b702720976567672b970e3ba2d4f4f82c327f40c5,equity,000210,DL,16,590400,16.0,590400.0,36900.0
2ETF01,2025-10-17,2025-10-16,20251017,2026.10.01 15:30:00,raw/2ETF01_2025-10-17.json,c6f9d3ddff2383bec064ad2b702720976567672b970e3ba2d4f4f82c327f40c5,equity,000240,한국앤컴퍼니,36,828000,36.0,828000.0,23000.0
2ETF01,2025-10-17,2025-10-16,20251017,2026.10.01 15:30:00,raw/2ETF01_2025-10-17.json,c6f9d3ddff2383bec064ad2b702720976567672b970e3ba2d4f4f82c327f40c5,equity,000270,기아,371,41292300,371.0,41292300.0,111300.0
2ETF01,2025-10-17,2025-10-16,20251017,2026.10.01 15:30:00,raw/2ETF01_2025-10-17.json,c6f9d3ddff2383bec064ad2b702720976567672b970e3ba2d4f4f82c327f40c5,equity,000660,SK하이닉스,851,385077500,851.0,385077500.0,452500.0
2ETF01,2025-10-17,2025-10-16,20251017,2026.10.01 15:30:00,raw/2ETF01_2025-10-17.json,c6f9d3ddff2383bec064ad2b702720976567672b970e3ba2d4f4f82c327f40c5,equity,000670,영풍,8,382400,8.0,382400.0,47800.0
2ETF01,2025-10-17,2025-10-16,20251017,2026.10.01 15:30:00,raw/2ETF01_2025-10-17.json,c6f9d3ddff2383bec064ad2b702720976567672b970e3ba2d4f4f82c327f40c5,equity,000720,현대건설,111,6793200,111.0,6793200.0,61200.0
2ETF01,2025-10-17,2025-10-16,20251017,2026.10.01 15:30:00,raw/2ETF01_2025-10-17.json,c6f9d3ddff2383bec064ad2b702720976567672b970e3ba2d4f4f82c327f40c5,equity,000810,삼성화재,46,20723000,46.0,20723000.0,450500.0
2ETF01,2025-10-17,2025-10-16,20251017,2026.10.01 15:30:00,raw/2ETF01_2025-10-17.json,c6f9d3ddff2383bec064ad2b702720976567672b970e3ba2d4f4f82c327f40c5,equity,000880,한화,42,3502800,42.0,3502800.0,83400.0
2ETF01,2025-10-17,2025-10-16,20251017,2026.10.01 15:30:00,raw/2ETF01_2025-10-17.json,c6f9d3ddff2383bec064ad2b702720976567672b970e3ba2d4f4f82c327f40c5,equity,001040,CJ,21,3551100,21.0,3551100.0,169100.0
2ETF01,2025-10-17,2025-10-16,20251017,2026.10.01 15:30:00,raw/2ETF01_2025-10-17.json,c6f9d3ddff2383bec064ad2b702720976567672b970e3ba2d4f4f82c327f40c5,equity,001430,세아베스틸지주,18,459000,18.0,459000.0,25500.0
2ETF01,2025-10-17,2025-10-16,20251017,2026.10.01 15:30:00,raw/2ETF01_2025-10-17.json,c6f9d3ddff2383bec064ad2b702720976567672b970e3ba2d4f4f82c327f40c5,equity,001440,대한전선,170,3043000,170.0,3043000.0,17900.0
2ETF01,2025-10-17,2025-10-16,20251017,2026.10.01 15:30:00,raw/2ETF01_2025-10-17.json,c6f9d3ddff2383bec064ad2b702720976567672b970e3ba2d4f4f82c327f40c5,equity,001450,현대해상,91,2534350,91.0,2534350.0,27850.0
2ETF01,2025-10-17,2025-10-16,20251017,2026.10.01 15:30:00,raw/2ETF01_2025-10-17.json,c6f9d3ddff2383bec064ad2b702720976567672b970e3ba2d4f4f82c327f40c5,equity,001680,대상,29,617700,29.0,617700.0,21300.0
2ETF01,2025-10-17,2025-10-16,20251017,2026.10.01 15:30:00,raw/2ETF01_2025-10-17.json,c6f9d3ddff2383bec064ad2b702720976567672b970e3ba2d4f4f82c327f40c5,equity,001800,오리온홀딩스,31,610390,31.0,610390.0,19690.0
2ETF01,2025-10-17,2025-10-16,20251017,2026.10.01 15:30:00,raw/2ETF01_2025-10-17.json,c6f9d3ddff2383bec064ad2b702720976567672b970e3ba2d4f4f82c327f40c5,equity,002380,KCC,6,2361000,6.0,2361000.0,393500.0
2ETF01,2025-10-17,2025-10-16,20251017,2026.10.01 15:30:00,raw/2ETF01_2025-10-17.json,c6f9d3ddff2383bec064ad2b702720976567672b970e3ba2d4f4f82c327f40c5,equity,002710,TCC스틸,27,485730,27.0,485730.0,17990.0
2ETF01,2025-10-17,2025-10-16,20251017,2026.10.01 15:30:00,raw/2ETF01_2025-10-17.json,c6f9d3ddff2383bec064ad2b702720976567672b970e3ba2d4f4f82c327f40c5,equity,002790,아모레퍼시픽홀딩스,39,1017900,39.0,1017900.0,26100.0
2ETF01,2025-10-17,2025-10-16,20251017,2026.10.01 15:30:00,raw/2ETF01_2025-10-17.json,c6f9d3ddff2383bec064ad2b702720976567672b970e3ba2d4f4f82c327f40c5,equity,002840,미원상사,2,321800,2.0,321800.0,160900.0
2ETF01,2025-10-17,2025-10-16,20251017,2026.10.01 15:30:00,raw/2ETF01_2025-10-17.json,c6f9d3ddff2383bec064ad2b702720976567672b970e3ba2d4f4f82c327f40c5,equity,003030,세아제강지주,2,296600,2.0,296600.0,148300.0
2ETF01,2025-10-17,2025-10-16,20251017,2026.10.01 15:30:00,raw/2ETF01_2025-10-17.json,c6f9d3ddff2383bec064ad2b702720976567672b970e3ba2d4f4f82c327f40c5,equity,003090,대웅,29,635100,29.0,635100.0,21900.0
2ETF01,2025-10-17,2025-10-16,20251017,2026.10.01 15:30:00,raw/2ETF01_2025-10-17.json,c6f9d3ddff2383bec064ad2b702720976567672b970e3ba2d4f4f82c327f40c5,equity,003230,삼양식품,6,8220000,6.0,8220000.0,1370000.0
2ETF01,2025-10-17,2025-10-16,20251017,2026.10.01 15:30:00,raw/2ETF01_2025-10-17.json,c6f9d3ddff2383bec064ad2b702720976567672b970e3ba2d4f4f82c327f40c5,equity,003240,태광산업,1,833000,1.0,833000.0,833000.0
2ETF01,2025-10-17,2025-10-16,20251017,2026.10.01 15:30:00,raw/2ETF01_2025-10-17.json,c6f9d3ddff2383bec064ad2b702720976567672b970e3ba2d4f4f82c327f40c5,equity,003490,대한항공,385,8604750,385.0,8604750.0,22350.0
2ETF01,2025-10-17,2025-10-16,20251017,2026.10.01 15:30:00,raw/2ETF01_2025-10-17.json,c6f9d3ddff2383bec064ad2b702720976567672b970e3ba2d4f4f82c327f40c5,equity,003550,LG,141,10448100,141.0,10448100.0,74100.0
2ETF01,2025-10-17,2025-10-16,20251017,2026.10.01 15:30:00,raw/2ETF01_2025-10-17.json,c6f9d3ddff2383bec064ad2b702720976567672b970e3ba2d4f4f82c327f40c5,equity,003620,KG모빌리티,135,466425,135.0,466425.0,3455.0
2ETF01,2025-10-17,2025-10-16,20251017,2026.10.01 15:30:00,raw/2ETF01_2025-10-17.json,c6f9d3ddff2383bec064ad2b702720976567672b970e3ba2d4f4f82c327f40c5,equity,003670,포스코퓨처엠,47,9000500,47.0,9000500.0,191500.0
2ETF01,2025-10-17,2025-10-16,20251017,2026.10.01 15:30:00,raw/2ETF01_2025-10-17.json,c6f9d3ddff2383bec064ad2b702720976567672b970e3ba2d4f4f82c327f40c5,equity,004000,롯데정밀화학,22,1039500,22.0,1039500.0,47250.0
2ETF01,2025-10-17,2025-10-16,20251017,2026.10.01 15:30:00,raw/2ETF01_2025-10-17.json,c6f9d3ddff2383bec064ad2b702720976567672b970e3ba2d4f4f82c327f40c5,equity,004020,현대제철,127,4267200,127.0,4267200.0,33600.0
2ETF01,2025-10-17,2025-10-16,20251017,2026.10.01 15:30:00,raw/2ETF01_2025-10-17.json,c6f9d3ddff2383bec064ad2b702720976567672b970e3ba2d4f4f82c327f40c5,equity,004170,신세계,10,1768000,10.0,1768000.0,176800.0
2ETF01,2025-10-17,2025-10-16,20251017,2026.10.01 15:30:00,raw/2ETF01_2025-10-17.json,c6f9d3ddff2383bec064ad2b702720976567672b970e3ba2d4f4f82c327f40c5,equity,004370,농심,5,2135000,5.0,2135000.0,427000.0
2ETF01,2025-10-17,2025-10-16,20251017,2026.10.01 15:30:00,raw/2ETF01_2025-10-17.json,c6f9d3ddff2383bec064ad2b702720976567672b970e3ba2d4f4f82c327f40c5,equity,004490,세방전지,12,776400,12.0,776400.0,64700.0
2ETF01,2025-10-17,2025-10-16,20251017,2026.10.01 15:30:00,raw/2ETF01_2025-10-17.json,c6f9d3ddff2383bec064ad2b702720976567672b970e3ba2d4f4f82c327f40c5,equity,004990,롯데지주,45,1298250,45.0,1298250.0,28850.0
2ETF01,2025-10-17,2025-10-16,20251017,2026.10.01 15:30:00,raw/2ETF01_2025-10-17.json,c6f9d3ddff2383bec064ad2b702720976567672b970e3ba2d4f4f82c327f40c5,equity,005250,녹십자홀딩스,33,508860,33.0,508860.0,15420.0
2ETF01,2025-10-17,2025-10-16,20251017,2026.10.01 15:30:00,raw/2ETF01_2025-10-17.json,c6f9d3ddff2383bec064ad2b702720976567672b970e3ba2d4f4f82c327f40c5,equity,005300,롯데칠성,5,574000,5.0,574000.0,114800.0
2ETF01,2025-10-17,2025-10-16,20251017,2026.10.01 15:30:00,raw/2ETF01_2025-10-17.json,c6f9d3ddff2383bec064ad2b702720976567672b970e3ba2d4f4f82c327f40c5,equity,005380,현대차,205,49610000,205.0,49610000.0,242000.0
2ETF01,2025-10-17,2025-10-16,20251017,2026.10.01 15:30:00,raw/2ETF01_2025-10-17.json,c6f9d3ddff2383bec064ad2b702720976567672b970e3ba2d4f4f82c327f40c5,equity,005420,코스모화학,38,672600,38.0,672600.0,17700.0
2ETF01,2025-10-17,2025-10-16,20251017,2026.10.01 15:30:00,raw/2ETF01_2025-10-17.json,c6f9d3ddff2383bec064ad2b702720976567672b970e3ba2d4f4f82c327f40c5,equity,005490,POSCO홀딩스,104,29796000,104.0,29796000.0,286500.0
2ETF01,2025-10-17,2025-10-16,20251017,2026.10.01 15:30:00,raw/2ETF01_2025-10-17.json,c6f9d3ddff2383bec064ad2b702720976567672b970e3ba2d4f4f82c327f40c5,equity,005830,DB손해보험,67,8991400,67.0,8991400.0,134200.0
2ETF01,2025-10-17,2025-10-16,20251017,2026.10.01 15:30:00,raw/2ETF01_2025-10-17.json,c6f9d3ddff2383bec064ad2b702720976567672b970e3ba2d4f4f82c327f40c5,equity,005850,에스엘,24,879600,24.0,879600.0,36650.0
2ETF01,2025-10-17,2025-10-16,20251017,2026.10.01 15:30:00,raw/2ETF01_2025-10-17.json,c6f9d3ddff2383bec064ad2b702720976567672b970e3ba2d4f4f82c327f40c5,equity,005930,삼성전자,7098,693474600,7098.0,693474600.0,97700.0
2ETF01,2025-10-17,2025-10-16,20251017,2026.10.01 15:30:00,raw/2ETF01_2025-10-17.json,c6f9d3ddff2383bec064ad2b702720976567672b970e3ba2d4f4f82c327f40c5,equity,005940,NH투자증권,221,4475250,221.0,4475250.0,20250.0
2ETF01,2025-10-17,2025-10-16,20251017,2026.10.01 15:30:00,raw/2ETF01_2025-10-17.json,c6f9d3ddff2383bec064ad2b702720976567672b970e3ba2d4f4f82c327f40c5,equity,006040,동원산업,6,255900,6.0,255900.0,42650.0
2ETF01,2025-10-17,2025-10-16,20251017,2026.10.01 15:30:00,raw/2ETF01_2025-10-17.json,c6f9d3ddff2383bec064ad2b702720976567672b970e3ba2d4f4f82c327f40c5,equity,006260,LS,26,4778800,26.0,4778800.0,183800.0
2ETF01,2025-10-17,2025-10-16,20251017,2026.10.01 15:30:00,raw/2ETF01_2025-10-17.json,c6f9d3ddff2383bec064ad2b702720976567672b970e3ba2d4f4f82c327f40c5,equity,006280,녹십자,8,1035200,8.0,1035200.0,129400.0
2ETF01,2025-10-17,2025-10-16,20251017,2026.10.01 15:30:00,raw/2ETF01_2025-10-17.json,c6f9d3ddff2383bec064ad2b702720976567672b970e3ba2d4f4f82c327f40c5,equity,006360,GS건설,97,1802260,97.0,1802260.0,18580.0
2ETF01,2025-10-17,2025-10-16,20251017,2026.10.01 15:30:00,raw/2ETF01_2025-10-17.json,c6f9d3ddff2383bec064ad2b702720976567672b970e3ba2d4f4f82c327f40c5,equity,006400,삼성SDI,92,21712000,92.0,21712000.0,236000.0
2ETF01,2025-10-17,2025-10-16,20251017,2026.10.01 15:30:00,raw/2ETF01_2025-10-17.json,c6f9d3ddff2383bec064ad2b702720976567672b970e3ba2d4f4f82c327f40c5,equity,006650,대한유화,5,617500,5.0,617500.0,123500.0
2ETF01,2025-10-17,2025-10-16,20251017,2026.10.01 15:30:00,raw/2ETF01_2025-10-17.json,c6f9d3ddff2383bec064ad2b702720976567672b970e3ba2d4f4f82c327f40c5,equity,006800,미래에셋증권,415,9213000,415.0,9213000.0,22200.0
2ETF01,2025-10-17,2025-10-16,20251017,2026.10.01 15:30:00,raw/2ETF01_2025-10-17.json,c6f9d3ddff2383bec064ad2b702720976567672b970e3ba2d4f4f82c327f40c5,equity,007070,GS리테일,51,846600,51.0,846600.0,16600.0
2ETF01,2025-10-17,2025-10-16,20251017,2026.10.01 15:30:00,raw/2ETF01_2025-10-17.json,c6f9d3ddff2383bec064ad2b702720976567672b970e3ba2d4f4f82c327f40c5,equity,007310,오뚜기,2,789000,2.0,789000.0,394500.0
2ETF01,2025-10-17,2025-10-16,20251017,2026.10.01 15:30:00,raw/2ETF01_2025-10-17.json,c6f9d3ddff2383bec064ad2b702720976567672b970e3ba2d4f4f82c327f40c5,equity,007340,DN오토모티브,31,725400,31.0,725400.0,23400.0
2ETF01,2025-10-17,2025-10-16,20251017,2026.10.01 15:30:00,raw/2ETF01_2025-10-17.json,c6f9d3ddff2383bec064ad2b702720976567672b970e3ba2d4f4f82c327f40c5,equity,008730,율촌화학,16,549600,16.0,549600.0,34350.0
2ETF01,2025-10-17,2025-10-16,20251017,2026.10.01 15:30:00,raw/2ETF01_2025-10-17.json,c6f9d3ddff2383bec064ad2b702720976567672b970e3ba2d4f4f82c327f40c5,equity,008770,호텔신라,46,2277000,46.0,2277000.0,49500.0
2ETF01,2025-10-17,2025-10-16,20251017,2026.10.01 15:30:00,raw/2ETF01_2025-10-17.json,c6f9d3ddff2383bec064ad2b702720976567672b970e3ba2d4f4f82c327f40c5,equity,008930,한미사이언스,42,1579200,42.0,1579200.0,37600.0
2ETF01,2025-10-17,2025-10-16,20251017,2026.10.01 15:30:00,raw/2ETF01_2025-10-17.json,c6f9d3ddff2383bec064ad2b702720976567672b970e3ba2d4f4f82c327f40c5,equity,009150,삼성전기,84,16926000,84.0,16926000.0,201500.0
2ETF01,2025-10-17,2025-10-16,20251017,2026.10.01 15:30:00,raw/2ETF01_2025-10-17.json,c6f9d3ddff2383bec064ad2b702720976567672b970e3ba2d4f4f82c327f40c5,equity,009240,한샘,12,541800,12.0,541800.0,45150.0
2ETF01,2025-10-17,2025-10-16,20251017,2026.10.01 15:30:00,raw/2ETF01_2025-10-17.json,c6f9d3ddff2383bec064ad2b702720976567672b970e3ba2d4f4f82c327f40c5,equity,009420,한올바이오파마,54,1846800,54.0,1846800.0,34200.0
2ETF01,2025-10-17,2025-10-16,20251017,2026.10.01 15:30:00,raw/2ETF01_2025-10-17.json,c6f9d3ddff2383bec064ad2b702720976567672b970e3ba2d4f4f82c327f40c5,equity,009540,HD한국조선해양,71,29997500,71.0,29997500.0,422500.0
2ETF01,2025-10-17,2025-10-16,20251017,2026.10.01 15:30:00,raw/2ETF01_2025-10-17.json,c6f9d3ddff2383bec064ad2b702720976567672b970e3ba2d4f4f82c327f40c5,equity,009830,한화솔루션,164,4887200,164.0,4887200.0,29800.0
2ETF01,2025-10-17,2025-10-16,20251017,2026.10.01 15:30:00,raw/2ETF01_2025-10-17.json,c6f9d3ddff2383bec064ad2b702720976567672b970e3ba2d4f4f82c327f40c5,equity,009970,영원무역홀딩스,8,1067200,8.0,1067200.0,133400.0
2ETF01,2025-10-17,2025-10-16,20251017,2026.10.01 15:30:00,raw/2ETF01_2025-10-17.json,c6f9d3ddff2383bec064ad2b702720976567672b970e3ba2d4f4f82c327f40c5,equity,010060,OCI홀딩스,20,2012000,20.0,2012000.0,100600.0
2ETF01,2025-10-17,2025-10-16,20251017,2026.10.01 15:30:00,raw/2ETF01_2025-10-17.json,c6f9d3ddff2383bec064ad2b702720976567672b970e3ba2d4f4f82c327f40c5,equity,010120,LS ELECTRIC,24,7320000,24.0,7320000.0,305000.0
2ETF01,2025-10-17,2025-10-16,20251017,2026.10.01 15:30:00,raw/2ETF01_2025-10-17.json,c6f9d3ddff2383bec064ad2b702720976567672b970e3ba2d4f4f82c327f40c5,equity,010130,고려아연,9,11610000,9.0,11610000.0,1290000.0
2ETF01,2025-10-17,2025-10-16,20251017,2026.10.01 15:30:00,raw/2ETF01_2025-10-17.json,c6f9d3ddff2383bec064ad2b702720976567672b970e3ba2d4f4f82c327f40c5,equity,010140,삼성중공업,1000,22300000,1000.0,22300000.0,22300.0
2ETF01,2025-10-17,2025-10-16,20251017,2026.10.01 15:30:00,raw/2ETF01_2025-10-17.json,c6f9d3ddff2383bec064ad2b702720976567672b970e3ba2d4f4f82c327f40c5,equity,010620,HD현대미포,34,6851000,34.0,6851000.0,201500.0
2ETF01,2025-10-17,2025-10-16,20251017,2026.10.01 15:30:00,raw/2ETF01_2025-10-17.json,c6f9d3ddff2383bec064ad2b702720976567672b970e3ba2d4f4f82c327f40c5,equity,010950,S-Oil,63,4302900,63.0,4302900.0,68300.0
2ETF01,2025-10-17,2025-10-16,20251017,2026.10.01 15:30:00,raw/2ETF01_2025-10-17.json,c6f9d3ddff2383bec064ad2b702720976567672b970e3ba2d4f4f82c327f40c5,equity,011070,LG이노텍,22,4356000,22.0,4356000.0,198000.0
2ETF01,2025-10-17,2025-10-16,20251017,2026.10.01 15:30:00,raw/2ETF01_2025-10-17.json,c6f9d3ddff2383bec064ad2b702720976567672b970e3ba2d4f4f82c327f40c5,equity,011170,롯데케미칼,27,1944000,27.0,1944000.0,72000.0
2ETF01,2025-10-17,2025-10-16,20251017,2026.10.01 15:30:00,raw/2ETF01_2025-10-17.json,c6f9d3ddff2383bec064ad2b702720976567672b970e3ba2d4f4f82c327f40c5,equity,011200,HMM,513,10747350,513.0,10747350.0,20950.0
2ETF01,2025-10-17,2025-10-16,20251017,2026.10.01 15:30:00,raw/2ETF01_2025-10-17.json,c6f9d3ddff2383bec064ad2b702720976567672b970e3ba2d4f4f82c327f40c5,equity,011210,현대위아,23,1184500,23.0,1184500.0,51500.0
2ETF01,2025-10-17,2025-10-16,20251017,2026.10.01 15:30:00,raw/2ETF01_2025-10-17.json,c6f9d3ddff2383bec064ad2b702720976567672b970e3ba2d4f4f82c327f40c5,equity,011780,금호석유화학,23,2555300,23.0,2555300.0,111100.0
2ETF01,2025-10-17,2025-10-16,20251017,2026.10.01 15:30:00,raw/2ETF01_2025-10-17.json,c6f9d3ddff2383bec064ad2b702720976567672b970e3ba2d4f4f82c327f40c5,equity,011790,SKC,30,3243000,30.0,3243000.0,108100.0
2ETF01,2025-10-17,2025-10-16,20251017,2026.10.01 15:30:00,raw/2ETF01_2025-10-17.json,c6f9d3ddff2383bec064ad2b702720976567672b970e3ba2d4f4f82c327f40c5,equity,012330,현대모비스,95,29355000,95.0,29355000.0,309000.0
2ETF01,2025-10-17,2025-10-16,20251017,2026.10.01 15:30:00,raw/2ETF01_2025-10-17.json,c6f9d3ddff2383bec064ad2b702720976567672b970e3ba2d4f4f82c327f40c5,equity,012450,한화에어로스페이스,53,49608000,53.0,49608000.0,936000.0
2ETF01,2025-10-17,2025-10-16,20251017,2026.10.01 15:30:00,raw/2ETF01_2025-10-17.json,c6f9d3ddff2383bec064ad2b702720976567672b970e3ba2d4f4f82c327f40c5,equity,012630,HDC,39,700440,39.0,700440.0,17960.0
2ETF01,2025-10-17,2025-10-16,20251017,2026.10.01 15:30:00,raw/2ETF01_2025-10-17.json,c6f9d3ddff2383bec064ad2b702720976567672b970e3ba2d4f4f82c327f40c5,equity,012750,에스원,37,2878600,37.0,2878600.0,77800.0
2ETF01,2025-10-17,2025-10-16,20251017,2026.10.01 15:30:00,raw/2ETF01_2025-10-17.json,c6f9d3ddff2383bec064ad2b702720976567672b970e3ba2d4f4f82c327f40c5,equity,014680,한솔케미칼,13,2749500,13.0,2749500.0,211500.0
2ETF01,2025-10-17,2025-10-16,20251017,2026.10.01 15:30:00,raw/2ETF01_2025-10-17.json,c6f9d3ddff2383bec064ad2b702720976567672b970e3ba2d4f4f82c327f40c5,equity,014820,동원시스템즈,8,232400,8.0,232400.0,29050.0
2ETF01,2025-10-17,2025-10-16,20251017,2026.10.01 15:30:00,raw/2ETF01_2025-10-17.json,c6f9d3ddff2383bec064ad2b702720976567672b970e3ba2d4f4f82c327f40c5,equity,015760,한국전력,477,19175400,477.0,19175400.0,40200.0
2ETF01,2025-10-17,2025-10-16,20251017,2026.10.01 15:30:00,raw/2ETF01_2025-10-17.json,c6f9d3ddff2383bec064ad2b702720976567672b970e3ba2d4f4f82c327f40c5,equity,016360,삼성증권,92,6955200,92.0,6955200.0,75600.0
2ETF01,2025-10-17,2025-10-16,20251017,2026.10.01 15:30:00,raw/2ETF01_2025-10-17.json,c6f9d3ddff2383bec064ad2b702720976567672b970e3ba2d4f4f82c327f40c5,equity,017670,SK텔레콤,225,12330000,225.0,12330000.0,54800.0
2ETF01,2025-10-17,2025-10-16,20251017,2026.10.01 15:30:00,raw/2ETF01_2025-10-17.json,c6f9d3ddff2383bec064ad2b702720976567672b970e3ba2d4f4f82c327f40c5,equity,017800,현대엘리베이터,39,3155100,39.0,3155100.0,80900.0
2ETF01,2025-10-17,2025-10-16,20251017,2026.10.01 15:30:00,raw/2ETF01_2025-10-17.json,c6f9d3ddff2383bec064ad2b702720976567672b970e3ba2d4f4f82c327f40c5,equity,017960,한국카본,49,1768900,49.0,1768900.0,36100.0
2ETF01,2025-10-17,2025-10-16,20251017,2026.10.01 15:30:00,raw/2ETF01_2025-10-17.json,c6f9d3ddff2383bec064ad2b702720976567672b970e3ba2d4f4f82c327f40c5,equity,018260,삼성에스디에스,57,9553200,57.0,9553200.0,167600.0
2ETF01,2025-10-17,2025-10-16,20251017,2026.10.01 15:30:00,raw/2ETF01_2025-10-17.json,c6f9d3ddff2383bec064ad2b702720976567672b970e3ba2d4f4f82c327f40c5,equity,018880,한온시스템,247,842270,247.0,842270.0,3410.0
2ETF01,2025-10-17,2025-10-16,20251017,2026.10.01 15:30:00,raw/2ETF01_2025-10-17.json,c6f9d3ddff2383bec064ad2b702720976567672b970e3ba2d4f4f82c327f40c5,equity,021240,코웨이,83,7843500,83.0,7843500.0,94500.0
2ETF01,2025-10-17,2025-10-16,20251017,2026.10.01 15:30:00,raw/2ETF01_2025-10-17.json,c6f9d3ddff2383bec064ad2b702720976567672b970e3ba2d4f4f82c327f40c5,equity,022100,포스코DX,76,1748000,76.0,1748000.0,23000.0
2ETF01,2025-10-17,2025-10-16,20251017,2026.10.01 15:30:00,raw/2ETF01_2025-10-17.json,c6f9d3ddff2383bec064ad2b702720976567672b970e3ba2d4f4f82c327f40c5,equity,023530,롯데쇼핑,15,1009500,15.0,1009500.0,67300.0
2ETF01,2025-10-17,2025-10-16,20251017,2026.10.01 15:30:00,raw/2ETF01_2025-10-17.json,c6f9d3ddff2383bec064ad2b702720976567672b970e3ba2d4f4f82c327f40c5,equity,024110,기업은행,411,7915860,411.0,7915860.0,19260.0
2ETF01,2025-10-17,2025-10-16,20251017,2026.10.01 15:30:00,raw/2ETF01_2025-10-17.json,c6f9d3ddff2383bec064ad2b702720976567672b970e3ba2d4f4f82c327f40c5,equity,026960,동서,47,1297200,47.0,1297200.0,27600.0
2ETF01,2025-10-17,2025-10-16,20251017,2026.10.01 15:30:00,raw/2ETF01_2025-10-17.json,c6f9d3ddff2383bec064ad2b702720976567672b970e3ba2d4f4f82c327f40c5,equity,028050,삼성E&A,238,6735400,238.0,6735400.0,28300.0
2ETF01,2025-10-17,2025-10-16,20251017,2026.10.01 15:30:00,raw/2ETF01_2025-10-17.json,c6f9d3ddff2383bec064ad2b702720976567672b970e3ba2d4f4f82c327f40c5,equity,028260,삼성물산,152,32984000,152.0,32984000.0,217000.0
2ETF01,2025-10-17,2025-10-16,20251017,2026.10.01 15:30:00,raw/2ETF01_2025-10-17.json,c6f9d3ddff2383bec064ad2b702720976567672b970e3ba2d4f4f82c327f40c5,equity,028670,팬오션,340,1247800,340.0,1247800.0,3670.0
2ETF01,2025-10-17,2025-10-16,20251017,2026.10.01 15:30:00,raw/2ETF01_2025-10-17.json,c6f9d3ddff2383bec064ad2b702720976567672b970e3ba2d4f4f82c327f40c5,equity,029780,삼성카드,40,1986000,40.0,1986000.0,49650.0
2ETF01,2025-10-17,2025-10-16,20251017,2026.10.01 15:30:00,raw/2ETF01_2025-10-17.json,c6f9d3ddff2383bec064ad2b702720976567672b970e3ba2d4f4f82c327f40c5,equity,030000,제일기획,105,2147250,105.0,2147250.0,20450.0
2ETF01,2025-10-17,2025-10-16,20251017,2026.10.01 15:30:00,raw/2ETF01_2025-10-17.json,c6f9d3ddff2383bec064ad2b702720976567672b970e3ba2d4f4f82c327f40c5,equity,030200,KT,332,16600000,332.0,16600000.0,50000.0
2ETF01,2025-10-17,2025-10-16,20251017,2026.10.01 15:30:00,raw/2ETF01_2025-10-17.json,c6f9d3ddff2383bec064ad2b702720976567672b970e3ba2d4f4f82c327f40c5,equity,032640,LG유플러스,417,6342570,417.0,6342570.0,15210.0
2ETF01,2025-10-17,2025-10-16,20251017,2026.10.01 15:30:00,raw/2ETF01_2025-10-17.json,c6f9d3ddff2383bec064ad2b702720976567672b970e3ba2d4f4f82c327f40c5,equity,032830,삼성생명,127,20713700,127.0,20713700.0,163100.0
2ETF01,2025-10-17,2025-10-16,20251017,2026.10.01 15:30:00,raw/2ETF01_2025-10-17.json,c6f9d3ddff2383bec064ad2b702720976567672b970e3ba2d4f4f82c327f40c5,equity,033780,KT&G,141,19556700,141.0,19556700.0,138700.0
2ETF01,2025-10-17,2025-10-16,20251017,2026.10.01 15:30:00,raw/2ETF01_2025-10-17.json,c6f9d3ddff2383bec064ad2b702720976567672b970e3ba2d4f4f82c327f40c5,equity,034020,두산에너빌리티,650,54405000,650.0,54405000.0,83700.0
2ETF01,2025-10-17,2025-10-16,20251017,2026.10.01 15:30:00,raw/2ETF01_2025-10-17.json,c6f9d3ddff2383bec064ad2b702720976567672b970e3ba2d4f4f82c327f40c5,equity,034220,LG디스플레이,439,6312820,439.0,6312820.0,14380.0
2ETF01,2025-10-17,2025-10-16,20251017,2026.10.01 15:30:00,raw/2ETF01_2025-10-17.json,c6f9d3ddff2383bec064ad2b702720976567672b970e3ba2d4f4f82c327f40c5,equity,034730,SK,54,11799000,54.0,11799000.0,218500.0
2ETF01,2025-10-17,2025-10-16,20251017,2026.10.01 15:30:00,raw/2ETF01_2025-10-17.json,c6f9d3ddff2383bec064ad2b702720976567672b970e3ba2d4f4f82c327f40c5,equity,035250,강원랜드,172,3051280,172.0,3051280.0,17740.0
2ETF01,2025-10-17,2025-10-16,20251017,2026.10.01 15:30:00,raw/2ETF01_2025-10-17.json,c6f9d3ddff2383bec064ad2b702720976567672b970e3ba2d4f4f82c327f40c5,equity,035420,NAVER,197,51318500,197.0,51318500.0,260500.0
2ETF01,2025-10-17,2025-10-16,20251017,2026.10.01 15:30:00,raw/2ETF01_2025-10-17.json,c6f9d3ddff2383bec064ad2b702720976567672b970e3ba2d4f4f82c327f40c5,equity,035720,카카오,509,29827400,509.0,29827400.0,58600.0
2ETF01,2025-10-17,2025-10-16,20251017,2026.10.01 15:30:00,raw/2ETF01_2025-10-17.json,c6f9d3ddff2383bec064ad2b702720976567672b970e3ba2d4f4f82c327f40c5,equity,036460,한국가스공사,49,1977150,49.0,1977150.0,40350.0
2ETF01,2025-10-17,2025-10-16,20251017,2026.10.01 15:30:00,raw/2ETF01_2025-10-17.json,c6f9d3ddff2383bec064ad2b702720976567672b970e3ba2d4f4f82c327f40c5,equity,036570,엔씨소프트,26,5473000,26.0,5473000.0,210500.0
2ETF01,2025-10-17,2025-10-16,20251017,2026.10.01 15:30:00,raw/2ETF01_2025-10-17.json,c6f9d3ddff2383bec064ad2b702720976567672b970e3ba2d4f4f82c327f40c5,equity,039130,하나투어,16,757600,16.0,757600.0,47350.0
2ETF01,2025-10-17,2025-10-16,20251017,2026.10.01 15:30:00,raw/2ETF01_2025-10-17.json,c6f9d3ddff2383bec064ad2b702720976567672b970e3ba2d4f4f82c327f40c5,equity,039490,키움증권,21,5355000,21.0,5355000.0,255000.0
2ETF01,2025-10-17,2025-10-16,20251017,2026.10.01 15:30:00,raw/2ETF01_2025-10-17.json,c6f9d3ddff2383bec064ad2b702720976567672b970e3ba2d4f4f82c327f40c5,equity,042660,한화오션,172,18765200,172.0,18765200.0,109100.0
2ETF01,2025-10-17,2025-10-16,20251017,2026.10.01 15:30:00,raw/2ETF01_2025-10-17.json,c6f9d3ddff2383bec064ad2b702720976567672b970e3ba2d4f4f82c327f40c5,equity,042670,HD현대인프라코어,196,2926280,196.0,2926280.0,14930.0
2ETF01,2025-10-17,2025-10-16,20251017,2026.10.01 15:30:00,raw/2ETF01_2025-10-17.json,c6f9d3ddff2383bec064ad2b702720976567672b970e3ba2d4f4f82c327f40c5,equity,042700,한미반도체,64,9376000,64.0,9376000.0,146500.0
2ETF01,2025-10-17,2025-10-16,20251017,2026.10.01 15:30:00,raw/2ETF01_2025-10-17.json,c6f9d3ddff2383bec064ad2b702720976567672b970e3ba2d4f4f82c327f40c5,equity,047040,대우건설,302,1137030,302.0,1137030.0,3765.0
2ETF01,2025-10-17,2025-10-16,20251017,2026.10.01 15:30:00,raw/2ETF01_2025-10-17.json,c6f9d3ddff2383bec064ad2b702720976567672b970e3ba2d4f4f82c327f40c5,equity,047050,포스코인터내셔널,69,3567300,69.0,3567300.0,51700.0
2ETF01,2025-10-17,2025-10-16,20251017,2026.10.01 15:30:00,raw/2ETF01_2025-10-17.json,c6f9d3ddff2383bec064ad2b702720976567672b970e3ba2d4f4f82c327f40c5,equity,047810,한국항공우주,106,10462200,106.0,10462200.0,98700.0
2ETF01,2025-10-17,2025-10-16,20251017,2026.10.01 15:30:00,raw/2ETF01_2025-10-17.json,c6f9d3ddff2383bec064ad2b702720976567672b970e3ba2d4f4f82c327f40c5,equity,051600,한전KPS,33,1659900,33.0,1659900.0,50300.0
2ETF01,2025-10-17,2025-10-16,20251017,2026.10.01 15:30:00,raw/2ETF01_2025-10-17.json,c6f9d3ddff2383bec064ad2b702720976567672b970e3ba2d4f4f82c327f40c5,equity,051900,LG생활건강,14,3969000,14.0,3969000.0,283500.0
2ETF01,2025-10-17,2025-10-16,20251017,2026.10.01 15:30:00,raw/2ETF01_2025-10-17.json,c6f9d3ddff2383bec064ad2b702720976567672b970e3ba2d4f4f82c327f40c5,equity,051910,LG화학,70,21840000,70.0,21840000.0,312000.0
2ETF01,2025-10-17,2025-10-16,20251017,2026.10.01 15:30:00,raw/2ETF01_2025-10-17.json,c6f9d3ddff2383bec064ad2b702720976567672b970e3ba2d4f4f82c327f40c5,equity,052690,한전기술,28,2713200,28.0,2713200.0,96900.0
2ETF01,2025-10-17,2025-10-16,20251017,2026.10.01 15:30:00,raw/2ETF01_2025-10-17.json,c6f9d3ddff2383bec064ad2b702720976567672b970e3ba2d4f4f82c327f40c5,equity,055550,신한지주,633,46019100,633.0,46019100.0,72700.0
2ETF01,2025-10-17,2025-10-16,20251017,2026.10.01 15:30:00,raw/2ETF01_2025-10-17.json,c6f9d3ddff2383bec064ad2b702720976567672b970e3ba2d4f4f82c327f40c5,equity,064350,현대로템,111,22977000,111.0,22977000.0,207000.0
2ETF01,2025-10-17,2025-10-16,20251017,2026.10.01 15:30:00,raw/2ETF01_2025-10-17.json,c6f9d3ddff2383bec064ad2b702720976567672b970e3ba2d4f4f82c327f40c5,equity,066570,LG전자,164,13759600,164.0,13759600.0,83900.0
2ETF01,2025-10-17,2025-10-16,20251017,2026.10.01 15:30:00,raw/2ETF01_2025-10-17.json,c6f9d3ddff2383bec064ad2b702720976567672b970e3ba2d4f4f82c327f40c5,equity,066970,엘앤에프,38,3739200,38.0,3739200.0,98400.0
2ETF01,2025-10-17,2025-10-16,20251017,2026.10.01 15:30:00,raw/2ETF01_2025-10-17.json,c6f9d3ddff2383bec064ad2b702720976567672b970e3ba2d4f4f82c327f40c5,equity,068270,셀트리온,234,41184000,234.0,41184000.0,176000.0
2ETF01,2025-10-17,2025-10-16,20251017,2026.10.01 15:30:00,raw/2ETF01_2025-10-17.json,c6f9d3ddff2383bec064ad2b702720976567672b970e3ba2d4f4f82c327f40c5,equity,069260,TKG휴켐스,33,600270,33.0,600270.0,18190.0
2ETF01,2025-10-17,2025-10-16,20251017,2026.10.01 15:30:00,raw/2ETF01_2025-10-17.json,c6f9d3ddff2383bec064ad2b702720976567672b970e3ba2d4f4f82c327f40c5,equity,069620,대웅제약,7,957600,7.0,957600.0,136800.0
2ETF01,2025-10-17,2025-10-16,20251017,2026.10.01 15:30:00,raw/2ETF01_2025-10-17.json,c6f9d3ddff2383bec064ad2b702720976567672b970e3ba2d4f4f82c327f40c5,equity,069960,현대백화점,21,1698900,21.0,1698900.0,80900.0
2ETF01,2025-10-17,2025-10-16,20251017,2026.10.01 15:30:00,raw/2ETF01_2025-10-17.json,c6f9d3ddff2383bec064ad2b702720976567672b970e3ba2d4f4f82c327f40c5,equity,071050,한국금융지주,62,9690600,62.0,9690600.0,156300.0
2ETF01,2025-10-17,2025-10-16,20251017,2026.10.01 15:30:00,raw/2ETF01_2025-10-17.json,c6f9d3ddff2383bec064ad2b702720976567672b970e3ba2d4f4f82c327f40c5,equity,071320,지역난방공사,4,346000,4.0,346000.0,86500.0
2ETF01,2025-10-17,2025-10-16,20251017,2026.10.01 15:30:00,raw/2ETF01_2025-10-17.json,c6f9d3ddff2383bec064ad2b702720976567672b970e3ba2d4f4f82c327f40c5,equity,073240,금호타이어,239,1099400,239.0,1099400.0,4600.0
2ETF01,2025-10-17,2025-10-16,20251017,2026.10.01 15:30:00,raw/2ETF01_2025-10-17.json,c6f9d3ddff2383bec064ad2b702720976567672b970e3ba2d4f4f82c327f40c5,equity,078930,GS,68,3145000,68.0,3145000.0,46250.0
2ETF01,2025-10-17,2025-10-16,20251017,2026.10.01 15:30:00,raw/2ETF01_2025-10-17.json,c6f9d3ddff2383bec064ad2b702720976567672b970e3ba2d4f4f82c327f40c5,equity,079550,LIG넥스원,20,8900000,20.0,8900000.0,445000.0
2ETF01,2025-10-17,2025-10-16,20251017,2026.10.01 15:30:00,raw/2ETF01_2025-10-17.json,c6f9d3ddff2383bec064ad2b702720976567672b970e3ba2d4f4f82c327f40c5,equity,081660,미스토홀딩스,52,1978600,52.0,1978600.0,38050.0
2ETF01,2025-10-17,2025-10-16,20251017,2026.10.01 15:30:00,raw/2ETF01_2025-10-17.json,c6f9d3ddff2383bec064ad2b702720976567672b970e3ba2d4f4f82c327f40c5,equity,086280,현대글로비스,56,9391200,56.0,9391200.0,167700.0
2ETF01,2025-10-17,2025-10-16,20251017,2026.10.01 15:30:00,raw/2ETF01_2025-10-17.json,c6f9d3ddff2383bec064ad2b702720976567672b970e3ba2d4f4f82c327f40c5,equity,086790,하나금융지주,381,33223200,381.0,33223200.0,87200.0
2ETF01,2025-10-17,2025-10-16,20251017,2026.10.01 15:30:00,raw/2ETF01_2025-10-17.json,c6f9d3ddff2383bec064ad2b702720976567672b970e3ba2d4f4f82c327f40c5,equity,088350,한화생명,500,1590000,500.0,1590000.0,3180.0
2ETF01,2025-10-17,2025-10-16,20251017,2026.10.01 15:30:00,raw/2ETF01_2025-10-17.json,c6f9d3ddff2383bec064ad2b702720976567672b970e3ba2d4f4f82c327f40c5,equity,090430,아모레퍼시픽,47,5569500,47.0,5569500.0,118500.0
2ETF01,2025-10-17,2025-10-16,20251017,2026.10.01 15:30:00,raw/2ETF01_2025-10-17.json,c6f9d3ddff2383bec064ad2b702720976567672b970e3ba2d4f4f82c327f40c5,equity,093370,후성,83,537840,83.0,537840.0,6480.0
2ETF01,2025-10-17,2025-10-16,20251017,2026.10.01 15:30:00,raw/2ETF01_2025-10-17.json,c6f9d3ddff2383bec064ad2b702720976567672b970e3ba2d4f4f82c327f40c5,equity,096770,SK이노베이션,113,13108000,113.0,13108000.0,116000.0
2ETF01,2025-10-17,2025-10-16,20251017,2026.10.01 15:30:00,raw/2ETF01_2025-10-17.json,c6f9d3ddff2383bec064ad2b702720976567672b970e3ba2d4f4f82c327f40c5,equity,097950,CJ제일제당,12,2766000,12.0,2766000.0,230500.0
2ETF01,2025-10-17,2025-10-16,20251017,2026.10.01 15:30:00,raw/2ETF01_2025-10-17.json,c6f9d3ddff2383bec064ad2b702720976567672b970e3ba2d4f4f82c327f40c5,equity,103140,풍산,25,3057500,25.0,3057500.0,122300.0
2ETF01,2025-10-17,2025-10-16,20251017,2026.10.01 15:30:00,raw/2ETF01_2025-10-17.json,c6f9d3ddff2383bec064ad2b702720976567672b970e3ba2d4f4f82c327f40c5,equity,105560,KB금융,491,55826700,491.0,55826700.0,113700.0
2ETF01,2025-10-17,2025-10-16,20251017,2026.10.01 15:30:00,raw/2ETF01_2025-10-17.json,c6f9d3ddff2383bec064ad2b702720976567672b970e3ba2d4f4f82c327f40c5,equity,111770,영원무역,33,2036100,33.0,2036100.0,61700.0
2ETF01,2025-10-17,2025-10-16,20251017,2026.10.01 15:30:00,raw/2ETF01_2025-10-17.json,c6f9d3ddff2383bec064ad2b702720976567672b970e3ba2d4f4f82c327f40c5,equity,112610,씨에스윈드,36,1609200,36.0,1609200.0,44700.0
2ETF01,2025-10-17,2025-10-16,20251017,2026.10.01 15:30:00,raw/2ETF01_2025-10-17.json,c6f9d3ddff2383bec064ad2b702720976567672b970e3ba2d4f4f82c327f40c5,equity,114090,GKL,46,756240,46.0,756240.0,16440.0
2ETF01,2025-10-17,2025-10-16,20251017,2026.10.01 15:30:00,raw/2ETF01_2025-10-17.json,c6f9d3ddff2383bec064ad2b702720976567672b970e3ba2d4f4f82c327f40c5,equity,120110,코오롱인더,28,998200,28.0,998200.0,35650.0
2ETF01,2025-10-17,2025-10-16,20251017,2026.10.01 15:30:00,raw/2ETF01_2025-10-17.json,c6f9d3ddff2383bec064ad2b702720976567672b970e3ba2d4f4f82c327f40c5,equity,128940,한미약품,10,3425000,10.0,3425000.0,342500.0
2ETF01,2025-10-17,2025-10-16,20251017,2026.10.01 15:30:00,raw/2ETF01_2025-10-17.json,c6f9d3ddff2383bec064ad2b702720976567672b970e3ba2d4f4f82c327f40c5,equity,137310,에스디바이오센서,53,513040,53.0,513040.0,9680.0
2ETF01,2025-10-17,2025-10-16,20251017,2026.10.01 15:30:00,raw/2ETF01_2025-10-17.json,c6f9d3ddff2383bec064ad2b702720976567672b970e3ba2d4f4f82c327f40c5,equity,138040,메리츠금융지주,117,13302900,117.0,13302900.0,113700.0
2ETF01,2025-10-17,2025-10-16,20251017,2026.10.01 15:30:00,raw/2ETF01_2025-10-17.json,c6f9d3ddff2383bec064ad2b702720976567672b970e3ba2d4f4f82c327f40c5,equity,138930,BNK금융지주,391,5685140,391.0,5685140.0,14540.0
2ETF01,2025-10-17,2025-10-16,20251017,2026.10.01 15:30:00,raw/2ETF01_2025-10-17.json,c6f9d3ddff2383bec064ad2b702720976567672b970e3ba2d4f4f82c327f40c5,equity,139130,iM금융지주,211,2901250,211.0,2901250.0,13750.0
2ETF01,2025-10-17,2025-10-16,20251017,2026.10.01 15:30:00,raw/2ETF01_2025-10-17.json,c6f9d3ddff2383bec064ad2b702720976567672b970e3ba2d4f4f82c327f40c5,equity,139480,이마트,30,2205000,30.0,2205000.0,73500.0
2ETF01,2025-10-17,2025-10-16,20251017,2026.10.01 15:30:00,raw/2ETF01_2025-10-17.json,c6f9d3ddff2383bec064ad2b702720976567672b970e3ba2d4f4f82c327f40c5,equity,145720,덴티움,10,560000,10.0,560000.0,56000.0
2ETF01,2025-10-17,2025-10-16,20251017,2026.10.01 15:30:00,raw/2ETF01_2025-10-17.json,c6f9d3ddff2383bec064ad2b702720976567672b970e3ba2d4f4f82c327f40c5,equity,161390,한국타이어앤테크놀로지,109,4518050,109.0,4518050.0,41450.0
2ETF01,2025-10-17,2025-10-16,20251017,2026.10.01 15:30:00,raw/2ETF01_2025-10-17.json,c6f9d3ddff2383bec064ad2b702720976567672b970e3ba2d4f4f82c327f40c5,equity,161890,한국콜마,26,1952600,26.0,1952600.0,75100.0
2ETF01,2025-10-17,2025-10-16,20251017,2026.10.01 15:30:00,raw/2ETF01_2025-10-17.json,c6f9d3ddff2383bec064ad2b702720976567672b970e3ba2d4f4f82c327f40c5,equity,175330,JB금융지주,244,5648600,244.0,5648600.0,23150.0
2ETF01,2025-10-17,2025-10-16,20251017,2026.10.01 15:30:00,raw/2ETF01_2025-10-17.json,c6f9d3ddff2383bec064ad2b702720976567672b970e3ba2d4f4f82c327f40c5,equity,180640,한진칼,71,7085800,71.0,7085800.0,99800.0
2ETF01,2025-10-17,2025-10-16,20251017,2026.10.01 15:30:00,raw/2ETF01_2025-10-17.json,c6f9d3ddff2383bec064ad2b702720976567672b970e3ba2d4f4f82c327f40c5,equity,185750,종근당,12,976800,12.0,976800.0,81400.0
2ETF01,2025-10-17,2025-10-16,20251017,2026.10.01 15:30:00,raw/2ETF01_2025-10-17.json,c6f9d3ddff2383bec064ad2b702720976567672b970e3ba2d4f4f82c327f40c5,equity,192080,더블유게임즈,16,812800,16.0,812800.0,50800.0
2ETF01,2025-10-17,2025-10-16,20251017,2026.10.01 15:30:00,raw/2ETF01_2025-10-17.json,c6f9d3ddff2383bec064ad2b702720976567672b970e3ba2d4f4f82c327f40c5,equity,192820,코스맥스,12,2424000,12.0,2424000.0,202000.0
2ETF01,2025-10-17,2025-10-16,20251017,2026.10.01 15:30:00,raw/2ETF01_2025-10-17.json,c6f9d3ddff2383bec064ad2b702720976567672b970e3ba2d4f4f82c327f40c5,equity,204320,HL만도,49,1673350,49.0,1673350.0,34150.0
2ETF01,2025-10-17,2025-10-16,20251017,2026.10.01 15:30:00,raw/2ETF01_2025-10-17.json,c6f9d3ddff2383bec064ad2b702720976567672b970e3ba2d4f4f82c327f40c5,equity,207940,삼성바이오로직스,24,27192000,24.0,27192000.0,1133000.0
2ETF01,2025-10-17,2025-10-16,20251017,2026.10.01 15:30:00,raw/2ETF01_2025-10-17.json,c6f9d3ddff2383bec064ad2b702720976567672b970e3ba2d4f4f82c327f40c5,equity,241560,두산밥캣,78,4617600,78.0,4617600.0,59200.0
2ETF01,2025-10-17,2025-10-16,20251017,2026.10.01 15:30:00,raw/2ETF01_2025-10-17.json,c6f9d3ddff2383bec064ad2b702720976567672b970e3ba2d4f4f82c327f40c5,equity,251270,넷마블,48,2654400,48.0,2654400.0,55300.0
2ETF01,2025-10-17,2025-10-16,20251017,2026.10.01 15:30:00,raw/2ETF01_2025-10-17.json,c6f9d3ddff2383bec064ad2b702720976567672b970e3ba2d4f4f82c327f40c5,equity,259960,크래프톤,44,12760000,44.0,12760000.0,290000.0
2ETF01,2025-10-17,2025-10-16,20251017,2026.10.01 15:30:00,raw/2ETF01_2025-10-17.json,c6f9d3ddff2383bec064ad2b702720976567672b970e3ba2d4f4f82c327f40c5,equity,267250,HD현대,68,10880000,68.0,10880000.0,160000.0
2ETF01,2025-10-17,2025-10-16,20251017,2026.10.01 15:30:00,raw/2ETF01_2025-10-17.json,c6f9d3ddff2383bec064ad2b702720976567672b970e3ba2d4f4f82c327f40c5,equity,267260,HD현대일렉트릭,34,23290000,34.0,23290000.0,685000.0
2ETF01,2025-10-17,2025-10-16,20251017,2026.10.01 15:30:00,raw/2ETF01_2025-10-17.json,c6f9d3ddff2383bec064ad2b702720976567672b970e3ba2d4f4f82c327f40c5,equity,268280,미원에스씨,1,138800,1.0,138800.0,138800.0
2ETF01,2025-10-17,2025-10-16,20251017,2026.10.01 15:30:00,raw/2ETF01_2025-10-17.json,c6f9d3ddff2383bec064ad2b702720976567672b970e3ba2d4f4f82c327f40c5,equity,271560,오리온,33,3349500,33.0,3349500.0,101500.0
2ETF01,2025-10-17,2025-10-16,20251017,2026.10.01 15:30:00,raw/2ETF01_2025-10-17.json,c6f9d3ddff2383bec064ad2b702720976567672b970e3ba2d4f4f82c327f40c5,equity,272210,한화시스템,106,5586200,106.0,5586200.0,52700.0
2ETF01,2025-10-17,2025-10-16,20251017,2026.10.01 15:30:00,raw/2ETF01_2025-10-17.json,c6f9d3ddff2383bec064ad2b702720976567672b970e3ba2d4f4f82c327f40c5,equity,278470,에이피알,37,8972500,37.0,8972500.0,242500.0
2ETF01,2025-10-17,2025-10-16,20251017,2026.10.01 15:30:00,raw/2ETF01_2025-10-17.json,c6f9d3ddff2383bec064ad2b702720976567672b970e3ba2d4f4f82c327f40c5,equity,280360,롯데웰푸드,3,335400,3.0,335400.0,111800.0
2ETF01,2025-10-17,2025-10-16,20251017,2026.10.01 15:30:00,raw/2ETF01_2025-10-17.json,c6f9d3ddff2383bec064ad2b702720976567672b970e3ba2d4f4f82c327f40c5,equity,282330,BGF리테일,12,1266000,12.0,1266000.0,105500.0
2ETF01,2025-10-17,2025-10-16,20251017,2026.10.01 15:30:00,raw/2ETF01_2025-10-17.json,c6f9d3ddff2383bec064ad2b702720976567672b970e3ba2d4f4f82c327f40c5,equity,285130,SK케미칼,15,906000,15.0,906000.0,60400.0
2ETF01,2025-10-17,2025-10-16,20251017,2026.10.01 15:30:00,raw/2ETF01_2025-10-17.json,c6f9d3ddff2383bec064ad2b702720976567672b970e3ba2d4f4f82c327f40c5,equity,298020,효성티앤씨,4,850000,4.0,850000.0,212500.0
2ETF01,2025-10-17,2025-10-16,20251017,2026.10.01 15:30:00,raw/2ETF01_2025-10-17.json,c6f9d3ddff2383bec064ad2b702720976567672b970e3ba2d4f4f82c327f40c5,equity,298040,효성중공업,7,11298000,7.0,11298000.0,1614000.0
2ETF01,2025-10-17,2025-10-16,20251017,2026.10.01 15:30:00,raw/2ETF01_2025-10-17.json,c6f9d3ddff2383bec064ad2b702720976567672b970e3ba2d4f4f82c327f40c5,equity,298050,HS효성첨단소재,4,739600,4.0,739600.0,184900.0
2ETF01,2025-10-17,2025-10-16,20251017,2026.10.01 15:30:00,raw/2ETF01_2025-10-17.json,c6f9d3ddff2383bec064ad2b702720976567672b970e3ba2d4f4f82c327f40c5,equity,300720,한일시멘트,24,441600,24.0,441600.0,18400.0
2ETF01,2025-10-17,2025-10-16,20251017,2026.10.01 15:30:00,raw/2ETF01_2025-10-17.json,c6f9d3ddff2383bec064ad2b702720976567672b970e3ba2d4f4f82c327f40c5,equity,302440,SK바이오사이언스,39,1868100,39.0,1868100.0,47900.0
2ETF01,2025-10-17,2025-10-16,20251017,2026.10.01 15:30:00,raw/2ETF01_2025-10-17.json,c6f9d3ddff2383bec064ad2b702720976567672b970e3ba2d4f4f82c327f40c5,equity,316140,우리금융지주,1024,26265600,1024.0,26265600.0,25650.0
2ETF01,2025-10-17,2025-10-16,20251017,2026.10.01 15:30:00,raw/2ETF01_2025-10-17.json,c6f9d3ddff2383bec064ad2b702720976567672b970e3ba2d4f4f82c327f40c5,equity,323410,카카오뱅크,513,11670750,513.0,11670750.0,22750.0
2ETF01,2025-10-17,2025-10-16,20251017,2026.10.01 15:30:00,raw/2ETF01_2025-10-17.json,c6f9d3ddff2383bec064ad2b702720976567672b970e3ba2d4f4f82c327f40c5,equity,326030,SK바이오팜,42,4317600,42.0,4317600.0,102800.0
2ETF01,2025-10-17,2025-10-16,20251017,2026.10.01 15:30:00,raw/2ETF01_2025-10-17.json,c6f9d3ddff2383bec064ad2b702720976567672b970e3ba2d4f4f82c327f40c5,equity,329180,HD현대중공업,34,17272000,34.0,17272000.0,508000.0
2ETF01,2025-10-17,2025-10-16,20251017,2026.10.01 15:30:00,raw/2ETF01_2025-10-17.json,c6f9d3ddff2383bec064ad2b702720976567672b970e3ba2d4f4f82c327f40c5,equity,352820,하이브,32,8736000,32.0,8736000.0,273000.0
2ETF01,2025-10-17,2025-10-16,20251017,2026.10.01 15:30:00,raw/2ETF01_2025-10-17.json,c6f9d3ddff2383bec064ad2b702720976567672b970e3ba2d4f4f82c327f40c5,equity,361610,SK아이이테크놀로지,44,1381600,44.0,1381600.0,31400.0
2ETF01,2025-10-17,2025-10-16,20251017,2026.10.01 15:30:00,raw/2ETF01_2025-10-17.json,c6f9d3ddff2383bec064ad2b702720976567672b970e3ba2d4f4f82c327f40c5,equity,373220,LG에너지솔루션,53,22286500,53.0,22286500.0,420500.0
2ETF01,2025-10-17,2025-10-16,20251017,2026.10.01 15:30:00,raw/2ETF01_2025-10-17.json,c6f9d3ddff2383bec064ad2b702720976567672b970e3ba2d4f4f82c327f40c5,equity,375500,DL이앤씨,45,1878750,45.0,1878750.0,41750.0
2ETF01,2025-10-17,2025-10-16,20251017,2026.10.01 15:30:00,raw/2ETF01_2025-10-17.json,c6f9d3ddff2383bec064ad2b702720976567672b970e3ba2d4f4f82c327f40c5,equity,377300,카카오페이,43,2214500,43.0,2214500.0,51500.0
2ETF01,2025-10-17,2025-10-16,20251017,2026.10.01 15:30:00,raw/2ETF01_2025-10-17.json,c6f9d3ddff2383bec064ad2b702720976567672b970e3ba2d4f4f82c327f40c5,equity,383220,F&F,21,1356600,21.0,1356600.0,64600.0
2ETF01,2025-10-17,2025-10-16,20251017,2026.10.01 15:30:00,raw/2ETF01_2025-10-17.json,c6f9d3ddff2383bec064ad2b702720976567672b970e3ba2d4f4f82c327f40c5,equity,402340,SK스퀘어,139,35792500,139.0,35792500.0,257500.0
2ETF01,2025-10-17,2025-10-16,20251017,2026.10.01 15:30:00,raw/2ETF01_2025-10-17.json,c6f9d3ddff2383bec064ad2b702720976567672b970e3ba2d4f4f82c327f40c5,equity,443060,HD현대마린솔루션,12,2784000,12.0,2784000.0,232000.0
2ETF01,2025-10-17,2025-10-16,20251017,2026.10.01 15:30:00,raw/2ETF01_2025-10-17.json,c6f9d3ddff2383bec064ad2b702720976567672b970e3ba2d4f4f82c327f40c5,equity,450080,에코프로머티,38,2409200,38.0,2409200.0,63400.0
2ETF01,2025-10-17,2025-10-16,20251017,2026.10.01 15:30:00,raw/2ETF01_2025-10-17.json,c6f9d3ddff2383bec064ad2b702720976567672b970e3ba2d4f4f82c327f40c5,equity,454910,두산로보틱스,29,2119900,29.0,2119900.0,73100.0
2ETF01,2025-10-17,2025-10-16,20251017,2026.10.01 15:30:00,raw/2ETF01_2025-10-17.json,c6f9d3ddff2383bec064ad2b702720976567672b970e3ba2d4f4f82c327f40c5,equity,456040,OCI,7,415100,7.0,415100.0,59300.0
2ETF01,2025-10-17,2025-10-16,20251017,2026.10.01 15:30:00,raw/2ETF01_2025-10-17.json,c6f9d3ddff2383bec064ad2b702720976567672b970e3ba2d4f4f82c327f40c5,equity,457190,이수스페셜티케미컬,31,1720500,31.0,1720500.0,55500.0
2ETF01,2025-10-17,2025-10-16,20251017,2026.10.01 15:30:00,raw/2ETF01_2025-10-17.json,c6f9d3ddff2383bec064ad2b702720976567672b970e3ba2d4f4f82c327f40c5,equity,489790,한화비전,52,2724800,52.0,2724800.0,52400.0
2ETF07,2025-10-17,2025-10-16,20251017,2026.10.01 15:30:00,raw/2ETF07_2025-10-17.json,251dc86eec40ff024916a33fb50700cf022f40793090c925cb6b921c47295ecf,cash,KRD010010001,원화예금,4582186,4582186,4582186.0,4582186.0,1.0
2ETF07,2025-10-17,2025-10-16,20251017,2026.10.01 15:30:00,raw/2ETF07_2025-10-17.json,251dc86eec40ff024916a33fb50700cf022f40793090c925cb6b921c47295ecf,equity,000660,SK하이닉스,1369,619472500,1369.0,619472500.0,452500.0
2ETF07,2025-10-17,2025-10-16,20251017,2026.10.01 15:30:00,raw/2ETF07_2025-10-17.json,251dc86eec40ff024916a33fb50700cf022f40793090c925cb6b921c47295ecf,equity,000990,DB하이텍,1278,75274200,1278.0,75274200.0,58900.0
2ETF07,2025-10-17,2025-10-16,20251017,2026.10.01 15:30:00,raw/2ETF07_2025-10-17.json,251dc86eec40ff024916a33fb50700cf022f40793090c925cb6b921c47295ecf,equity,005930,삼성전자,5560,543212000,5560.0,543212000.0,97700.0
2ETF07,2025-10-17,2025-10-16,20251017,2026.10.01 15:30:00,raw/2ETF07_2025-10-17.json,251dc86eec40ff024916a33fb50700cf022f40793090c925cb6b921c47295ecf,equity,031980,피에스케이홀딩스,293,15734100,293.0,15734100.0,53700.0
2ETF07,2025-10-17,2025-10-16,20251017,2026.10.01 15:30:00,raw/2ETF07_2025-10-17.json,251dc86eec40ff024916a33fb50700cf022f40793090c925cb6b921c47295ecf,equity,036540,SFA반도체,3043,13510920,3043.0,13510920.0,4440.0
2ETF07,2025-10-17,2025-10-16,20251017,2026.10.01 15:30:00,raw/2ETF07_2025-10-17.json,251dc86eec40ff024916a33fb50700cf022f40793090c925cb6b921c47295ecf,equity,036930,주성엔지니어링,1302,41468700,1302.0,41468700.0,31850.0
2ETF07,2025-10-17,2025-10-16,20251017,2026.10.01 15:30:00,raw/2ETF07_2025-10-17.json,251dc86eec40ff024916a33fb50700cf022f40793090c925cb6b921c47295ecf,equity,039030,이오테크닉스,344,89612000,344.0,89612000.0,260500.0
2ETF07,2025-10-17,2025-10-16,20251017,2026.10.01 15:30:00,raw/2ETF07_2025-10-17.json,251dc86eec40ff024916a33fb50700cf022f40793090c925cb6b921c47295ecf,equity,042700,한미반도체,1713,250954500,1713.0,250954500.0,146500.0
2ETF07,2025-10-17,2025-10-16,20251017,2026.10.01 15:30:00,raw/2ETF07_2025-10-17.json,251dc86eec40ff024916a33fb50700cf022f40793090c925cb6b921c47295ecf,equity,058470,리노공업,2037,117534900,2037.0,117534900.0,57700.0
2ETF07,2025-10-17,2025-10-16,20251017,2026.10.01 15:30:00,raw/2ETF07_2025-10-17.json,251dc86eec40ff024916a33fb50700cf022f40793090c925cb6b921c47295ecf,equity,064760,티씨케이,240,43872000,240.0,43872000.0,182800.0
2ETF07,2025-10-17,2025-10-16,20251017,2026.10.01 15:30:00,raw/2ETF07_2025-10-17.json,251dc86eec40ff024916a33fb50700cf022f40793090c925cb6b921c47295ecf,equity,067310,하나마이크론,1962,50913900,1962.0,50913900.0,25950.0
2ETF07,2025-10-17,2025-10-16,20251017,2026.10.01 15:30:00,raw/2ETF07_2025-10-17.json,251dc86eec40ff024916a33fb50700cf022f40793090c925cb6b921c47295ecf,equity,080220,제주반도체,1246,27661200,1246.0,27661200.0,22200.0
2ETF07,2025-10-17,2025-10-16,20251017,2026.10.01 15:30:00,raw/2ETF07_2025-10-17.json,251dc86eec40ff024916a33fb50700cf022f40793090c925cb6b921c47295ecf,equity,082270,젬백스,1296,57996000,1296.0,57996000.0,44750.0
2ETF07,2025-10-17,2025-10-16,20251017,2026.10.01 15:30:00,raw/2ETF07_2025-10-17.json,251dc86eec40ff024916a33fb50700cf022f40793090c925cb6b921c47295ecf,equity,084370,유진테크,565,44974000,565.0,44974000.0,79600.0
2ETF07,2025-10-17,2025-10-16,20251017,2026.10.01 15:30:00,raw/2ETF07_2025-10-17.json,251dc86eec40ff024916a33fb50700cf022f40793090c925cb6b921c47295ecf,equity,089030,테크윙,1290,79593000,1290.0,79593000.0,61700.0
2ETF07,2025-10-17,2025-10-16,20251017,2026.10.01 15:30:00,raw/2ETF07_2025-10-17.json,251dc86eec40ff024916a33fb50700cf022f40793090c925cb6b921c47295ecf,equity,095340,ISC,418,35362800,418.0,35362800.0,84600.0
2ETF07,2025-10-17,2025-10-16,20251017,2026.10.01 15:30:00,raw/2ETF07_2025-10-17.json,251dc86eec40ff024916a33fb50700cf022f40793090c925cb6b921c47295ecf,equity,098460,고영,2117,35671450,2117.0,35671450.0,16850.0
2ETF07,2025-10-17,2025-10-16,20251017,2026.10.01 15:30:00,raw/2ETF07_2025-10-17.json,251dc86eec40ff024916a33fb50700cf022f40793090c925cb6b921c47295ecf,equity,101490,에스앤에스텍,670,39999000,670.0,39999000.0,59700.0
2ETF07,2025-10-17,2025-10-16,20251017,2026.10.01 15:30:00,raw/2ETF07_2025-10-17.json,251dc86eec40ff024916a33fb50700cf022f40793090c925cb6b921c47295ecf,equity,108320,LX세미콘,448,26252800,448.0,26252800.0,58600.0
2ETF07,2025-10-17,2025-10-16,20251017,2026.10.01 15:30:00,raw/2ETF07_2025-10-17.json,251dc86eec40ff024916a33fb50700cf022f40793090c925cb6b921c47295ecf,equity,131970,두산테스나,485,25753500,485.0,25753500.0,53100.0
2ETF07,2025-10-17,2025-10-16,20251017,2026.10.01 15:30:00,raw/2ETF07_2025-10-17.json,251dc86eec40ff024916a33fb50700cf022f40793090c925cb6b921c47295ecf,equity,161580,필옵틱스,693,27130950,693.0,27130950.0,39150.0
2ETF07,2025-10-17,2025-10-16,20251017,2026.10.01 15:30:00,raw/2ETF07_2025-10-17.json,251dc86eec40ff024916a33fb50700cf022f40793090c925cb6b921c47295ecf,equity,166090,하나머티리얼즈,431,18274400,431.0,18274400.0,42400.0
2ETF07,2025-10-17,2025-10-16,20251017,2026.10.01 15:30:00,raw/2ETF07_2025-10-17.json,251dc86eec40ff024916a33fb50700cf022f40793090c925cb6b921c47295ecf,equity,183300,코미코,245,28665000,245.0,28665000.0,117000.0
2ETF07,2025-10-17,2025-10-16,20251017,2026.10.01 15:30:00,raw/2ETF07_2025-10-17.json,251dc86eec40ff024916a33fb50700cf022f40793090c925cb6b921c47295ecf,equity,213420,덕산네오룩스,531,24027750,531.0,24027750.0,45250.0
2ETF07,2025-10-17,2025-10-16,20251017,2026.10.01 15:30:00,raw/2ETF07_2025-10-17.json,251dc86eec40ff024916a33fb50700cf022f40793090c925cb6b921c47295ecf,equity,218410,RFHIC,676,20854600,676.0,20854600.0,30850.0
2ETF07,2025-10-17,2025-10-16,20251017,2026.10.01 15:30:00,raw/2ETF07_2025-10-17.json,251dc86eec40ff024916a33fb50700cf022f40793090c925cb6b921c47295ecf,equity,222800,심텍,889,45072300,889.0,45072300.0,50700.0
2ETF07,2025-10-17,2025-10-16,20251017,2026.10.01 15:30:00,raw/2ETF07_2025-10-17.json,251dc86eec40ff024916a33fb50700cf022f40793090c925cb6b921c47295ecf,equity,232140,와이씨,1619,24770700,1619.0,24770700.0,15300.0
2ETF07,2025-10-17,2025-10-16,20251017,2026.10.01 15:30:00,raw/2ETF07_2025-10-17.json,251dc86eec40ff024916a33fb50700cf022f40793090c925cb6b921c47295ecf,equity,240810,원익IPS,1352,74089600,1352.0,74089600.0,54800.0
2ETF07,2025-10-17,2025-10-16,20251017,2026.10.01 15:30:00,raw/2ETF07_2025-10-17.json,251dc86eec40ff024916a33fb50700cf022f40793090c925cb6b921c47295ecf,equity,281820,케이씨텍,391,15346750,391.0,15346750.0,39250.0
2ETF07,2025-10-17,2025-10-16,20251017,2026.10.01 15:30:00,raw/2ETF07_2025-10-17.json,251dc86eec40ff024916a33fb50700cf022f40793090c925cb6b921c47295ecf,equity,319660,피에스케이,810,26770500,810.0,26770500.0,33050.0
2ETF07,2025-10-17,2025-10-16,20251017,2026.10.01 15:30:00,raw/2ETF07_2025-10-17.json,251dc86eec40ff024916a33fb50700cf022f40793090c925cb6b921c47295ecf,equity,322000,HD현대에너지솔루션,212,10504600,212.0,10504600.0,49550.0
2ETF07,2025-10-17,2025-10-16,20251017,2026.10.01 15:30:00,raw/2ETF07_2025-10-17.json,251dc86eec40ff024916a33fb50700cf022f40793090c925cb6b921c47295ecf,equity,323280,태성,815,21190000,815.0,21190000.0,26000.0
2ETF07,2025-10-17,2025-10-16,20251017,2026.10.01 15:30:00,raw/2ETF07_2025-10-17.json,251dc86eec40ff024916a33fb50700cf022f40793090c925cb6b921c47295ecf,equity,348210,넥스틴,310,15903000,310.0,15903000.0,51300.0
2ETF07,2025-10-17,2025-10-16,20251017,2026.10.01 15:30:00,raw/2ETF07_2025-10-17.json,251dc86eec40ff024916a33fb50700cf022f40793090c925cb6b921c47295ecf,equity,399720,가온칩스,248,14557600,248.0,14557600.0,58700.0
2ETF07,2025-10-17,2025-10-16,20251017,2026.10.01 15:30:00,raw/2ETF07_2025-10-17.json,251dc86eec40ff024916a33fb50700cf022f40793090c925cb6b921c47295ecf,equity,403870,HPSP,1923,70093350,1923.0,70093350.0,36450.0
2ETF07,2025-10-17,2025-10-16,20251017,2026.10.01 15:30:00,raw/2ETF07_2025-10-17.json,251dc86eec40ff024916a33fb50700cf022f40793090c925cb6b921c47295ecf,equity,440110,파두,1464,33598800,1464.0,33598800.0,22950.0
2ETF01,2025-10-20,2025-10-17,20251020,2026.10.01 15:30:00,raw/2ETF01_2025-10-20.json,366ec78998e0d1accd78ce4b0e5a5cb7375b7decb2e0e53a15f0ddc3f34a7766,cash,KRD010010001,원화예금,5274318,5274318,5274318.0,5274318.0,1.0
2ETF01,2025-10-20,2025-10-17,20251020,2026.10.01 15:30:00,raw/2ETF01_2025-10-20.json,366ec78998e0d1accd78ce4b0e5a5cb7375b7decb2e0e53a15f0ddc3f34a7766,equity,000080,하이트진로,47,886420,47.0,886420.0,18860.0
2ETF01,2025-10-20,2025-10-17,20251020,2026.10.01 15:30:00,raw/2ETF01_2025-10-20.json,366ec78998e0d1accd78ce4b0e5a5cb7375b7decb2e0e53a15f0ddc3f34a7766,equity,000100,유한양행,91,10619700,91.0,10619700.0,116700.0
2ETF01,2025-10-20,2025-10-17,20251020,2026.10.01 15:30:00,raw/2ETF01_2025-10-20.json,366ec78998e0d1accd78ce4b0e5a5cb7375b7decb2e0e53a15f0ddc3f34a7766,equity,000120,CJ대한통운,17,1377000,17.0,1377000.0,81000.0
2ETF01,2025-10-20,2025-10-17,20251020,2026.10.01 15:30:00,raw/2ETF01_2025-10-20.json,366ec78998e0d1accd78ce4b0e5a5cb7375b7decb2e0e53a15f0ddc3f34a7766,equity,000150,두산,11,7667000,11.0,7667000.0,697000.0
2ETF01,2025-10-20,2025-10-17,20251020,2026.10.01 15:30:00,raw/2ETF01_2025-10-20.json,366ec78998e0d1accd78ce4b0e5a5cb7375b7decb2e0e53a15f0ddc3f34a7766,equity,000210,DL,16,602400,16.0,602400.0,37650.0
2ETF01,2025-10-20,2025-10-17,20251020,2026.10.01 15:30:00,raw/2ETF01_2025-10-20.json,366ec78998e0d1accd78ce4b0e5a5cb7375b7decb2e0e53a15f0ddc3f34a7766,equity,000240,한국앤컴퍼니,36,811800,36.0,811800.0,22550.0
2ETF01,2025-10-20,2025-10-17,20251020,2026.10.01 15:30:00,raw/2ETF01_2025-10-20.json,366ec78998e0d1accd78ce4b0e5a5cb7375b7decb2e0e53a15f0ddc3f34a7766,equity,000270,기아,371,41589100,371.0,41589100.0,112100.0
2ETF01,2025-10-20,2025-10-17,20251020,2026.10.01 15:30:00,raw/2ETF01_2025-10-20.json,366ec78998e0d1accd78ce4b0e5a5cb7375b7decb2e0e53a15f0ddc3f34a7766,equity,000660,SK하이닉스,851,396140500,851.0,396140500.0,465500.0
2ETF01,2025-10-20,2025-10-17,20251020,2026.10.01 15:30:00,raw/2ETF01_2025-10-20.json,366ec78998e0d1accd78ce4b0e5a5cb7375b7decb2e0e53a15f0ddc3f34a7766,equity,000670,영풍,8,362400,8.0,362400.0,45300.0
2ETF01,2025-10-20,2025-10-17,20251020,2026.10.01 15:30:00,raw/2ETF01_2025-10-20.json,366ec78998e0d1accd78ce4b0e5a5cb7375b7decb2e0e53a15f0ddc3f34a7766,equity,000720,현대건설,111,6216000,111.0,6216000.0,56000.0
2ETF01,2025-10-20,2025-10-17,20251020,2026.10.01 15:30:00,raw/2ETF01_2025-10-20.json,366ec78998e0d1accd78ce4b0e5a5cb7375b7decb2e0e53a15f0ddc3f34a7766,equity,000810,삼성화재,46,20079000,46.0,20079000.0,436500.0
2ETF01,2025-10-20,2025-10-17,20251020,2026.10.01 15:30:00,raw/2ETF01_2025-10-20.json,366ec78998e0d1accd78ce4b0e5a5cb7375b7decb2e0e53a15f0ddc3f34a7766,equity,000880,한화,42,3465000,42.0,3465000.0,82500.0
2ETF01,2025-10-20,2025-10-17,20251020,2026.10.01 15:30:00,raw/2ETF01_2025-10-20.json,366ec78998e0d1accd78ce4b0e5a5cb7375b7decb2e0e53a15f0ddc3f34a7766,equity,001040,CJ,21,3448200,21.0,3448200.0,164200.0
2ETF01,2025-10-20,2025-10-17,20251020,2026.10.01 15:30:00,raw/2ETF01_2025-10-20.json,366ec78998e0d1accd78ce4b0e5a5cb7375b7decb2e0e53a15f0ddc3f34a7766,equity,001430,세아베스틸지주,18,453600,18.0,453600.0,25200.0
2ETF01,2025-10-20,2025-10-17,20251020,2026.10.01 15:30:00,raw/2ETF01_2025-10-20.json,366ec78998e0d1accd78ce4b0e5a5cb7375b7decb2e0e53a15f0ddc3f34a7766,equity,001440,대한전선,170,2986900,170.0,2986900.0,17570.0
2ETF01,2025-10-20,2025-10-17,20251020,2026.10.01 15:30:00,raw/2ETF01_2025-10-20.json,366ec78998e0d1accd78ce4b0e5a5cb7375b7decb2e0e53a15f0ddc3f34a7766,equity,001450,현대해상,91,2457000,91.0,2457000.0,27000.0
2ETF01,2025-10-20,2025-10-17,20251020,2026.10.01 15:30:00,raw/2ETF01_2025-10-20.json,366ec78998e0d1accd78ce4b0e5a5cb7375b7decb2e0e53a15f0ddc3f34a7766,equity,001680,대상,29,611900,29.0,611900.0,21100.0
2ETF01,2025-10-20,2025-10-17,20251020,2026.10.01 15:30:00,raw/2ETF01_2025-10-20.json,366ec78998e0d1accd78ce4b0e5a5cb7375b7decb2e0e53a15f0ddc3f34a7766,equity,001800,오리온홀딩스,31,595200,31.0,595200.0,19200.0
2ETF01,2025-10-20,2025-10-17,20251020,2026.10.01 15:30:00,raw/2ETF01_2025-10-20.json,366ec78998e0d1accd78ce4b0e5a5cb7375b7decb2e0e53a15f0ddc3f34a7766,equity,002380,KCC,6,2373000,6.0,2373000.0,395500.0
2ETF01,2025-10-20,2025-10-17,20251020,2026.10.01 15:30:00,raw/2ETF01_2025-10-20.json,366ec78998e0d1accd78ce4b0e5a5cb7375b7decb2e0e53a15f0ddc3f34a7766,equity,002710,TCC스틸,27,503280,27.0,503280.0,18640.0
2ETF01,2025-10-20,2025-10-17,20251020,2026.10.01 15:30:00,raw/2ETF01_2025-10-20.json,366ec78998e0d1accd78ce4b0e5a5cb7375b7decb2e0e53a15f0ddc3f34a7766,equity,002790,아모레퍼시픽홀딩스,39,994500,39.0,994500.0,25500.0
2ETF01,2025-10-20,2025-10-17,20251020,2026.10.01 15:30:00,raw/2ETF01_2025-10-20.json,366ec78998e0d1accd78ce4b0e5a5cb7375b7decb2e0e53a15f0ddc3f34a7766,equity,002840,미원상사,2,316000,2.0,316000.0,158000.0
2ETF01,2025-10-20,2025-10-17,20251020,2026.10.01 15:30:00,raw/2ETF01_2025-10-20.json,366ec78998e0d1accd78ce4b0e5a5cb7375b7decb2e0e53a15f0ddc3f34a7766,equity,003030,세아제강지주,2,292600,2.0,292600.0,146300.0
2ETF01,2025-10-20,2025-10-17,20251020,2026.10.01 15:30:00,raw/2ETF01_2025-10-20.json,366ec78998e0d1accd78ce4b0e5a5cb7375b7decb2e0e53a15f0ddc3f34a7766,equity,003090,대웅,29,623500,29.0,623500.0,21500.0
2ETF01,2025-10-20,2025-10-17,20251020,2026.10.01 15:30:00,raw/2ETF01_2025-10-20.json,366ec78998e0d1accd78ce4b0e5a5cb7375b7decb2e0e53a15f0ddc3f34a7766,equity,003230,삼양식품,6,7956000,6.0,7956000.0,1326000.0
2ETF01,2025-10-20,2025-10-17,20251020,2026.10.01 15:30:00,raw/2ETF01_2025-10-20.json,366ec78998e0d1accd78ce4b0e5a5cb7375b7decb2e0e53a15f0ddc3f34a7766,equity,003240,태광산업,1,838000,1.0,838000.0,838000.0
2ETF01,2025-10-20,2025-10-17,20251020,2026.10.01 15:30:00,raw/2ETF01_2025-10-20.json,366ec78998e0d1accd78ce4b0e5a5cb7375b7decb2e0e53a15f0ddc3f34a7766,equity,003490,대한항공,385,8527750,385.0,8527750.0,22150.0
2ETF01,2025-10-20,2025-10-17,20251020,2026.10.01 15:30:00,raw/2ETF01_2025-10-20.json,366ec78998e0d1accd78ce4b0e5a5cb7375b7decb2e0e53a15f0ddc3f34a7766,equity,003550,LG,141,10377600,141.0,10377600.0,73600.0
2ETF01,2025-10-20,2025-10-17,20251020,2026.10.01 15:30:00,raw/2ETF01_2025-10-20.json,366ec78998e0d1accd78ce4b0e5a5cb7375b7decb2e0e53a15f0ddc3f34a7766,equity,003620,KG모빌리티,135,461700,135.0,461700.0,3420.0
2ETF01,2025-10-20,2025-10-17,20251020,2026.10.01 15:30:00,raw/2ETF01_2025-10-20.json,366ec78998e0d1accd78ce4b0e5a5cb7375b7decb2e0e53a15f0ddc3f34a7766,equity,003670,포스코퓨처엠,47,9094500,47.0,9094500.0,193500.0
2ETF01,2025-10-20,2025-10-17,20251020,2026.10.01 15:30:00,raw/2ETF01_2025-10-20.json,366ec78998e0d1accd78ce4b0e5a5cb7375b7decb2e0e53a15f0ddc3f34a7766,equity,004000,롯데정밀화학,22,1034000,22.0,1034000.0,47000.0
2ETF01,2025-10-20,2025-10-17,20251020,2026.10.01 15:30:00,raw/2ETF01_2025-10-20.json,366ec78998e0d1accd78ce4b0e5a5cb7375b7decb2e0e53a15f0ddc3f34a7766,equity,004020,현대제철,127,4229100,127.0,4229100.0,33300.0
2ETF01,2025-10-20,2025-10-17,20251020,2026.10.01 15:30:00,raw/2ETF01_2025-10-20.json,366ec78998e0d1accd78ce4b0e5a5cb7375b7decb2e0e53a15f0ddc3f34a7766,equity,004170,신세계,10,1753000,10.0,1753000.0,175300.0
2ETF01,2025-10-20,2025-10-17,20251020,2026.10.01 15:30:00,raw/2ETF01_2025-10-20.json,366ec78998e0d1accd78ce4b0e5a5cb7375b7decb2e0e53a15f0ddc3f34a7766,equity,004370,농심,5,2147500,5.0,2147500.0,429500.0
2ETF01,2025-10-20,2025-10-17,20251020,2026.10.01 15:30:00,raw/2ETF01_2025-10-20.json,366ec78998e0d1accd78ce4b0e5a5cb7375b7decb2e0e53a15f0ddc3f34a7766,equity,004490,세방전지,12,781200,12.0,781200.0,65100.0
2ETF01,2025-10-20,2025-10-17,20251020,2026.10.01 15:30:00,raw/2ETF01_2025-10-20.json,366ec78998e0d1accd78ce4b0e5a5cb7375b7decb2e0e53a15f0ddc3f34a7766,equity,004990,롯데지주,45,1282500,45.0,1282500.0,28500.0
2ETF01,2025-10-20,2025-10-17,20251020,2026.10.01 15:30:00,raw/2ETF01_2025-10-20.json,366ec78998e0d1accd78ce4b0e5a5cb7375b7decb2e0e53a15f0ddc3f34a7766,equity,005250,녹십자홀딩스,33,500280,33.0,500280.0,15160.0
2ETF01,2025-10-20,2025-10-17,20251020,2026.10.01 15:30:00,raw/2ETF01_2025-10-20.json,366ec78998e0d1accd78ce4b0e5a5cb7375b7decb2e0e53a15f0ddc3f34a7766,equity,005300,롯데칠성,5,571500,5.0,571500.0,114300.0
2ETF01,2025-10-20,2025-10-17,20251020,2026.10.01 15:30:00,raw/2ETF01_2025-10-20.json,366ec78998e0d1accd78ce4b0e5a5cb7375b7decb2e0e53a15f0ddc3f34a7766,equity,005380,현대차,205,49815000,205.0,49815000.0,243000.0
2ETF01,2025-10-20,2025-10-17,20251020,2026.10.01 15:30:00,raw/2ETF01_2025-10-20.json,366ec78998e0d1accd78ce4b0e5a5cb7375b7decb2e0e53a15f0ddc3f34a7766,equity,005420,코스모화학,38,715920,38.0,715920.0,18840.0
2ETF01,2025-10-20,2025-10-17,20251020,2026.10.01 15:30:00,raw/2ETF01_2025-10-20.json,366ec78998e0d1accd78ce4b0e5a5cb7375b7decb2e0e53a15f0ddc3f34a7766,equity,005490,POSCO홀딩스,104,30472000,104.0,30472000.0,293000.0
2ETF01,2025-10-20,2025-10-17,20251020,2026.10.01 15:30:00,raw/2ETF01_2025-10-20.json,366ec78998e0d1accd78ce4b0e5a5cb7375b7decb2e0e53a15f0ddc3f34a7766,equity,005830,DB손해보험,67,8710000,67.0,8710000.0,130000.0
2ETF01,2025-10-20,2025-10-17,20251020,2026.10.01 15:30:00,raw/2ETF01_2025-10-20.json,366ec78998e0d1accd78ce4b0e5a5cb7375b7decb2e0e53a15f0ddc3f34a7766,equity,005850,에스엘,24,873600,24.0,873600.0,36400.0
2ETF01,2025-10-20,2025-10-17,20251020,2026.10.01 15:30:00,raw/2ETF01_2025-10-20.json,366ec78998e0d1accd78ce4b0e5a5cb7375b7decb2e0e53a15f0ddc3f34a7766,equity,005930,삼성전자,7098,694894200,7098.0,694894200.0,97900.0
2ETF01,2025-10-20,2025-10-17,20251020,2026.10.01 15:30:00,raw/2ETF01_2025-10-20.json,366ec78998e0d1accd78ce4b0e5a5cb7375b7decb2e0e53a15f0ddc3f34a7766,equity,005940,NH투자증권,221,4386850,221.0,4386850.0,19850.0
2ETF01,2025-10-20,2025-10-17,20251020,2026.10.01 15:30:00,raw/2ETF01_2025-10-20.json,366ec78998e0d1accd78ce4b0e5a5cb7375b7decb2e0e53a15f0ddc3f34a7766,equity,006040,동원산업,6,253200,6.0,253200.0,42200.0
2ETF01,2025-10-20,2025-10-17,20251020,2026.10.01 15:30:00,raw/2ETF01_2025-10-20.json,366ec78998e0d1accd78ce4b0e5a5cb7375b7decb2e0e53a15f0ddc3f34a7766,equity,006260,LS,26,4882800,26.0,4882800.0,187800.0
2ETF01,2025-10-20,2025-10-17,20251020,2026.10.01 15:30:00,raw/2ETF01_2025-10-20.json,366ec78998e0d1accd78ce4b0e5a5cb7375b7decb2e0e53a15f0ddc3f34a7766,equity,006280,녹십자,8,1025600,8.0,1025600.0,128200.0
2ETF01,2025-10-20,2025-10-17,20251020,2026.10.01 15:30:00,raw/2ETF01_2025-10-20.json,366ec78998e0d1accd78ce4b0e5a5cb7375b7decb2e0e53a15f0ddc3f34a7766,equity,006360,GS건설,97,1771220,97.0,1771220.0,18260.0
2ETF01,2025-10-20,2025-10-17,20251020,2026.10.01 15:30:00,raw/2ETF01_2025-10-20.json,366ec78998e0d1accd78ce4b0e5a5cb7375b7decb2e0e53a15f0ddc3f34a7766,equity,006400,삼성SDI,92,23506000,92.0,23506000.0,255500.0
2ETF01,2025-10-20,2025-10-17,20251020,2026.10.01 15:30:00,raw/2ETF01_2025-10-20.json,366ec78998e0d1accd78ce4b0e5a5cb7375b7decb2e0e53a15f0ddc3f34a7766,equity,006650,대한유화,5,617500,5.0,617500.0,123500.0
2ETF01,2025-10-20,2025-10-17,20251020,2026.10.01 15:30:00,raw/2ETF01_2025-10-20.json,366ec78998e0d1accd78ce4b0e5a5cb7375b7decb2e0e53a15f0ddc3f34a7766,equity,006800,미래에셋증권,415,8943250,415.0,8943250.0,21550.0
2ETF01,2025-10-20,2025-10-17,20251020,2026.10.01 15:30:00,raw/2ETF01_2025-10-20.json,366ec78998e0d1accd78ce4b0e5a5cb7375b7decb2e0e53a15f0ddc3f34a7766,equity,007070,GS리테일,51,844050,51.0,844050.0,16550.0
2ETF01,2025-10-20,2025-10-17,20251020,2026.10.01 15:30:00,raw/2ETF01_2025-10-20.json,366ec78998e0d1accd78ce4b0e5a5cb7375b7decb2e0e53a15f0ddc3f34a7766,equity,007310,오뚜기,2,788000,2.0,788000.0,394000.0
2ETF01,2025-10-20,2025-10-17,20251020,2026.10.01 15:30:00,raw/2ETF01_2025-10-20.json,366ec78998e0d1accd78ce4b0e5a5cb7375b7decb2e0e53a15f0ddc3f34a7766,equity,007340,DN오토모티브,31,733150,31.0,733150.0,23650.0
2ETF01,2025-10-20,2025-10-17,20251020,2026.10.01 15:30:00,raw/2ETF01_2025-10-20.json,366ec78998e0d1accd78ce4b0e5a5cb7375b7decb2e0e53a15f0ddc3f34a7766,equity,008730,율촌화학,16,610400,16.0,610400.0,38150.0
2ETF01,2025-10-20,2025-10-17,20251020,2026.10.01 15:30:00,raw/2ETF01_2025-10-20.json,366ec78998e0d1accd78ce4b0e5a5cb7375b7decb2e0e53a15f0ddc3f34a7766,equity,008770,호텔신라,46,2251700,46.0,2251700.0,48950.0
2ETF01,2025-10-20,2025-10-17,20251020,2026.10.01 15:30:00,raw/2ETF01_2025-10-20.json,366ec78998e0d1accd78ce4b0e5a5cb7375b7decb2e0e53a15f0ddc3f34a7766,equity,008930,한미사이언스,42,1572900,42.0,1572900.0,37450.0
2ETF01,2025-10-20,2025-10-17,20251020,2026.10.01 15:30:00,raw/2ETF01_2025-10-20.json,366ec78998e0d1accd78ce4b0e5a5cb7375b7decb2e0e53a15f0ddc3f34a7766,equity,009150,삼성전기,84,17388000,84.0,17388000.0,207000.0
2ETF01,2025-10-20,2025-10-17,20251020,2026.10.01 15:30:00,raw/2ETF01_2025-10-20.json,366ec78998e0d1accd78ce4b0e5a5cb7375b7decb2e0e53a15f0ddc3f34a7766,equity,009240,한샘,12,530400,12.0,530400.0,44200.0
2ETF01,2025-10-20,2025-10-17,20251020,2026.10.01 15:30:00,raw/2ETF01_2025-10-20.json,366ec78998e0d1accd78ce4b0e5a5cb7375b7decb2e0e53a15f0ddc3f34a7766,equity,009420,한올바이오파마,54,1800900,54.0,1800900.0,33350.0
2ETF01,2025-10-20,2025-10-17,20251020,2026.10.01 15:30:00,raw/2ETF01_2025-10-20.json,366ec78998e0d1accd78ce4b0e5a5cb7375b7decb2e0e53a15f0ddc3f34a7766,equity,009540,HD한국조선해양,71,29855500,71.0,29855500.0,420500.0
2ETF01,2025-10-20,2025-10-17,20251020,2026.10.01 15:30:00,raw/2ETF01_2025-10-20.json,366ec78998e0d1accd78ce4b0e5a5cb7375b7decb2e0e53a15f0ddc3f34a7766,equity,009830,한화솔루션,164,4879000,164.0,4879000.0,29750.0
2ETF01,2025-10-20,2025-10-17,20251020,2026.10.01 15:30:00,raw/2ETF01_2025-10-20.json,366ec78998e0d1accd78ce4b0e5a5cb7375b7decb2e0e53a15f0ddc3f34a7766,equity,009970,영원무역홀딩스,8,1066400,8.0,1066400.0,133300.0
2ETF01,2025-10-20,2025-10-17,20251020,2026.10.01 15:30:00,raw/2ETF01_2025-10-20.json,366ec78998e0d1accd78ce4b0e5a5cb7375b7decb2e0e53a15f0ddc3f34a7766,equity,010060,OCI홀딩스,20,1988000,20.0,1988000.0,99400.0
2ETF01,2025-10-20,2025-10-17,20251020,2026.10.01 15:30:00,raw/2ETF01_2025-10-20.json,366ec78998e0d1accd78ce4b0e5a5cb7375b7decb2e0e53a15f0ddc3f34a7766,equity,010120,LS ELECTRIC,24,7248000,24.0,7248000.0,302000.0
2ETF01,2025-10-20,2025-10-17,20251020,2026.10.01 15:30:00,raw/2ETF01_2025-10-20.json,366ec78998e0d1accd78ce4b0e5a5cb7375b7decb2e0e53a15f0ddc3f34a7766,equity,010130,고려아연,9,11007000,9.0,11007000.0,1223000.0
2ETF01,2025-10-20,2025-10-17,20251020,2026.10.01 15:30:00,raw/2ETF01_2025-10-20.json,366ec78998e0d1accd78ce4b0e5a5cb7375b7decb2e0e53a15f0ddc3f34a7766,equity,010140,삼성중공업,1000,22550000,1000.0,22550000.0,22550.0
2ETF01,2025-10-20,2025-10-17,20251020,2026.10.01 15:30:00,raw/2ETF01_2025-10-20.json,366ec78998e0d1accd78ce4b0e5a5cb7375b7decb2e0e53a15f0ddc3f34a7766,equity,010620,HD현대미포,34,6834000,34.0,6834000.0,201000.0
2ETF01,2025-10-20,2025-10-17,20251020,2026.10.01 15:30:00,raw/2ETF01_2025-10-20.json,366ec78998e0d1accd78ce4b0e5a5cb7375b7decb2e0e53a15f0ddc3f34a7766,equity,010950,S-Oil,63,4113900,63.0,4113900.0,65300.0
2ETF01,2025-10-20,2025-10-17,20251020,2026.10.01 15:30:00,raw/2ETF01_2025-10-20.json,366ec78998e0d1accd78ce4b0e5a5cb7375b7decb2e0e53a15f0ddc3f34a7766,equity,011070,LG이노텍,22,4609000,22.0,4609000.0,209500.0
2ETF01,2025-10-20,2025-10-17,20251020,2026.10.01 15:30:00,raw/2ETF01_2025-10-20.json,366ec78998e0d1accd78ce4b0e5a5cb7375b7decb2e0e53a15f0ddc3f34a7766,equity,011170,롯데케미칼,27,1973700,27.0,1973700.0,73100.0
2ETF01,2025-10-20,2025-10-17,20251020,2026.10.01 15:30:00,raw/2ETF01_2025-10-20.json,366ec78998e0d1accd78ce4b0e5a5cb7375b7decb2e0e53a15f0ddc3f34a7766,equity,011200,HMM,513,10670400,513.0,10670400.0,20800.0
2ETF01,2025-10-20,2025-10-17,20251020,2026.10.01 15:30:00,raw/2ETF01_2025-10-20.json,366ec78998e0d1accd78ce4b0e5a5cb7375b7decb2e0e53a15f0ddc3f34a7766,equity,011210,현대위아,23,1205200,23.0,1205200.0,52400.0
2ETF01,2025-10-20,2025-10-17,20251020,2026.10.01 15:30:00,raw/2ETF01_2025-10-20.json,366ec78998e0d1accd78ce4b0e5a5cb7375b7decb2e0e53a15f0ddc3f34a7766,equity,011780,금호석유화학,23,2582900,23.0,2582900.0,112300.0
2ETF01,2025-10-20,2025-10-17,20251020,2026.10.01 15:30:00,raw/2ETF01_2025-10-20.json,366ec78998e0d1accd78ce4b0e5a5cb7375b7decb2e0e53a15f0ddc3f34a7766,equity,011790,SKC,30,3294000,30.0,3294000.0,109800.0
2ETF01,2025-10-20,2025-10-17,20251020,2026.10.01 15:30:00,raw/2ETF01_2025-10-20.json,366ec78998e0d1accd78ce4b0e5a5cb7375b7decb2e0e53a15f0ddc3f34a7766,equity,012330,현대모비스,95,29260000,95.0,29260000.0,308000.0
2ETF01,2025-10-20,2025-10-17,20251020,2026.10.01 15:30:00,raw/2ETF01_2025-10-20.json,366ec78998e0d1accd78ce4b0e5a5cb7375b7decb2e0e53a15f0ddc3f34a7766,equity,012450,한화에어로스페이스,53,48336000,53.0,48336000.0,912000.0
2ETF01,2025-10-20,2025-10-17,20251020,2026.10.01 15:30:00,raw/2ETF01_2025-10-20.json,366ec78998e0d1accd78ce4b0e5a5cb7375b7decb2e0e53a15f0ddc3f34a7766,equity,012630,HDC,39,668850,39.0,668850.0,17150.0
2ETF01,2025-10-20,2025-10-17,20251020,2026.10.01 15:30:00,raw/2ETF01_2025-10-20.json,366ec78998e0d1accd78ce4b0e5a5cb7375b7decb2e0e53a15f0ddc3f34a7766,equity,012750,에스원,37,2841600,37.0,2841600.0,76800.0
2ETF01,2025-10-20,2025-10-17,20251020,2026.10.01 15:30:00,raw/2ETF01_2025-10-20.json,366ec78998e0d1accd78ce4b0e5a5cb7375b7decb2e0e53a15f0ddc3f34a7766,equity,014680,한솔케미칼,13,2678000,13.0,2678000.0,206000.0
2ETF01,2025-10-20,2025-10-17,20251020,2026.10.01 15:30:00,raw/2ETF01_2025-10-20.json,366ec78998e0d1accd78ce4b0e5a5cb7375b7decb2e0e53a15f0ddc3f34a7766,equity,014820,동원시스템즈,8,237600,8.0,237600.0,29700.0
2ETF01,2025-10-20,2025-10-17,20251020,2026.10.01 15:30:00,raw/2ETF01_2025-10-20.json,366ec78998e0d1accd78ce4b0e5a5cb7375b7decb2e0e53a15f0ddc3f34a7766,equity,015760,한국전력,477,20367900,477.0,20367900.0,42700.0
2ETF01,2025-10-20,2025-10-17,20251020,2026.10.01 15:30:00,raw/2ETF01_2025-10-20.json,366ec78998e0d1accd78ce4b0e5a5cb7375b7decb2e0e53a15f0ddc3f34a7766,equity,016360,삼성증권,92,6844800,92.0,6844800.0,74400.0
2ETF01,2025-10-20,2025-10-17,20251020,2026.10.01 15:30:00,raw/2ETF01_2025-10-20.json,366ec78998e0d1accd78ce4b0e5a5cb7375b7decb2e0e53a15f0ddc3f34a7766,equity,017670,SK텔레콤,225,12262500,225.0,12262500.0,54500.0
2ETF01,2025-10-20,2025-10-17,20251020,2026.10.01 15:30:00,raw/2ETF01_2025-10-20.json,366ec78998e0d1accd78ce4b0e5a5cb7375b7decb2e0e53a15f0ddc3f34a7766,equity,017800,현대엘리베이터,39,3092700,39.0,3092700.0,79300.0
2ETF01,2025-10-20,2025-10-17,20251020,2026.10.01 15:30:00,raw/2ETF01_2025-10-20.json,366ec78998e0d1accd78ce4b0e5a5cb7375b7decb2e0e53a15f0ddc3f34a7766,equity,017960,한국카본,49,1719900,49.0,1719900.0,35100.0
2ETF01,2025-10-20,2025-10-17,20251020,2026.10.01 15:30:00,raw/2ETF01_2025-10-20.json,366ec78998e0d1accd78ce4b0e5a5cb7375b7decb2e0e53a15f0ddc3f34a7766,equity,018260,삼성에스디에스,57,9433500,57.0,9433500.0,165500.0
2ETF01,2025-10-20,2025-10-17,20251020,2026.10.01 15:30:00,raw/2ETF01_2025-10-20.json,366ec78998e0d1accd78ce4b0e5a5cb7375b7decb2e0e53a15f0ddc3f34a7766,equity,018880,한온시스템,247,926250,247.0,926250.0,3750.0
2ETF01,2025-10-20,2025-10-17,20251020,2026.10.01 15:30:00,raw/2ETF01_2025-10-20.json,366ec78998e0d1accd78ce4b0e5a5cb7375b7decb2e0e53a15f0ddc3f34a7766,equity,021240,코웨이,83,7843500,83.0,7843500.0,94500.0
2ETF01,2025-10-20,2025-10-17,20251020,2026.10.01 15:30:00,raw/2ETF01_2025-10-20.json,366ec78998e0d1accd78ce4b0e5a5cb7375b7decb2e0e53a15f0ddc3f34a7766,equity,022100,포스코DX,76,1900000,76.0,1900000.0,25000.0
2ETF01,2025-10-20,2025-10-17,20251020,2026.10.01 15:30:00,raw/2ETF01_2025-10-20.json,366ec78998e0d1accd78ce4b0e5a5cb7375b7decb2e0e53a15f0ddc3f34a7766,equity,023530,롯데쇼핑,15,1003500,15.0,1003500.0,66900.0
2ETF01,2025-10-20,2025-10-17,20251020,2026.10.01 15:30:00,raw/2ETF01_2025-10-20.json,366ec78998e0d1accd78ce4b0e5a5cb7375b7decb2e0e53a15f0ddc3f34a7766,equity,024110,기업은행,411,7845990,411.0,7845990.0,19090.0
2ETF01,2025-10-20,2025-10-17,20251020,2026.10.01 15:30:00,raw/2ETF01_2025-10-20.json,366ec78998e0d1accd78ce4b0e5a5cb7375b7decb2e0e53a15f0ddc3f34a7766,equity,026960,동서,47,1276050,47.0,1276050.0,27150.0
2ETF01,2025-10-20,2025-10-17,20251020,2026.10.01 15:30:00,raw/2ETF01_2025-10-20.json,366ec78998e0d1accd78ce4b0e5a5cb7375b7decb2e0e53a15f0ddc3f34a7766,equity,028050,삼성E&A,238,6628300,238.0,6628300.0,27850.0
2ETF01,2025-10-20,2025-10-17,20251020,2026.10.01 15:30:00,raw/2ETF01_2025-10-20.json,366ec78998e0d1accd78ce4b0e5a5cb7375b7decb2e0e53a15f0ddc3f34a7766,equity,028260,삼성물산,152,31996000,152.0,31996000.0,210500.0
2ETF01,2025-10-20,2025-10-17,20251020,2026.10.01 15:30:00,raw/2ETF01_2025-10-20.json,366ec78998e0d1accd78ce4b0e5a5cb7375b7decb2e0e53a15f0ddc3f34a7766,equity,028670,팬오션,340,1254600,340.0,1254600.0,3690.0
2ETF01,2025-10-20,2025-10-17,20251020,2026.10.01 15:30:00,raw/2ETF01_2025-10-20.json,366ec78998e0d1accd78ce4b0e5a5cb7375b7decb2e0e53a15f0ddc3f34a7766,equity,029780,삼성카드,40,1978000,40.0,1978000.0,49450.0
2ETF01,2025-10-20,2025-10-17,20251020,2026.10.01 15:30:00,raw/2ETF01_2025-10-20.json,366ec78998e0d1accd78ce4b0e5a5cb7375b7decb2e0e53a15f0ddc3f34a7766,equity,030000,제일기획,105,2110500,105.0,2110500.0,20100.0
2ETF01,2025-10-20,2025-10-17,20251020,2026.10.01 15:30:00,raw/2ETF01_2025-10-20.json,366ec78998e0d1accd78ce4b0e5a5cb7375b7decb2e0e53a15f0ddc3f34a7766,equity,030200,KT,332,16583400,332.0,16583400.0,49950.0
2ETF01,2025-10-20,2025-10-17,20251020,2026.10.01 15:30:00,raw/2ETF01_2025-10-20.json,366ec78998e0d1accd78ce4b0e5a5cb7375b7decb2e0e53a15f0ddc3f34a7766,equity,032640,LG유플러스,417,6217470,417.0,6217470.0,14910.0
2ETF01,2025-10-20,2025-10-17,20251020,2026.10.01 15:30:00,raw/2ETF01_2025-10-20.json,366ec78998e0d1accd78ce4b0e5a5cb7375b7decb2e0e53a15f0ddc3f34a7766,equity,032830,삼성생명,127,19900900,127.0,19900900.0,156700.0
2ETF01,2025-10-20,2025-10-17,20251020,2026.10.01 15:30:00,raw/2ETF01_2025-10-20.json,366ec78998e0d1accd78ce4b0e5a5cb7375b7decb2e0e53a15f0ddc3f34a7766,equity,033780,KT&G,141,19655400,141.0,19655400.0,139400.0
2ETF01,2025-10-20,2025-10-17,20251020,2026.10.01 15:30:00,raw/2ETF01_2025-10-20.json,366ec78998e0d1accd78ce4b0e5a5cb7375b7decb2e0e53a15f0ddc3f34a7766,equity,034020,두산에너빌리티,650,52130000,650.0,52130000.0,80200.0
2ETF01,2025-10-20,2025-10-17,20251020,2026.10.01 15:30:00,raw/2ETF01_2025-10-20.json,366ec78998e0d1accd78ce4b0e5a5cb7375b7decb2e0e53a15f0ddc3f34a7766,equity,034220,LG디스플레이,439,6308430,439.0,6308430.0,14370.0
2ETF01,2025-10-20,2025-10-17,20251020,2026.10.01 15:30:00,raw/2ETF01_2025-10-20.json,366ec78998e0d1accd78ce4b0e5a5cb7375b7decb2e0e53a15f0ddc3f34a7766,equity,034730,SK,54,11907000,54.0,11907000.0,220500.0
2ETF01,2025-10-20,2025-10-17,20251020,2026.10.01 15:30:00,raw/2ETF01_2025-10-20.json,366ec78998e0d1accd78ce4b0e5a5cb7375b7decb2e0e53a15f0ddc3f34a7766,equity,035250,강원랜드,172,3025480,172.0,3025480.0,17590.0
2ETF01,2025-10-20,2025-10-17,20251020,2026.10.01 15:30:00,raw/2ETF01_2025-10-20.json,366ec78998e0d1accd78ce4b0e5a5cb7375b7decb2e0e53a15f0ddc3f34a7766,equity,035420,NAVER,197,50333500,197.0,50333500.0,255500.0
2ETF01,2025-10-20,2025-10-17,20251020,2026.10.01 15:30:00,raw/2ETF01_2025-10-20.json,366ec78998e0d1accd78ce4b0e5a5cb7375b7decb2e0e53a15f0ddc3f34a7766,equity,035720,카카오,509,29522000,509.0,29522000.0,58000.0
2ETF01,2025-10-20,2025-10-17,20251020,2026.10.01 15:30:00,raw/2ETF01_2025-10-20.json,366ec78998e0d1accd78ce4b0e5a5cb7375b7decb2e0e53a15f0ddc3f34a7766,equity,036460,한국가스공사,49,1982050,49.0,1982050.0,40450.0
2ETF01,2025-10-20,2025-10-17,20251020,2026.10.01 15:30:00,raw/2ETF01_2025-10-20.json,366ec78998e0d1accd78ce4b0e5a5cb7375b7decb2e0e53a15f0ddc3f34a7766,equity,036570,엔씨소프트,26,5252000,26.0,5252000.0,202000.0
2ETF01,2025-10-20,2025-10-17,20251020,2026.10.01 15:30:00,raw/2ETF01_2025-10-20.json,366ec78998e0d1accd78ce4b0e5a5cb7375b7decb2e0e53a15f0ddc3f34a7766,equity,039130,하나투어,16,750400,16.0,750400.0,46900.0
2ETF01,2025-10-20,2025-10-17,20251020,2026.10.01 15:30:00,raw/2ETF01_2025-10-20.json,366ec78998e0d1accd78ce4b0e5a5cb7375b7decb2e0e53a15f0ddc3f34a7766,equity,039490,키움증권,21,5208000,21.0,5208000.0,248000.0
2ETF01,2025-10-20,2025-10-17,20251020,2026.10.01 15:30:00,raw/2ETF01_2025-10-20.json,366ec78998e0d1accd78ce4b0e5a5cb7375b7decb2e0e53a15f0ddc3f34a7766,equity,042660,한화오션,172,18438400,172.0,18438400.0,107200.0
2ETF01,2025-10-20,2025-10-17,20251020,2026.10.01 15:30:00,raw/2ETF01_2025-10-20.json,366ec78998e0d1accd78ce4b0e5a5cb7375b7decb2e0e53a15f0ddc3f34a7766,equity,042670,HD현대인프라코어,196,2891000,196.0,2891000.0,14750.0
2ETF01,2025-10-20,2025-10-17,20251020,2026.10.01 15:30:00,raw/2ETF01_2025-10-20.json,366ec78998e0d1accd78ce4b0e5a5cb7375b7decb2e0e53a15f0ddc3f34a7766,equity,042700,한미반도체,64,9107200,64.0,9107200.0,142300.0
2ETF01,2025-10-20,2025-10-17,20251020,2026.10.01 15:30:00,raw/2ETF01_2025-10-20.json,366ec78998e0d1accd78ce4b0e5a5cb7375b7decb2e0e53a15f0ddc3f34a7766,equity,047040,대우건설,302,1096260,302.0,1096260.0,3630.0
2ETF01,2025-10-20,2025-10-17,20251020,2026.10.01 15:30:00,raw/2ETF01_2025-10-20.json,366ec78998e0d1accd78ce4b0e5a5cb7375b7decb2e0e53a15f0ddc3f34a7766,equity,047050,포스코인터내셔널,69,3650100,69.0,3650100.0,52900.0
2ETF01,2025-10-20,2025-10-17,20251020,2026.10.01 15:30:00,raw/2ETF01_2025-10-20.json,366ec78998e0d1accd78ce4b0e5a5cb7375b7decb2e0e53a15f0ddc3f34a7766,equity,047810,한국항공우주,106,10133600,106.0,10133600.0,95600.0
2ETF01,2025-10-20,2025-10-17,20251020,2026.10.01 15:30:00,raw/2ETF01_2025-10-20.json,366ec78998e0d1accd78ce4b0e5a5cb7375b7decb2e0e53a15f0ddc3f34a7766,equity,051600,한전KPS,33,1645050,33.0,1645050.0,49850.0
2ETF01,2025-10-20,2025-10-17,20251020,2026.10.01 15:30:00,raw/2ETF01_2025-10-20.json,366ec78998e0d1accd78ce4b0e5a5cb7375b7decb2e0e53a15f0ddc3f34a7766,equity,051900,LG생활건강,14,3941000,14.0,3941000.0,281500.0
2ETF01,2025-10-20,2025-10-17,20251020,2026.10.01 15:30:00,raw/2ETF01_2025-10-20.json,366ec78998e0d1accd78ce4b0e5a5cb7375b7decb2e0e53a15f0ddc3f34a7766,equity,051910,LG화학,70,23730000,70.0,23730000.0,339000.0
2ETF01,2025-10-20,2025-10-17,20251020,2026.10.01 15:30:00,raw/2ETF01_2025-10-20.json,366ec78998e0d1accd78ce4b0e5a5cb7375b7decb2e0e53a15f0ddc3f34a7766,equity,052690,한전기술,28,2735600,28.0,2735600.0,97700.0
2ETF01,2025-10-20,2025-10-17,20251020,2026.10.01 15:30:00,raw/2ETF01_2025-10-20.json,366ec78998e0d1accd78ce4b0e5a5cb7375b7decb2e0e53a15f0ddc3f34a7766,equity,055550,신한지주,633,46272300,633.0,46272300.0,73100.0
2ETF01,2025-10-20,2025-10-17,20251020,2026.10.01 15:30:00,raw/2ETF01_2025-10-20.json,366ec78998e0d1accd78ce4b0e5a5cb7375b7decb2e0e53a15f0ddc3f34a7766,equity,064350,현대로템,111,22366500,111.0,22366500.0,201500.0
2ETF01,2025-10-20,2025-10-17,20251020,2026.10.01 15:30:00,raw/2ETF01_2025-10-20.json,366ec78998e0d1accd78ce4b0e5a5cb7375b7decb2e0e53a15f0ddc3f34a7766,equity,066570,LG전자,164,13808800,164.0,13808800.0,84200.0
2ETF01,2025-10-20,2025-10-17,20251020,2026.10.01 15:30:00,raw/2ETF01_2025-10-20.json,366ec78998e0d1accd78ce4b0e5a5cb7375b7decb2e0e53a15f0ddc3f34a7766,equity,066970,엘앤에프,38,4218000,38.0,4218000.0,111000.0
2ETF01,2025-10-20,2025-10-17,20251020,2026.10.01 15:30:00,raw/2ETF01_2025-10-20.json,366ec78998e0d1accd78ce4b0e5a5cb7375b7decb2e0e53a15f0ddc3f34a7766,equity,068270,셀트리온,234,40950000,234.0,40950000.0,175000.0
2ETF01,2025-10-20,2025-10-17,20251020,2026.10.01 15:30:00,raw/2ETF01_2025-10-20.json,366ec78998e0d1accd78ce4b0e5a5cb7375b7decb2e0e53a15f0ddc3f34a7766,equity,069260,TKG휴켐스,33,596640,33.0,596640.0,18080.0
2ETF01,2025-10-20,2025-10-17,20251020,2026.10.01 15:30:00,raw/2ETF01_2025-10-20.json,366ec78998e0d1accd78ce4b0e5a5cb7375b7decb2e0e53a15f0ddc3f34a7766,equity,069620,대웅제약,7,947800,7.0,947800.0,135400.0
2ETF01,2025-10-20,2025-10-17,20251020,2026.10.01 15:30:00,raw/2ETF01_2025-10-20.json,366ec78998e0d1accd78ce4b0e5a5cb7375b7decb2e0e53a15f0ddc3f34a7766,equity,069960,현대백화점,21,1686300,21.0,1686300.0,80300.0
2ETF01,2025-10-20,2025-10-17,20251020,2026.10.01 15:30:00,raw/2ETF01_2025-10-20.json,366ec78998e0d1accd78ce4b0e5a5cb7375b7decb2e0e53a15f0ddc3f34a7766,equity,071050,한국금융지주,62,9554200,62.0,9554200.0,154100.0
2ETF01,2025-10-20,2025-10-17,20251020,2026.10.01 15:30:00,raw/2ETF01_2025-10-20.json,366ec78998e0d1accd78ce4b0e5a5cb7375b7decb2e0e53a15f0ddc3f34a7766,equity,071320,지역난방공사,4,352800,4.0,352800.0,88200.0
2ETF01,2025-10-20,2025-10-17,20251020,2026.10.01 15:30:00,raw/2ETF01_2025-10-20.json,366ec78998e0d1accd78ce4b0e5a5cb7375b7decb2e0e53a15f0ddc3f34a7766,equity,073240,금호타이어,239,1108960,239.0,1108960.0,4640.0
2ETF01,2025-10-20,2025-10-17,20251020,2026.10.01 15:30:00,raw/2ETF01_2025-10-20.json,366ec78998e0d1accd78ce4b0e5a5cb7375b7decb2e0e53a15f0ddc3f34a7766,equity,078930,GS,68,3094000,68.0,3094000.0,45500.0
2ETF01,2025-10-20,2025-10-17,20251020,2026.10.01 15:30:00,raw/2ETF01_2025-10-20.json,366ec78998e0d1accd78ce4b0e5a5cb7375b7decb2e0e53a15f0ddc3f34a7766,equity,079550,LIG넥스원,20,8670000,20.0,8670000.0,433500.0
2ETF01,2025-10-20,2025-10-17,20251020,2026.10.01 15:30:00,raw/2ETF01_2025-10-20.json,366ec78998e0d1accd78ce4b0e5a5cb7375b7decb2e0e53a15f0ddc3f34a7766,equity,081660,미스토홀딩스,52,1981200,52.0,1981200.0,38100.0
2ETF01,2025-10-20,2025-10-17,20251020,2026.10.01 15:30:00,raw/2ETF01_2025-10-20.json,366ec78998e0d1accd78ce4b0e5a5cb7375b7decb2e0e53a15f0ddc3f34a7766,equity,086280,현대글로비스,56,9228800,56.0,9228800.0,164800.0
2ETF01,2025-10-20,2025-10-17,20251020,2026.10.01 15:30:00,raw/2ETF01_2025-10-20.json,366ec78998e0d1accd78ce4b0e5a5cb7375b7decb2e0e53a15f0ddc3f34a7766,equity,086790,하나금융지주,381,32804100,381.0,32804100.0,86100.0
2ETF01,2025-10-20,2025-10-17,20251020,2026.10.01 15:30:00,raw/2ETF01_2025-10-20.json,366ec78998e0d1accd78ce4b0e5a5cb7375b7decb2e0e53a15f0ddc3f34a7766,equity,088350,한화생명,500,1550000,500.0,1550000.0,3100.0
2ETF01,2025-10-20,2025-10-17,20251020,2026.10.01 15:30:00,raw/2ETF01_2025-10-20.json,366ec78998e0d1accd78ce4b0e5a5cb7375b7decb2e0e53a15f0ddc3f34a7766,equity,090430,아모레퍼시픽,47,5531900,47.0,5531900.0,117700.0
2ETF01,2025-10-20,2025-10-17,20251020,2026.10.01 15:30:00,raw/2ETF01_2025-10-20.json,366ec78998e0d1accd78ce4b0e5a5cb7375b7decb2e0e53a15f0ddc3f34a7766,equity,093370,후성,83,592620,83.0,592620.0,7140.0
2ETF01,2025-10-20,2025-10-17,20251020,2026.10.01 15:30:00,raw/2ETF01_2025-10-20.json,366ec78998e0d1accd78ce4b0e5a5cb7375b7decb2e0e53a15f0ddc3f34a7766,equity,096770,SK이노베이션,113,13175800,113.0,13175800.0,116600.0
2ETF01,2025-10-20,2025-10-17,20251020,2026.10.01 15:30:00,raw/2ETF01_2025-10-20.json,366ec78998e0d1accd78ce4b0e5a5cb7375b7decb2e0e53a15f0ddc3f34a7766,equity,097950,CJ제일제당,12,2760000,12.0,2760000.0,230000.0
2ETF01,2025-10-20,2025-10-17,20251020,2026.10.01 15:30:00,raw/2ETF01_2025-10-20.json,366ec78998e0d1accd78ce4b0e5a5cb7375b7decb2e0e53a15f0ddc3f34a7766,equity,103140,풍산,25,2925000,25.0,2925000.0,117000.0
2ETF01,2025-10-20,2025-10-17,20251020,2026.10.01 15:30:00,raw/2ETF01_2025-10-20.json,366ec78998e0d1accd78ce4b0e5a5cb7375b7decb2e0e53a15f0ddc3f34a7766,equity,105560,KB금융,491,55974000,491.0,55974000.0,114000.0
2ETF01,2025-10-20,2025-10-17,20251020,2026.10.01 15:30:00,raw/2ETF01_2025-10-20.json,366ec78998e0d1accd78ce4b0e5a5cb7375b7decb2e0e53a15f0ddc3f34a7766,equity,111770,영원무역,33,2009700,33.0,2009700.0,60900.0
2ETF01,2025-10-20,2025-10-17,20251020,2026.10.01 15:30:00,raw/2ETF01_2025-10-20.json,366ec78998e0d1accd78ce4b0e5a5cb7375b7decb2e0e53a15f0ddc3f34a7766,equity,112610,씨에스윈드,36,1584000,36.0,1584000.0,44000.0
2ETF01,2025-10-20,2025-10-17,20251020,2026.10.01 15:30:00,raw/2ETF01_2025-10-20.json,366ec78998e0d1accd78ce4b0e5a5cb7375b7decb2e0e53a15f0ddc3f34a7766,equity,114090,GKL,46,777860,46.0,777860.0,16910.0
2ETF01,2025-10-20,2025-10-17,20251020,2026.10.01 15:30:00,raw/2ETF01_2025-10-20.json,366ec78998e0d1accd78ce4b0e5a5cb7375b7decb2e0e53a15f0ddc3f34a7766,equity,120110,코오롱인더,28,987000,28.0,987000.0,35250.0
2ETF01,2025-10-20,2025-10-17,20251020,2026.10.01 15:30:00,raw/2ETF01_2025-10-20.json,366ec78998e0d1accd78ce4b0e5a5cb7375b7decb2e0e53a15f0ddc3f34a7766,equity,128940,한미약품,10,3460000,10.0,3460000.0,346000.0
2ETF01,2025-10-20,2025-10-17,20251020,2026.10.01 15:30:00,raw/2ETF01_2025-10-20.json,366ec78998e0d1accd78ce4b0e5a5cb7375b7decb2e0e53a15f0ddc3f34a7766,equity,137310,에스디바이오센서,53,507740,53.0,507740.0,9580.0
2ETF01,2025-10-20,2025-10-17,20251020,2026.10.01 15:30:00,raw/2ETF01_2025-10-20.json,366ec78998e0d1accd78ce4b0e5a5cb7375b7decb2e0e53a15f0ddc3f34a7766,equity,138040,메리츠금융지주,117,13080600,117.0,13080600.0,111800.0
2ETF01,2025-10-20,2025-10-17,20251020,2026.10.01 15:30:00,raw/2ETF01_2025-10-20.json,366ec78998e0d1accd78ce4b0e5a5cb7375b7decb2e0e53a15f0ddc3f34a7766,equity,138930,BNK금융지주,391,5614760,391.0,5614760.0,14360.0
2ETF01,2025-10-20,2025-10-17,20251020,2026.10.01 15:30:00,raw/2ETF01_2025-10-20.json,366ec78998e0d1accd78ce4b0e5a5cb7375b7decb2e0e53a15f0ddc3f34a7766,equity,139130,iM금융지주,211,2810520,211.0,2810520.0,13320.0
2ETF01,2025-10-20,2025-10-17,20251020,2026.10.01 15:30:00,raw/2ETF01_2025-10-20.json,366ec78998e0d1accd78ce4b0e5a5cb7375b7decb2e0e53a15f0ddc3f34a7766,equity,139480,이마트,30,2184000,30.0,2184000.0,72800.0
2ETF01,2025-10-20,2025-10-17,20251020,2026.10.01 15:30:00,raw/2ETF01_2025-10-20.json,366ec78998e0d1accd78ce4b0e5a5cb7375b7decb2e0e53a15f0ddc3f34a7766,equity,145720,덴티움,10,550000,10.0,550000.0,55000.0
2ETF01,2025-10-20,2025-10-17,20251020,2026.10.01 15:30:00,raw/2ETF01_2025-10-20.json,366ec78998e0d1accd78ce4b0e5a5cb7375b7decb2e0e53a15f0ddc3f34a7766,equity,161390,한국타이어앤테크놀로지,109,4616150,109.0,4616150.0,42350.0
2ETF01,2025-10-20,2025-10-17,20251020,2026.10.01 15:30:00,raw/2ETF01_2025-10-20.json,366ec78998e0d1accd78ce4b0e5a5cb7375b7decb2e0e53a15f0ddc3f34a7766,equity,161890,한국콜마,26,1931800,26.0,1931800.0,74300.0
2ETF01,2025-10-20,2025-10-17,20251020,2026.10.01 15:30:00,raw/2ETF01_2025-10-20.json,366ec78998e0d1accd78ce4b0e5a5cb7375b7decb2e0e53a15f0ddc3f34a7766,equity,175330,JB금융지주,244,5538800,244.0,5538800.0,22700.0
2ETF01,2025-10-20,2025-10-17,20251020,2026.10.01 15:30:00,raw/2ETF01_2025-10-20.json,366ec78998e0d1accd78ce4b0e5a5cb7375b7decb2e0e53a15f0ddc3f34a7766,equity,180640,한진칼,71,6986400,71.0,6986400.0,98400.0
2ETF01,2025-10-20,2025-10-17,20251020,2026.10.01 15:30:00,raw/2ETF01_2025-10-20.json,366ec78998e0d1accd78ce4b0e5a5cb7375b7decb2e0e53a15f0ddc3f34a7766,equity,185750,종근당,12,966000,12.0,966000.0,80500.0
2ETF01,2025-10-20,2025-10-17,20251020,2026.10.01 15:30:00,raw/2ETF01_2025-10-20.json,366ec78998e0d1accd78ce4b0e5a5cb7375b7decb2e0e53a15f0ddc3f34a7766,equity,192080,더블유게임즈,16,800000,16.0,800000.0,50000.0
2ETF01,2025-10-20,2025-10-17,20251020,2026.10.01 15:30:00,raw/2ETF01_2025-10-20.json,366ec78998e0d1accd78ce4b0e5a5cb7375b7decb2e0e53a15f0ddc3f34a7766,equity,192820,코스맥스,12,2392800,12.0,2392800.0,199400.0
2ETF01,2025-10-20,2025-10-17,20251020,2026.10.01 15:30:00,raw/2ETF01_2025-10-20.json,366ec78998e0d1accd78ce4b0e5a5cb7375b7decb2e0e53a15f0ddc3f34a7766,equity,204320,HL만도,49,1734600,49.0,1734600.0,35400.0
2ETF01,2025-10-20,2025-10-17,20251020,2026.10.01 15:30:00,raw/2ETF01_2025-10-20.json,366ec78998e0d1accd78ce4b0e5a5cb7375b7decb2e0e53a15f0ddc3f34a7766,equity,207940,삼성바이오로직스,24,26808000,24.0,26808000.0,1117000.0
2ETF01,2025-10-20,2025-10-17,20251020,2026.10.01 15:30:00,raw/2ETF01_2025-10-20.json,366ec78998e0d1accd78ce4b0e5a5cb7375b7decb2e0e53a15f0ddc3f34a7766,equity,241560,두산밥캣,78,4625400,78.0,4625400.0,59300.0
2ETF01,2025-10-20,2025-10-17,20251020,2026.10.01 15:30:00,raw/2ETF01_2025-10-20.json,366ec78998e0d1accd78ce4b0e5a5cb7375b7decb2e0e53a15f0ddc3f34a7766,equity,251270,넷마블,48,2601600,48.0,2601600.0,54200.0
2ETF01,2025-10-20,2025-10-17,20251020,2026.10.01 15:30:00,raw/2ETF01_2025-10-20.json,366ec78998e0d1accd78ce4b0e5a5cb7375b7decb2e0e53a15f0ddc3f34a7766,equity,259960,크래프톤,44,12540000,44.0,12540000.0,285000.0
2ETF01,2025-10-20,2025-10-17,20251020,2026.10.01 15:30:00,raw/2ETF01_2025-10-20.json,366ec78998e0d1accd78ce4b0e5a5cb7375b7decb2e0e53a15f0ddc3f34a7766,equity,267250,HD현대,68,11084000,68.0,11084000.0,163000.0
2ETF01,2025-10-20,2025-10-17,20251020,2026.10.01 15:30:00,raw/2ETF01_2025-10-20.json,366ec78998e0d1accd78ce4b0e5a5cb7375b7decb2e0e53a15f0ddc3f34a7766,equity,267260,HD현대일렉트릭,34,22678000,34.0,22678000.0,667000.0
2ETF01,2025-10-20,2025-10-17,20251020,2026.10.01 15:30:00,raw/2ETF01_2025-10-20.json,366ec78998e0d1accd78ce4b0e5a5cb7375b7decb2e0e53a15f0ddc3f34a7766,equity,268280,미원에스씨,1,137100,1.0,137100.0,137100.0
2ETF01,2025-10-20,2025-10-17,20251020,2026.10.01 15:30:00,raw/2ETF01_2025-10-20.json,366ec78998e0d1accd78ce4b0e5a5cb7375b7decb2e0e53a15f0ddc3f34a7766,equity,271560,오리온,33,3316500,33.0,3316500.0,100500.0
2ETF01,2025-10-20,2025-10-17,20251020,2026.10.01 15:30:00,raw/2ETF01_2025-10-20.json,366ec78998e0d1accd78ce4b0e5a5cb7375b7decb2e0e53a15f0ddc3f34a7766,equity,272210,한화시스템,106,5437800,106.0,5437800.0,51300.0
2ETF01,2025-10-20,2025-10-17,20251020,2026.10.01 15:30:00,raw/2ETF01_2025-10-20.json,366ec78998e0d1accd78ce4b0e5a5cb7375b7decb2e0e53a15f0ddc3f34a7766,equity,278470,에이피알,37,8861500,37.0,8861500.0,239500.0
2ETF01,2025-10-20,2025-10-17,20251020,2026.10.01 15:30:00,raw/2ETF01_2025-10-20.json,366ec78998e0d1accd78ce4b0e5a5cb7375b7decb2e0e53a15f0ddc3f34a7766,equity,280360,롯데웰푸드,3,333000,3.0,333000.0,111000.0
2ETF01,2025-10-20,2025-10-17,20251020,2026.10.01 15:30:00,raw/2ETF01_2025-10-20.json,366ec78998e0d1accd78ce4b0e5a5cb7375b7decb2e0e53a15f0ddc3f34a7766,equity,282330,BGF리테일,12,1261200,12.0,1261200.0,105100.0
2ETF01,2025-10-20,2025-10-17,20251020,2026.10.01 15:30:00,raw/2ETF01_2025-10-20.json,366ec78998e0d1accd78ce4b0e5a5cb7375b7decb2e0e53a15f0ddc3f34a7766,equity,285130,SK케미칼,15,907500,15.0,907500.0,60500.0
2ETF01,2025-10-20,2025-10-17,20251020,2026.10.01 15:30:00,raw/2ETF01_2025-10-20.json,366ec78998e0d1accd78ce4b0e5a5cb7375b7decb2e0e53a15f0ddc3f34a7766,equity,298020,효성티앤씨,4,842000,4.0,842000.0,210500.0
2ETF01,2025-10-20,2025-10-17,20251020,2026.10.01 15:30:00,raw/2ETF01_2025-10-20.json,366ec78998e0d1accd78ce4b0e5a5cb7375b7decb2e0e53a15f0ddc3f34a7766,equity,298040,효성중공업,7,11060000,7.0,11060000.0,1580000.0
2ETF01,2025-10-20,2025-10-17,20251020,2026.10.01 15:30:00,raw/2ETF01_2025-10-20.json,366ec78998e0d1accd78ce4b0e5a5cb7375b7decb2e0e53a15f0ddc3f34a7766,equity,298050,HS효성첨단소재,4,740000,4.0,740000.0,185000.0
2ETF01,2025-10-20,2025-10-17,20251020,2026.10.01 15:30:00,raw/2ETF01_2025-10-20.json,366ec78998e0d1accd78ce4b0e5a5cb7375b7decb2e0e53a15f0ddc3f34a7766,equity,300720,한일시멘트,24,437520,24.0,437520.0,18230.0
2ETF01,2025-10-20,2025-10-17,20251020,2026.10.01 15:30:00,raw/2ETF01_2025-10-20.json,366ec78998e0d1accd78ce4b0e5a5cb7375b7decb2e0e53a15f0ddc3f34a7766,equity,302440,SK바이오사이언스,39,1856400,39.0,1856400.0,47600.0
2ETF01,2025-10-20,2025-10-17,20251020,2026.10.01 15:30:00,raw/2ETF01_2025-10-20.json,366ec78998e0d1accd78ce4b0e5a5cb7375b7decb2e0e53a15f0ddc3f34a7766,equity,316140,우리금융지주,1024,25958400,1024.0,25958400.0,25350.0
2ETF01,2025-10-20,2025-10-17,20251020,2026.10.01 15:30:00,raw/2ETF01_2025-10-20.json,366ec78998e0d1accd78ce4b0e5a5cb7375b7decb2e0e53a15f0ddc3f34a7766,equity,323410,카카오뱅크,513,11516850,513.0,11516850.0,22450.0
2ETF01,2025-10-20,2025-10-17,20251020,2026.10.01 15:30:00,raw/2ETF01_2025-10-20.json,366ec78998e0d1accd78ce4b0e5a5cb7375b7decb2e0e53a15f0ddc3f34a7766,equity,326030,SK바이오팜,42,4242000,42.0,4242000.0,101000.0
2ETF01,2025-10-20,2025-10-17,20251020,2026.10.01 15:30:00,raw/2ETF01_2025-10-20.json,366ec78998e0d1accd78ce4b0e5a5cb7375b7decb2e0e53a15f0ddc3f34a7766,equity,329180,HD현대중공업,34,17306000,34.0,17306000.0,509000.0
2ETF01,2025-10-20,2025-10-17,20251020,2026.10.01 15:30:00,raw/2ETF01_2025-10-20.json,366ec78998e0d1accd78ce4b0e5a5cb7375b7decb2e0e53a15f0ddc3f34a7766,equity,352820,하이브,32,8624000,32.0,8624000.0,269500.0
2ETF01,2025-10-20,2025-10-17,20251020,2026.10.01 15:30:00,raw/2ETF01_2025-10-20.json,366ec78998e0d1accd78ce4b0e5a5cb7375b7decb2e0e53a15f0ddc3f34a7766,equity,361610,SK아이이테크놀로지,44,1493800,44.0,1493800.0,33950.0
2ETF01,2025-10-20,2025-10-17,20251020,2026.10.01 15:30:00,raw/2ETF01_2025-10-20.json,366ec78998e0d1accd78ce4b0e5a5cb7375b7decb2e0e53a15f0ddc3f34a7766,equity,373220,LG에너지솔루션,53,23002000,53.0,23002000.0,434000.0
2ETF01,2025-10-20,2025-10-17,20251020,2026.10.01 15:30:00,raw/2ETF01_2025-10-20.json,366ec78998e0d1accd78ce4b0e5a5cb7375b7decb2e0e53a15f0ddc3f34a7766,equity,375500,DL이앤씨,45,1824750,45.0,1824750.0,40550.0
2ETF01,2025-10-20,2025-10-17,20251020,2026.10.01 15:30:00,raw/2ETF01_2025-10-20.json,366ec78998e0d1accd78ce4b0e5a5cb7375b7decb2e0e53a15f0ddc3f34a7766,equity,377300,카카오페이,43,2167200,43.0,2167200.0,50400.0
2ETF01,2025-10-20,2025-10-17,20251020,2026.10.01 15:30:00,raw/2ETF01_2025-10-20.json,366ec78998e0d1accd78ce4b0e5a5cb7375b7decb2e0e53a15f0ddc3f34a7766,equity,383220,F&F,21,1323000,21.0,1323000.0,63000.0
2ETF01,2025-10-20,2025-10-17,20251020,2026.10.01 15:30:00,raw/2ETF01_2025-10-20.json,366ec78998e0d1accd78ce4b0e5a5cb7375b7decb2e0e53a15f0ddc3f34a7766,equity,402340,SK스퀘어,139,35792500,139.0,35792500.0,257500.0
2ETF01,2025-10-20,2025-10-17,20251020,2026.10.01 15:30:00,raw/2ETF01_2025-10-20.json,366ec78998e0d1accd78ce4b0e5a5cb7375b7decb2e0e53a15f0ddc3f34a7766,equity,443060,HD현대마린솔루션,12,2736000,12.0,2736000.0,228000.0
2ETF01,2025-10-20,2025-10-17,20251020,2026.10.01 15:30:00,raw/2ETF01_2025-10-20.json,366ec78998e0d1accd78ce4b0e5a5cb7375b7decb2e0e53a15f0ddc3f34a7766,equity,450080,에코프로머티,38,2500400,38.0,2500400.0,65800.0
2ETF01,2025-10-20,2025-10-17,20251020,2026.10.01 15:30:00,raw/2ETF01_2025-10-20.json,366ec78998e0d1accd78ce4b0e5a5cb7375b7decb2e0e53a15f0ddc3f34a7766,equity,454910,두산로보틱스,29,2082200,29.0,2082200.0,71800.0
2ETF01,2025-10-20,2025-10-17,20251020,2026.10.01 15:30:00,raw/2ETF01_2025-10-20.json,366ec78998e0d1accd78ce4b0e5a5cb7375b7decb2e0e53a15f0ddc3f34a7766,equity,456040,OCI,7,410900,7.0,410900.0,58700.0
2ETF01,2025-10-20,2025-10-17,20251020,2026.10.01 15:30:00,raw/2ETF01_2025-10-20.json,366ec78998e0d1accd78ce4b0e5a5cb7375b7decb2e0e53a15f0ddc3f34a7766,equity,457190,이수스페셜티케미컬,31,1705000,31.0,1705000.0,55000.0
2ETF01,2025-10-20,2025-10-17,20251020,2026.10.01 15:30:00,raw/2ETF01_2025-10-20.json,366ec78998e0d1accd78ce4b0e5a5cb7375b7decb2e0e53a15f0ddc3f34a7766,equity,489790,한화비전,52,2657200,52.0,2657200.0,51100.0
2ETF07,2025-10-20,2025-10-17,20251020,2026.10.01 15:30:00,raw/2ETF07_2025-10-20.json,728890d56aecddc929db3550e2e050ed84dfc0e1b30e1181193f334e01d2bcfd,cash,KRD010010001,원화예금,4505084,4505084,4505084.0,4505084.0,1.0
2ETF07,2025-10-20,2025-10-17,20251020,2026.10.01 15:30:00,raw/2ETF07_2025-10-20.json,728890d56aecddc929db3550e2e050ed84dfc0e1b30e1181193f334e01d2bcfd,equity,000660,SK하이닉스,1369,637269500,1369.0,637269500.0,465500.0
2ETF07,2025-10-20,2025-10-17,20251020,2026.10.01 15:30:00,raw/2ETF07_2025-10-20.json,728890d56aecddc929db3550e2e050ed84dfc0e1b30e1181193f334e01d2bcfd,equity,000990,DB하이텍,1278,75529800,1278.0,75529800.0,59100.0
2ETF07,2025-10-20,2025-10-17,20251020,2026.10.01 15:30:00,raw/2ETF07_2025-10-20.json,728890d56aecddc929db3550e2e050ed84dfc0e1b30e1181193f334e01d2bcfd,equity,005930,삼성전자,5560,544324000,5560.0,544324000.0,97900.0
2ETF07,2025-10-20,2025-10-17,20251020,2026.10.01 15:30:00,raw/2ETF07_2025-10-20.json,728890d56aecddc929db3550e2e050ed84dfc0e1b30e1181193f334e01d2bcfd,equity,031980,피에스케이홀딩스,293,15382500,293.0,15382500.0,52500.0
2ETF07,2025-10-20,2025-10-17,20251020,2026.10.01 15:30:00,raw/2ETF07_2025-10-20.json,728890d56aecddc929db3550e2e050ed84dfc0e1b30e1181193f334e01d2bcfd,equity,036540,SFA반도체,3043,13160975,3043.0,13160975.0,4325.0
2ETF07,2025-10-20,2025-10-17,20251020,2026.10.01 15:30:00,raw/2ETF07_2025-10-20.json,728890d56aecddc929db3550e2e050ed84dfc0e1b30e1181193f334e01d2bcfd,equity,036930,주성엔지니어링,1302,40362000,1302.0,40362000.0,31000.0
2ETF07,2025-10-20,2025-10-17,20251020,2026.10.01 15:30:00,raw/2ETF07_2025-10-20.json,728890d56aecddc929db3550e2e050ed84dfc0e1b30e1181193f334e01d2bcfd,equity,039030,이오테크닉스,344,85484000,344.0,85484000.0,248500.0
2ETF07,2025-10-20,2025-10-17,20251020,2026.10.01 15:30:00,raw/2ETF07_2025-10-20.json,728890d56aecddc929db3550e2e050ed84dfc0e1b30e1181193f334e01d2bcfd,equity,042700,한미반도체,1713,243759900,1713.0,243759900.0,142300.0
2ETF07,2025-10-20,2025-10-17,20251020,2026.10.01 15:30:00,raw/2ETF07_2025-10-20.json,728890d56aecddc929db3550e2e050ed84dfc0e1b30e1181193f334e01d2bcfd,equity,058470,리노공업,2037,116312700,2037.0,116312700.0,57100.0
2ETF07,2025-10-20,2025-10-17,20251020,2026.10.01 15:30:00,raw/2ETF07_2025-10-20.json,728890d56aecddc929db3550e2e050ed84dfc0e1b30e1181193f334e01d2bcfd,equity,064760,티씨케이,240,43200000,240.0,43200000.0,180000.0
2ETF07,2025-10-20,2025-10-17,20251020,2026.10.01 15:30:00,raw/2ETF07_2025-10-20.json,728890d56aecddc929db3550e2e050ed84dfc0e1b30e1181193f334e01d2bcfd,equity,067310,하나마이크론,1962,50913900,1962.0,50913900.0,25950.0
2ETF07,2025-10-20,2025-10-17,20251020,2026.10.01 15:30:00,raw/2ETF07_2025-10-20.json,728890d56aecddc929db3550e2e050ed84dfc0e1b30e1181193f334e01d2bcfd,equity,080220,제주반도체,1246,26602100,1246.0,26602100.0,21350.0
2ETF07,2025-10-20,2025-10-17,20251020,2026.10.01 15:30:00,raw/2ETF07_2025-10-20.json,728890d56aecddc929db3550e2e050ed84dfc0e1b30e1181193f334e01d2bcfd,equity,082270,젬백스,1296,56829600,1296.0,56829600.0,43850.0
2ETF07,2025-10-20,2025-10-17,20251020,2026.10.01 15:30:00,raw/2ETF07_2025-10-20.json,728890d56aecddc929db3550e2e050ed84dfc0e1b30e1181193f334e01d2bcfd,equity,084370,유진테크,565,45878000,565.0,45878000.0,81200.0
2ETF07,2025-10-20,2025-10-17,20251020,2026.10.01 15:30:00,raw/2ETF07_2025-10-20.json,728890d56aecddc929db3550e2e050ed84dfc0e1b30e1181193f334e01d2bcfd,equity,089030,테크윙,1290,84366000,1290.0,84366000.0,65400.0
2ETF07,2025-10-20,2025-10-17,20251020,2026.10.01 15:30:00,raw/2ETF07_2025-10-20.json,728890d56aecddc929db3550e2e050ed84dfc0e1b30e1181193f334e01d2bcfd,equity,095340,ISC,418,33022000,418.0,33022000.0,79000.0
2ETF07,2025-10-20,2025-10-17,20251020,2026.10.01 15:30:00,raw/2ETF07_2025-10-20.json,728890d56aecddc929db3550e2e050ed84dfc0e1b30e1181193f334e01d2bcfd,equity,098460,고영,2117,33787320,2117.0,33787320.0,15960.0
2ETF07,2025-10-20,2025-10-17,20251020,2026.10.01 15:30:00,raw/2ETF07_2025-10-20.json,728890d56aecddc929db3550e2e050ed84dfc0e1b30e1181193f334e01d2bcfd,equity,101490,에스앤에스텍,670,39463000,670.0,39463000.0,58900.0
2ETF07,2025-10-20,2025-10-17,20251020,2026.10.01 15:30:00,raw/2ETF07_2025-10-20.json,728890d56aecddc929db3550e2e050ed84dfc0e1b30e1181193f334e01d2bcfd,equity,108320,LX세미콘,448,25670400,448.0,25670400.0,57300.0
2ETF07,2025-10-20,2025-10-17,20251020,2026.10.01 15:30:00,raw/2ETF07_2025-10-20.json,728890d56aecddc929db3550e2e050ed84dfc0e1b30e1181193f334e01d2bcfd,equity,131970,두산테스나,485,24177250,485.0,24177250.0,49850.0
2ETF07,2025-10-20,2025-10-17,20251020,2026.10.01 15:30:00,raw/2ETF07_2025-10-20.json,728890d56aecddc929db3550e2e050ed84dfc0e1b30e1181193f334e01d2bcfd,equity,161580,필옵틱스,693,26056800,693.0,26056800.0,37600.0
2ETF07,2025-10-20,2025-10-17,20251020,2026.10.01 15:30:00,raw/2ETF07_2025-10-20.json,728890d56aecddc929db3550e2e050ed84dfc0e1b30e1181193f334e01d2bcfd,equity,166090,하나머티리얼즈,431,19782900,431.0,19782900.0,45900.0
2ETF07,2025-10-20,2025-10-17,20251020,2026.10.01 15:30:00,raw/2ETF07_2025-10-20.json,728890d56aecddc929db3550e2e050ed84dfc0e1b30e1181193f334e01d2bcfd,equity,183300,코미코,245,27464500,245.0,27464500.0,112100.0
2ETF07,2025-10-20,2025-10-17,20251020,2026.10.01 15:30:00,raw/2ETF07_2025-10-20.json,728890d56aecddc929db3550e2e050ed84dfc0e1b30e1181193f334e01d2bcfd,equity,213420,덕산네오룩스,531,23788800,531.0,23788800.0,44800.0
2ETF07,2025-10-20,2025-10-17,20251020,2026.10.01 15:30:00,raw/2ETF07_2025-10-20.json,728890d56aecddc929db3550e2e050ed84dfc0e1b30e1181193f334e01d2bcfd,equity,218410,RFHIC,676,18961800,676.0,18961800.0,28050.0
2ETF07,2025-10-20,2025-10-17,20251020,2026.10.01 15:30:00,raw/2ETF07_2025-10-20.json,728890d56aecddc929db3550e2e050ed84dfc0e1b30e1181193f334e01d2bcfd,equity,222800,심텍,889,43649900,889.0,43649900.0,49100.0
2ETF07,2025-10-20,2025-10-17,20251020,2026.10.01 15:30:00,raw/2ETF07_2025-10-20.json,728890d56aecddc929db3550e2e050ed84dfc0e1b30e1181193f334e01d2bcfd,equity,232140,와이씨,1619,23766920,1619.0,23766920.0,14680.0
2ETF07,2025-10-20,2025-10-17,20251020,2026.10.01 15:30:00,raw/2ETF07_2025-10-20.json,728890d56aecddc929db3550e2e050ed84dfc0e1b30e1181193f334e01d2bcfd,equity,240810,원익IPS,1352,73008000,1352.0,73008000.0,54000.0
2ETF07,2025-10-20,2025-10-17,20251020,2026.10.01 15:30:00,raw/2ETF07_2025-10-20.json,728890d56aecddc929db3550e2e050ed84dfc0e1b30e1181193f334e01d2bcfd,equity,281820,케이씨텍,391,14760250,391.0,14760250.0,37750.0
2ETF07,2025-10-20,2025-10-17,20251020,2026.10.01 15:30:00,raw/2ETF07_2025-10-20.json,728890d56aecddc929db3550e2e050ed84dfc0e1b30e1181193f334e01d2bcfd,equity,319660,피에스케이,810,26527500,810.0,26527500.0,32750.0
2ETF07,2025-10-20,2025-10-17,20251020,2026.10.01 15:30:00,raw/2ETF07_2025-10-20.json,728890d56aecddc929db3550e2e050ed84dfc0e1b30e1181193f334e01d2bcfd,equity,322000,HD현대에너지솔루션,212,10112400,212.0,10112400.0,47700.0
2ETF07,2025-10-20,2025-10-17,20251020,2026.10.01 15:30:00,raw/2ETF07_2025-10-20.json,728890d56aecddc929db3550e2e050ed84dfc0e1b30e1181193f334e01d2bcfd,equity,323280,태성,815,20049000,815.0,20049000.0,24600.0
2ETF07,2025-10-20,2025-10-17,20251020,2026.10.01 15:30:00,raw/2ETF07_2025-10-20.json,728890d56aecddc929db3550e2e050ed84dfc0e1b30e1181193f334e01d2bcfd,equity,348210,넥스틴,310,16027000,310.0,16027000.0,51700.0
2ETF07,2025-10-20,2025-10-17,20251020,2026.10.01 15:30:00,raw/2ETF07_2025-10-20.json,728890d56aecddc929db3550e2e050ed84dfc0e1b30e1181193f334e01d2bcfd,equity,399720,가온칩스,248,13813600,248.0,13813600.0,55700.0
2ETF07,2025-10-20,2025-10-17,20251020,2026.10.01 15:30:00,raw/2ETF07_2025-10-20.json,728890d56aecddc929db3550e2e050ed84dfc0e1b30e1181193f334e01d2bcfd,equity,403870,HPSP,1923,66824250,1923.0,66824250.0,34750.0
2ETF07,2025-10-20,2025-10-17,20251020,2026.10.01 15:30:00,raw/2ETF07_2025-10-20.json,728890d56aecddc929db3550e2e050ed84dfc0e1b30e1181193f334e01d2bcfd,equity,440110,파두,1464,32574000,1464.0,32574000.0,22250.0
2ETF01,2025-10-21,2025-10-20,20251021,2026.10.01 15:30:00,raw/2ETF01_2025-10-21.json,4fa9a52a79b302b58fd2fc5d46b9577673fd3f1e4cf472f57aa343f6e7e629a4,cash,KRD010010001,원화예금,5279395,5279395,5279395.0,5279395.0,1.0
2ETF01,2025-10-21,2025-10-20,20251021,2026.10.01 15:30:00,raw/2ETF01_2025-10-21.json,4fa9a52a79b302b58fd2fc5d46b9577673fd3f1e4cf472f57aa343f6e7e629a4,equity,000080,하이트진로,47,886890,47.0,886890.0,18870.0
2ETF01,2025-10-21,2025-10-20,20251021,2026.10.01 15:30:00,raw/2ETF01_2025-10-21.json,4fa9a52a79b302b58fd2fc5d46b9577673fd3f1e4cf472f57aa343f6e7e629a4,equity,000100,유한양행,91,10728900,91.0,10728900.0,117900.0
2ETF01,2025-10-21,2025-10-20,20251021,2026.10.01 15:30:00,raw/2ETF01_2025-10-21.json,4fa9a52a79b302b58fd2fc5d46b9577673fd3f1e4cf472f57aa343f6e7e629a4,equity,000120,CJ대한통운,17,1392300,17.0,1392300.0,81900.0
2ETF01,2025-10-21,2025-10-20,20251021,2026.10.01 15:30:00,raw/2ETF01_2025-10-21.json,4fa9a52a79b302b58fd2fc5d46b9577673fd3f1e4cf472f57aa343f6e7e629a4,equity,000150,두산,11,7942000,11.0,7942000.0,722000.0
2ETF01,2025-10-21,2025-10-20,20251021,2026.10.01 15:30:00,raw/2ETF01_2025-10-21.json,4fa9a52a79b302b58fd2fc5d46b9577673fd3f1e4cf472f57aa343f6e7e629a4,equity,000210,DL,16,596800,16.0,596800.0,37300.0
2ETF01,2025-10-21,2025-10-20,20251021,2026.10.01 15:30:00,raw/2ETF01_2025-10-21.json,4fa9a52a79b302b58fd2fc5d46b9577673fd3f1e4cf472f57aa343f6e7e629a4,equity,000240,한국앤컴퍼니,36,820800,36.0,820800.0,22800.0
2ETF01,2025-10-21,2025-10-20,20251021,2026.10.01 15:30:00,raw/2ETF01_2025-10-21.json,4fa9a52a79b302b58fd2fc5d46b9577673fd3f1e4cf472f57aa343f6e7e629a4,equity,000270,기아,371,42479500,371.0,42479500.0,114500.0
2ETF01,2025-10-21,2025-10-20,20251021,2026.10.01 15:30:00,raw/2ETF01_2025-10-21.json,4fa9a52a79b302b58fd2fc5d46b9577673fd3f1e4cf472f57aa343f6e7e629a4,equity,000660,SK하이닉스,851,413160500,851.0,413160500.0,485500.0
2ETF01,2025-10-21,2025-10-20,20251021,2026.10.01 15:30:00,raw/2ETF01_2025-10-21.json,4fa9a52a79b302b58fd2fc5d46b9577673fd3f1e4cf472f57aa343f6e7e629a4,equity,000670,영풍,8,363200,8.0,363200.0,45400.0
2ETF01,2025-10-21,2025-10-20,20251021,2026.10.01 15:30:00,raw/2ETF01_2025-10-21.json,4fa9a52a79b302b58fd2fc5d46b9577673fd3f1e4cf472f57aa343f6e7e629a4,equity,000720,현대건설,111,6282600,111.0,6282600.0,56600.0
2ETF01,2025-10-21,2025-10-20,20251021,2026.10.01 15:30:00,raw/2ETF01_2025-10-21.json,4fa9a52a79b302b58fd2fc5d46b9577673fd3f1e4cf472f57aa343f6e7e629a4,equity,000810,삼성화재,46,20447000,46.0,20447000.0,444500.0
2ETF01,2025-10-21,2025-10-20,20251021,2026.10.01 15:30:00,raw/2ETF01_2025-10-21.json,4fa9a52a79b302b58fd2fc5d46b9577673fd3f1e4cf472f57aa343f6e7e629a4,equity,000880,한화,42,3729600,42.0,3729600.0,88800.0
2ETF01,2025-10-21,2025-10-20,20251021,2026.10.01 15:30:00,raw/2ETF01_2025-10-21.json,4fa9a52a79b302b58fd2fc5d46b9577673fd3f1e4cf472f57aa343f6e7e629a4,equity,001040,CJ,21,3586800,21.0,3586800.0,170800.0
2ETF01,2025-10-21,2025-10-20,20251021,2026.10.01 15:30:00,raw/2ETF01_2025-10-21.json,4fa9a52a79b302b58fd2fc5d46b9577673fd3f1e4cf472f57aa343f6e7e629a4,equity,001430,세아베스틸지주,18,455400,18.0,455400.0,25300.0
2ETF01,2025-10-21,2025-10-20,20251021,2026.10.01 15:30:00,raw/2ETF01_2025-10-21.json,4fa9a52a79b302b58fd2fc5d46b9577673fd3f1e4cf472f57aa343f6e7e629a4,equity,001440,대한전선,170,3031100,170.0,3031100.0,17830.0
2ETF01,2025-10-21,2025-10-20,20251021,2026.10.01 15:30:00,raw/2ETF01_2025-10-21.json,4fa9a52a79b302b58fd2fc5d46b9577673fd3f1e4cf472f57aa343f6e7e629a4,equity,001450,현대해상,91,2479750,91.0,2479750.0,27250.0
2ETF01,2025-10-21,2025-10-20,20251021,2026.10.01 15:30:00,raw/2ETF01_2025-10-21.json,4fa9a52a79b302b58fd2fc5d46b9577673fd3f1e4cf472f57aa343f6e7e629a4,equity,001680,대상,29,614800,29.0,614800.0,21200.0
2ETF01,2025-10-21,2025-10-20,20251021,2026.10.01 15:30:00,raw/2ETF01_2025-10-21.json,4fa9a52a79b302b58fd2fc5d46b9577673fd3f1e4cf472f57aa343f6e7e629a4,equity,001800,오리온홀딩스,31,602640,31.0,602640.0,19440.0
2ETF01,2025-10-21,2025-10-20,20251021,2026.10.01 15:30:00,raw/2ETF01_2025-10-21.json,4fa9a52a79b302b58fd2fc5d46b9577673fd3f1e4cf472f57aa343f6e7e629a4,equity,002380,KCC,6,2376000,6.0,2376000.0,396000.0
2ETF01,2025-10-21,2025-10-20,20251021,2026.10.01 15:30:00,raw/2ETF01_2025-10-21.json,4fa9a52a79b302b58fd2fc5d46b9577673fd3f1e4cf472f57aa343f6e7e629a4,equity,002710,TCC스틸,27,508950,27.0,508950.0,18850.0
2ETF01,2025-10-21,2025-10-20,20251021,2026.10.01 15:30:00,raw/2ETF01_2025-10-21.json,4fa9a52a79b302b58fd2fc5d46b9577673fd3f1e4cf472f57aa343f6e7e629a4,equity,002790,아모레퍼시픽홀딩스,39,1000350,39.0,1000350.0,25650.0
2ETF01,2025-10-21,2025-10-20,20251021,2026.10.01 15:30:00,raw/2ETF01_2025-10-21.json,4fa9a52a79b302b58fd2fc5d46b9577673fd3f1e4cf472f57aa343f6e7e629a4,equity,002840,미원상사,2,317000,2.0,317000.0,158500.0
2ETF01,2025-10-21,2025-10-20,20251021,2026.10.01 15:30:00,raw/2ETF01_2025-10-21.json,4fa9a52a79b302b58fd2fc5d46b9577673fd3f1e4cf472f57aa343f6e7e629a4,equity,003030,세아제강지주,2,293600,2.0,293600.0,146800.0
2ETF01,2025-10-21,2025-10-20,20251021,2026.10.01 15:30:00,raw/2ETF01_2025-10-21.json,4fa9a52a79b302b58fd2fc5d46b9577673fd3f1e4cf472f57aa343f6e7e629a4,equity,003090,대웅,29,645250,29.0,645250.0,22250.0
2ETF01,2025-10-21,2025-10-20,20251021,2026.10.01 15:30:00,raw/2ETF01_2025-10-21.json,4fa9a52a79b302b58fd2fc5d46b9577673fd3f1e4cf472f57aa343f6e7e629a4,equity,003230,삼양식품,6,8286000,6.0,8286000.0,1381000.0
2ETF01,2025-10-21,2025-10-20,20251021,2026.10.01 15:30:00,raw/2ETF01_2025-10-21.json,4fa9a52a79b302b58fd2fc5d46b9577673fd3f1e4cf472f57aa343f6e7e629a4,equity,003240,태광산업,1,839000,1.0,839000.0,839000.0
2ETF01,2025-10-21,2025-10-20,20251021,2026.10.01 15:30:00,raw/2ETF01_2025-10-21.json,4fa9a52a79b302b58fd2fc5d46b9577673fd3f1e4cf472f57aa343f6e7e629a4,equity,003490,대한항공,385,8701000,385.0,8701000.0,22600.0
2ETF01,2025-10-21,2025-10-20,20251021,2026.10.01 15:30:00,raw/2ETF01_2025-10-21.json,4fa9a52a79b302b58fd2fc5d46b9577673fd3f1e4cf472f57aa343f6e7e629a4,equity,003550,LG,141,10842900,141.0,10842900.0,76900.0
2ETF01,2025-10-21,2025-10-20,20251021,2026.10.01 15:30:00,raw/2ETF01_2025-10-21.json,4fa9a52a79b302b58fd2fc5d46b9577673fd3f1e4cf472f57aa343f6e7e629a4,equity,003620,KG모빌리티,135,473175,135.0,473175.0,3505.0
2ETF01,2025-10-21,2025-10-20,20251021,2026.10.01 15:30:00,raw/2ETF01_2025-10-21.json,4fa9a52a79b302b58fd2fc5d46b9577673fd3f1e4cf472f57aa343f6e7e629a4,equity,003670,포스코퓨처엠,47,9188500,47.0,9188500.0,195500.0
2ETF01,2025-10-21,2025-10-20,20251021,2026.10.01 15:30:00,raw/2ETF01_2025-10-21.json,4fa9a52a79b302b58fd2fc5d46b9577673fd3f1e4cf472f57aa343f6e7e629a4,equity,004000,롯데정밀화학,22,1031800,22.0,1031800.0,46900.0
2ETF01,2025-10-21,2025-10-20,20251021,2026.10.01 15:30:00,raw/2ETF01_2025-10-21.json,4fa9a52a79b302b58fd2fc5d46b9577673fd3f1e4cf472f57aa343f6e7e629a4,equity,004020,현대제철,127,4254500,127.0,4254500.0,33500.0
2ETF01,2025-10-21,2025-10-20,20251021,2026.10.01 15:30:00,raw/2ETF01_2025-10-21.json,4fa9a52a79b302b58fd2fc5d46b9577673fd3f1e4cf472f57aa343f6e7e629a4,equity,004170,신세계,10,1759000,10.0,1759000.0,175900.0
2ETF01,2025-10-21,2025-10-20,20251021,2026.10.01 15:30:00,raw/2ETF01_2025-10-21.json,4fa9a52a79b302b58fd2fc5d46b9577673fd3f1e4cf472f57aa343f6e7e629a4,equity,004370,농심,5,2160000,5.0,2160000.0,432000.0
2ETF01,2025-10-21,2025-10-20,20251021,2026.10.01 15:30:00,raw/2ETF01_2025-10-21.json,4fa9a52a79b302b58fd2fc5d46b9577673fd3f1e4cf472f57aa343f6e7e629a4,equity,004490,세방전지,12,782400,12.0,782400.0,65200.0
2ETF01,2025-10-21,2025-10-20,20251021,2026.10.01 15:30:00,raw/2ETF01_2025-10-21.json,4fa9a52a79b302b58fd2fc5d46b9577673fd3f1e4cf472f57aa343f6e7e629a4,equity,004990,롯데지주,45,1316250,45.0,1316250.0,29250.0
2ETF01,2025-10-21,2025-10-20,20251021,2026.10.01 15:30:00,raw/2ETF01_2025-10-21.json,4fa9a52a79b302b58fd2fc5d46b9577673fd3f1e4cf472f57aa343f6e7e629a4,equity,005250,녹십자홀딩스,33,509850,33.0,509850.0,15450.0
2ETF01,2025-10-21,2025-10-20,20251021,2026.10.01 15:30:00,raw/2ETF01_2025-10-21.json,4fa9a52a79b302b58fd2fc5d46b9577673fd3f1e4cf472f57aa343f6e7e629a4,equity,005300,롯데칠성,5,575000,5.0,575000.0,115000.0
2ETF01,2025-10-21,2025-10-20,20251021,2026.10.01 15:30:00,raw/2ETF01_2025-10-21.json,4fa9a52a79b302b58fd2fc5d46b9577673fd3f1e4cf472f57aa343f6e7e629a4,equity,005380,현대차,205,50840000,205.0,50840000.0,248000.0
2ETF01,2025-10-21,2025-10-20,20251021,2026.10.01 15:30:00,raw/2ETF01_2025-10-21.json,4fa9a52a79b302b58fd2fc5d46b9577673fd3f1e4cf472f57aa343f6e7e629a4,equity,005420,코스모화학,38,701480,38.0,701480.0,18460.0
2ETF01,2025-10-21,2025-10-20,20251021,2026.10.01 15:30:00,raw/2ETF01_2025-10-21.json,4fa9a52a79b302b58fd2fc5d46b9577673fd3f1e4cf472f57aa343f6e7e629a4,equity,005490,POSCO홀딩스,104,30628000,104.0,30628000.0,294500.0
2ETF01,2025-10-21,2025-10-20,20251021,2026.10.01 15:30:00,raw/2ETF01_2025-10-21.json,4fa9a52a79b302b58fd2fc5d46b9577673fd3f1e4cf472f57aa343f6e7e629a4,equity,005830,DB손해보험,67,8884200,67.0,8884200.0,132600.0
2ETF01,2025-10-21,2025-10-20,20251021,2026.10.01 15:30:00,raw/2ETF01_2025-10-21.json,4fa9a52a79b302b58fd2fc5d46b9577673fd3f1e4cf472f57aa343f6e7e629a4,equity,005850,에스엘,24,871200,24.0,871200.0,36300.0
2ETF01,2025-10-21,2025-10-20,20251021,2026.10.01 15:30:00,raw/2ETF01_2025-10-21.json,4fa9a52a79b302b58fd2fc5d46b9577673fd3f1e4cf472f57aa343f6e7e629a4,equity,005930,삼성전자,7098,696313800,7098.0,696313800.0,98100.0
2ETF01,2025-10-21,2025-10-20,20251021,2026.10.01 15:30:00,raw/2ETF01_2025-10-21.json,4fa9a52a79b302b58fd2fc5d46b9577673fd3f1e4cf472f57aa343f6e7e629a4,equity,005940,NH투자증권,221,4729400,221.0,4729400.0,21400.0
2ETF01,2025-10-21,2025-10-20,20251021,2026.10.01 15:30:00,raw/2ETF01_2025-10-21.json,4fa9a52a79b302b58fd2fc5d46b9577673fd3f1e4cf472f57aa343f6e7e629a4,equity,006040,동원산업,6,255900,6.0,255900.0,42650.0
2ETF01,2025-10-21,2025-10-20,20251021,2026.10.01 15:30:00,raw/2ETF01_2025-10-21.json,4fa9a52a79b302b58fd2fc5d46b9577673fd3f1e4cf472f57aa343f6e7e629a4,equity,006260,LS,26,5127200,26.0,5127200.0,197200.0
2ETF01,2025-10-21,2025-10-20,20251021,2026.10.01 15:30:00,raw/2ETF01_2025-10-21.json,4fa9a52a79b302b58fd2fc5d46b9577673fd3f1e4cf472f57aa343f6e7e629a4,equity,006280,녹십자,8,1045600,8.0,1045600.0,130700.0
2ETF01,2025-10-21,2025-10-20,20251021,2026.10.01 15:30:00,raw/2ETF01_2025-10-21.json,4fa9a52a79b302b58fd2fc5d46b9577673fd3f1e4cf472f57aa343f6e7e629a4,equity,006360,GS건설,97,1793530,97.0,1793530.0,18490.0
2ETF01,2025-10-21,2025-10-20,20251021,2026.10.01 15:30:00,raw/2ETF01_2025-10-21.json,4fa9a52a79b302b58fd2fc5d46b9577673fd3f1e4cf472f57aa343f6e7e629a4,equity,006400,삼성SDI,92,23966000,92.0,23966000.0,260500.0
2ETF01,2025-10-21,2025-10-20,20251021,2026.10.01 15:30:00,raw/2ETF01_2025-10-21.json,4fa9a52a79b302b58fd2fc5d46b9577673fd3f1e4cf472f57aa343f6e7e629a4,equity,006650,대한유화,5,605000,5.0,605000.0,121000.0
2ETF01,2025-10-21,2025-10-20,20251021,2026.10.01 15:30:00,raw/2ETF01_2025-10-21.json,4fa9a52a79b302b58fd2fc5d46b9577673fd3f1e4cf472f57aa343f6e7e629a4,equity,006800,미래에셋증권,415,10478750,415.0,10478750.0,25250.0
2ETF01,2025-10-21,2025-10-20,20251021,2026.10.01 15:30:00,raw/2ETF01_2025-10-21.json,4fa9a52a79b302b58fd2fc5d46b9577673fd3f1e4cf472f57aa343f6e7e629a4,equity,007070,GS리테일,51,859350,51.0,859350.0,16850.0
2ETF01,2025-10-21,2025-10-20,20251021,2026.10.01 15:30:00,raw/2ETF01_2025-10-21.json,4fa9a52a79b302b58fd2fc5d46b9577673fd3f1e4cf472f57aa343f6e7e629a4,equity,007310,오뚜기,2,785000,2.0,785000.0,392500.0
2ETF01,2025-10-21,2025-10-20,20251021,2026.10.01 15:30:00,raw/2ETF01_2025-10-21.json,4fa9a52a79b302b58fd2fc5d46b9577673fd3f1e4cf472f57aa343f6e7e629a4,equity,007340,DN오토모티브,31,748650,31.0,748650.0,24150.0
2ETF01,2025-10-21,2025-10-20,20251021,2026.10.01 15:30:00,raw/2ETF01_2025-10-21.json,4fa9a52a79b302b58fd2fc5d46b9577673fd3f1e4cf472f57aa343f6e7e629a4,equity,008730,율촌화학,16,602400,16.0,602400.0,37650.0
2ETF01,2025-10-21,2025-10-20,20251021,2026.10.01 15:30:00,raw/2ETF01_2025-10-21.json,4fa9a52a79b302b58fd2fc5d46b9577673fd3f1e4cf472f57aa343f6e7e629a4,equity,008770,호텔신라,46,2290800,46.0,2290800.0,49800.0
2ETF01,2025-10-21,2025-10-20,20251021,2026.10.01 15:30:00,raw/2ETF01_2025-10-21.json,4fa9a52a79b302b58fd2fc5d46b9577673fd3f1e4cf472f57aa343f6e7e629a4,equity,008930,한미사이언스,42,1600200,42.0,1600200.0,38100.0
2ETF01,2025-10-21,2025-10-20,20251021,2026.10.01 15:30:00,raw/2ETF01_2025-10-21.json,4fa9a52a79b302b58fd2fc5d46b9577673fd3f1e4cf472f57aa343f6e7e629a4,equity,009150,삼성전기,84,17850000,84.0,17850000.0,212500.0
2ETF01,2025-10-21,2025-10-20,20251021,2026.10.01 15:30:00,raw/2ETF01_2025-10-21.json,4fa9a52a79b302b58fd2fc5d46b9577673fd3f1e4cf472f57aa343f6e7e629a4,equity,009240,한샘,12,528600,12.0,528600.0,44050.0
2ETF01,2025-10-21,2025-10-20,20251021,2026.10.01 15:30:00,raw/2ETF01_2025-10-21.json,4fa9a52a79b302b58fd2fc5d46b9577673fd3f1e4cf472f57aa343f6e7e629a4,equity,009420,한올바이오파마,54,1879200,54.0,1879200.0,34800.0
2ETF01,2025-10-21,2025-10-20,20251021,2026.10.01 15:30:00,raw/2ETF01_2025-10-21.json,4fa9a52a79b302b58fd2fc5d46b9577673fd3f1e4cf472f57aa343f6e7e629a4,equity,009540,HD한국조선해양,71,30068500,71.0,30068500.0,423500.0
2ETF01,2025-10-21,2025-10-20,20251021,2026.10.01 15:30:00,raw/2ETF01_2025-10-21.json,4fa9a52a79b302b58fd2fc5d46b9577673fd3f1e4cf472f57aa343f6e7e629a4,equity,009830,한화솔루션,164,4813400,164.0,4813400.0,29350.0
2ETF01,2025-10-21,2025-10-20,20251021,2026.10.01 15:30:00,raw/2ETF01_2025-10-21.json,4fa9a52a79b302b58fd2fc5d46b9577673fd3f1e4cf472f57aa343f6e7e629a4,equity,009970,영원무역홀딩스,8,1088000,8.0,1088000.0,136000.0
2ETF01,2025-10-21,2025-10-20,20251021,2026.10.01 15:30:00,raw/2ETF01_2025-10-21.json,4fa9a52a79b302b58fd2fc5d46b9577673fd3f1e4cf472f57aa343f6e7e629a4,equity,010060,OCI홀딩스,20,1966000,20.0,1966000.0,98300.0
2ETF01,2025-10-21,2025-10-20,20251021,2026.10.01 15:30:00,raw/2ETF01_2025-10-21.json,4fa9a52a79b302b58fd2fc5d46b9577673fd3f1e4cf472f57aa343f6e7e629a4,equity,010120,LS ELECTRIC,24,7668000,24.0,7668000.0,319500.0
2ETF01,2025-10-21,2025-10-20,20251021,2026.10.01 15:30:00,raw/2ETF01_2025-10-21.json,4fa9a52a79b302b58fd2fc5d46b9577673fd3f1e4cf472f57aa343f6e7e629a4,equity,010130,고려아연,9,11016000,9.0,11016000.0,1224000.0
2ETF01,2025-10-21,2025-10-20,20251021,2026.10.01 15:30:00,raw/2ETF01_2025-10-21.json,4fa9a52a79b302b58fd2fc5d46b9577673fd3f1e4cf472f57aa343f6e7e629a4,equity,010140,삼성중공업,1000,22600000,1000.0,22600000.0,22600.0
2ETF01,2025-10-21,2025-10-20,20251021,2026.10.01 15:30:00,raw/2ETF01_2025-10-21.json,4fa9a52a79b302b58fd2fc5d46b9577673fd3f1e4cf472f57aa343f6e7e629a4,equity,010620,HD현대미포,34,6868000,34.0,6868000.0,202000.0
2ETF01,2025-10-21,2025-10-20,20251021,2026.10.01 15:30:00,raw/2ETF01_2025-10-21.json,4fa9a52a79b302b58fd2fc5d46b9577673fd3f1e4cf472f57aa343f6e7e629a4,equity,010950,S-Oil,63,4252500,63.0,4252500.0,67500.0
2ETF01,2025-10-21,2025-10-20,20251021,2026.10.01 15:30:00,raw/2ETF01_2025-10-21.json,4fa9a52a79b302b58fd2fc5d46b9577673fd3f1e4cf472f57aa343f6e7e629a4,equity,011070,LG이노텍,22,4730000,22.0,4730000.0,215000.0
2ETF01,2025-10-21,2025-10-20,20251021,2026.10.01 15:30:00,raw/2ETF01_2025-10-21.json,4fa9a52a79b302b58fd2fc5d46b9577673fd3f1e4cf472f57aa343f6e7e629a4,equity,011170,롯데케미칼,27,1935900,27.0,1935900.0,71700.0
2ETF01,2025-10-21,2025-10-20,20251021,2026.10.01 15:30:00,raw/2ETF01_2025-10-21.json,4fa9a52a79b302b58fd2fc5d46b9577673fd3f1e4cf472f57aa343f6e7e629a4,equity,011200,HMM,513,10490850,513.0,10490850.0,20450.0
2ETF01,2025-10-21,2025-10-20,20251021,2026.10.01 15:30:00,raw/2ETF01_2025-10-21.json,4fa9a52a79b302b58fd2fc5d46b9577673fd3f1e4cf472f57aa343f6e7e629a4,equity,011210,현대위아,23,1232800,23.0,1232800.0,53600.0
2ETF01,2025-10-21,2025-10-20,20251021,2026.10.01 15:30:00,raw/2ETF01_2025-10-21.json,4fa9a52a79b302b58fd2fc5d46b9577673fd3f1e4cf472f57aa343f6e7e629a4,equity,011780,금호석유화학,23,2589800,23.0,2589800.0,112600.0
2ETF01,2025-10-21,2025-10-20,20251021,2026.10.01 15:30:00,raw/2ETF01_2025-10-21.json,4fa9a52a79b302b58fd2fc5d46b9577673fd3f1e4cf472f57aa343f6e7e629a4,equity,011790,SKC,30,3222000,30.0,3222000.0,107400.0
2ETF01,2025-10-21,2025-10-20,20251021,2026.10.01 15:30:00,raw/2ETF01_2025-10-21.json,4fa9a52a79b302b58fd2fc5d46b9577673fd3f1e4cf472f57aa343f6e7e629a4,equity,012330,현대모비스,95,29307500,95.0,29307500.0,308500.0
2ETF01,2025-10-21,2025-10-20,20251021,2026.10.01 15:30:00,raw/2ETF01_2025-10-21.json,4fa9a52a79b302b58fd2fc5d46b9577673fd3f1e4cf472f57aa343f6e7e629a4,equity,012450,한화에어로스페이스,53,50509000,53.0,50509000.0,953000.0
2ETF01,2025-10-21,2025-10-20,20251021,2026.10.01 15:30:00,raw/2ETF01_2025-10-21.json,4fa9a52a79b302b58fd2fc5d46b9577673fd3f1e4cf472f57aa343f6e7e629a4,equity,012630,HDC,39,686400,39.0,686400.0,17600.0
2ETF01,2025-10-21,2025-10-20,20251021,2026.10.01 15:30:00,raw/2ETF01_2025-10-21.json,4fa9a52a79b302b58fd2fc5d46b9577673fd3f1e4cf472f57aa343f6e7e629a4,equity,012750,에스원,37,2830500,37.0,2830500.0,76500.0
2ETF01,2025-10-21,2025-10-20,20251021,2026.10.01 15:30:00,raw/2ETF01_2025-10-21.json,4fa9a52a79b302b58fd2fc5d46b9577673fd3f1e4cf472f57aa343f6e7e629a4,equity,014680,한솔케미칼,13,2717000,13.0,2717000.0,209000.0
2ETF01,2025-10-21,2025-10-20,20251021,2026.10.01 15:30:00,raw/2ETF01_2025-10-21.json,4fa9a52a79b302b58fd2fc5d46b9577673fd3f1e4cf472f57aa343f6e7e629a4,equity,014820,동원시스템즈,8,235600,8.0,235600.0,29450.0
2ETF01,2025-10-21,2025-10-20,20251021,2026.10.01 15:30:00,raw/2ETF01_2025-10-21.json,4fa9a52a79b302b58fd2fc5d46b9577673fd3f1e4cf472f57aa343f6e7e629a4,equity,015760,한국전력,477,20129400,477.0,20129400.0,42200.0
2ETF01,2025-10-21,2025-10-20,20251021,2026.10.01 15:30:00,raw/2ETF01_2025-10-21.json,4fa9a52a79b302b58fd2fc5d46b9577673fd3f1e4cf472f57aa343f6e7e629a4,equity,016360,삼성증권,92,7268000,92.0,7268000.0,79000.0
2ETF01,2025-10-21,2025-10-20,20251021,2026.10.01 15:30:00,raw/2ETF01_2025-10-21.json,4fa9a52a79b302b58fd2fc5d46b9577673fd3f1e4cf472f57aa343f6e7e629a4,equity,017670,SK텔레콤,225,12262500,225.0,12262500.0,54500.0
2ETF01,2025-10-21,2025-10-20,20251021,2026.10.01 15:30:00,raw/2ETF01_2025-10-21.json,4fa9a52a79b302b58fd2fc5d46b9577673fd3f1e4cf472f57aa343f6e7e629a4,equity,017800,현대엘리베이터,39,3229200,39.0,3229200.0,82800.0
2ETF01,2025-10-21,2025-10-20,20251021,2026.10.01 15:30:00,raw/2ETF01_2025-10-21.json,4fa9a52a79b302b58fd2fc5d46b9577673fd3f1e4cf472f57aa343f6e7e629a4,equity,017960,한국카본,49,1727250,49.0,1727250.0,35250.0
2ETF01,2025-10-21,2025-10-20,20251021,2026.10.01 15:30:00,raw/2ETF01_2025-10-21.json,4fa9a52a79b302b58fd2fc5d46b9577673fd3f1e4cf472f57aa343f6e7e629a4,equity,018260,삼성에스디에스,57,9610200,57.0,9610200.0,168600.0
2ETF01,2025-10-21,2025-10-20,20251021,2026.10.01 15:30:00,raw/2ETF01_2025-10-21.json,4fa9a52a79b302b58fd2fc5d46b9577673fd3f1e4cf472f57aa343f6e7e629a4,equity,018880,한온시스템,247,962065,247.0,962065.0,3895.0
2ETF01,2025-10-21,2025-10-20,20251021,2026.10.01 15:30:00,raw/2ETF01_2025-10-21.json,4fa9a52a79b302b58fd2fc5d46b9577673fd3f1e4cf472f57aa343f6e7e629a4,equity,021240,코웨이,83,7802000,83.0,7802000.0,94000.0
2ETF01,2025-10-21,2025-10-20,20251021,2026.10.01 15:30:00,raw/2ETF01_2025-10-21.json,4fa9a52a79b302b58fd2fc5d46b9577673fd3f1e4cf472f57aa343f6e7e629a4,equity,022100,포스코DX,76,1915200,76.0,1915200.0,25200.0
2ETF01,2025-10-21,2025-10-20,20251021,2026.10.01 15:30:00,raw/2ETF01_2025-10-21.json,4fa9a52a79b302b58fd2fc5d46b9577673fd3f1e4cf472f57aa343f6e7e629a4,equity,023530,롯데쇼핑,15,1008000,15.0,1008000.0,67200.0
2ETF01,2025-10-21,2025-10-20,20251021,2026.10.01 15:30:00,raw/2ETF01_2025-10-21.json,4fa9a52a79b302b58fd2fc5d46b9577673fd3f1e4cf472f57aa343f6e7e629a4,equity,024110,기업은행,411,7965180,411.0,7965180.0,19380.0
2ETF01,2025-10-21,2025-10-20,20251021,2026.10.01 15:30:00,raw/2ETF01_2025-10-21.json,4fa9a52a79b302b58fd2fc5d46b9577673fd3f1e4cf472f57aa343f6e7e629a4,equity,026960,동서,47,1292500,47.0,1292500.0,27500.0
2ETF01,2025-10-21,2025-10-20,20251021,2026.10.01 15:30:00,raw/2ETF01_2025-10-21.json,4fa9a52a79b302b58fd2fc5d46b9577673fd3f1e4cf472f57aa343f6e7e629a4,equity,028050,삼성E&A,238,6545000,238.0,6545000.0,27500.0
2ETF01,2025-10-21,2025-10-20,20251021,2026.10.01 15:30:00,raw/2ETF01_2025-10-21.json,4fa9a52a79b302b58fd2fc5d46b9577673fd3f1e4cf472f57aa343f6e7e629a4,equity,028260,삼성물산,152,31616000,152.0,31616000.0,208000.0
2ETF01,2025-10-21,2025-10-20,20251021,2026.10.01 15:30:00,raw/2ETF01_2025-10-21.json,4fa9a52a79b302b58fd2fc5d46b9577673fd3f1e4cf472f57aa343f6e7e629a4,equity,028670,팬오션,340,1268200,340.0,1268200.0,3730.0
2ETF01,2025-10-21,2025-10-20,20251021,2026.10.01 15:30:00,raw/2ETF01_2025-10-21.json,4fa9a52a79b302b58fd2fc5d46b9577673fd3f1e4cf472f57aa343f6e7e629a4,equity,029780,삼성카드,40,1992000,40.0,1992000.0,49800.0
2ETF01,2025-10-21,2025-10-20,20251021,2026.10.01 15:30:00,raw/2ETF01_2025-10-21.json,4fa9a52a79b302b58fd2fc5d46b9577673fd3f1e4cf472f57aa343f6e7e629a4,equity,030000,제일기획,105,2115750,105.0,2115750.0,20150.0
2ETF01,2025-10-21,2025-10-20,20251021,2026.10.01 15:30:00,raw/2ETF01_2025-10-21.json,4fa9a52a79b302b58fd2fc5d46b9577673fd3f1e4cf472f57aa343f6e7e629a4,equity,030200,KT,332,16766000,332.0,16766000.0,50500.0
2ETF01,2025-10-21,2025-10-20,20251021,2026.10.01 15:30:00,raw/2ETF01_2025-10-21.json,4fa9a52a79b302b58fd2fc5d46b9577673fd3f1e4cf472f57aa343f6e7e629a4,equity,032640,LG유플러스,417,6317550,417.0,6317550.0,15150.0
2ETF01,2025-10-21,2025-10-20,20251021,2026.10.01 15:30:00,raw/2ETF01_2025-10-21.json,4fa9a52a79b302b58fd2fc5d46b9577673fd3f1e4cf472f57aa343f6e7e629a4,equity,032830,삼성생명,127,20281900,127.0,20281900.0,159700.0
2ETF01,2025-10-21,2025-10-20,20251021,2026.10.01 15:30:00,raw/2ETF01_2025-10-21.json,4fa9a52a79b302b58fd2fc5d46b9577673fd3f1e4cf472f57aa343f6e7e629a4,equity,033780,KT&G,141,19669500,141.0,19669500.0,139500.0
2ETF01,2025-10-21,2025-10-20,20251021,2026.10.01 15:30:00,raw/2ETF01_2025-10-21.json,4fa9a52a79b302b58fd2fc5d46b9577673fd3f1e4cf472f57aa343f6e7e629a4,equity,034020,두산에너빌리티,650,52195000,650.0,52195000.0,80300.0
2ETF01,2025-10-21,2025-10-20,20251021,2026.10.01 15:30:00,raw/2ETF01_2025-10-21.json,4fa9a52a79b302b58fd2fc5d46b9577673fd3f1e4cf472f57aa343f6e7e629a4,equity,034220,LG디스플레이,439,6378670,439.0,6378670.0,14530.0
2ETF01,2025-10-21,2025-10-20,20251021,2026.10.01 15:30:00,raw/2ETF01_2025-10-21.json,4fa9a52a79b302b58fd2fc5d46b9577673fd3f1e4cf472f57aa343f6e7e629a4,equity,034730,SK,54,12123000,54.0,12123000.0,224500.0
2ETF01,2025-10-21,2025-10-20,20251021,2026.10.01 15:30:00,raw/2ETF01_2025-10-21.json,4fa9a52a79b302b58fd2fc5d46b9577673fd3f1e4cf472f57aa343f6e7e629a4,equity,035250,강원랜드,172,3027200,172.0,3027200.0,17600.0
2ETF01,2025-10-21,2025-10-20,20251021,2026.10.01 15:30:00,raw/2ETF01_2025-10-21.json,4fa9a52a79b302b58fd2fc5d46b9577673fd3f1e4cf472f57aa343f6e7e629a4,equity,035420,NAVER,197,50826000,197.0,50826000.0,258000.0
2ETF01,2025-10-21,2025-10-20,20251021,2026.10.01 15:30:00,raw/2ETF01_2025-10-21.json,4fa9a52a79b302b58fd2fc5d46b9577673fd3f1e4cf472f57aa343f6e7e629a4,equity,035720,카카오,509,29929200,509.0,29929200.0,58800.0
2ETF01,2025-10-21,2025-10-20,20251021,2026.10.01 15:30:00,raw/2ETF01_2025-10-21.json,4fa9a52a79b302b58fd2fc5d46b9577673fd3f1e4cf472f57aa343f6e7e629a4,equity,036460,한국가스공사,49,1979600,49.0,1979600.0,40400.0
2ETF01,2025-10-21,2025-10-20,20251021,2026.10.01 15:30:00,raw/2ETF01_2025-10-21.json,4fa9a52a79b302b58fd2fc5d46b9577673fd3f1e4cf472f57aa343f6e7e629a4,equity,036570,엔씨소프트,26,5252000,26.0,5252000.0,202000.0
2ETF01,2025-10-21,2025-10-20,20251021,2026.10.01 15:30:00,raw/2ETF01_2025-10-21.json,4fa9a52a79b302b58fd2fc5d46b9577673fd3f1e4cf472f57aa343f6e7e629a4,equity,039130,하나투어,16,751200,16.0,751200.0,46950.0
2ETF01,2025-10-21,2025-10-20,20251021,2026.10.01 15:30:00,raw/2ETF01_2025-10-21.json,4fa9a52a79b302b58fd2fc5d46b9577673fd3f1e4cf472f57aa343f6e7e629a4,equity,039490,키움증권,21,5838000,21.0,5838000.0,278000.0
2ETF01,2025-10-21,2025-10-20,20251021,2026.10.01 15:30:00,raw/2ETF01_2025-10-21.json,4fa9a52a79b302b58fd2fc5d46b9577673fd3f1e4cf472f57aa343f6e7e629a4,equity,042660,한화오션,172,19556400,172.0,19556400.0,113700.0
2ETF01,2025-10-21,2025-10-20,20251021,2026.10.01 15:30:00,raw/2ETF01_2025-10-21.json,4fa9a52a79b302b58fd2fc5d46b9577673fd3f1e4cf472f57aa343f6e7e629a4,equity,042670,HD현대인프라코어,196,2945880,196.0,2945880.0,15030.0
2ETF01,2025-10-21,2025-10-20,20251021,2026.10.01 15:30:00,raw/2ETF01_2025-10-21.json,4fa9a52a79b302b58fd2fc5d46b9577673fd3f1e4cf472f57aa343f6e7e629a4,equity,042700,한미반도체,64,9555200,64.0,9555200.0,149300.0
2ETF01,2025-10-21,2025-10-20,20251021,2026.10.01 15:30:00,raw/2ETF01_2025-10-21.json,4fa9a52a79b302b58fd2fc5d46b9577673fd3f1e4cf472f57aa343f6e7e629a4,equity,047040,대우건설,302,1108340,302.0,1108340.0,3670.0
2ETF01,2025-10-21,2025-10-20,20251021,2026.10.01 15:30:00,raw/2ETF01_2025-10-21.json,4fa9a52a79b302b58fd2fc5d46b9577673fd3f1e4cf472f57aa343f6e7e629a4,equity,047050,포스코인터내셔널,69,3594900,69.0,3594900.0,52100.0
2ETF01,2025-10-21,2025-10-20,20251021,2026.10.01 15:30:00,raw/2ETF01_2025-10-21.json,4fa9a52a79b302b58fd2fc5d46b9577673fd3f1e4cf472f57aa343f6e7e629a4,equity,047810,한국항공우주,106,10335000,106.0,10335000.0,97500.0
2ETF01,2025-10-21,2025-10-20,20251021,2026.10.01 15:30:00,raw/2ETF01_2025-10-21.json,4fa9a52a79b302b58fd2fc5d46b9577673fd3f1e4cf472f57aa343f6e7e629a4,equity,051600,한전KPS,33,1653300,33.0,1653300.0,50100.0
2ETF01,2025-10-21,2025-10-20,20251021,2026.10.01 15:30:00,raw/2ETF01_2025-10-21.json,4fa9a52a79b302b58fd2fc5d46b9577673fd3f1e4cf472f57aa343f6e7e629a4,equity,051900,LG생활건강,14,3941000,14.0,3941000.0,281500.0
2ETF01,2025-10-21,2025-10-20,20251021,2026.10.01 15:30:00,raw/2ETF01_2025-10-21.json,4fa9a52a79b302b58fd2fc5d46b9577673fd3f1e4cf472f57aa343f6e7e629a4,equity,051910,LG화학,70,24325000,70.0,24325000.0,347500.0
2ETF01,2025-10-21,2025-10-20,20251021,2026.10.01 15:30:00,raw/2ETF01_2025-10-21.json,4fa9a52a79b302b58fd2fc5d46b9577673fd3f1e4cf472f57aa343f6e7e629a4,equity,052690,한전기술,28,2693600,28.0,2693600.0,96200.0
2ETF01,2025-10-21,2025-10-20,20251021,2026.10.01 15:30:00,raw/2ETF01_2025-10-21.json,4fa9a52a79b302b58fd2fc5d46b9577673fd3f1e4cf472f57aa343f6e7e629a4,equity,055550,신한지주,633,47095200,633.0,47095200.0,74400.0
2ETF01,2025-10-21,2025-10-20,20251021,2026.10.01 15:30:00,raw/2ETF01_2025-10-21.json,4fa9a52a79b302b58fd2fc5d46b9577673fd3f1e4cf472f57aa343f6e7e629a4,equity,064350,현대로템,111,23421000,111.0,23421000.0,211000.0
2ETF01,2025-10-21,2025-10-20,20251021,2026.10.01 15:30:00,raw/2ETF01_2025-10-21.json,4fa9a52a79b302b58fd2fc5d46b9577673fd3f1e4cf472f57aa343f6e7e629a4,equity,066570,LG전자,164,14924000,164.0,14924000.0,91000.0
2ETF01,2025-10-21,2025-10-20,20251021,2026.10.01 15:30:00,raw/2ETF01_2025-10-21.json,4fa9a52a79b302b58fd2fc5d46b9577673fd3f1e4cf472f57aa343f6e7e629a4,equity,066970,엘앤에프,38,4362400,38.0,4362400.0,114800.0
2ETF01,2025-10-21,2025-10-20,20251021,2026.10.01 15:30:00,raw/2ETF01_2025-10-21.json,4fa9a52a79b302b58fd2fc5d46b9577673fd3f1e4cf472f57aa343f6e7e629a4,equity,068270,셀트리온,234,41441400,234.0,41441400.0,177100.0
2ETF01,2025-10-21,2025-10-20,20251021,2026.10.01 15:30:00,raw/2ETF01_2025-10-21.json,4fa9a52a79b302b58fd2fc5d46b9577673fd3f1e4cf472f57aa343f6e7e629a4,equity,069260,TKG휴켐스,33,597630,33.0,597630.0,18110.0
2ETF01,2025-10-21,2025-10-20,20251021,2026.10.01 15:30:00,raw/2ETF01_2025-10-21.json,4fa9a52a79b302b58fd2fc5d46b9577673fd3f1e4cf472f57aa343f6e7e629a4,equity,069620,대웅제약,7,980000,7.0,980000.0,140000.0
2ETF01,2025-10-21,2025-10-20,20251021,2026.10.01 15:30:00,raw/2ETF01_2025-10-21.json,4fa9a52a79b302b58fd2fc5d46b9577673fd3f1e4cf472f57aa343f6e7e629a4,equity,069960,현대백화점,21,1705200,21.0,1705200.0,81200.0
2ETF01,2025-10-21,2025-10-20,20251021,2026.10.01 15:30:00,raw/2ETF01_2025-10-21.json,4fa9a52a79b302b58fd2fc5d46b9577673fd3f1e4cf472f57aa343f6e7e629a4,equity,071050,한국금융지주,62,10893400,62.0,10893400.0,175700.0
2ETF01,2025-10-21,2025-10-20,20251021,2026.10.01 15:30:00,raw/2ETF01_2025-10-21.json,4fa9a52a79b302b58fd2fc5d46b9577673fd3f1e4cf472f57aa343f6e7e629a4,equity,071320,지역난방공사,4,360800,4.0,360800.0,90200.0
2ETF01,2025-10-21,2025-10-20,20251021,2026.10.01 15:30:00,raw/2ETF01_2025-10-21.json,4fa9a52a79b302b58fd2fc5d46b9577673fd3f1e4cf472f57aa343f6e7e629a4,equity,073240,금호타이어,239,1128080,239.0,1128080.0,4720.0
2ETF01,2025-10-21,2025-10-20,20251021,2026.10.01 15:30:00,raw/2ETF01_2025-10-21.json,4fa9a52a79b302b58fd2fc5d46b9577673fd3f1e4cf472f57aa343f6e7e629a4,equity,078930,GS,68,3162000,68.0,3162000.0,46500.0
2ETF01,2025-10-21,2025-10-20,20251021,2026.10.01 15:30:00,raw/2ETF01_2025-10-21.json,4fa9a52a79b302b58fd2fc5d46b9577673fd3f1e4cf472f57aa343f6e7e629a4,equity,079550,LIG넥스원,20,8870000,20.0,8870000.0,443500.0
2ETF01,2025-10-21,2025-10-20,20251021,2026.10.01 15:30:00,raw/2ETF01_2025-10-21.json,4fa9a52a79b302b58fd2fc5d46b9577673fd3f1e4cf472f57aa343f6e7e629a4,equity,081660,미스토홀딩스,52,2038400,52.0,2038400.0,39200.0
2ETF01,2025-10-21,2025-10-20,20251021,2026.10.01 15:30:00,raw/2ETF01_2025-10-21.json,4fa9a52a79b302b58fd2fc5d46b9577673fd3f1e4cf472f57aa343f6e7e629a4,equity,086280,현대글로비스,56,9335200,56.0,9335200.0,166700.0
2ETF01,2025-10-21,2025-10-20,20251021,2026.10.01 15:30:00,raw/2ETF01_2025-10-21.json,4fa9a52a79b302b58fd2fc5d46b9577673fd3f1e4cf472f57aa343f6e7e629a4,equity,086790,하나금융지주,381,33680400,381.0,33680400.0,88400.0
2ETF01,2025-10-21,2025-10-20,20251021,2026.10.01 15:30:00,raw/2ETF01_2025-10-21.json,4fa9a52a79b302b58fd2fc5d46b9577673fd3f1e4cf472f57aa343f6e7e629a4,equity,088350,한화생명,500,1587500,500.0,1587500.0,3175.0
2ETF01,2025-10-21,2025-10-20,20251021,2026.10.01 15:30:00,raw/2ETF01_2025-10-21.json,4fa9a52a79b302b58fd2fc5d46b9577673fd3f1e4cf472f57aa343f6e7e629a4,equity,090430,아모레퍼시픽,47,5616500,47.0,5616500.0,119500.0
2ETF01,2025-10-21,2025-10-20,20251021,2026.10.01 15:30:00,raw/2ETF01_2025-10-21.json,4fa9a52a79b302b58fd2fc5d46b9577673fd3f1e4cf472f57aa343f6e7e629a4,equity,093370,후성,83,581830,83.0,581830.0,7010.0
2ETF01,2025-10-21,2025-10-20,20251021,2026.10.01 15:30:00,raw/2ETF01_2025-10-21.json,4fa9a52a79b302b58fd2fc5d46b9577673fd3f1e4cf472f57aa343f6e7e629a4,equity,096770,SK이노베이션,113,13469600,113.0,13469600.0,119200.0
2ETF01,2025-10-21,2025-10-20,20251021,2026.10.01 15:30:00,raw/2ETF01_2025-10-21.json,4fa9a52a79b302b58fd2fc5d46b9577673fd3f1e4cf472f57aa343f6e7e629a4,equity,097950,CJ제일제당,12,2772000,12.0,2772000.0,231000.0
2ETF01,2025-10-21,2025-10-20,20251021,2026.10.01 15:30:00,raw/2ETF01_2025-10-21.json,4fa9a52a79b302b58fd2fc5d46b9577673fd3f1e4cf472f57aa343f6e7e629a4,equity,103140,풍산,25,3000000,25.0,3000000.0,120000.0
2ETF01,2025-10-21,2025-10-20,20251021,2026.10.01 15:30:00,raw/2ETF01_2025-10-21.json,4fa9a52a79b302b58fd2fc5d46b9577673fd3f1e4cf472f57aa343f6e7e629a4,equity,105560,KB금융,491,58036200,491.0,58036200.0,118200.0
2ETF01,2025-10-21,2025-10-20,20251021,2026.10.01 15:30:00,raw/2ETF01_2025-10-21.json,4fa9a52a79b302b58fd2fc5d46b9577673fd3f1e4cf472f57aa343f6e7e629a4,equity,111770,영원무역,33,2032800,33.0,2032800.0,61600.0
2ETF01,2025-10-21,2025-10-20,20251021,2026.10.01 15:30:00,raw/2ETF01_2025-10-21.json,4fa9a52a79b302b58fd2fc5d46b9577673fd3f1e4cf472f57aa343f6e7e629a4,equity,112610,씨에스윈드,36,1549800,36.0,1549800.0,43050.0
2ETF01,2025-10-21,2025-10-20,20251021,2026.10.01 15:30:00,raw/2ETF01_2025-10-21.json,4fa9a52a79b302b58fd2fc5d46b9577673fd3f1e4cf472f57aa343f6e7e629a4,equity,114090,GKL,46,783380,46.0,783380.0,17030.0
2ETF01,2025-10-21,2025-10-20,20251021,2026.10.01 15:30:00,raw/2ETF01_2025-10-21.json,4fa9a52a79b302b58fd2fc5d46b9577673fd3f1e4cf472f57aa343f6e7e629a4,equity,120110,코오롱인더,28,1005200,28.0,1005200.0,35900.0
2ETF01,2025-10-21,2025-10-20,20251021,2026.10.01 15:30:00,raw/2ETF01_2025-10-21.json,4fa9a52a79b302b58fd2fc5d46b9577673fd3f1e4cf472f57aa343f6e7e629a4,equity,128940,한미약품,10,3535000,10.0,3535000.0,353500.0
2ETF01,2025-10-21,2025-10-20,20251021,2026.10.01 15:30:00,raw/2ETF01_2025-10-21.json,4fa9a52a79b302b58fd2fc5d46b9577673fd3f1e4cf472f57aa343f6e7e629a4,equity,137310,에스디바이오센서,53,517280,53.0,517280.0,9760.0
2ETF01,2025-10-21,2025-10-20,20251021,2026.10.01 15:30:00,raw/2ETF01_2025-10-21.json,4fa9a52a79b302b58fd2fc5d46b9577673fd3f1e4cf472f57aa343f6e7e629a4,equity,138040,메리츠금융지주,117,13806000,117.0,13806000.0,118000.0
2ETF01,2025-10-21,2025-10-20,20251021,2026.10.01 15:30:00,raw/2ETF01_2025-10-21.json,4fa9a52a79b302b58fd2fc5d46b9577673fd3f1e4cf472f57aa343f6e7e629a4,equity,138930,BNK금융지주,391,5763340,391.0,5763340.0,14740.0
2ETF01,2025-10-21,2025-10-20,20251021,2026.10.01 15:30:00,raw/2ETF01_2025-10-21.json,4fa9a52a79b302b58fd2fc5d46b9577673fd3f1e4cf472f57aa343f6e7e629a4,equity,139130,iM금융지주,211,2873820,211.0,2873820.0,13620.0
2ETF01,2025-10-21,2025-10-20,20251021,2026.10.01 15:30:00,raw/2ETF01_2025-10-21.json,4fa9a52a79b302b58fd2fc5d46b9577673fd3f1e4cf472f57aa343f6e7e629a4,equity,139480,이마트,30,2196000,30.0,2196000.0,73200.0
2ETF01,2025-10-21,2025-10-20,20251021,2026.10.01 15:30:00,raw/2ETF01_2025-10-21.json,4fa9a52a79b302b58fd2fc5d46b9577673fd3f1e4cf472f57aa343f6e7e629a4,equity,145720,덴티움,10,546000,10.0,546000.0,54600.0
2ETF01,2025-10-21,2025-10-20,20251021,2026.10.01 15:30:00,raw/2ETF01_2025-10-21.json,4fa9a52a79b302b58fd2fc5d46b9577673fd3f1e4cf472f57aa343f6e7e629a4,equity,161390,한국타이어앤테크놀로지,109,4670650,109.0,4670650.0,42850.0
2ETF01,2025-10-21,2025-10-20,20251021,2026.10.01 15:30:00,raw/2ETF01_2025-10-21.json,4fa9a52a79b302b58fd2fc5d46b9577673fd3f1e4cf472f57aa343f6e7e629a4,equity,161890,한국콜마,26,1981200,26.0,1981200.0,76200.0
2ETF01,2025-10-21,2025-10-20,20251021,2026.10.01 15:30:00,raw/2ETF01_2025-10-21.json,4fa9a52a79b302b58fd2fc5d46b9577673fd3f1e4cf472f57aa343f6e7e629a4,equity,175330,JB금융지주,244,5660800,244.0,5660800.0,23200.0
2ETF01,2025-10-21,2025-10-20,20251021,2026.10.01 15:30:00,raw/2ETF01_2025-10-21.json,4fa9a52a79b302b58fd2fc5d46b9577673fd3f1e4cf472f57aa343f6e7e629a4,equity,180640,한진칼,71,7100000,71.0,7100000.0,100000.0
2ETF01,2025-10-21,2025-10-20,20251021,2026.10.01 15:30:00,raw/2ETF01_2025-10-21.json,4fa9a52a79b302b58fd2fc5d46b9577673fd3f1e4cf472f57aa343f6e7e629a4,equity,185750,종근당,12,974400,12.0,974400.0,81200.0
2ETF01,2025-10-21,2025-10-20,20251021,2026.10.01 15:30:00,raw/2ETF01_2025-10-21.json,4fa9a52a79b302b58fd2fc5d46b9577673fd3f1e4cf472f57aa343f6e7e629a4,equity,192080,더블유게임즈,16,801600,16.0,801600.0,50100.0
2ETF01,2025-10-21,2025-10-20,20251021,2026.10.01 15:30:00,raw/2ETF01_2025-10-21.json,4fa9a52a79b302b58fd2fc5d46b9577673fd3f1e4cf472f57aa343f6e7e629a4,equity,192820,코스맥스,12,2514000,12.0,2514000.0,209500.0
2ETF01,2025-10-21,2025-10-20,20251021,2026.10.01 15:30:00,raw/2ETF01_2025-10-21.json,4fa9a52a79b302b58fd2fc5d46b9577673fd3f1e4cf472f57aa343f6e7e629a4,equity,204320,HL만도,49,1783600,49.0,1783600.0,36400.0
2ETF01,2025-10-21,2025-10-20,20251021,2026.10.01 15:30:00,raw/2ETF01_2025-10-21.json,4fa9a52a79b302b58fd2fc5d46b9577673fd3f1e4cf472f57aa343f6e7e629a4,equity,207940,삼성바이오로직스,24,27240000,24.0,27240000.0,1135000.0
2ETF01,2025-10-21,2025-10-20,20251021,2026.10.01 15:30:00,raw/2ETF01_2025-10-21.json,4fa9a52a79b302b58fd2fc5d46b9577673fd3f1e4cf472f57aa343f6e7e629a4,equity,241560,두산밥캣,78,4625400,78.0,4625400.0,59300.0
2ETF01,2025-10-21,2025-10-20,20251021,2026.10.01 15:30:00,raw/2ETF01_2025-10-21.json,4fa9a52a79b302b58fd2fc5d46b9577673fd3f1e4cf472f57aa343f6e7e629a4,equity,251270,넷마블,48,2620800,48.0,2620800.0,54600.0
2ETF01,2025-10-21,2025-10-20,20251021,2026.10.01 15:30:00,raw/2ETF01_2025-10-21.json,4fa9a52a79b302b58fd2fc5d46b9577673fd3f1e4cf472f57aa343f6e7e629a4,equity,259960,크래프톤,44,12672000,44.0,12672000.0,288000.0
2ETF01,2025-10-21,2025-10-20,20251021,2026.10.01 15:30:00,raw/2ETF01_2025-10-21.json,4fa9a52a79b302b58fd2fc5d46b9577673fd3f1e4cf472f57aa343f6e7e629a4,equity,267250,HD현대,68,11668800,68.0,11668800.0,171600.0
2ETF01,2025-10-21,2025-10-20,20251021,2026.10.01 15:30:00,raw/2ETF01_2025-10-21.json,4fa9a52a79b302b58fd2fc5d46b9577673fd3f1e4cf472f57aa343f6e7e629a4,equity,267260,HD현대일렉트릭,34,23154000,34.0,23154000.0,681000.0
2ETF01,2025-10-21,2025-10-20,20251021,2026.10.01 15:30:00,raw/2ETF01_2025-10-21.json,4fa9a52a79b302b58fd2fc5d46b9577673fd3f1e4cf472f57aa343f6e7e629a4,equity,268280,미원에스씨,1,138400,1.0,138400.0,138400.0
2ETF01,2025-10-21,2025-10-20,20251021,2026.10.01 15:30:00,raw/2ETF01_2025-10-21.json,4fa9a52a79b302b58fd2fc5d46b9577673fd3f1e4cf472f57aa343f6e7e629a4,equity,271560,오리온,33,3319800,33.0,3319800.0,100600.0
2ETF01,2025-10-21,2025-10-20,20251021,2026.10.01 15:30:00,raw/2ETF01_2025-10-21.json,4fa9a52a79b302b58fd2fc5d46b9577673fd3f1e4cf472f57aa343f6e7e629a4,equity,272210,한화시스템,106,5586200,106.0,5586200.0,52700.0
2ETF01,2025-10-21,2025-10-20,20251021,2026.10.01 15:30:00,raw/2ETF01_2025-10-21.json,4fa9a52a79b302b58fd2fc5d46b9577673fd3f1e4cf472f57aa343f6e7e629a4,equity,278470,에이피알,37,8676500,37.0,8676500.0,234500.0
2ETF01,2025-10-21,2025-10-20,20251021,2026.10.01 15:30:00,raw/2ETF01_2025-10-21.json,4fa9a52a79b302b58fd2fc5d46b9577673fd3f1e4cf472f57aa343f6e7e629a4,equity,280360,롯데웰푸드,3,334500,3.0,334500.0,111500.0
2ETF01,2025-10-21,2025-10-20,20251021,2026.10.01 15:30:00,raw/2ETF01_2025-10-21.json,4fa9a52a79b302b58fd2fc5d46b9577673fd3f1e4cf472f57aa343f6e7e629a4,equity,282330,BGF리테일,12,1278000,12.0,1278000.0,106500.0
2ETF01,2025-10-21,2025-10-20,20251021,2026.10.01 15:30:00,raw/2ETF01_2025-10-21.json,4fa9a52a79b302b58fd2fc5d46b9577673fd3f1e4cf472f57aa343f6e7e629a4,equity,285130,SK케미칼,15,916500,15.0,916500.0,61100.0
2ETF01,2025-10-21,2025-10-20,20251021,2026.10.01 15:30:00,raw/2ETF01_2025-10-21.json,4fa9a52a79b302b58fd2fc5d46b9577673fd3f1e4cf472f57aa343f6e7e629a4,equity,298020,효성티앤씨,4,842000,4.0,842000.0,210500.0
2ETF01,2025-10-21,2025-10-20,20251021,2026.10.01 15:30:00,raw/2ETF01_2025-10-21.json,4fa9a52a79b302b58fd2fc5d46b9577673fd3f1e4cf472f57aa343f6e7e629a4,equity,298040,효성중공업,7,11620000,7.0,11620000.0,1660000.0
2ETF01,2025-10-21,2025-10-20,20251021,2026.10.01 15:30:00,raw/2ETF01_2025-10-21.json,4fa9a52a79b302b58fd2fc5d46b9577673fd3f1e4cf472f57aa343f6e7e629a4,equity,298050,HS효성첨단소재,4,741600,4.0,741600.0,185400.0
2ETF01,2025-10-21,2025-10-20,20251021,2026.10.01 15:30:00,raw/2ETF01_2025-10-21.json,4fa9a52a79b302b58fd2fc5d46b9577673fd3f1e4cf472f57aa343f6e7e629a4,equity,300720,한일시멘트,24,436080,24.0,436080.0,18170.0
2ETF01,2025-10-21,2025-10-20,20251021,2026.10.01 15:30:00,raw/2ETF01_2025-10-21.json,4fa9a52a79b302b58fd2fc5d46b9577673fd3f1e4cf472f57aa343f6e7e629a4,equity,302440,SK바이오사이언스,39,1873950,39.0,1873950.0,48050.0
2ETF01,2025-10-21,2025-10-20,20251021,2026.10.01 15:30:00,raw/2ETF01_2025-10-21.json,4fa9a52a79b302b58fd2fc5d46b9577673fd3f1e4cf472f57aa343f6e7e629a4,equity,316140,우리금융지주,1024,26572800,1024.0,26572800.0,25950.0
2ETF01,2025-10-21,2025-10-20,20251021,2026.10.01 15:30:00,raw/2ETF01_2025-10-21.json,4fa9a52a79b302b58fd2fc5d46b9577673fd3f1e4cf472f57aa343f6e7e629a4,equity,323410,카카오뱅크,513,11722050,513.0,11722050.0,22850.0
2ETF01,2025-10-21,2025-10-20,20251021,2026.10.01 15:30:00,raw/2ETF01_2025-10-21.json,4fa9a52a79b302b58fd2fc5d46b9577673fd3f1e4cf472f57aa343f6e7e629a4,equity,326030,SK바이오팜,42,4305000,42.0,4305000.0,102500.0
2ETF01,2025-10-21,2025-10-20,20251021,2026.10.01 15:30:00,raw/2ETF01_2025-10-21.json,4fa9a52a79b302b58fd2fc5d46b9577673fd3f1e4cf472f57aa343f6e7e629a4,equity,329180,HD현대중공업,34,17408000,34.0,17408000.0,512000.0
2ETF01,2025-10-21,2025-10-20,20251021,2026.10.01 15:30:00,raw/2ETF01_2025-10-21.json,4fa9a52a79b302b58fd2fc5d46b9577673fd3f1e4cf472f57aa343f6e7e629a4,equity,352820,하이브,32,8816000,32.0,8816000.0,275500.0
2ETF01,2025-10-21,2025-10-20,20251021,2026.10.01 15:30:00,raw/2ETF01_2025-10-21.json,4fa9a52a79b302b58fd2fc5d46b9577673fd3f1e4cf472f57aa343f6e7e629a4,equity,361610,SK아이이테크놀로지,44,1458600,44.0,1458600.0,33150.0
2ETF01,2025-10-21,2025-10-20,20251021,2026.10.01 15:30:00,raw/2ETF01_2025-10-21.json,4fa9a52a79b302b58fd2fc5d46b9577673fd3f1e4cf472f57aa343f6e7e629a4,equity,373220,LG에너지솔루션,53,22922500,53.0,22922500.0,432500.0
2ETF01,2025-10-21,2025-10-20,20251021,2026.10.01 15:30:00,raw/2ETF01_2025-10-21.json,4fa9a52a79b302b58fd2fc5d46b9577673fd3f1e4cf472f57aa343f6e7e629a4,equity,375500,DL이앤씨,45,1845000,45.0,1845000.0,41000.0
2ETF01,2025-10-21,2025-10-20,20251021,2026.10.01 15:30:00,raw/2ETF01_2025-10-21.json,4fa9a52a79b302b58fd2fc5d46b9577673fd3f1e4cf472f57aa343f6e7e629a4,equity,377300,카카오페이,43,2197300,43.0,2197300.0,51100.0
2ETF01,2025-10-21,2025-10-20,20251021,2026.10.01 15:30:00,raw/2ETF01_2025-10-21.json,4fa9a52a79b302b58fd2fc5d46b9577673fd3f1e4cf472f57aa343f6e7e629a4,equity,383220,F&F,21,1356600,21.0,1356600.0,64600.0
2ETF01,2025-10-21,2025-10-20,20251021,2026.10.01 15:30:00,raw/2ETF01_2025-10-21.json,4fa9a52a79b302b58fd2fc5d46b9577673fd3f1e4cf472f57aa343f6e7e629a4,equity,402340,SK스퀘어,139,36418000,139.0,36418000.0,262000.0
2ETF01,2025-10-21,2025-10-20,20251021,2026.10.01 15:30:00,raw/2ETF01_2025-10-21.json,4fa9a52a79b302b58fd2fc5d46b9577673fd3f1e4cf472f57aa343f6e7e629a4,equity,443060,HD현대마린솔루션,12,2736000,12.0,2736000.0,228000.0
2ETF01,2025-10-21,2025-10-20,20251021,2026.10.01 15:30:00,raw/2ETF01_2025-10-21.json,4fa9a52a79b302b58fd2fc5d46b9577673fd3f1e4cf472f57aa343f6e7e629a4,equity,450080,에코프로머티,38,2508000,38.0,2508000.0,66000.0
2ETF01,2025-10-21,2025-10-20,20251021,2026.10.01 15:30:00,raw/2ETF01_2025-10-21.json,4fa9a52a79b302b58fd2fc5d46b9577673fd3f1e4cf472f57aa343f6e7e629a4,equity,454910,두산로보틱스,29,2137300,29.0,2137300.0,73700.0
2ETF01,2025-10-21,2025-10-20,20251021,2026.10.01 15:30:00,raw/2ETF01_2025-10-21.json,4fa9a52a79b302b58fd2fc5d46b9577673fd3f1e4cf472f57aa343f6e7e629a4,equity,456040,OCI,7,403200,7.0,403200.0,57600.0
2ETF01,2025-10-21,2025-10-20,20251021,2026.10.01 15:30:00,raw/2ETF01_2025-10-21.json,4fa9a52a79b302b58fd2fc5d46b9577673fd3f1e4cf472f57aa343f6e7e629a4,equity,457190,이수스페셜티케미컬,31,1723600,31.0,1723600.0,55600.0
2ETF01,2025-10-21,2025-10-20,20251021,2026.10.01 15:30:00,raw/2ETF01_2025-10-21.json,4fa9a52a79b302b58fd2fc5d46b9577673fd3f1e4cf472f57aa343f6e7e629a4,equity,489790,한화비전,52,2776800,52.0,2776800.0,53400.0
2ETF07,2025-10-21,2025-10-20,20251021,2026.10.01 15:30:00,raw/2ETF07_2025-10-21.json,92250a3a83483281411fab23da1dbe12b953669c73dc1f5cfee4e8e25a5763f5,cash,KRD010010001,원화예금,4526841,4526841,4526841.0,4526841.0,1.0
2ETF07,2025-10-21,2025-10-20,20251021,2026.10.01 15:30:00,raw/2ETF07_2025-10-21.json,92250a3a83483281411fab23da1dbe12b953669c73dc1f5cfee4e8e25a5763f5,equity,000660,SK하이닉스,1369,664649500,1369.0,664649500.0,485500.0
2ETF07,2025-10-21,2025-10-20,20251021,2026.10.01 15:30:00,raw/2ETF07_2025-10-21.json,92250a3a83483281411fab23da1dbe12b953669c73dc1f5cfee4e8e25a5763f5,equity,000990,DB하이텍,1278,76168800,1278.0,76168800.0,59600.0
2ETF07,2025-10-21,2025-10-20,20251021,2026.10.01 15:30:00,raw/2ETF07_2025-10-21.json,92250a3a83483281411fab23da1dbe12b953669c73dc1f5cfee4e8e25a5763f5,equity,005930,삼성전자,5560,545436000,5560.0,545436000.0,98100.0
2ETF07,2025-10-21,2025-10-20,20251021,2026.10.01 15:30:00,raw/2ETF07_2025-10-21.json,92250a3a83483281411fab23da1dbe12b953669c73dc1f5cfee4e8e25a5763f5,equity,031980,피에스케이홀딩스,293,15880600,293.0,15880600.0,54200.0
2ETF07,2025-10-21,2025-10-20,20251021,2026.10.01 15:30:00,raw/2ETF07_2025-10-21.json,92250a3a83483281411fab23da1dbe12b953669c73dc1f5cfee4e8e25a5763f5,equity,036540,SFA반도체,3043,13358770,3043.0,13358770.0,4390.0
2ETF07,2025-10-21,2025-10-20,20251021,2026.10.01 15:30:00,raw/2ETF07_2025-10-21.json,92250a3a83483281411fab23da1dbe12b953669c73dc1f5cfee4e8e25a5763f5,equity,036930,주성엔지니어링,1302,40947900,1302.0,40947900.0,31450.0
2ETF07,2025-10-21,2025-10-20,20251021,2026.10.01 15:30:00,raw/2ETF07_2025-10-21.json,92250a3a83483281411fab23da1dbe12b953669c73dc1f5cfee4e8e25a5763f5,equity,039030,이오테크닉스,344,82904000,344.0,82904000.0,241000.0
2ETF07,2025-10-21,2025-10-20,20251021,2026.10.01 15:30:00,raw/2ETF07_2025-10-21.json,92250a3a83483281411fab23da1dbe12b953669c73dc1f5cfee4e8e25a5763f5,equity,042700,한미반도체,1713,255750900,1713.0,255750900.0,149300.0
2ETF07,2025-10-21,2025-10-20,20251021,2026.10.01 15:30:00,raw/2ETF07_2025-10-21.json,92250a3a83483281411fab23da1dbe12b953669c73dc1f5cfee4e8e25a5763f5,equity,058470,리노공업,2037,117942300,2037.0,117942300.0,57900.0
2ETF07,2025-10-21,2025-10-20,20251021,2026.10.01 15:30:00,raw/2ETF07_2025-10-21.json,92250a3a83483281411fab23da1dbe12b953669c73dc1f5cfee4e8e25a5763f5,equity,064760,티씨케이,240,42864000,240.0,42864000.0,178600.0
2ETF07,2025-10-21,2025-10-20,20251021,2026.10.01 15:30:00,raw/2ETF07_2025-10-21.json,92250a3a83483281411fab23da1dbe12b953669c73dc1f5cfee4e8e25a5763f5,equity,067310,하나마이크론,1962,50913900,1962.0,50913900.0,25950.0
2ETF07,2025-10-21,2025-10-20,20251021,2026.10.01 15:30:00,raw/2ETF07_2025-10-21.json,92250a3a83483281411fab23da1dbe12b953669c73dc1f5cfee4e8e25a5763f5,equity,080220,제주반도체,1246,27225100,1246.0,27225100.0,21850.0
2ETF07,2025-10-21,2025-10-20,20251021,2026.10.01 15:30:00,raw/2ETF07_2025-10-21.json,92250a3a83483281411fab23da1dbe12b953669c73dc1f5cfee4e8e25a5763f5,equity,082270,젬백스,1296,57283200,1296.0,57283200.0,44200.0
2ETF07,2025-10-21,2025-10-20,20251021,2026.10.01 15:30:00,raw/2ETF07_2025-10-21.json,92250a3a83483281411fab23da1dbe12b953669c73dc1f5cfee4e8e25a5763f5,equity,084370,유진테크,565,49720000,565.0,49720000.0,88000.0
2ETF07,2025-10-21,2025-10-20,20251021,2026.10.01 15:30:00,raw/2ETF07_2025-10-21.json,92250a3a83483281411fab23da1dbe12b953669c73dc1f5cfee4e8e25a5763f5,equity,089030,테크윙,1290,84366000,1290.0,84366000.0,65400.0
2ETF07,2025-10-21,2025-10-20,20251021,2026.10.01 15:30:00,raw/2ETF07_2025-10-21.json,92250a3a83483281411fab23da1dbe12b953669c73dc1f5cfee4e8e25a5763f5,equity,095340,ISC,418,33272800,418.0,33272800.0,79600.0
2ETF07,2025-10-21,2025-10-20,20251021,2026.10.01 15:30:00,raw/2ETF07_2025-10-21.json,92250a3a83483281411fab23da1dbe12b953669c73dc1f5cfee4e8e25a5763f5,equity,098460,고영,2117,35544430,2117.0,35544430.0,16790.0
2ETF07,2025-10-21,2025-10-20,20251021,2026.10.01 15:30:00,raw/2ETF07_2025-10-21.json,92250a3a83483281411fab23da1dbe12b953669c73dc1f5cfee4e8e25a5763f5,equity,101490,에스앤에스텍,670,38994000,670.0,38994000.0,58200.0
2ETF07,2025-10-21,2025-10-20,20251021,2026.10.01 15:30:00,raw/2ETF07_2025-10-21.json,92250a3a83483281411fab23da1dbe12b953669c73dc1f5cfee4e8e25a5763f5,equity,108320,LX세미콘,448,26118400,448.0,26118400.0,58300.0
2ETF07,2025-10-21,2025-10-20,20251021,2026.10.01 15:30:00,raw/2ETF07_2025-10-21.json,92250a3a83483281411fab23da1dbe12b953669c73dc1f5cfee4e8e25a5763f5,equity,131970,두산테스나,485,24007500,485.0,24007500.0,49500.0
2ETF07,2025-10-21,2025-10-20,20251021,2026.10.01 15:30:00,raw/2ETF07_2025-10-21.json,92250a3a83483281411fab23da1dbe12b953669c73dc1f5cfee4e8e25a5763f5,equity,161580,필옵틱스,693,26645850,693.0,26645850.0,38450.0
2ETF07,2025-10-21,2025-10-20,20251021,2026.10.01 15:30:00,raw/2ETF07_2025-10-21.json,92250a3a83483281411fab23da1dbe12b953669c73dc1f5cfee4e8e25a5763f5,equity,166090,하나머티리얼즈,431,19179500,431.0,19179500.0,44500.0
2ETF07,2025-10-21,2025-10-20,20251021,2026.10.01 15:30:00,raw/2ETF07_2025-10-21.json,92250a3a83483281411fab23da1dbe12b953669c73dc1f5cfee4e8e25a5763f5,equity,183300,코미코,245,30061500,245.0,30061500.0,122700.0
2ETF07,2025-10-21,2025-10-20,20251021,2026.10.01 15:30:00,raw/2ETF07_2025-10-21.json,92250a3a83483281411fab23da1dbe12b953669c73dc1f5cfee4e8e25a5763f5,equity,213420,덕산네오룩스,531,22700250,531.0,22700250.0,42750.0
2ETF07,2025-10-21,2025-10-20,20251021,2026.10.01 15:30:00,raw/2ETF07_2025-10-21.json,92250a3a83483281411fab23da1dbe12b953669c73dc1f5cfee4e8e25a5763f5,equity,218410,RFHIC,676,18623800,676.0,18623800.0,27550.0
2ETF07,2025-10-21,2025-10-20,20251021,2026.10.01 15:30:00,raw/2ETF07_2025-10-21.json,92250a3a83483281411fab23da1dbe12b953669c73dc1f5cfee4e8e25a5763f5,equity,222800,심텍,889,44405550,889.0,44405550.0,49950.0
2ETF07,2025-10-21,2025-10-20,20251021,2026.10.01 15:30:00,raw/2ETF07_2025-10-21.json,92250a3a83483281411fab23da1dbe12b953669c73dc1f5cfee4e8e25a5763f5,equity,232140,와이씨,1619,23815490,1619.0,23815490.0,14710.0
2ETF07,2025-10-21,2025-10-20,20251021,2026.10.01 15:30:00,raw/2ETF07_2025-10-21.json,92250a3a83483281411fab23da1dbe12b953669c73dc1f5cfee4e8e25a5763f5,equity,240810,원익IPS,1352,74900800,1352.0,74900800.0,55400.0
2ETF07,2025-10-21,2025-10-20,20251021,2026.10.01 15:30:00,raw/2ETF07_2025-10-21.json,92250a3a83483281411fab23da1dbe12b953669c73dc1f5cfee4e8e25a5763f5,equity,281820,케이씨텍,391,15366300,391.0,15366300.0,39300.0
2ETF07,2025-10-21,2025-10-20,20251021,2026.10.01 15:30:00,raw/2ETF07_2025-10-21.json,92250a3a83483281411fab23da1dbe12b953669c73dc1f5cfee4e8e25a5763f5,equity,319660,피에스케이,810,30294000,810.0,30294000.0,37400.0
2ETF07,2025-10-21,2025-10-20,20251021,2026.10.01 15:30:00,raw/2ETF07_2025-10-21.json,92250a3a83483281411fab23da1dbe12b953669c73dc1f5cfee4e8e25a5763f5,equity,322000,HD현대에너지솔루션,212,10260800,212.0,10260800.0,48400.0
2ETF07,2025-10-21,2025-10-20,20251021,2026.10.01 15:30:00,raw/2ETF07_2025-10-21.json,92250a3a83483281411fab23da1dbe12b953669c73dc1f5cfee4e8e25a5763f5,equity,323280,태성,815,20252750,815.0,20252750.0,24850.0
2ETF07,2025-10-21,2025-10-20,20251021,2026.10.01 15:30:00,raw/2ETF07_2025-10-21.json,92250a3a83483281411fab23da1dbe12b953669c73dc1f5cfee4e8e25a5763f5,equity,348210,넥스틴,310,17329000,310.0,17329000.0,55900.0
2ETF07,2025-10-21,2025-10-20,20251021,2026.10.01 15:30:00,raw/2ETF07_2025-10-21.json,92250a3a83483281411fab23da1dbe12b953669c73dc1f5cfee4e8e25a5763f5,equity,399720,가온칩스,248,13987200,248.0,13987200.0,56400.0
2ETF07,2025-10-21,2025-10-20,20251021,2026.10.01 15:30:00,raw/2ETF07_2025-10-21.json,92250a3a83483281411fab23da1dbe12b953669c73dc1f5cfee4e8e25a5763f5,equity,403870,HPSP,1923,69708750,1923.0,69708750.0,36250.0
2ETF07,2025-10-21,2025-10-20,20251021,2026.10.01 15:30:00,raw/2ETF07_2025-10-21.json,92250a3a83483281411fab23da1dbe12b953669c73dc1f5cfee4e8e25a5763f5,equity,440110,파두,1464,31695600,1464.0,31695600.0,21650.0
2ETF01,2025-10-22,2025-10-21,20251022,2026.10.01 15:30:00,raw/2ETF01_2025-10-22.json,e387e086b02d55a93d3bbed35e24a34e80f1c79f2f0646185bee75e00a27396b,cash,KRD010010001,원화예금,6185566,6185566,6185566.0,6185566.0,1.0
2ETF01,2025-10-22,2025-10-21,20251022,2026.10.01 15:30:00,raw/2ETF01_2025-10-22.json,e387e086b02d55a93d3bbed35e24a34e80f1c79f2f0646185bee75e00a27396b,equity,000080,하이트진로,47,888300,47.0,888300.0,18900.0
2ETF01,2025-10-22,2025-10-21,20251022,2026.10.01 15:30:00,raw/2ETF01_2025-10-22.json,e387e086b02d55a93d3bbed35e24a34e80f1c79f2f0646185bee75e00a27396b,equity,000100,유한양행,91,10756200,91.0,10756200.0,118200.0
2ETF01,2025-10-22,2025-10-21,20251022,2026.10.01 15:30:00,raw/2ETF01_2025-10-22.json,e387e086b02d55a93d3bbed35e24a34e80f1c79f2f0646185bee75e00a27396b,equity,000120,CJ대한통운,17,1392300,17.0,1392300.0,81900.0
2ETF01,2025-10-22,2025-10-21,20251022,2026.10.01 15:30:00,raw/2ETF01_2025-10-22.json,e387e086b02d55a93d3bbed35e24a34e80f1c79f2f0646185bee75e00a27396b,equity,000150,두산,11,8239000,11.0,8239000.0,749000.0
2ETF01,2025-10-22,2025-10-21,20251022,2026.10.01 15:30:00,raw/2ETF01_2025-10-22.json,e387e086b02d55a93d3bbed35e24a34e80f1c79f2f0646185bee75e00a27396b,equity,000210,DL,16,598400,16.0,598400.0,37400.0
2ETF01,2025-10-22,2025-10-21,20251022,2026.10.01 15:30:00,raw/2ETF01_2025-10-22.json,e387e086b02d55a93d3bbed35e24a34e80f1c79f2f0646185bee75e00a27396b,equity,000240,한국앤컴퍼니,36,829800,36.0,829800.0,23050.0
2ETF01,2025-10-22,2025-10-21,20251022,2026.10.01 15:30:00,raw/2ETF01_2025-10-22.json,e387e086b02d55a93d3bbed35e24a34e80f1c79f2f0646185bee75e00a27396b,equity,000270,기아,371,42961800,371.0,42961800.0,115800.0
2ETF01,2025-10-22,2025-10-21,20251022,2026.10.01 15:30:00,raw/2ETF01_2025-10-22.json,e387e086b02d55a93d3bbed35e24a34e80f1c79f2f0646185bee75e00a27396b,equity,000660,SK하이닉스,851,407629000,851.0,407629000.0,479000.0
2ETF01,2025-10-22,2025-10-21,20251022,2026.10.01 15:30:00,raw/2ETF01_2025-10-22.json,e387e086b02d55a93d3bbed35e24a34e80f1c79f2f0646185bee75e00a27396b,equity,000670,영풍,8,363200,8.0,363200.0,45400.0
2ETF01,2025-10-22,2025-10-21,20251022,2026.10.01 15:30:00,raw/2ETF01_2025-10-22.json,e387e086b02d55a93d3bbed35e24a34e80f1c79f2f0646185bee75e00a27396b,equity,000720,현대건설,111,6493500,111.0,6493500.0,58500.0
2ETF01,2025-10-22,2025-10-21,20251022,2026.10.01 15:30:00,raw/2ETF01_2025-10-22.json,e387e086b02d55a93d3bbed35e24a34e80f1c79f2f0646185bee75e00a27396b,equity,000810,삼성화재,46,20884000,46.0,20884000.0,454000.0
2ETF01,2025-10-22,2025-10-21,20251022,2026.10.01 15:30:00,raw/2ETF01_2025-10-22.json,e387e086b02d55a93d3bbed35e24a34e80f1c79f2f0646185bee75e00a27396b,equity,000880,한화,42,3813600,42.0,3813600.0,90800.0
2ETF01,2025-10-22,2025-10-21,20251022,2026.10.01 15:30:00,raw/2ETF01_2025-10-22.json,e387e086b02d55a93d3bbed35e24a34e80f1c79f2f0646185bee75e00a27396b,equity,001040,CJ,21,3567900,21.0,3567900.0,169900.0
2ETF01,2025-10-22,2025-10-21,20251022,2026.10.01 15:30:00,raw/2ETF01_2025-10-22.json,e387e086b02d55a93d3bbed35e24a34e80f1c79f2f0646185bee75e00a27396b,equity,001430,세아베스틸지주,18,458100,18.0,458100.0,25450.0
2ETF01,2025-10-22,2025-10-21,20251022,2026.10.01 15:30:00,raw/2ETF01_2025-10-22.json,e387e086b02d55a93d3bbed35e24a34e80f1c79f2f0646185bee75e00a27396b,equity,001440,대한전선,170,2995400,170.0,2995400.0,17620.0
2ETF01,2025-10-22,2025-10-21,20251022,2026.10.01 15:30:00,raw/2ETF01_2025-10-22.json,e387e086b02d55a93d3bbed35e24a34e80f1c79f2f0646185bee75e00a27396b,equity,001450,현대해상,91,2466100,91.0,2466100.0,27100.0
2ETF01,2025-10-22,2025-10-21,20251022,2026.10.01 15:30:00,raw/2ETF01_2025-10-22.json,e387e086b02d55a93d3bbed35e24a34e80f1c79f2f0646185bee75e00a27396b,equity,001680,대상,29,613350,29.0,613350.0,21150.0
2ETF01,2025-10-22,2025-10-21,20251022,2026.10.01 15:30:00,raw/2ETF01_2025-10-22.json,e387e086b02d55a93d3bbed35e24a34e80f1c79f2f0646185bee75e00a27396b,equity,001800,오리온홀딩스,31,600780,31.0,600780.0,19380.0
2ETF01,2025-10-22,2025-10-21,20251022,2026.10.01 15:30:00,raw/2ETF01_2025-10-22.json,e387e086b02d55a93d3bbed35e24a34e80f1c79f2f0646185bee75e00a27396b,equity,002380,KCC,6,2349000,6.0,2349000.0,391500.0
2ETF01,2025-10-22,2025-10-21,20251022,2026.10.01 15:30:00,raw/2ETF01_2025-10-22.json,e387e086b02d55a93d3bbed35e24a34e80f1c79f2f0646185bee75e00a27396b,equity,002710,TCC스틸,27,518130,27.0,518130.0,19190.0
2ETF01,2025-10-22,2025-10-21,20251022,2026.10.01 15:30:00,raw/2ETF01_2025-10-22.json,e387e086b02d55a93d3bbed35e24a34e80f1c79f2f0646185bee75e00a27396b,equity,002790,아모레퍼시픽홀딩스,39,980850,39.0,980850.0,25150.0
2ETF01,2025-10-22,2025-10-21,20251022,2026.10.01 15:30:00,raw/2ETF01_2025-10-22.json,e387e086b02d55a93d3bbed35e24a34e80f1c79f2f0646185bee75e00a27396b,equity,002840,미원상사,2,315200,2.0,315200.0,157600.0
2ETF01,2025-10-22,2025-10-21,20251022,2026.10.01 15:30:00,raw/2ETF01_2025-10-22.json,e387e086b02d55a93d3bbed35e24a34e80f1c79f2f0646185bee75e00a27396b,equity,003030,세아제강지주,2,288000,2.0,288000.0,144000.0
2ETF01,2025-10-22,2025-10-21,20251022,2026.10.01 15:30:00,raw/2ETF01_2025-10-22.json,e387e086b02d55a93d3bbed35e24a34e80f1c79f2f0646185bee75e00a27396b,equity,003090,대웅,29,638000,29.0,638000.0,22000.0
2ETF01,2025-10-22,2025-10-21,20251022,2026.10.01 15:30:00,raw/2ETF01_2025-10-22.json,e387e086b02d55a93d3bbed35e24a34e80f1c79f2f0646185bee75e00a27396b,equity,003230,삼양식품,6,7920000,6.0,7920000.0,1320000.0
2ETF01,2025-10-22,2025-10-21,20251022,2026.10.01 15:30:00,raw/2ETF01_2025-10-22.json,e387e086b02d55a93d3bbed35e24a34e80f1c79f2f0646185bee75e00a27396b,equity,003240,태광산업,1,825000,1.0,825000.0,825000.0
2ETF01,2025-10-22,2025-10-21,20251022,2026.10.01 15:30:00,raw/2ETF01_2025-10-22.json,e387e086b02d55a93d3bbed35e24a34e80f1c79f2f0646185bee75e00a27396b,equity,003490,대한항공,385,8681750,385.0,8681750.0,22550.0
2ETF01,2025-10-22,2025-10-21,20251022,2026.10.01 15:30:00,raw/2ETF01_2025-10-22.json,e387e086b02d55a93d3bbed35e24a34e80f1c79f2f0646185bee75e00a27396b,equity,003550,LG,141,10828800,141.0,10828800.0,76800.0
2ETF01,2025-10-22,2025-10-21,20251022,2026.10.01 15:30:00,raw/2ETF01_2025-10-22.json,e387e086b02d55a93d3bbed35e24a34e80f1c79f2f0646185bee75e00a27396b,equity,003620,KG모빌리티,135,479250,135.0,479250.0,3550.0
2ETF01,2025-10-22,2025-10-21,20251022,2026.10.01 15:30:00,raw/2ETF01_2025-10-22.json,e387e086b02d55a93d3bbed35e24a34e80f1c79f2f0646185bee75e00a27396b,equity,003670,포스코퓨처엠,47,9447000,47.0,9447000.0,201000.0
2ETF01,2025-10-22,2025-10-21,20251022,2026.10.01 15:30:00,raw/2ETF01_2025-10-22.json,e387e086b02d55a93d3bbed35e24a34e80f1c79f2f0646185bee75e00a27396b,equity,004000,롯데정밀화학,22,1018600,22.0,1018600.0,46300.0
2ETF01,2025-10-22,2025-10-21,20251022,2026.10.01 15:30:00,raw/2ETF01_2025-10-22.json,e387e086b02d55a93d3bbed35e24a34e80f1c79f2f0646185bee75e00a27396b,equity,004020,현대제철,127,4229100,127.0,4229100.0,33300.0
2ETF01,2025-10-22,2025-10-21,20251022,2026.10.01 15:30:00,raw/2ETF01_2025-10-22.json,e387e086b02d55a93d3bbed35e24a34e80f1c79f2f0646185bee75e00a27396b,equity,004170,신세계,10,1747000,10.0,1747000.0,174700.0
2ETF01,2025-10-22,2025-10-21,20251022,2026.10.01 15:30:00,raw/2ETF01_2025-10-22.json,e387e086b02d55a93d3bbed35e24a34e80f1c79f2f0646185bee75e00a27396b,equity,004370,농심,5,2152500,5.0,2152500.0,430500.0
2ETF01,2025-10-22,2025-10-21,20251022,2026.10.01 15:30:00,raw/2ETF01_2025-10-22.json,e387e086b02d55a93d3bbed35e24a34e80f1c79f2f0646185bee75e00a27396b,equity,004490,세방전지,12,776400,12.0,776400.0,64700.0
2ETF01,2025-10-22,2025-10-21,20251022,2026.10.01 15:30:00,raw/2ETF01_2025-10-22.json,e387e086b02d55a93d3bbed35e24a34e80f1c79f2f0646185bee75e00a27396b,equity,004990,롯데지주,45,1293750,45.0,1293750.0,28750.0
2ETF01,2025-10-22,2025-10-21,20251022,2026.10.01 15:30:00,raw/2ETF01_2025-10-22.json,e387e086b02d55a93d3bbed35e24a34e80f1c79f2f0646185bee75e00a27396b,equity,005250,녹십자홀딩스,33,507210,33.0,507210.0,15370.0
2ETF01,2025-10-22,2025-10-21,20251022,2026.10.01 15:30:00,raw/2ETF01_2025-10-22.json,e387e086b02d55a93d3bbed35e24a34e80f1c79f2f0646185bee75e00a27396b,equity,005300,롯데칠성,5,571500,5.0,571500.0,114300.0
2ETF01,2025-10-22,2025-10-21,20251022,2026.10.01 15:30:00,raw/2ETF01_2025-10-22.json,e387e086b02d55a93d3bbed35e24a34e80f1c79f2f0646185bee75e00a27396b,equity,005380,현대차,205,52582500,205.0,52582500.0,256500.0
2ETF01,2025-10-22,2025-10-21,20251022,2026.10.01 15:30:00,raw/2ETF01_2025-10-22.json,e387e086b02d55a93d3bbed35e24a34e80f1c79f2f0646185bee75e00a27396b,equity,005420,코스모화학,38,739100,38.0,739100.0,19450.0
2ETF01,2025-10-22,2025-10-21,20251022,2026.10.01 15:30:00,raw/2ETF01_2025-10-22.json,e387e086b02d55a93d3bbed35e24a34e80f1c79f2f0646185bee75e00a27396b,equity,005490,POSCO홀딩스,104,30680000,104.0,30680000.0,295000.0
2ETF01,2025-10-22,2025-10-21,20251022,2026.10.01 15:30:00,raw/2ETF01_2025-10-22.json,e387e086b02d55a93d3bbed35e24a34e80f1c79f2f0646185bee75e00a27396b,equity,005830,DB손해보험,67,8763600,67.0,8763600.0,130800.0
2ETF01,2025-10-22,2025-10-21,20251022,2026.10.01 15:30:00,raw/2ETF01_2025-10-22.json,e387e086b02d55a93d3bbed35e24a34e80f1c79f2f0646185bee75e00a27396b,equity,005850,에스엘,24,878400,24.0,878400.0,36600.0
2ETF01,2025-10-22,2025-10-21,20251022,2026.10.01 15:30:00,raw/2ETF01_2025-10-22.json,e387e086b02d55a93d3bbed35e24a34e80f1c79f2f0646185bee75e00a27396b,equity,005930,삼성전자,7098,692055000,7098.0,692055000.0,97500.0
2ETF01,2025-10-22,2025-10-21,20251022,2026.10.01 15:30:00,raw/2ETF01_2025-10-22.json,e387e086b02d55a93d3bbed35e24a34e80f1c79f2f0646185bee75e00a27396b,equity,005940,NH투자증권,221,4596800,221.0,4596800.0,20800.0
2ETF01,2025-10-22,2025-10-21,20251022,2026.10.01 15:30:00,raw/2ETF01_2025-10-22.json,e387e086b02d55a93d3bbed35e24a34e80f1c79f2f0646185bee75e00a27396b,equity,006040,동원산업,6,251400,6.0,251400.0,41900.0
2ETF01,2025-10-22,2025-10-21,20251022,2026.10.01 15:30:00,raw/2ETF01_2025-10-22.json,e387e086b02d55a93d3bbed35e24a34e80f1c79f2f0646185bee75e00a27396b,equity,006260,LS,26,5171400,26.0,5171400.0,198900.0
2ETF01,2025-10-22,2025-10-21,20251022,2026.10.01 15:30:00,raw/2ETF01_2025-10-22.json,e387e086b02d55a93d3bbed35e24a34e80f1c79f2f0646185bee75e00a27396b,equity,006280,녹십자,8,1045600,8.0,1045600.0,130700.0
2ETF01,2025-10-22,2025-10-21,20251022,2026.10.01 15:30:00,raw/2ETF01_2025-10-22.json,e387e086b02d55a93d3bbed35e24a34e80f1c79f2f0646185bee75e00a27396b,equity,006360,GS건설,97,1807110,97.0,1807110.0,18630.0
2ETF01,2025-10-22,2025-10-21,20251022,2026.10.01 15:30:00,raw/2ETF01_2025-10-22.json,e387e086b02d55a93d3bbed35e24a34e80f1c79f2f0646185bee75e00a27396b,equity,006400,삼성SDI,92,23828000,92.0,23828000.0,259000.0
2ETF01,2025-10-22,2025-10-21,20251022,2026.10.01 15:30:00,raw/2ETF01_2025-10-22.json,e387e086b02d55a93d3bbed35e24a34e80f1c79f2f0646185bee75e00a27396b,equity,006650,대한유화,5,600000,5.0,600000.0,120000.0
2ETF01,2025-10-22,2025-10-21,20251022,2026.10.01 15:30:00,raw/2ETF01_2025-10-22.json,e387e086b02d55a93d3bbed35e24a34e80f1c79f2f0646185bee75e00a27396b,equity,006800,미래에셋증권,415,9960000,415.0,9960000.0,24000.0
2ETF01,2025-10-22,2025-10-21,20251022,2026.10.01 15:30:00,raw/2ETF01_2025-10-22.json,e387e086b02d55a93d3bbed35e24a34e80f1c79f2f0646185bee75e00a27396b,equity,007070,GS리테일,51,857820,51.0,857820.0,16820.0
2ETF01,2025-10-22,2025-10-21,20251022,2026.10.01 15:30:00,raw/2ETF01_2025-10-22.json,e387e086b02d55a93d3bbed35e24a34e80f1c79f2f0646185bee75e00a27396b,equity,007310,오뚜기,2,780000,2.0,780000.0,390000.0
2ETF01,2025-10-22,2025-10-21,20251022,2026.10.01 15:30:00,raw/2ETF01_2025-10-22.json,e387e086b02d55a93d3bbed35e24a34e80f1c79f2f0646185bee75e00a27396b,equity,007340,DN오토모티브,31,736250,31.0,736250.0,23750.0
2ETF01,2025-10-22,2025-10-21,20251022,2026.10.01 15:30:00,raw/2ETF01_2025-10-22.json,e387e086b02d55a93d3bbed35e24a34e80f1c79f2f0646185bee75e00a27396b,equity,008730,율촌화학,16,581600,16.0,581600.0,36350.0
2ETF01,2025-10-22,2025-10-21,20251022,2026.10.01 15:30:00,raw/2ETF01_2025-10-22.json,e387e086b02d55a93d3bbed35e24a34e80f1c79f2f0646185bee75e00a27396b,equity,008770,호텔신라,46,2267800,46.0,2267800.0,49300.0
2ETF01,2025-10-22,2025-10-21,20251022,2026.10.01 15:30:00,raw/2ETF01_2025-10-22.json,e387e086b02d55a93d3bbed35e24a34e80f1c79f2f0646185bee75e00a27396b,equity,008930,한미사이언스,42,1585500,42.0,1585500.0,37750.0
2ETF01,2025-10-22,2025-10-21,20251022,2026.10.01 15:30:00,raw/2ETF01_2025-10-22.json,e387e086b02d55a93d3bbed35e24a34e80f1c79f2f0646185bee75e00a27396b,equity,009150,삼성전기,84,18144000,84.0,18144000.0,216000.0
2ETF01,2025-10-22,2025-10-21,20251022,2026.10.01 15:30:00,raw/2ETF01_2025-10-22.json,e387e086b02d55a93d3bbed35e24a34e80f1c79f2f0646185bee75e00a27396b,equity,009240,한샘,12,526800,12.0,526800.0,43900.0
2ETF01,2025-10-22,2025-10-21,20251022,2026.10.01 15:30:00,raw/2ETF01_2025-10-22.json,e387e086b02d55a93d3bbed35e24a34e80f1c79f2f0646185bee75e00a27396b,equity,009420,한올바이오파마,54,1890000,54.0,1890000.0,35000.0
2ETF01,2025-10-22,2025-10-21,20251022,2026.10.01 15:30:00,raw/2ETF01_2025-10-22.json,e387e086b02d55a93d3bbed35e24a34e80f1c79f2f0646185bee75e00a27396b,equity,009540,HD한국조선해양,71,31133500,71.0,31133500.0,438500.0
2ETF01,2025-10-22,2025-10-21,20251022,2026.10.01 15:30:00,raw/2ETF01_2025-10-22.json,e387e086b02d55a93d3bbed35e24a34e80f1c79f2f0646185bee75e00a27396b,equity,009830,한화솔루션,164,4887200,164.0,4887200.0,29800.0
2ETF01,2025-10-22,2025-10-21,20251022,2026.10.01 15:30:00,raw/2ETF01_2025-10-22.json,e387e086b02d55a93d3bbed35e24a34e80f1c79f2f0646185bee75e00a27396b,equity,009970,영원무역홀딩스,8,1096800,8.0,1096800.0,137100.0
2ETF01,2025-10-22,2025-10-21,20251022,2026.10.01 15:30:00,raw/2ETF01_2025-10-22.json,e387e086b02d55a93d3bbed35e24a34e80f1c79f2f0646185bee75e00a27396b,equity,010060,OCI홀딩스,20,1986000,20.0,1986000.0,99300.0
2ETF01,2025-10-22,2025-10-21,20251022,2026.10.01 15:30:00,raw/2ETF01_2025-10-22.json,e387e086b02d55a93d3bbed35e24a34e80f1c79f2f0646185bee75e00a27396b,equity,010120,LS ELECTRIC,24,7464000,24.0,7464000.0,311000.0
2ETF01,2025-10-22,2025-10-21,20251022,2026.10.01 15:30:00,raw/2ETF01_2025-10-22.json,e387e086b02d55a93d3bbed35e24a34e80f1c79f2f0646185bee75e00a27396b,equity,010130,고려아연,9,10863000,9.0,10863000.0,1207000.0
2ETF01,2025-10-22,2025-10-21,20251022,2026.10.01 15:30:00,raw/2ETF01_2025-10-22.json,e387e086b02d55a93d3bbed35e24a34e80f1c79f2f0646185bee75e00a27396b,equity,010140,삼성중공업,1000,23700000,1000.0,23700000.0,23700.0
2ETF01,2025-10-22,2025-10-21,20251022,2026.10.01 15:30:00,raw/2ETF01_2025-10-22.json,e387e086b02d55a93d3bbed35e24a34e80f1c79f2f0646185bee75e00a27396b,equity,010620,HD현대미포,34,7616000,34.0,7616000.0,224000.0
2ETF01,2025-10-22,2025-10-21,20251022,2026.10.01 15:30:00,raw/2ETF01_2025-10-22.json,e387e086b02d55a93d3bbed35e24a34e80f1c79f2f0646185bee75e00a27396b,equity,010950,S-Oil,63,4290300,63.0,4290300.0,68100.0
2ETF01,2025-10-22,2025-10-21,20251022,2026.10.01 15:30:00,raw/2ETF01_2025-10-22.json,e387e086b02d55a93d3bbed35e24a34e80f1c79f2f0646185bee75e00a27396b,equity,011070,LG이노텍,22,4895000,22.0,4895000.0,222500.0
2ETF01,2025-10-22,2025-10-21,20251022,2026.10.01 15:30:00,raw/2ETF01_2025-10-22.json,e387e086b02d55a93d3bbed35e24a34e80f1c79f2f0646185bee75e00a27396b,equity,011170,롯데케미칼,27,1925100,27.0,1925100.0,71300.0
2ETF01,2025-10-22,2025-10-21,20251022,2026.10.01 15:30:00,raw/2ETF01_2025-10-22.json,e387e086b02d55a93d3bbed35e24a34e80f1c79f2f0646185bee75e00a27396b,equity,011200,HMM,474,9574800,474.0,9574800.0,20200.0
2ETF01,2025-10-22,2025-10-21,20251022,2026.10.01 15:30:00,raw/2ETF01_2025-10-22.json,e387e086b02d55a93d3bbed35e24a34e80f1c79f2f0646185bee75e00a27396b,equity,011210,현대위아,23,1281100,23.0,1281100.0,55700.0
2ETF01,2025-10-22,2025-10-21,20251022,2026.10.01 15:30:00,raw/2ETF01_2025-10-22.json,e387e086b02d55a93d3bbed35e24a34e80f1c79f2f0646185bee75e00a27396b,equity,011780,금호석유화학,23,2564500,23.0,2564500.0,111500.0
2ETF01,2025-10-22,2025-10-21,20251022,2026.10.01 15:30:00,raw/2ETF01_2025-10-22.json,e387e086b02d55a93d3bbed35e24a34e80f1c79f2f0646185bee75e00a27396b,equity,011790,SKC,30,3204000,30.0,3204000.0,106800.0
2ETF01,2025-10-22,2025-10-21,20251022,2026.10.01 15:30:00,raw/2ETF01_2025-10-22.json,e387e086b02d55a93d3bbed35e24a34e80f1c79f2f0646185bee75e00a27396b,equity,012330,현대모비스,95,29307500,95.0,29307500.0,308500.0
2ETF01,2025-10-22,2025-10-21,20251022,2026.10.01 15:30:00,raw/2ETF01_2025-10-22.json,e387e086b02d55a93d3bbed35e24a34e80f1c79f2f0646185bee75e00a27396b,equity,012450,한화에어로스페이스,53,51622000,53.0,51622000.0,974000.0
2ETF01,2025-10-22,2025-10-21,20251022,2026.10.01 15:30:00,raw/2ETF01_2025-10-22.json,e387e086b02d55a93d3bbed35e24a34e80f1c79f2f0646185bee75e00a27396b,equity,012630,HDC,39,673530,39.0,673530.0,17270.0
2ETF01,2025-10-22,2025-10-21,20251022,2026.10.01 15:30:00,raw/2ETF01_2025-10-22.json,e387e086b02d55a93d3bbed35e24a34e80f1c79f2f0646185bee75e00a27396b,equity,012750,에스원,37,2823100,37.0,2823100.0,76300.0
2ETF01,2025-10-22,2025-10-21,20251022,2026.10.01 15:30:00,raw/2ETF01_2025-10-22.json,e387e086b02d55a93d3bbed35e24a34e80f1c79f2f0646185bee75e00a27396b,equity,014680,한솔케미칼,13,2684500,13.0,2684500.0,206500.0
2ETF01,2025-10-22,2025-10-21,20251022,2026.10.01 15:30:00,raw/2ETF01_2025-10-22.json,e387e086b02d55a93d3bbed35e24a34e80f1c79f2f0646185bee75e00a27396b,equity,014820,동원시스템즈,8,230800,8.0,230800.0,28850.0
2ETF01,2025-10-22,2025-10-21,20251022,2026.10.01 15:30:00,raw/2ETF01_2025-10-22.json,e387e086b02d55a93d3bbed35e24a34e80f1c79f2f0646185bee75e00a27396b,equity,015760,한국전력,477,20916450,477.0,20916450.0,43850.0
2ETF01,2025-10-22,2025-10-21,20251022,2026.10.01 15:30:00,raw/2ETF01_2025-10-22.json,e387e086b02d55a93d3bbed35e24a34e80f1c79f2f0646185bee75e00a27396b,equity,016360,삼성증권,92,7074800,92.0,7074800.0,76900.0
2ETF01,2025-10-22,2025-10-21,20251022,2026.10.01 15:30:00,raw/2ETF01_2025-10-22.json,e387e086b02d55a93d3bbed35e24a34e80f1c79f2f0646185bee75e00a27396b,equity,017670,SK텔레콤,225,12217500,225.0,12217500.0,54300.0
2ETF01,2025-10-22,2025-10-21,20251022,2026.10.01 15:30:00,raw/2ETF01_2025-10-22.json,e387e086b02d55a93d3bbed35e24a34e80f1c79f2f0646185bee75e00a27396b,equity,017800,현대엘리베이터,39,3237000,39.0,3237000.0,83000.0
2ETF01,2025-10-22,2025-10-21,20251022,2026.10.01 15:30:00,raw/2ETF01_2025-10-22.json,e387e086b02d55a93d3bbed35e24a34e80f1c79f2f0646185bee75e00a27396b,equity,017960,한국카본,49,1805650,49.0,1805650.0,36850.0
2ETF01,2025-10-22,2025-10-21,20251022,2026.10.01 15:30:00,raw/2ETF01_2025-10-22.json,e387e086b02d55a93d3bbed35e24a34e80f1c79f2f0646185bee75e00a27396b,equity,018260,삼성에스디에스,57,9433500,57.0,9433500.0,165500.0
2ETF01,2025-10-22,2025-10-21,20251022,2026.10.01 15:30:00,raw/2ETF01_2025-10-22.json,e387e086b02d55a93d3bbed35e24a34e80f1c79f2f0646185bee75e00a27396b,equity,018880,한온시스템,247,971945,247.0,971945.0,3935.0
2ETF01,2025-10-22,2025-10-21,20251022,2026.10.01 15:30:00,raw/2ETF01_2025-10-22.json,e387e086b02d55a93d3bbed35e24a34e80f1c79f2f0646185bee75e00a27396b,equity,021240,코웨이,83,7760500,83.0,7760500.0,93500.0
2ETF01,2025-10-22,2025-10-21,20251022,2026.10.01 15:30:00,raw/2ETF01_2025-10-22.json,e387e086b02d55a93d3bbed35e24a34e80f1c79f2f0646185bee75e00a27396b,equity,022100,포스코DX,76,1934200,76.0,1934200.0,25450.0
2ETF01,2025-10-22,2025-10-21,20251022,2026.10.01 15:30:00,raw/2ETF01_2025-10-22.json,e387e086b02d55a93d3bbed35e24a34e80f1c79f2f0646185bee75e00a27396b,equity,023530,롯데쇼핑,15,999000,15.0,999000.0,66600.0
2ETF01,2025-10-22,2025-10-21,20251022,2026.10.01 15:30:00,raw/2ETF01_2025-10-22.json,e387e086b02d55a93d3bbed35e24a34e80f1c79f2f0646185bee75e00a27396b,equity,024110,기업은행,411,7989840,411.0,7989840.0,19440.0
2ETF01,2025-10-22,2025-10-21,20251022,2026.10.01 15:30:00,raw/2ETF01_2025-10-22.json,e387e086b02d55a93d3bbed35e24a34e80f1c79f2f0646185bee75e00a27396b,equity,026960,동서,47,1290150,47.0,1290150.0,27450.0
2ETF01,2025-10-22,2025-10-21,20251022,2026.10.01 15:30:00,raw/2ETF01_2025-10-22.json,e387e086b02d55a93d3bbed35e24a34e80f1c79f2f0646185bee75e00a27396b,equity,028050,삼성E&A,238,6652100,238.0,6652100.0,27950.0
2ETF01,2025-10-22,2025-10-21,20251022,2026.10.01 15:30:00,raw/2ETF01_2025-10-22.json,e387e086b02d55a93d3bbed35e24a34e80f1c79f2f0646185bee75e00a27396b,equity,028260,삼성물산,152,31084000,152.0,31084000.0,204500.0
2ETF01,2025-10-22,2025-10-21,20251022,2026.10.01 15:30:00,raw/2ETF01_2025-10-22.json,e387e086b02d55a93d3bbed35e24a34e80f1c79f2f0646185bee75e00a27396b,equity,028670,팬오션,340,1288600,340.0,1288600.0,3790.0
2ETF01,2025-10-22,2025-10-21,20251022,2026.10.01 15:30:00,raw/2ETF01_2025-10-22.json,e387e086b02d55a93d3bbed35e24a34e80f1c79f2f0646185bee75e00a27396b,equity,029780,삼성카드,40,1988000,40.0,1988000.0,49700.0
2ETF01,2025-10-22,2025-10-21,20251022,2026.10.01 15:30:00,raw/2ETF01_2025-10-22.json,e387e086b02d55a93d3bbed35e24a34e80f1c79f2f0646185bee75e00a27396b,equity,030000,제일기획,105,2115750,105.0,2115750.0,20150.0
2ETF01,2025-10-22,2025-10-21,20251022,2026.10.01 15:30:00,raw/2ETF01_2025-10-22.json,e387e086b02d55a93d3bbed35e24a34e80f1c79f2f0646185bee75e00a27396b,equity,030200,KT,332,16766000,332.0,16766000.0,50500.0
2ETF01,2025-10-22,2025-10-21,20251022,2026.10.01 15:30:00,raw/2ETF01_2025-10-22.json,e387e086b02d55a93d3bbed35e24a34e80f1c79f2f0646185bee75e00a27396b,equity,032640,LG유플러스,417,6229980,417.0,6229980.0,14940.0
2ETF01,2025-10-22,2025-10-21,20251022,2026.10.01 15:30:00,raw/2ETF01_2025-10-22.json,e387e086b02d55a93d3bbed35e24a34e80f1c79f2f0646185bee75e00a27396b,equity,032830,삼성생명,127,20281900,127.0,20281900.0,159700.0
2ETF01,2025-10-22,2025-10-21,20251022,2026.10.01 15:30:00,raw/2ETF01_2025-10-22.json,e387e086b02d55a93d3bbed35e24a34e80f1c79f2f0646185bee75e00a27396b,equity,033780,KT&G,141,19528500,141.0,19528500.0,138500.0
2ETF01,2025-10-22,2025-10-21,20251022,2026.10.01 15:30:00,raw/2ETF01_2025-10-22.json,e387e086b02d55a93d3bbed35e24a34e80f1c79f2f0646185bee75e00a27396b,equity,034020,두산에너빌리티,650,52000000,650.0,52000000.0,80000.0
2ETF01,2025-10-22,2025-10-21,20251022,2026.10.01 15:30:00,raw/2ETF01_2025-10-22.json,e387e086b02d55a93d3bbed35e24a34e80f1c79f2f0646185bee75e00a27396b,equity,034220,LG디스플레이,439,6185510,439.0,6185510.0,14090.0
2ETF01,2025-10-22,2025-10-21,20251022,2026.10.01 15:30:00,raw/2ETF01_2025-10-22.json,e387e086b02d55a93d3bbed35e24a34e80f1c79f2f0646185bee75e00a27396b,equity,034730,SK,54,12204000,54.0,12204000.0,226000.0
2ETF01,2025-10-22,2025-10-21,20251022,2026.10.01 15:30:00,raw/2ETF01_2025-10-22.json,e387e086b02d55a93d3bbed35e24a34e80f1c79f2f0646185bee75e00a27396b,equity,035250,강원랜드,172,2972160,172.0,2972160.0,17280.0
2ETF01,2025-10-22,2025-10-21,20251022,2026.10.01 15:30:00,raw/2ETF01_2025-10-22.json,e387e086b02d55a93d3bbed35e24a34e80f1c79f2f0646185bee75e00a27396b,equity,035420,NAVER,197,50136500,197.0,50136500.0,254500.0
2ETF01,2025-10-22,2025-10-21,20251022,2026.10.01 15:30:00,raw/2ETF01_2025-10-22.json,e387e086b02d55a93d3bbed35e24a34e80f1c79f2f0646185bee75e00a27396b,equity,035720,카카오,509,31710700,509.0,31710700.0,62300.0
2ETF01,2025-10-22,2025-10-21,20251022,2026.10.01 15:30:00,raw/2ETF01_2025-10-22.json,e387e086b02d55a93d3bbed35e24a34e80f1c79f2f0646185bee75e00a27396b,equity,036460,한국가스공사,49,2001650,49.0,2001650.0,40850.0
2ETF01,2025-10-22,2025-10-21,20251022,2026.10.01 15:30:00,raw/2ETF01_2025-10-22.json,e387e086b02d55a93d3bbed35e24a34e80f1c79f2f0646185bee75e00a27396b,equity,036570,엔씨소프트,26,5343000,26.0,5343000.0,205500.0
2ETF01,2025-10-22,2025-10-21,20251022,2026.10.01 15:30:00,raw/2ETF01_2025-10-22.json,e387e086b02d55a93d3bbed35e24a34e80f1c79f2f0646185bee75e00a27396b,equity,039130,하나투어,16,748000,16.0,748000.0,46750.0
2ETF01,2025-10-22,2025-10-21,20251022,2026.10.01 15:30:00,raw/2ETF01_2025-10-22.json,e387e086b02d55a93d3bbed35e24a34e80f1c79f2f0646185bee75e00a27396b,equity,039490,키움증권,21,5733000,21.0,5733000.0,273000.0
2ETF01,2025-10-22,2025-10-21,20251022,2026.10.01 15:30:00,raw/2ETF01_2025-10-22.json,e387e086b02d55a93d3bbed35e24a34e80f1c79f2f0646185bee75e00a27396b,equity,042660,한화오션,172,20760400,172.0,20760400.0,120700.0
2ETF01,2025-10-22,2025-10-21,20251022,2026.10.01 15:30:00,raw/2ETF01_2025-10-22.json,e387e086b02d55a93d3bbed35e24a34e80f1c79f2f0646185bee75e00a27396b,equity,042670,HD현대인프라코어,196,3102680,196.0,3102680.0,15830.0
2ETF01,2025-10-22,2025-10-21,20251022,2026.10.01 15:30:00,raw/2ETF01_2025-10-22.json,e387e086b02d55a93d3bbed35e24a34e80f1c79f2f0646185bee75e00a27396b,equity,042700,한미반도체,64,9574400,64.0,9574400.0,149600.0
2ETF01,2025-10-22,2025-10-21,20251022,2026.10.01 15:30:00,raw/2ETF01_2025-10-22.json,e387e086b02d55a93d3bbed35e24a34e80f1c79f2f0646185bee75e00a27396b,equity,047040,대우건설,302,1114380,302.0,1114380.0,3690.0
2ETF01,2025-10-22,2025-10-21,20251022,2026.10.01 15:30:00,raw/2ETF01_2025-10-22.json,e387e086b02d55a93d3bbed35e24a34e80f1c79f2f0646185bee75e00a27396b,equity,047050,포스코인터내셔널,69,3601800,69.0,3601800.0,52200.0
2ETF01,2025-10-22,2025-10-21,20251022,2026.10.01 15:30:00,raw/2ETF01_2025-10-22.json,e387e086b02d55a93d3bbed35e24a34e80f1c79f2f0646185bee75e00a27396b,equity,047810,한국항공우주,106,10653000,106.0,10653000.0,100500.0
2ETF01,2025-10-22,2025-10-21,20251022,2026.10.01 15:30:00,raw/2ETF01_2025-10-22.json,e387e086b02d55a93d3bbed35e24a34e80f1c79f2f0646185bee75e00a27396b,equity,051600,한전KPS,33,1699500,33.0,1699500.0,51500.0
2ETF01,2025-10-22,2025-10-21,20251022,2026.10.01 15:30:00,raw/2ETF01_2025-10-22.json,e387e086b02d55a93d3bbed35e24a34e80f1c79f2f0646185bee75e00a27396b,equity,051900,LG생활건강,14,3948000,14.0,3948000.0,282000.0
2ETF01,2025-10-22,2025-10-21,20251022,2026.10.01 15:30:00,raw/2ETF01_2025-10-22.json,e387e086b02d55a93d3bbed35e24a34e80f1c79f2f0646185bee75e00a27396b,equity,051910,LG화학,70,24220000,70.0,24220000.0,346000.0
2ETF01,2025-10-22,2025-10-21,20251022,2026.10.01 15:30:00,raw/2ETF01_2025-10-22.json,e387e086b02d55a93d3bbed35e24a34e80f1c79f2f0646185bee75e00a27396b,equity,052690,한전기술,28,2968000,28.0,2968000.0,106000.0
2ETF01,2025-10-22,2025-10-21,20251022,2026.10.01 15:30:00,raw/2ETF01_2025-10-22.json,e387e086b02d55a93d3bbed35e24a34e80f1c79f2f0646185bee75e00a27396b,equity,055550,신한지주,633,46778700,633.0,46778700.0,73900.0
2ETF01,2025-10-22,2025-10-21,20251022,2026.10.01 15:30:00,raw/2ETF01_2025-10-22.json,e387e086b02d55a93d3bbed35e24a34e80f1c79f2f0646185bee75e00a27396b,equity,064350,현대로템,111,23476500,111.0,23476500.0,211500.0
2ETF01,2025-10-22,2025-10-21,20251022,2026.10.01 15:30:00,raw/2ETF01_2025-10-22.json,e387e086b02d55a93d3bbed35e24a34e80f1c79f2f0646185bee75e00a27396b,equity,066570,LG전자,164,14628800,164.0,14628800.0,89200.0
2ETF01,2025-10-22,2025-10-21,20251022,2026.10.01 15:30:00,raw/2ETF01_2025-10-22.json,e387e086b02d55a93d3bbed35e24a34e80f1c79f2f0646185bee75e00a27396b,equity,066970,엘앤에프,38,4320600,38.0,4320600.0,113700.0
2ETF01,2025-10-22,2025-10-21,20251022,2026.10.01 15:30:00,raw/2ETF01_2025-10-22.json,e387e086b02d55a93d3bbed35e24a34e80f1c79f2f0646185bee75e00a27396b,equity,068270,셀트리온,234,41815800,234.0,41815800.0,178700.0
2ETF01,2025-10-22,2025-10-21,20251022,2026.10.01 15:30:00,raw/2ETF01_2025-10-22.json,e387e086b02d55a93d3bbed35e24a34e80f1c79f2f0646185bee75e00a27396b,equity,069260,TKG휴켐스,33,589380,33.0,589380.0,17860.0
2ETF01,2025-10-22,2025-10-21,20251022,2026.10.01 15:30:00,raw/2ETF01_2025-10-22.json,e387e086b02d55a93d3bbed35e24a34e80f1c79f2f0646185bee75e00a27396b,equity,069620,대웅제약,7,970900,7.0,970900.0,138700.0
2ETF01,2025-10-22,2025-10-21,20251022,2026.10.01 15:30:00,raw/2ETF01_2025-10-22.json,e387e086b02d55a93d3bbed35e24a34e80f1c79f2f0646185bee75e00a27396b,equity,069960,현대백화점,21,1686300,21.0,1686300.0,80300.0
2ETF01,2025-10-22,2025-10-21,20251022,2026.10.01 15:30:00,raw/2ETF01_2025-10-22.json,e387e086b02d55a93d3bbed35e24a34e80f1c79f2f0646185bee75e00a27396b,equity,071050,한국금융지주,62,10744600,62.0,10744600.0,173300.0
2ETF01,2025-10-22,2025-10-21,20251022,2026.10.01 15:30:00,raw/2ETF01_2025-10-22.json,e387e086b02d55a93d3bbed35e24a34e80f1c79f2f0646185bee75e00a27396b,equity,071320,지역난방공사,4,359200,4.0,359200.0,89800.0
2ETF01,2025-10-22,2025-10-21,20251022,2026.10.01 15:30:00,raw/2ETF01_2025-10-22.json,e387e086b02d55a93d3bbed35e24a34e80f1c79f2f0646185bee75e00a27396b,equity,073240,금호타이어,239,1148395,239.0,1148395.0,4805.0
2ETF01,2025-10-22,2025-10-21,20251022,2026.10.01 15:30:00,raw/2ETF01_2025-10-22.json,e387e086b02d55a93d3bbed35e24a34e80f1c79f2f0646185bee75e00a27396b,equity,078930,GS,68,3145000,68.0,3145000.0,46250.0
2ETF01,2025-10-22,2025-10-21,20251022,2026.10.01 15:30:00,raw/2ETF01_2025-10-22.json,e387e086b02d55a93d3bbed35e24a34e80f1c79f2f0646185bee75e00a27396b,equity,079550,LIG넥스원,20,8870000,20.0,8870000.0,443500.0
2ETF01,2025-10-22,2025-10-21,20251022,2026.10.01 15:30:00,raw/2ETF01_2025-10-22.json,e387e086b02d55a93d3bbed35e24a34e80f1c79f2f0646185bee75e00a27396b,equity,081660,미스토홀딩스,52,1996800,52.0,1996800.0,38400.0
2ETF01,2025-10-22,2025-10-21,20251022,2026.10.01 15:30:00,raw/2ETF01_2025-10-22.json,e387e086b02d55a93d3bbed35e24a34e80f1c79f2f0646185bee75e00a27396b,equity,086280,현대글로비스,56,9234400,56.0,9234400.0,164900.0
2ETF01,2025-10-22,2025-10-21,20251022,2026.10.01 15:30:00,raw/2ETF01_2025-10-22.json,e387e086b02d55a93d3bbed35e24a34e80f1c79f2f0646185bee75e00a27396b,equity,086790,하나금융지주,381,33642300,381.0,33642300.0,88300.0
2ETF01,2025-10-22,2025-10-21,20251022,2026.10.01 15:30:00,raw/2ETF01_2025-10-22.json,e387e086b02d55a93d3bbed35e24a34e80f1c79f2f0646185bee75e00a27396b,equity,088350,한화생명,500,1570000,500.0,1570000.0,3140.0
2ETF01,2025-10-22,2025-10-21,20251022,2026.10.01 15:30:00,raw/2ETF01_2025-10-22.json,e387e086b02d55a93d3bbed35e24a34e80f1c79f2f0646185bee75e00a27396b,equity,090430,아모레퍼시픽,47,5578900,47.0,5578900.0,118700.0
2ETF01,2025-10-22,2025-10-21,20251022,2026.10.01 15:30:00,raw/2ETF01_2025-10-22.json,e387e086b02d55a93d3bbed35e24a34e80f1c79f2f0646185bee75e00a27396b,equity,093370,후성,83,567720,83.0,567720.0,6840.0
2ETF01,2025-10-22,2025-10-21,20251022,2026.10.01 15:30:00,raw/2ETF01_2025-10-22.json,e387e086b02d55a93d3bbed35e24a34e80f1c79f2f0646185bee75e00a27396b,equity,096770,SK이노베이션,113,14091100,113.0,14091100.0,124700.0
2ETF01,2025-10-22,2025-10-21,20251022,2026.10.01 15:30:00,raw/2ETF01_2025-10-22.json,e387e086b02d55a93d3bbed35e24a34e80f1c79f2f0646185bee75e00a27396b,equity,097950,CJ제일제당,12,2766000,12.0,2766000.0,230500.0
2ETF01,2025-10-22,2025-10-21,20251022,2026.10.01 15:30:00,raw/2ETF01_2025-10-22.json,e387e086b02d55a93d3bbed35e24a34e80f1c79f2f0646185bee75e00a27396b,equity,103140,풍산,25,2977500,25.0,2977500.0,119100.0
2ETF01,2025-10-22,2025-10-21,20251022,2026.10.01 15:30:00,raw/2ETF01_2025-10-22.json,e387e086b02d55a93d3bbed35e24a34e80f1c79f2f0646185bee75e00a27396b,equity,105560,KB금융,491,57201500,491.0,57201500.0,116500.0
2ETF01,2025-10-22,2025-10-21,20251022,2026.10.01 15:30:00,raw/2ETF01_2025-10-22.json,e387e086b02d55a93d3bbed35e24a34e80f1c79f2f0646185bee75e00a27396b,equity,111770,영원무역,33,2003100,33.0,2003100.0,60700.0
2ETF01,2025-10-22,2025-10-21,20251022,2026.10.01 15:30:00,raw/2ETF01_2025-10-22.json,e387e086b02d55a93d3bbed35e24a34e80f1c79f2f0646185bee75e00a27396b,equity,112610,씨에스윈드,36,1508400,36.0,1508400.0,41900.0
2ETF01,2025-10-22,2025-10-21,20251022,2026.10.01 15:30:00,raw/2ETF01_2025-10-22.json,e387e086b02d55a93d3bbed35e24a34e80f1c79f2f0646185bee75e00a27396b,equity,114090,GKL,46,761760,46.0,761760.0,16560.0
2ETF01,2025-10-22,2025-10-21,20251022,2026.10.01 15:30:00,raw/2ETF01_2025-10-22.json,e387e086b02d55a93d3bbed35e24a34e80f1c79f2f0646185bee75e00a27396b,equity,120110,코오롱인더,28,992600,28.0,992600.0,35450.0
2ETF01,2025-10-22,2025-10-21,20251022,2026.10.01 15:30:00,raw/2ETF01_2025-10-22.json,e387e086b02d55a93d3bbed35e24a34e80f1c79f2f0646185bee75e00a27396b,equity,128940,한미약품,10,3435000,10.0,3435000.0,343500.0
2ETF01,2025-10-22,2025-10-21,20251022,2026.10.01 15:30:00,raw/2ETF01_2025-10-22.json,e387e086b02d55a93d3bbed35e24a34e80f1c79f2f0646185bee75e00a27396b,equity,137310,에스디바이오센서,53,523110,53.0,523110.0,9870.0
2ETF01,2025-10-22,2025-10-21,20251022,2026.10.01 15:30:00,raw/2ETF01_2025-10-22.json,e387e086b02d55a93d3bbed35e24a34e80f1c79f2f0646185bee75e00a27396b,equity,138040,메리츠금융지주,117,13630500,117.0,13630500.0,116500.0
2ETF01,2025-10-22,2025-10-21,20251022,2026.10.01 15:30:00,raw/2ETF01_2025-10-22.json,e387e086b02d55a93d3bbed35e24a34e80f1c79f2f0646185bee75e00a27396b,equity,138930,BNK금융지주,391,5591300,391.0,5591300.0,14300.0
2ETF01,2025-10-22,2025-10-21,20251022,2026.10.01 15:30:00,raw/2ETF01_2025-10-22.json,e387e086b02d55a93d3bbed35e24a34e80f1c79f2f0646185bee75e00a27396b,equity,139130,iM금융지주,211,2842170,211.0,2842170.0,13470.0
2ETF01,2025-10-22,2025-10-21,20251022,2026.10.01 15:30:00,raw/2ETF01_2025-10-22.json,e387e086b02d55a93d3bbed35e24a34e80f1c79f2f0646185bee75e00a27396b,equity,139480,이마트,30,2190000,30.0,2190000.0,73000.0
2ETF01,2025-10-22,2025-10-21,20251022,2026.10.01 15:30:00,raw/2ETF01_2025-10-22.json,e387e086b02d55a93d3bbed35e24a34e80f1c79f2f0646185bee75e00a27396b,equity,145720,덴티움,10,554000,10.0,554000.0,55400.0
2ETF01,2025-10-22,2025-10-21,20251022,2026.10.01 15:30:00,raw/2ETF01_2025-10-22.json,e387e086b02d55a93d3bbed35e24a34e80f1c79f2f0646185bee75e00a27396b,equity,161390,한국타이어앤테크놀로지,109,4790550,109.0,4790550.0,43950.0
2ETF01,2025-10-22,2025-10-21,20251022,2026.10.01 15:30:00,raw/2ETF01_2025-10-22.json,e387e086b02d55a93d3bbed35e24a34e80f1c79f2f0646185bee75e00a27396b,equity,161890,한국콜마,26,2002000,26.0,2002000.0,77000.0
2ETF01,2025-10-22,2025-10-21,20251022,2026.10.01 15:30:00,raw/2ETF01_2025-10-22.json,e387e086b02d55a93d3bbed35e24a34e80f1c79f2f0646185bee75e00a27396b,equity,175330,JB금융지주,244,5538800,244.0,5538800.0,22700.0
2ETF01,2025-10-22,2025-10-21,20251022,2026.10.01 15:30:00,raw/2ETF01_2025-10-22.json,e387e086b02d55a93d3bbed35e24a34e80f1c79f2f0646185bee75e00a27396b,equity,180640,한진칼,71,7050300,71.0,7050300.0,99300.0
2ETF01,2025-10-22,2025-10-21,20251022,2026.10.01 15:30:00,raw/2ETF01_2025-10-22.json,e387e086b02d55a93d3bbed35e24a34e80f1c79f2f0646185bee75e00a27396b,equity,185750,종근당,12,968400,12.0,968400.0,80700.0
2ETF01,2025-10-22,2025-10-21,20251022,2026.10.01 15:30:00,raw/2ETF01_2025-10-22.json,e387e086b02d55a93d3bbed35e24a34e80f1c79f2f0646185bee75e00a27396b,equity,192080,더블유게임즈,16,800000,16.0,800000.0,50000.0
2ETF01,2025-10-22,2025-10-21,20251022,2026.10.01 15:30:00,raw/2ETF01_2025-10-22.json,e387e086b02d55a93d3bbed35e24a34e80f1c79f2f0646185bee75e00a27396b,equity,192820,코스맥스,12,2478000,12.0,2478000.0,206500.0
2ETF01,2025-10-22,2025-10-21,20251022,2026.10.01 15:30:00,raw/2ETF01_2025-10-22.json,e387e086b02d55a93d3bbed35e24a34e80f1c79f2f0646185bee75e00a27396b,equity,204320,HL만도,49,1808100,49.0,1808100.0,36900.0
2ETF01,2025-10-22,2025-10-21,20251022,2026.10.01 15:30:00,raw/2ETF01_2025-10-22.json,e387e086b02d55a93d3bbed35e24a34e80f1c79f2f0646185bee75e00a27396b,equity,207940,삼성바이오로직스,24,27456000,24.0,27456000.0,1144000.0
2ETF01,2025-10-22,2025-10-21,20251022,2026.10.01 15:30:00,raw/2ETF01_2025-10-22.json,e387e086b02d55a93d3bbed35e24a34e80f1c79f2f0646185bee75e00a27396b,equity,241560,두산밥캣,78,4680000,78.0,4680000.0,60000.0
2ETF01,2025-10-22,2025-10-21,20251022,2026.10.01 15:30:00,raw/2ETF01_2025-10-22.json,e387e086b02d55a93d3bbed35e24a34e80f1c79f2f0646185bee75e00a27396b,equity,251270,넷마블,48,2635200,48.0,2635200.0,54900.0
2ETF01,2025-10-22,2025-10-21,20251022,2026.10.01 15:30:00,raw/2ETF01_2025-10-22.json,e387e086b02d55a93d3bbed35e24a34e80f1c79f2f0646185bee75e00a27396b,equity,259960,크래프톤,44,12628000,44.0,12628000.0,287000.0
2ETF01,2025-10-22,2025-10-21,20251022,2026.10.01 15:30:00,raw/2ETF01_2025-10-22.json,e387e086b02d55a93d3bbed35e24a34e80f1c79f2f0646185bee75e00a27396b,equity,267250,HD현대,68,11764000,68.0,11764000.0,173000.0
2ETF01,2025-10-22,2025-10-21,20251022,2026.10.01 15:30:00,raw/2ETF01_2025-10-22.json,e387e086b02d55a93d3bbed35e24a34e80f1c79f2f0646185bee75e00a27396b,equity,267260,HD현대일렉트릭,34,23052000,34.0,23052000.0,678000.0
2ETF01,2025-10-22,2025-10-21,20251022,2026.10.01 15:30:00,raw/2ETF01_2025-10-22.json,e387e086b02d55a93d3bbed35e24a34e80f1c79f2f0646185bee75e00a27396b,equity,268280,미원에스씨,1,138900,1.0,138900.0,138900.0
2ETF01,2025-10-22,2025-10-21,20251022,2026.10.01 15:30:00,raw/2ETF01_2025-10-22.json,e387e086b02d55a93d3bbed35e24a34e80f1c79f2f0646185bee75e00a27396b,equity,271560,오리온,33,3313200,33.0,3313200.0,100400.0
2ETF01,2025-10-22,2025-10-21,20251022,2026.10.01 15:30:00,raw/2ETF01_2025-10-22.json,e387e086b02d55a93d3bbed35e24a34e80f1c79f2f0646185bee75e00a27396b,equity,272210,한화시스템,106,5692200,106.0,5692200.0,53700.0
2ETF01,2025-10-22,2025-10-21,20251022,2026.10.01 15:30:00,raw/2ETF01_2025-10-22.json,e387e086b02d55a93d3bbed35e24a34e80f1c79f2f0646185bee75e00a27396b,equity,278470,에이피알,37,8565500,37.0,8565500.0,231500.0
2ETF01,2025-10-22,2025-10-21,20251022,2026.10.01 15:30:00,raw/2ETF01_2025-10-22.json,e387e086b02d55a93d3bbed35e24a34e80f1c79f2f0646185bee75e00a27396b,equity,280360,롯데웰푸드,3,333000,3.0,333000.0,111000.0
2ETF01,2025-10-22,2025-10-21,20251022,2026.10.01 15:30:00,raw/2ETF01_2025-10-22.json,e387e086b02d55a93d3bbed35e24a34e80f1c79f2f0646185bee75e00a27396b,equity,282330,BGF리테일,12,1258800,12.0,1258800.0,104900.0
2ETF01,2025-10-22,2025-10-21,20251022,2026.10.01 15:30:00,raw/2ETF01_2025-10-22.json,e387e086b02d55a93d3bbed35e24a34e80f1c79f2f0646185bee75e00a27396b,equity,285130,SK케미칼,15,913500,15.0,913500.0,60900.0
2ETF01,2025-10-22,2025-10-21,20251022,2026.10.01 15:30:00,raw/2ETF01_2025-10-22.json,e387e086b02d55a93d3bbed35e24a34e80f1c79f2f0646185bee75e00a27396b,equity,298020,효성티앤씨,4,848000,4.0,848000.0,212000.0
2ETF01,2025-10-22,2025-10-21,20251022,2026.10.01 15:30:00,raw/2ETF01_2025-10-22.json,e387e086b02d55a93d3bbed35e24a34e80f1c79f2f0646185bee75e00a27396b,equity,298040,효성중공업,7,11767000,7.0,11767000.0,1681000.0
2ETF01,2025-10-22,2025-10-21,20251022,2026.10.01 15:30:00,raw/2ETF01_2025-10-22.json,e387e086b02d55a93d3bbed35e24a34e80f1c79f2f0646185bee75e00a27396b,equity,298050,HS효성첨단소재,4,742800,4.0,742800.0,185700.0
2ETF01,2025-10-22,2025-10-21,20251022,2026.10.01 15:30:00,raw/2ETF01_2025-10-22.json,e387e086b02d55a93d3bbed35e24a34e80f1c79f2f0646185bee75e00a27396b,equity,300720,한일시멘트,24,431520,24.0,431520.0,17980.0
2ETF01,2025-10-22,2025-10-21,20251022,2026.10.01 15:30:00,raw/2ETF01_2025-10-22.json,e387e086b02d55a93d3bbed35e24a34e80f1c79f2f0646185bee75e00a27396b,equity,302440,SK바이오사이언스,39,1895400,39.0,1895400.0,48600.0
2ETF01,2025-10-22,2025-10-21,20251022,2026.10.01 15:30:00,raw/2ETF01_2025-10-22.json,e387e086b02d55a93d3bbed35e24a34e80f1c79f2f0646185bee75e00a27396b,equity,316140,우리금융지주,1024,26828800,1024.0,26828800.0,26200.0
2ETF01,2025-10-22,2025-10-21,20251022,2026.10.01 15:30:00,raw/2ETF01_2025-10-22.json,e387e086b02d55a93d3bbed35e24a34e80f1c79f2f0646185bee75e00a27396b,equity,323410,카카오뱅크,513,12055500,513.0,12055500.0,23500.0
2ETF01,2025-10-22,2025-10-21,20251022,2026.10.01 15:30:00,raw/2ETF01_2025-10-22.json,e387e086b02d55a93d3bbed35e24a34e80f1c79f2f0646185bee75e00a27396b,equity,326030,SK바이오팜,42,4498200,42.0,4498200.0,107100.0
2ETF01,2025-10-22,2025-10-21,20251022,2026.10.01 15:30:00,raw/2ETF01_2025-10-22.json,e387e086b02d55a93d3bbed35e24a34e80f1c79f2f0646185bee75e00a27396b,equity,329180,HD현대중공업,34,19142000,34.0,19142000.0,563000.0
2ETF01,2025-10-22,2025-10-21,20251022,2026.10.01 15:30:00,raw/2ETF01_2025-10-22.json,e387e086b02d55a93d3bbed35e24a34e80f1c79f2f0646185bee75e00a27396b,equity,352820,하이브,32,8992000,32.0,8992000.0,281000.0
2ETF01,2025-10-22,2025-10-21,20251022,2026.10.01 15:30:00,raw/2ETF01_2025-10-22.json,e387e086b02d55a93d3bbed35e24a34e80f1c79f2f0646185bee75e00a27396b,equity,361610,SK아이이테크놀로지,44,1458600,44.0,1458600.0,33150.0
2ETF01,2025-10-22,2025-10-21,20251022,2026.10.01 15:30:00,raw/2ETF01_2025-10-22.json,e387e086b02d55a93d3bbed35e24a34e80f1c79f2f0646185bee75e00a27396b,equity,373220,LG에너지솔루션,53,23161000,53.0,23161000.0,437000.0
2ETF01,2025-10-22,2025-10-21,20251022,2026.10.01 15:30:00,raw/2ETF01_2025-10-22.json,e387e086b02d55a93d3bbed35e24a34e80f1c79f2f0646185bee75e00a27396b,equity,375500,DL이앤씨,45,1858500,45.0,1858500.0,41300.0
2ETF01,2025-10-22,2025-10-21,20251022,2026.10.01 15:30:00,raw/2ETF01_2025-10-22.json,e387e086b02d55a93d3bbed35e24a34e80f1c79f2f0646185bee75e00a27396b,equity,377300,카카오페이,43,2283300,43.0,2283300.0,53100.0
2ETF01,2025-10-22,2025-10-21,20251022,2026.10.01 15:30:00,raw/2ETF01_2025-10-22.json,e387e086b02d55a93d3bbed35e24a34e80f1c79f2f0646185bee75e00a27396b,equity,383220,F&F,21,1344000,21.0,1344000.0,64000.0
2ETF01,2025-10-22,2025-10-21,20251022,2026.10.01 15:30:00,raw/2ETF01_2025-10-22.json,e387e086b02d55a93d3bbed35e24a34e80f1c79f2f0646185bee75e00a27396b,equity,402340,SK스퀘어,139,35584000,139.0,35584000.0,256000.0
2ETF01,2025-10-22,2025-10-21,20251022,2026.10.01 15:30:00,raw/2ETF01_2025-10-22.json,e387e086b02d55a93d3bbed35e24a34e80f1c79f2f0646185bee75e00a27396b,equity,443060,HD현대마린솔루션,12,2904000,12.0,2904000.0,242000.0
2ETF01,2025-10-22,2025-10-21,20251022,2026.10.01 15:30:00,raw/2ETF01_2025-10-22.json,e387e086b02d55a93d3bbed35e24a34e80f1c79f2f0646185bee75e00a27396b,equity,450080,에코프로머티,38,2458600,38.0,2458600.0,64700.0
2ETF01,2025-10-22,2025-10-21,20251022,2026.10.01 15:30:00,raw/2ETF01_2025-10-22.json,e387e086b02d55a93d3bbed35e24a34e80f1c79f2f0646185bee75e00a27396b,equity,454910,두산로보틱스,29,2099600,29.0,2099600.0,72400.0
2ETF01,2025-10-22,2025-10-21,20251022,2026.10.01 15:30:00,raw/2ETF01_2025-10-22.json,e387e086b02d55a93d3bbed35e24a34e80f1c79f2f0646185bee75e00a27396b,equity,456040,OCI,7,403200,7.0,403200.0,57600.0
2ETF01,2025-10-22,2025-10-21,20251022,2026.10.01 15:30:00,raw/2ETF01_2025-10-22.json,e387e086b02d55a93d3bbed35e24a34e80f1c79f2f0646185bee75e00a27396b,equity,457190,이수스페셜티케미컬,31,1726700,31.0,1726700.0,55700.0
2ETF01,2025-10-22,2025-10-21,20251022,2026.10.01 15:30:00,raw/2ETF01_2025-10-22.json,e387e086b02d55a93d3bbed35e24a34e80f1c79f2f0646185bee75e00a27396b,equity,489790,한화비전,52,2745600,52.0,2745600.0,52800.0
2ETF07,2025-10-22,2025-10-21,20251022,2026.10.01 15:30:00,raw/2ETF07_2025-10-22.json,2bc1f5d1287f74d0c2e3d846bb4931fe6133d74e5cb427c4624d8a2c59a29d13,cash,KRD010010001,원화예금,4651171,4651171,4651171.0,4651171.0,1.0
2ETF07,2025-10-22,2025-10-21,20251022,2026.10.01 15:30:00,raw/2ETF07_2025-10-22.json,2bc1f5d1287f74d0c2e3d846bb4931fe6133d74e5cb427c4624d8a2c59a29d13,equity,000660,SK하이닉스,1369,655751000,1369.0,655751000.0,479000.0
2ETF07,2025-10-22,2025-10-21,20251022,2026.10.01 15:30:00,raw/2ETF07_2025-10-22.json,2bc1f5d1287f74d0c2e3d846bb4931fe6133d74e5cb427c4624d8a2c59a29d13,equity,000990,DB하이텍,1278,72590400,1278.0,72590400.0,56800.0
2ETF07,2025-10-22,2025-10-21,20251022,2026.10.01 15:30:00,raw/2ETF07_2025-10-22.json,2bc1f5d1287f74d0c2e3d846bb4931fe6133d74e5cb427c4624d8a2c59a29d13,equity,005930,삼성전자,5560,542100000,5560.0,542100000.0,97500.0
2ETF07,2025-10-22,2025-10-21,20251022,2026.10.01 15:30:00,raw/2ETF07_2025-10-22.json,2bc1f5d1287f74d0c2e3d846bb4931fe6133d74e5cb427c4624d8a2c59a29d13,equity,031980,피에스케이홀딩스,293,15148100,293.0,15148100.0,51700.0
2ETF07,2025-10-22,2025-10-21,20251022,2026.10.01 15:30:00,raw/2ETF07_2025-10-22.json,2bc1f5d1287f74d0c2e3d846bb4931fe6133d74e5cb427c4624d8a2c59a29d13,equity,036540,SFA반도체,3043,13069685,3043.0,13069685.0,4295.0
2ETF07,2025-10-22,2025-10-21,20251022,2026.10.01 15:30:00,raw/2ETF07_2025-10-22.json,2bc1f5d1287f74d0c2e3d846bb4931fe6133d74e5cb427c4624d8a2c59a29d13,equity,036930,주성엔지니어링,1302,40101600,1302.0,40101600.0,30800.0
2ETF07,2025-10-22,2025-10-21,20251022,2026.10.01 15:30:00,raw/2ETF07_2025-10-22.json,2bc1f5d1287f74d0c2e3d846bb4931fe6133d74e5cb427c4624d8a2c59a29d13,equity,039030,이오테크닉스,344,78776000,344.0,78776000.0,229000.0
2ETF07,2025-10-22,2025-10-21,20251022,2026.10.01 15:30:00,raw/2ETF07_2025-10-22.json,2bc1f5d1287f74d0c2e3d846bb4931fe6133d74e5cb427c4624d8a2c59a29d13,equity,042700,한미반도체,1713,256264800,1713.0,256264800.0,149600.0
2ETF07,2025-10-22,2025-10-21,20251022,2026.10.01 15:30:00,raw/2ETF07_2025-10-22.json,2bc1f5d1287f74d0c2e3d846bb4931fe6133d74e5cb427c4624d8a2c59a29d13,equity,058470,리노공업,2037,115701600,2037.0,115701600.0,56800.0
2ETF07,2025-10-22,2025-10-21,20251022,2026.10.01 15:30:00,raw/2ETF07_2025-10-22.json,2bc1f5d1287f74d0c2e3d846bb4931fe6133d74e5cb427c4624d8a2c59a29d13,equity,064760,티씨케이,240,41952000,240.0,41952000.0,174800.0
2ETF07,2025-10-22,2025-10-21,20251022,2026.10.01 15:30:00,raw/2ETF07_2025-10-22.json,2bc1f5d1287f74d0c2e3d846bb4931fe6133d74e5cb427c4624d8a2c59a29d13,equity,067310,하나마이크론,1962,50913900,1962.0,50913900.0,25950.0
2ETF07,2025-10-22,2025-10-21,20251022,2026.10.01 15:30:00,raw/2ETF07_2025-10-22.json,2bc1f5d1287f74d0c2e3d846bb4931fe6133d74e5cb427c4624d8a2c59a29d13,equity,080220,제주반도체,1246,26290600,1246.0,26290600.0,21100.0
2ETF07,2025-10-22,2025-10-21,20251022,2026.10.01 15:30:00,raw/2ETF07_2025-10-22.json,2bc1f5d1287f74d0c2e3d846bb4931fe6133d74e5cb427c4624d8a2c59a29d13,equity,082270,젬백스,1296,61624800,1296.0,61624800.0,47550.0
2ETF07,2025-10-22,2025-10-21,20251022,2026.10.01 15:30:00,raw/2ETF07_2025-10-22.json,2bc1f5d1287f74d0c2e3d846bb4931fe6133d74e5cb427c4624d8a2c59a29d13,equity,084370,유진테크,565,50624000,565.0,50624000.0,89600.0
2ETF07,2025-10-22,2025-10-21,20251022,2026.10.01 15:30:00,raw/2ETF07_2025-10-22.json,2bc1f5d1287f74d0c2e3d846bb4931fe6133d74e5cb427c4624d8a2c59a29d13,equity,089030,테크윙,1290,81786000,1290.0,81786000.0,63400.0
2ETF07,2025-10-22,2025-10-21,20251022,2026.10.01 15:30:00,raw/2ETF07_2025-10-22.json,2bc1f5d1287f74d0c2e3d846bb4931fe6133d74e5cb427c4624d8a2c59a29d13,equity,095340,ISC,418,32144200,418.0,32144200.0,76900.0
2ETF07,2025-10-22,2025-10-21,20251022,2026.10.01 15:30:00,raw/2ETF07_2025-10-22.json,2bc1f5d1287f74d0c2e3d846bb4931fe6133d74e5cb427c4624d8a2c59a29d13,equity,098460,고영,2117,36073680,2117.0,36073680.0,17040.0
2ETF07,2025-10-22,2025-10-21,20251022,2026.10.01 15:30:00,raw/2ETF07_2025-10-22.json,2bc1f5d1287f74d0c2e3d846bb4931fe6133d74e5cb427c4624d8a2c59a29d13,equity,101490,에스앤에스텍,670,38659000,670.0,38659000.0,57700.0
2ETF07,2025-10-22,2025-10-21,20251022,2026.10.01 15:30:00,raw/2ETF07_2025-10-22.json,2bc1f5d1287f74d0c2e3d846bb4931fe6133d74e5cb427c4624d8a2c59a29d13,equity,108320,LX세미콘,448,25804800,448.0,25804800.0,57600.0
2ETF07,2025-10-22,2025-10-21,20251022,2026.10.01 15:30:00,raw/2ETF07_2025-10-22.json,2bc1f5d1287f74d0c2e3d846bb4931fe6133d74e5cb427c4624d8a2c59a29d13,equity,131970,두산테스나,485,23571000,485.0,23571000.0,48600.0
2ETF07,2025-10-22,2025-10-21,20251022,2026.10.01 15:30:00,raw/2ETF07_2025-10-22.json,2bc1f5d1287f74d0c2e3d846bb4931fe6133d74e5cb427c4624d8a2c59a29d13,equity,161580,필옵틱스,693,26126100,693.0,26126100.0,37700.0
2ETF07,2025-10-22,2025-10-21,20251022,2026.10.01 15:30:00,raw/2ETF07_2025-10-22.json,2bc1f5d1287f74d0c2e3d846bb4931fe6133d74e5cb427c4624d8a2c59a29d13,equity,166090,하나머티리얼즈,431,18295950,431.0,18295950.0,42450.0
2ETF07,2025-10-22,2025-10-21,20251022,2026.10.01 15:30:00,raw/2ETF07_2025-10-22.json,2bc1f5d1287f74d0c2e3d846bb4931fe6133d74e5cb427c4624d8a2c59a29d13,equity,183300,코미코,245,28787500,245.0,28787500.0,117500.0
2ETF07,2025-10-22,2025-10-21,20251022,2026.10.01 15:30:00,raw/2ETF07_2025-10-22.json,2bc1f5d1287f74d0c2e3d846bb4931fe6133d74e5cb427c4624d8a2c59a29d13,equity,213420,덕산네오룩스,531,22806450,531.0,22806450.0,42950.0
2ETF07,2025-10-22,2025-10-21,20251022,2026.10.01 15:30:00,raw/2ETF07_2025-10-22.json,2bc1f5d1287f74d0c2e3d846bb4931fe6133d74e5cb427c4624d8a2c59a29d13,equity,218410,RFHIC,676,18454800,676.0,18454800.0,27300.0
2ETF07,2025-10-22,2025-10-21,20251022,2026.10.01 15:30:00,raw/2ETF07_2025-10-22.json,2bc1f5d1287f74d0c2e3d846bb4931fe6133d74e5cb427c4624d8a2c59a29d13,equity,222800,심텍,889,45427900,889.0,45427900.0,51100.0
2ETF07,2025-10-22,2025-10-21,20251022,2026.10.01 15:30:00,raw/2ETF07_2025-10-22.json,2bc1f5d1287f74d0c2e3d846bb4931fe6133d74e5cb427c4624d8a2c59a29d13,equity,232140,와이씨,1619,23281220,1619.0,23281220.0,14380.0
2ETF07,2025-10-22,2025-10-21,20251022,2026.10.01 15:30:00,raw/2ETF07_2025-10-22.json,2bc1f5d1287f74d0c2e3d846bb4931fe6133d74e5cb427c4624d8a2c59a29d13,equity,240810,원익IPS,1352,75306400,1352.0,75306400.0,55700.0
2ETF07,2025-10-22,2025-10-21,20251022,2026.10.01 15:30:00,raw/2ETF07_2025-10-22.json,2bc1f5d1287f74d0c2e3d846bb4931fe6133d74e5cb427c4624d8a2c59a29d13,equity,281820,케이씨텍,391,14858000,391.0,14858000.0,38000.0
2ETF07,2025-10-22,2025-10-21,20251022,2026.10.01 15:30:00,raw/2ETF07_2025-10-22.json,2bc1f5d1287f74d0c2e3d846bb4931fe6133d74e5cb427c4624d8a2c59a29d13,equity,319660,피에스케이,810,29038500,810.0,29038500.0,35850.0
2ETF07,2025-10-22,2025-10-21,20251022,2026.10.01 15:30:00,raw/2ETF07_2025-10-22.json,2bc1f5d1287f74d0c2e3d846bb4931fe6133d74e5cb427c4624d8a2c59a29d13,equity,322000,HD현대에너지솔루션,212,10112400,212.0,10112400.0,47700.0
2ETF07,2025-10-22,2025-10-21,20251022,2026.10.01 15:30:00,raw/2ETF07_2025-10-22.json,2bc1f5d1287f74d0c2e3d846bb4931fe6133d74e5cb427c4624d8a2c59a29d13,equity,323280,태성,815,19234000,815.0,19234000.0,23600.0
2ETF07,2025-10-22,2025-10-21,20251022,2026.10.01 15:30:00,raw/2ETF07_2025-10-22.json,2bc1f5d1287f74d0c2e3d846bb4931fe6133d74e5cb427c4624d8a2c59a29d13,equity,348210,넥스틴,310,18166000,310.0,18166000.0,58600.0
2ETF07,2025-10-22,2025-10-21,20251022,2026.10.01 15:30:00,raw/2ETF07_2025-10-22.json,2bc1f5d1287f74d0c2e3d846bb4931fe6133d74e5cb427c4624d8a2c59a29d13,equity,399720,가온칩스,248,13739200,248.0,13739200.0,55400.0
2ETF07,2025-10-22,2025-10-21,20251022,2026.10.01 15:30:00,raw/2ETF07_2025-10-22.json,2bc1f5d1287f74d0c2e3d846bb4931fe6133d74e5cb427c4624d8a2c59a29d13,equity,403870,HPSP,1923,69131850,1923.0,69131850.0,35950.0
2ETF07,2025-10-22,2025-10-21,20251022,2026.10.01 15:30:00,raw/2ETF07_2025-10-22.json,2bc1f5d1287f74d0c2e3d846bb4931fe6133d74e5cb427c4624d8a2c59a29d13,equity,440110,파두,1464,32134800,1464.0,32134800.0,21950.0
2ETF01,2025-10-23,2025-10-22,20251023,2026.10.01 15:30:00,raw/2ETF01_2025-10-23.json,d3d444ea478d3b1dbbdf3865b34d31be0e4894f012c341b136f131d50b4c03bb,cash,KRD010010001,원화예금,5925310,5925310,5925310.0,5925310.0,1.0
2ETF01,2025-10-23,2025-10-22,20251023,2026.10.01 15:30:00,raw/2ETF01_2025-10-23.json,d3d444ea478d3b1dbbdf3865b34d31be0e4894f012c341b136f131d50b4c03bb,equity,000080,하이트진로,47,892060,47.0,892060.0,18980.0
2ETF01,2025-10-23,2025-10-22,20251023,2026.10.01 15:30:00,raw/2ETF01_2025-10-23.json,d3d444ea478d3b1dbbdf3865b34d31be0e4894f012c341b136f131d50b4c03bb,equity,000100,유한양행,91,10774400,91.0,10774400.0,118400.0
2ETF01,2025-10-23,2025-10-22,20251023,2026.10.01 15:30:00,raw/2ETF01_2025-10-23.json,d3d444ea478d3b1dbbdf3865b34d31be0e4894f012c341b136f131d50b4c03bb,equity,000120,CJ대한통운,17,1428000,17.0,1428000.0,84000.0
2ETF01,2025-10-23,2025-10-22,20251023,2026.10.01 15:30:00,raw/2ETF01_2025-10-23.json,d3d444ea478d3b1dbbdf3865b34d31be0e4894f012c341b136f131d50b4c03bb,equity,000150,두산,11,8701000,11.0,8701000.0,791000.0
2ETF01,2025-10-23,2025-10-22,20251023,2026.10.01 15:30:00,raw/2ETF01_2025-10-23.json,d3d444ea478d3b1dbbdf3865b34d31be0e4894f012c341b136f131d50b4c03bb,equity,000210,DL,16,619200,16.0,619200.0,38700.0
2ETF01,2025-10-23,2025-10-22,20251023,2026.10.01 15:30:00,raw/2ETF01_2025-10-23.json,d3d444ea478d3b1dbbdf3865b34d31be0e4894f012c341b136f131d50b4c03bb,equity,000240,한국앤컴퍼니,36,869400,36.0,869400.0,24150.0
2ETF01,2025-10-23,2025-10-22,20251023,2026.10.01 15:30:00,raw/2ETF01_2025-10-23.json,d3d444ea478d3b1dbbdf3865b34d31be0e4894f012c341b136f131d50b4c03bb,equity,000270,기아,371,43815100,371.0,43815100.0,118100.0
2ETF01,2025-10-23,2025-10-22,20251023,2026.10.01 15:30:00,raw/2ETF01_2025-10-23.json,d3d444ea478d3b1dbbdf3865b34d31be0e4894f012c341b136f131d50b4c03bb,equity,000660,SK하이닉스,851,409756500,851.0,409756500.0,481500.0
2ETF01,2025-10-23,2025-10-22,20251023,2026.10.01 15:30:00,raw/2ETF01_2025-10-23.json,d3d444ea478d3b1dbbdf3865b34d31be0e4894f012c341b136f131d50b4c03bb,equity,000670,영풍,8,362400,8.0,362400.0,45300.0
2ETF01,2025-10-23,2025-10-22,20251023,2026.10.01 15:30:00,raw/2ETF01_2025-10-23.json,d3d444ea478d3b1dbbdf3865b34d31be0e4894f012c341b136f131d50b4c03bb,equity,000720,현대건설,111,6537900,111.0,6537900.0,58900.0
2ETF01,2025-10-23,2025-10-22,20251023,2026.10.01 15:30:00,raw/2ETF01_2025-10-23.json,d3d444ea478d3b1dbbdf3865b34d31be0e4894f012c341b136f131d50b4c03bb,equity,000810,삼성화재,46,20907000,46.0,20907000.0,454500.0
2ETF01,2025-10-23,2025-10-22,20251023,2026.10.01 15:30:00,raw/2ETF01_2025-10-23.json,d3d444ea478d3b1dbbdf3865b34d31be0e4894f012c341b136f131d50b4c03bb,equity,000880,한화,42,4036200,42.0,4036200.0,96100.0
2ETF01,2025-10-23,2025-10-22,20251023,2026.10.01 15:30:00,raw/2ETF01_2025-10-23.json,d3d444ea478d3b1dbbdf3865b34d31be0e4894f012c341b136f131d50b4c03bb,equity,001040,CJ,21,3662400,21.0,3662400.0,174400.0
2ETF01,2025-10-23,2025-10-22,20251023,2026.10.01 15:30:00,raw/2ETF01_2025-10-23.json,d3d444ea478d3b1dbbdf3865b34d31be0e4894f012c341b136f131d50b4c03bb,equity,001430,세아베스틸지주,18,485100,18.0,485100.0,26950.0
2ETF01,2025-10-23,2025-10-22,20251023,2026.10.01 15:30:00,raw/2ETF01_2025-10-23.json,d3d444ea478d3b1dbbdf3865b34d31be0e4894f012c341b136f131d50b4c03bb,equity,001440,대한전선,170,2998800,170.0,2998800.0,17640.0
2ETF01,2025-10-23,2025-10-22,20251023,2026.10.01 15:30:00,raw/2ETF01_2025-10-23.json,d3d444ea478d3b1dbbdf3865b34d31be0e4894f012c341b136f131d50b4c03bb,equity,001450,현대해상,91,2525250,91.0,2525250.0,27750.0
2ETF01,2025-10-23,2025-10-22,20251023,2026.10.01 15:30:00,raw/2ETF01_2025-10-23.json,d3d444ea478d3b1dbbdf3865b34d31be0e4894f012c341b136f131d50b4c03bb,equity,001680,대상,29,613350,29.0,613350.0,21150.0
2ETF01,2025-10-23,2025-10-22,20251023,2026.10.01 15:30:00,raw/2ETF01_2025-10-23.json,d3d444ea478d3b1dbbdf3865b34d31be0e4894f012c341b136f131d50b4c03bb,equity,001800,오리온홀딩스,31,615040,31.0,615040.0,19840.0
2ETF01,2025-10-23,2025-10-22,20251023,2026.10.01 15:30:00,raw/2ETF01_2025-10-23.json,d3d444ea478d3b1dbbdf3865b34d31be0e4894f012c341b136f131d50b4c03bb,equity,002380,KCC,6,2505000,6.0,2505000.0,417500.0
2ETF01,2025-10-23,2025-10-22,20251023,2026.10.01 15:30:00,raw/2ETF01_2025-10-23.json,d3d444ea478d3b1dbbdf3865b34d31be0e4894f012c341b136f131d50b4c03bb,equity,002710,TCC스틸,27,537300,27.0,537300.0,19900.0
2ETF01,2025-10-23,2025-10-22,20251023,2026.10.01 15:30:00,raw/2ETF01_2025-10-23.json,d3d444ea478d3b1dbbdf3865b34d31be0e4894f012c341b136f131d50b4c03bb,equity,002790,아모레퍼시픽홀딩스,39,992550,39.0,992550.0,25450.0
2ETF01,2025-10-23,2025-10-22,20251023,2026.10.01 15:30:00,raw/2ETF01_2025-10-23.json,d3d444ea478d3b1dbbdf3865b34d31be0e4894f012c341b136f131d50b4c03bb,equity,002840,미원상사,2,315600,2.0,315600.0,157800.0
2ETF01,2025-10-23,2025-10-22,20251023,2026.10.01 15:30:00,raw/2ETF01_2025-10-23.json,d3d444ea478d3b1dbbdf3865b34d31be0e4894f012c341b136f131d50b4c03bb,equity,003030,세아제강지주,2,296000,2.0,296000.0,148000.0
2ETF01,2025-10-23,2025-10-22,20251023,2026.10.01 15:30:00,raw/2ETF01_2025-10-23.json,d3d444ea478d3b1dbbdf3865b34d31be0e4894f012c341b136f131d50b4c03bb,equity,003090,대웅,29,649600,29.0,649600.0,22400.0
2ETF01,2025-10-23,2025-10-22,20251023,2026.10.01 15:30:00,raw/2ETF01_2025-10-23.json,d3d444ea478d3b1dbbdf3865b34d31be0e4894f012c341b136f131d50b4c03bb,equity,003230,삼양식품,6,7776000,6.0,7776000.0,1296000.0
2ETF01,2025-10-23,2025-10-22,20251023,2026.10.01 15:30:00,raw/2ETF01_2025-10-23.json,d3d444ea478d3b1dbbdf3865b34d31be0e4894f012c341b136f131d50b4c03bb,equity,003240,태광산업,1,822000,1.0,822000.0,822000.0
2ETF01,2025-10-23,2025-10-22,20251023,2026.10.01 15:30:00,raw/2ETF01_2025-10-23.json,d3d444ea478d3b1dbbdf3865b34d31be0e4894f012c341b136f131d50b4c03bb,equity,003490,대한항공,385,8758750,385.0,8758750.0,22750.0
2ETF01,2025-10-23,2025-10-22,20251023,2026.10.01 15:30:00,raw/2ETF01_2025-10-23.json,d3d444ea478d3b1dbbdf3865b34d31be0e4894f012c341b136f131d50b4c03bb,equity,003550,LG,141,11294100,141.0,11294100.0,80100.0
2ETF01,2025-10-23,2025-10-22,20251023,2026.10.01 15:30:00,raw/2ETF01_2025-10-23.json,d3d444ea478d3b1dbbdf3865b34d31be0e4894f012c341b136f131d50b4c03bb,equity,003620,KG모빌리티,135,495450,135.0,495450.0,3670.0
2ETF01,2025-10-23,2025-10-22,20251023,2026.10.01 15:30:00,raw/2ETF01_2025-10-23.json,d3d444ea478d3b1dbbdf3865b34d31be0e4894f012c341b136f131d50b4c03bb,equity,003670,포스코퓨처엠,47,9588000,47.0,9588000.0,204000.0
2ETF01,2025-10-23,2025-10-22,20251023,2026.10.01 15:30:00,raw/2ETF01_2025-10-23.json,d3d444ea478d3b1dbbdf3865b34d31be0e4894f012c341b136f131d50b4c03bb,equity,004000,롯데정밀화학,22,1053800,22.0,1053800.0,47900.0
2ETF01,2025-10-23,2025-10-22,20251023,2026.10.01 15:30:00,raw/2ETF01_2025-10-23.json,d3d444ea478d3b1dbbdf3865b34d31be0e4894f012c341b136f131d50b4c03bb,equity,004020,현대제철,127,4368800,127.0,4368800.0,34400.0
2ETF01,2025-10-23,2025-10-22,20251023,2026.10.01 15:30:00,raw/2ETF01_2025-10-23.json,d3d444ea478d3b1dbbdf3865b34d31be0e4894f012c341b136f131d50b4c03bb,equity,004170,신세계,10,1808000,10.0,1808000.0,180800.0
2ETF01,2025-10-23,2025-10-22,20251023,2026.10.01 15:30:00,raw/2ETF01_2025-10-23.json,d3d444ea478d3b1dbbdf3865b34d31be0e4894f012c341b136f131d50b4c03bb,equity,004370,농심,5,2155000,5.0,2155000.0,431000.0
2ETF01,2025-10-23,2025-10-22,20251023,2026.10.01 15:30:00,raw/2ETF01_2025-10-23.json,d3d444ea478d3b1dbbdf3865b34d31be0e4894f012c341b136f131d50b4c03bb,equity,004490,세방전지,12,799200,12.0,799200.0,66600.0
2ETF01,2025-10-23,2025-10-22,20251023,2026.10.01 15:30:00,raw/2ETF01_2025-10-23.json,d3d444ea478d3b1dbbdf3865b34d31be0e4894f012c341b136f131d50b4c03bb,equity,004990,롯데지주,45,1343250,45.0,1343250.0,29850.0
2ETF01,2025-10-23,2025-10-22,20251023,2026.10.01 15:30:00,raw/2ETF01_2025-10-23.json,d3d444ea478d3b1dbbdf3865b34d31be0e4894f012c341b136f131d50b4c03bb,equity,005250,녹십자홀딩스,33,523710,33.0,523710.0,15870.0
2ETF01,2025-10-23,2025-10-22,20251023,2026.10.01 15:30:00,raw/2ETF01_2025-10-23.json,d3d444ea478d3b1dbbdf3865b34d31be0e4894f012c341b136f131d50b4c03bb,equity,005300,롯데칠성,5,577000,5.0,577000.0,115400.0
2ETF01,2025-10-23,2025-10-22,20251023,2026.10.01 15:30:00,raw/2ETF01_2025-10-23.json,d3d444ea478d3b1dbbdf3865b34d31be0e4894f012c341b136f131d50b4c03bb,equity,005380,현대차,205,53505000,205.0,53505000.0,261000.0
2ETF01,2025-10-23,2025-10-22,20251023,2026.10.01 15:30:00,raw/2ETF01_2025-10-23.json,d3d444ea478d3b1dbbdf3865b34d31be0e4894f012c341b136f131d50b4c03bb,equity,005420,코스모화학,38,756960,38.0,756960.0,19920.0
2ETF01,2025-10-23,2025-10-22,20251023,2026.10.01 15:30:00,raw/2ETF01_2025-10-23.json,d3d444ea478d3b1dbbdf3865b34d31be0e4894f012c341b136f131d50b4c03bb,equity,005490,POSCO홀딩스,104,31980000,104.0,31980000.0,307500.0
2ETF01,2025-10-23,2025-10-22,20251023,2026.10.01 15:30:00,raw/2ETF01_2025-10-23.json,d3d444ea478d3b1dbbdf3865b34d31be0e4894f012c341b136f131d50b4c03bb,equity,005830,DB손해보험,67,8830600,67.0,8830600.0,131800.0
2ETF01,2025-10-23,2025-10-22,20251023,2026.10.01 15:30:00,raw/2ETF01_2025-10-23.json,d3d444ea478d3b1dbbdf3865b34d31be0e4894f012c341b136f131d50b4c03bb,equity,005850,에스엘,24,892800,24.0,892800.0,37200.0
2ETF01,2025-10-23,2025-10-22,20251023,2026.10.01 15:30:00,raw/2ETF01_2025-10-23.json,d3d444ea478d3b1dbbdf3865b34d31be0e4894f012c341b136f131d50b4c03bb,equity,005930,삼성전자,7098,699862800,7098.0,699862800.0,98600.0
2ETF01,2025-10-23,2025-10-22,20251023,2026.10.01 15:30:00,raw/2ETF01_2025-10-23.json,d3d444ea478d3b1dbbdf3865b34d31be0e4894f012c341b136f131d50b4c03bb,equity,005940,NH투자증권,221,4585750,221.0,4585750.0,20750.0
2ETF01,2025-10-23,2025-10-22,20251023,2026.10.01 15:30:00,raw/2ETF01_2025-10-23.json,d3d444ea478d3b1dbbdf3865b34d31be0e4894f012c341b136f131d50b4c03bb,equity,006040,동원산업,6,256500,6.0,256500.0,42750.0
2ETF01,2025-10-23,2025-10-22,20251023,2026.10.01 15:30:00,raw/2ETF01_2025-10-23.json,d3d444ea478d3b1dbbdf3865b34d31be0e4894f012c341b136f131d50b4c03bb,equity,006260,LS,26,5226000,26.0,5226000.0,201000.0
2ETF01,2025-10-23,2025-10-22,20251023,2026.10.01 15:30:00,raw/2ETF01_2025-10-23.json,d3d444ea478d3b1dbbdf3865b34d31be0e4894f012c341b136f131d50b4c03bb,equity,006280,녹십자,8,1057600,8.0,1057600.0,132200.0
2ETF01,2025-10-23,2025-10-22,20251023,2026.10.01 15:30:00,raw/2ETF01_2025-10-23.json,d3d444ea478d3b1dbbdf3865b34d31be0e4894f012c341b136f131d50b4c03bb,equity,006360,GS건설,97,1834270,97.0,1834270.0,18910.0
2ETF01,2025-10-23,2025-10-22,20251023,2026.10.01 15:30:00,raw/2ETF01_2025-10-23.json,d3d444ea478d3b1dbbdf3865b34d31be0e4894f012c341b136f131d50b4c03bb,equity,006400,삼성SDI,92,24150000,92.0,24150000.0,262500.0
2ETF01,2025-10-23,2025-10-22,20251023,2026.10.01 15:30:00,raw/2ETF01_2025-10-23.json,d3d444ea478d3b1dbbdf3865b34d31be0e4894f012c341b136f131d50b4c03bb,equity,006650,대한유화,5,667500,5.0,667500.0,133500.0
2ETF01,2025-10-23,2025-10-22,20251023,2026.10.01 15:30:00,raw/2ETF01_2025-10-23.json,d3d444ea478d3b1dbbdf3865b34d31be0e4894f012c341b136f131d50b4c03bb,equity,006800,미래에셋증권,415,9856250,415.0,9856250.0,23750.0
2ETF01,2025-10-23,2025-10-22,20251023,2026.10.01 15:30:00,raw/2ETF01_2025-10-23.json,d3d444ea478d3b1dbbdf3865b34d31be0e4894f012c341b136f131d50b4c03bb,equity,007070,GS리테일,51,896580,51.0,896580.0,17580.0
2ETF01,2025-10-23,2025-10-22,20251023,2026.10.01 15:30:00,raw/2ETF01_2025-10-23.json,d3d444ea478d3b1dbbdf3865b34d31be0e4894f012c341b136f131d50b4c03bb,equity,007310,오뚜기,2,785000,2.0,785000.0,392500.0
2ETF01,2025-10-23,2025-10-22,20251023,2026.10.01 15:30:00,raw/2ETF01_2025-10-23.json,d3d444ea478d3b1dbbdf3865b34d31be0e4894f012c341b136f131d50b4c03bb,equity,007340,DN오토모티브,31,750200,31.0,750200.0,24200.0
2ETF01,2025-10-23,2025-10-22,20251023,2026.10.01 15:30:00,raw/2ETF01_2025-10-23.json,d3d444ea478d3b1dbbdf3865b34d31be0e4894f012c341b136f131d50b4c03bb,equity,008730,율촌화학,16,576000,16.0,576000.0,36000.0
2ETF01,2025-10-23,2025-10-22,20251023,2026.10.01 15:30:00,raw/2ETF01_2025-10-23.json,d3d444ea478d3b1dbbdf3865b34d31be0e4894f012c341b136f131d50b4c03bb,equity,008770,호텔신라,46,2281600,46.0,2281600.0,49600.0
2ETF01,2025-10-23,2025-10-22,20251023,2026.10.01 15:30:00,raw/2ETF01_2025-10-23.json,d3d444ea478d3b1dbbdf3865b34d31be0e4894f012c341b136f131d50b4c03bb,equity,008930,한미사이언스,42,1608600,42.0,1608600.0,38300.0
2ETF01,2025-10-23,2025-10-22,20251023,2026.10.01 15:30:00,raw/2ETF01_2025-10-23.json,d3d444ea478d3b1dbbdf3865b34d31be0e4894f012c341b136f131d50b4c03bb,equity,009150,삼성전기,84,17808000,84.0,17808000.0,212000.0
2ETF01,2025-10-23,2025-10-22,20251023,2026.10.01 15:30:00,raw/2ETF01_2025-10-23.json,d3d444ea478d3b1dbbdf3865b34d31be0e4894f012c341b136f131d50b4c03bb,equity,009240,한샘,12,536400,12.0,536400.0,44700.0
2ETF01,2025-10-23,2025-10-22,20251023,2026.10.01 15:30:00,raw/2ETF01_2025-10-23.json,d3d444ea478d3b1dbbdf3865b34d31be0e4894f012c341b136f131d50b4c03bb,equity,009420,한올바이오파마,54,1863000,54.0,1863000.0,34500.0
2ETF01,2025-10-23,2025-10-22,20251023,2026.10.01 15:30:00,raw/2ETF01_2025-10-23.json,d3d444ea478d3b1dbbdf3865b34d31be0e4894f012c341b136f131d50b4c03bb,equity,009540,HD한국조선해양,71,32802000,71.0,32802000.0,462000.0
2ETF01,2025-10-23,2025-10-22,20251023,2026.10.01 15:30:00,raw/2ETF01_2025-10-23.json,d3d444ea478d3b1dbbdf3865b34d31be0e4894f012c341b136f131d50b4c03bb,equity,009830,한화솔루션,164,4944600,164.0,4944600.0,30150.0
2ETF01,2025-10-23,2025-10-22,20251023,2026.10.01 15:30:00,raw/2ETF01_2025-10-23.json,d3d444ea478d3b1dbbdf3865b34d31be0e4894f012c341b136f131d50b4c03bb,equity,009970,영원무역홀딩스,8,1127200,8.0,1127200.0,140900.0
2ETF01,2025-10-23,2025-10-22,20251023,2026.10.01 15:30:00,raw/2ETF01_2025-10-23.json,d3d444ea478d3b1dbbdf3865b34d31be0e4894f012c341b136f131d50b4c03bb,equity,010060,OCI홀딩스,20,2080000,20.0,2080000.0,104000.0
2ETF01,2025-10-23,2025-10-22,20251023,2026.10.01 15:30:00,raw/2ETF01_2025-10-23.json,d3d444ea478d3b1dbbdf3865b34d31be0e4894f012c341b136f131d50b4c03bb,equity,010120,LS ELECTRIC,24,7668000,24.0,7668000.0,319500.0
2ETF01,2025-10-23,2025-10-22,20251023,2026.10.01 15:30:00,raw/2ETF01_2025-10-23.json,d3d444ea478d3b1dbbdf3865b34d31be0e4894f012c341b136f131d50b4c03bb,equity,010130,고려아연,9,10656000,9.0,10656000.0,1184000.0
2ETF01,2025-10-23,2025-10-22,20251023,2026.10.01 15:30:00,raw/2ETF01_2025-10-23.json,d3d444ea478d3b1dbbdf3865b34d31be0e4894f012c341b136f131d50b4c03bb,equity,010140,삼성중공업,1000,24100000,1000.0,24100000.0,24100.0
2ETF01,2025-10-23,2025-10-22,20251023,2026.10.01 15:30:00,raw/2ETF01_2025-10-23.json,d3d444ea478d3b1dbbdf3865b34d31be0e4894f012c341b136f131d50b4c03bb,equity,010620,HD현대미포,34,7939000,34.0,7939000.0,233500.0
2ETF01,2025-10-23,2025-10-22,20251023,2026.10.01 15:30:00,raw/2ETF01_2025-10-23.json,d3d444ea478d3b1dbbdf3865b34d31be0e4894f012c341b136f131d50b4c03bb,equity,010950,S-Oil,63,4573800,63.0,4573800.0,72600.0
2ETF01,2025-10-23,2025-10-22,20251023,2026.10.01 15:30:00,raw/2ETF01_2025-10-23.json,d3d444ea478d3b1dbbdf3865b34d31be0e4894f012c341b136f131d50b4c03bb,equity,011070,LG이노텍,22,4818000,22.0,4818000.0,219000.0
2ETF01,2025-10-23,2025-10-22,20251023,2026.10.01 15:30:00,raw/2ETF01_2025-10-23.json,d3d444ea478d3b1dbbdf3865b34d31be0e4894f012c341b136f131d50b4c03bb,equity,011170,롯데케미칼,27,2049300,27.0,2049300.0,75900.0
2ETF01,2025-10-23,2025-10-22,20251023,2026.10.01 15:30:00,raw/2ETF01_2025-10-23.json,d3d444ea478d3b1dbbdf3865b34d31be0e4894f012c341b136f131d50b4c03bb,equity,011200,HMM,474,9882900,474.0,9882900.0,20850.0
2ETF01,2025-10-23,2025-10-22,20251023,2026.10.01 15:30:00,raw/2ETF01_2025-10-23.json,d3d444ea478d3b1dbbdf3865b34d31be0e4894f012c341b136f131d50b4c03bb,equity,011210,현대위아,23,1334000,23.0,1334000.0,58000.0
2ETF01,2025-10-23,2025-10-22,20251023,2026.10.01 15:30:00,raw/2ETF01_2025-10-23.json,d3d444ea478d3b1dbbdf3865b34d31be0e4894f012c341b136f131d50b4c03bb,equity,011780,금호석유화학,23,2679500,23.0,2679500.0,116500.0
2ETF01,2025-10-23,2025-10-22,20251023,2026.10.01 15:30:00,raw/2ETF01_2025-10-23.json,d3d444ea478d3b1dbbdf3865b34d31be0e4894f012c341b136f131d50b4c03bb,equity,011790,SKC,30,3249000,30.0,3249000.0,108300.0
2ETF01,2025-10-23,2025-10-22,20251023,2026.10.01 15:30:00,raw/2ETF01_2025-10-23.json,d3d444ea478d3b1dbbdf3865b34d31be0e4894f012c341b136f131d50b4c03bb,equity,012330,현대모비스,95,29877500,95.0,29877500.0,314500.0
2ETF01,2025-10-23,2025-10-22,20251023,2026.10.01 15:30:00,raw/2ETF01_2025-10-23.json,d3d444ea478d3b1dbbdf3865b34d31be0e4894f012c341b136f131d50b4c03bb,equity,012450,한화에어로스페이스,53,53371000,53.0,53371000.0,1007000.0
2ETF01,2025-10-23,2025-10-22,20251023,2026.10.01 15:30:00,raw/2ETF01_2025-10-23.json,d3d444ea478d3b1dbbdf3865b34d31be0e4894f012c341b136f131d50b4c03bb,equity,012630,HDC,39,694980,39.0,694980.0,17820.0
2ETF01,2025-10-23,2025-10-22,20251023,2026.10.01 15:30:00,raw/2ETF01_2025-10-23.json,d3d444ea478d3b1dbbdf3865b34d31be0e4894f012c341b136f131d50b4c03bb,equity,012750,에스원,37,2826800,37.0,2826800.0,76400.0
2ETF01,2025-10-23,2025-10-22,20251023,2026.10.01 15:30:00,raw/2ETF01_2025-10-23.json,d3d444ea478d3b1dbbdf3865b34d31be0e4894f012c341b136f131d50b4c03bb,equity,014680,한솔케미칼,13,2665000,13.0,2665000.0,205000.0
2ETF01,2025-10-23,2025-10-22,20251023,2026.10.01 15:30:00,raw/2ETF01_2025-10-23.json,d3d444ea478d3b1dbbdf3865b34d31be0e4894f012c341b136f131d50b4c03bb,equity,014820,동원시스템즈,8,234000,8.0,234000.0,29250.0
2ETF01,2025-10-23,2025-10-22,20251023,2026.10.01 15:30:00,raw/2ETF01_2025-10-23.json,d3d444ea478d3b1dbbdf3865b34d31be0e4894f012c341b136f131d50b4c03bb,equity,015760,한국전력,477,20940300,477.0,20940300.0,43900.0
2ETF01,2025-10-23,2025-10-22,20251023,2026.10.01 15:30:00,raw/2ETF01_2025-10-23.json,d3d444ea478d3b1dbbdf3865b34d31be0e4894f012c341b136f131d50b4c03bb,equity,016360,삼성증권,92,7093200,92.0,7093200.0,77100.0
2ETF01,2025-10-23,2025-10-22,20251023,2026.10.01 15:30:00,raw/2ETF01_2025-10-23.json,d3d444ea478d3b1dbbdf3865b34d31be0e4894f012c341b136f131d50b4c03bb,equity,017670,SK텔레콤,225,12285000,225.0,12285000.0,54600.0
2ETF01,2025-10-23,2025-10-22,20251023,2026.10.01 15:30:00,raw/2ETF01_2025-10-23.json,d3d444ea478d3b1dbbdf3865b34d31be0e4894f012c341b136f131d50b4c03bb,equity,017800,현대엘리베이터,39,3291600,39.0,3291600.0,84400.0
2ETF01,2025-10-23,2025-10-22,20251023,2026.10.01 15:30:00,raw/2ETF01_2025-10-23.json,d3d444ea478d3b1dbbdf3865b34d31be0e4894f012c341b136f131d50b4c03bb,equity,017960,한국카본,49,1798300,49.0,1798300.0,36700.0
2ETF01,2025-10-23,2025-10-22,20251023,2026.10.01 15:30:00,raw/2ETF01_2025-10-23.json,d3d444ea478d3b1dbbdf3865b34d31be0e4894f012c341b136f131d50b4c03bb,equity,018260,삼성에스디에스,57,9576000,57.0,9576000.0,168000.0
2ETF01,2025-10-23,2025-10-22,20251023,2026.10.01 15:30:00,raw/2ETF01_2025-10-23.json,d3d444ea478d3b1dbbdf3865b34d31be0e4894f012c341b136f131d50b4c03bb,equity,018880,한온시스템,247,976885,247.0,976885.0,3955.0
2ETF01,2025-10-23,2025-10-22,20251023,2026.10.01 15:30:00,raw/2ETF01_2025-10-23.json,d3d444ea478d3b1dbbdf3865b34d31be0e4894f012c341b136f131d50b4c03bb,equity,021240,코웨이,83,7810300,83.0,7810300.0,94100.0
2ETF01,2025-10-23,2025-10-22,20251023,2026.10.01 15:30:00,raw/2ETF01_2025-10-23.json,d3d444ea478d3b1dbbdf3865b34d31be0e4894f012c341b136f131d50b4c03bb,equity,022100,포스코DX,76,1953200,76.0,1953200.0,25700.0
2ETF01,2025-10-23,2025-10-22,20251023,2026.10.01 15:30:00,raw/2ETF01_2025-10-23.json,d3d444ea478d3b1dbbdf3865b34d31be0e4894f012c341b136f131d50b4c03bb,equity,023530,롯데쇼핑,15,1026000,15.0,1026000.0,68400.0
2ETF01,2025-10-23,2025-10-22,20251023,2026.10.01 15:30:00,raw/2ETF01_2025-10-23.json,d3d444ea478d3b1dbbdf3865b34d31be0e4894f012c341b136f131d50b4c03bb,equity,024110,기업은행,411,8059710,411.0,8059710.0,19610.0
2ETF01,2025-10-23,2025-10-22,20251023,2026.10.01 15:30:00,raw/2ETF01_2025-10-23.json,d3d444ea478d3b1dbbdf3865b34d31be0e4894f012c341b136f131d50b4c03bb,equity,026960,동서,47,1299550,47.0,1299550.0,27650.0
2ETF01,2025-10-23,2025-10-22,20251023,2026.10.01 15:30:00,raw/2ETF01_2025-10-23.json,d3d444ea478d3b1dbbdf3865b34d31be0e4894f012c341b136f131d50b4c03bb,equity,028050,삼성E&A,238,6759200,238.0,6759200.0,28400.0
2ETF01,2025-10-23,2025-10-22,20251023,2026.10.01 15:30:00,raw/2ETF01_2025-10-23.json,d3d444ea478d3b1dbbdf3865b34d31be0e4894f012c341b136f131d50b4c03bb,equity,028260,삼성물산,152,31616000,152.0,31616000.0,208000.0
2ETF01,2025-10-23,2025-10-22,20251023,2026.10.01 15:30:00,raw/2ETF01_2025-10-23.json,d3d444ea478d3b1dbbdf3865b34d31be0e4894f012c341b136f131d50b4c03bb,equity,028670,팬오션,340,1356600,340.0,1356600.0,3990.0
2ETF01,2025-10-23,2025-10-22,20251023,2026.10.01 15:30:00,raw/2ETF01_2025-10-23.json,d3d444ea478d3b1dbbdf3865b34d31be0e4894f012c341b136f131d50b4c03bb,equity,029780,삼성카드,40,2000000,40.0,2000000.0,50000.0
2ETF01,2025-10-23,2025-10-22,20251023,2026.10.01 15:30:00,raw/2ETF01_2025-10-23.json,d3d444ea478d3b1dbbdf3865b34d31be0e4894f012c341b136f131d50b4c03bb,equity,030000,제일기획,105,2142000,105.0,2142000.0,20400.0
2ETF01,2025-10-23,2025-10-22,20251023,2026.10.01 15:30:00,raw/2ETF01_2025-10-23.json,d3d444ea478d3b1dbbdf3865b34d31be0e4894f012c341b136f131d50b4c03bb,equity,030200,KT,332,16799200,332.0,16799200.0,50600.0
2ETF01,2025-10-23,2025-10-22,20251023,2026.10.01 15:30:00,raw/2ETF01_2025-10-23.json,d3d444ea478d3b1dbbdf3865b34d31be0e4894f012c341b136f131d50b4c03bb,equity,032640,LG유플러스,417,6246660,417.0,6246660.0,14980.0
2ETF01,2025-10-23,2025-10-22,20251023,2026.10.01 15:30:00,raw/2ETF01_2025-10-23.json,d3d444ea478d3b1dbbdf3865b34d31be0e4894f012c341b136f131d50b4c03bb,equity,032830,삼성생명,127,20269200,127.0,20269200.0,159600.0
2ETF01,2025-10-23,2025-10-22,20251023,2026.10.01 15:30:00,raw/2ETF01_2025-10-23.json,d3d444ea478d3b1dbbdf3865b34d31be0e4894f012c341b136f131d50b4c03bb,equity,033780,KT&G,141,19429800,141.0,19429800.0,137800.0
2ETF01,2025-10-23,2025-10-22,20251023,2026.10.01 15:30:00,raw/2ETF01_2025-10-23.json,d3d444ea478d3b1dbbdf3865b34d31be0e4894f012c341b136f131d50b4c03bb,equity,034020,두산에너빌리티,650,51350000,650.0,51350000.0,79000.0
2ETF01,2025-10-23,2025-10-22,20251023,2026.10.01 15:30:00,raw/2ETF01_2025-10-23.json,d3d444ea478d3b1dbbdf3865b34d31be0e4894f012c341b136f131d50b4c03bb,equity,034220,LG디스플레이,439,6229410,439.0,6229410.0,14190.0
2ETF01,2025-10-23,2025-10-22,20251023,2026.10.01 15:30:00,raw/2ETF01_2025-10-23.json,d3d444ea478d3b1dbbdf3865b34d31be0e4894f012c341b136f131d50b4c03bb,equity,034730,SK,54,12690000,54.0,12690000.0,235000.0
2ETF01,2025-10-23,2025-10-22,20251023,2026.10.01 15:30:00,raw/2ETF01_2025-10-23.json,d3d444ea478d3b1dbbdf3865b34d31be0e4894f012c341b136f131d50b4c03bb,equity,035250,강원랜드,172,2960120,172.0,2960120.0,17210.0
2ETF01,2025-10-23,2025-10-22,20251023,2026.10.01 15:30:00,raw/2ETF01_2025-10-23.json,d3d444ea478d3b1dbbdf3865b34d31be0e4894f012c341b136f131d50b4c03bb,equity,035420,NAVER,197,50333500,197.0,50333500.0,255500.0
2ETF01,2025-10-23,2025-10-22,20251023,2026.10.01 15:30:00,raw/2ETF01_2025-10-23.json,d3d444ea478d3b1dbbdf3865b34d31be0e4894f012c341b136f131d50b4c03bb,equity,035720,카카오,509,30998100,509.0,30998100.0,60900.0
2ETF01,2025-10-23,2025-10-22,20251023,2026.10.01 15:30:00,raw/2ETF01_2025-10-23.json,d3d444ea478d3b1dbbdf3865b34d31be0e4894f012c341b136f131d50b4c03bb,equity,036460,한국가스공사,49,2055550,49.0,2055550.0,41950.0
2ETF01,2025-10-23,2025-10-22,20251023,2026.10.01 15:30:00,raw/2ETF01_2025-10-23.json,d3d444ea478d3b1dbbdf3865b34d31be0e4894f012c341b136f131d50b4c03bb,equity,036570,엔씨소프트,26,5369000,26.0,5369000.0,206500.0
2ETF01,2025-10-23,2025-10-22,20251023,2026.10.01 15:30:00,raw/2ETF01_2025-10-23.json,d3d444ea478d3b1dbbdf3865b34d31be0e4894f012c341b136f131d50b4c03bb,equity,039130,하나투어,16,752000,16.0,752000.0,47000.0
2ETF01,2025-10-23,2025-10-22,20251023,2026.10.01 15:30:00,raw/2ETF01_2025-10-23.json,d3d444ea478d3b1dbbdf3865b34d31be0e4894f012c341b136f131d50b4c03bb,equity,039490,키움증권,21,5617500,21.0,5617500.0,267500.0
2ETF01,2025-10-23,2025-10-22,20251023,2026.10.01 15:30:00,raw/2ETF01_2025-10-23.json,d3d444ea478d3b1dbbdf3865b34d31be0e4894f012c341b136f131d50b4c03bb,equity,042660,한화오션,172,22772800,172.0,22772800.0,132400.0
2ETF01,2025-10-23,2025-10-22,20251023,2026.10.01 15:30:00,raw/2ETF01_2025-10-23.json,d3d444ea478d3b1dbbdf3865b34d31be0e4894f012c341b136f131d50b4c03bb,equity,042670,HD현대인프라코어,196,3151680,196.0,3151680.0,16080.0
2ETF01,2025-10-23,2025-10-22,20251023,2026.10.01 15:30:00,raw/2ETF01_2025-10-23.json,d3d444ea478d3b1dbbdf3865b34d31be0e4894f012c341b136f131d50b4c03bb,equity,042700,한미반도체,64,9696000,64.0,9696000.0,151500.0
2ETF01,2025-10-23,2025-10-22,20251023,2026.10.01 15:30:00,raw/2ETF01_2025-10-23.json,d3d444ea478d3b1dbbdf3865b34d31be0e4894f012c341b136f131d50b4c03bb,equity,047040,대우건설,302,1123440,302.0,1123440.0,3720.0
2ETF01,2025-10-23,2025-10-22,20251023,2026.10.01 15:30:00,raw/2ETF01_2025-10-23.json,d3d444ea478d3b1dbbdf3865b34d31be0e4894f012c341b136f131d50b4c03bb,equity,047050,포스코인터내셔널,69,3767400,69.0,3767400.0,54600.0
2ETF01,2025-10-23,2025-10-22,20251023,2026.10.01 15:30:00,raw/2ETF01_2025-10-23.json,d3d444ea478d3b1dbbdf3865b34d31be0e4894f012c341b136f131d50b4c03bb,equity,047810,한국항공우주,106,10663600,106.0,10663600.0,100600.0
2ETF01,2025-10-23,2025-10-22,20251023,2026.10.01 15:30:00,raw/2ETF01_2025-10-23.json,d3d444ea478d3b1dbbdf3865b34d31be0e4894f012c341b136f131d50b4c03bb,equity,051600,한전KPS,33,1692900,33.0,1692900.0,51300.0
2ETF01,2025-10-23,2025-10-22,20251023,2026.10.01 15:30:00,raw/2ETF01_2025-10-23.json,d3d444ea478d3b1dbbdf3865b34d31be0e4894f012c341b136f131d50b4c03bb,equity,051900,LG생활건강,14,4032000,14.0,4032000.0,288000.0
2ETF01,2025-10-23,2025-10-22,20251023,2026.10.01 15:30:00,raw/2ETF01_2025-10-23.json,d3d444ea478d3b1dbbdf3865b34d31be0e4894f012c341b136f131d50b4c03bb,equity,051910,LG화학,70,27370000,70.0,27370000.0,391000.0
2ETF01,2025-10-23,2025-10-22,20251023,2026.10.01 15:30:00,raw/2ETF01_2025-10-23.json,d3d444ea478d3b1dbbdf3865b34d31be0e4894f012c341b136f131d50b4c03bb,equity,052690,한전기술,28,2965200,28.0,2965200.0,105900.0
2ETF01,2025-10-23,2025-10-22,20251023,2026.10.01 15:30:00,raw/2ETF01_2025-10-23.json,d3d444ea478d3b1dbbdf3865b34d31be0e4894f012c341b136f131d50b4c03bb,equity,055550,신한지주,633,46905300,633.0,46905300.0,74100.0
2ETF01,2025-10-23,2025-10-22,20251023,2026.10.01 15:30:00,raw/2ETF01_2025-10-23.json,d3d444ea478d3b1dbbdf3865b34d31be0e4894f012c341b136f131d50b4c03bb,equity,064350,현대로템,111,26029500,111.0,26029500.0,234500.0
2ETF01,2025-10-23,2025-10-22,20251023,2026.10.01 15:30:00,raw/2ETF01_2025-10-23.json,d3d444ea478d3b1dbbdf3865b34d31be0e4894f012c341b136f131d50b4c03bb,equity,066570,LG전자,164,14694400,164.0,14694400.0,89600.0
2ETF01,2025-10-23,2025-10-22,20251023,2026.10.01 15:30:00,raw/2ETF01_2025-10-23.json,d3d444ea478d3b1dbbdf3865b34d31be0e4894f012c341b136f131d50b4c03bb,equity,066970,엘앤에프,38,4423200,38.0,4423200.0,116400.0
2ETF01,2025-10-23,2025-10-22,20251023,2026.10.01 15:30:00,raw/2ETF01_2025-10-23.json,d3d444ea478d3b1dbbdf3865b34d31be0e4894f012c341b136f131d50b4c03bb,equity,068270,셀트리온,234,41722200,234.0,41722200.0,178300.0
2ETF01,2025-10-23,2025-10-22,20251023,2026.10.01 15:30:00,raw/2ETF01_2025-10-23.json,d3d444ea478d3b1dbbdf3865b34d31be0e4894f012c341b136f131d50b4c03bb,equity,069260,TKG휴켐스,33,601590,33.0,601590.0,18230.0
2ETF01,2025-10-23,2025-10-22,20251023,2026.10.01 15:30:00,raw/2ETF01_2025-10-23.json,d3d444ea478d3b1dbbdf3865b34d31be0e4894f012c341b136f131d50b4c03bb,equity,069620,대웅제약,7,973000,7.0,973000.0,139000.0
2ETF01,2025-10-23,2025-10-22,20251023,2026.10.01 15:30:00,raw/2ETF01_2025-10-23.json,d3d444ea478d3b1dbbdf3865b34d31be0e4894f012c341b136f131d50b4c03bb,equity,069960,현대백화점,21,1726200,21.0,1726200.0,82200.0
2ETF01,2025-10-23,2025-10-22,20251023,2026.10.01 15:30:00,raw/2ETF01_2025-10-23.json,d3d444ea478d3b1dbbdf3865b34d31be0e4894f012c341b136f131d50b4c03bb,equity,071050,한국금융지주,62,10781800,62.0,10781800.0,173900.0
2ETF01,2025-10-23,2025-10-22,20251023,2026.10.01 15:30:00,raw/2ETF01_2025-10-23.json,d3d444ea478d3b1dbbdf3865b34d31be0e4894f012c341b136f131d50b4c03bb,equity,071320,지역난방공사,4,406400,4.0,406400.0,101600.0
2ETF01,2025-10-23,2025-10-22,20251023,2026.10.01 15:30:00,raw/2ETF01_2025-10-23.json,d3d444ea478d3b1dbbdf3865b34d31be0e4894f012c341b136f131d50b4c03bb,equity,073240,금호타이어,239,1157955,239.0,1157955.0,4845.0
2ETF01,2025-10-23,2025-10-22,20251023,2026.10.01 15:30:00,raw/2ETF01_2025-10-23.json,d3d444ea478d3b1dbbdf3865b34d31be0e4894f012c341b136f131d50b4c03bb,equity,078930,GS,68,3328600,68.0,3328600.0,48950.0
2ETF01,2025-10-23,2025-10-22,20251023,2026.10.01 15:30:00,raw/2ETF01_2025-10-23.json,d3d444ea478d3b1dbbdf3865b34d31be0e4894f012c341b136f131d50b4c03bb,equity,079550,LIG넥스원,20,9000000,20.0,9000000.0,450000.0
2ETF01,2025-10-23,2025-10-22,20251023,2026.10.01 15:30:00,raw/2ETF01_2025-10-23.json,d3d444ea478d3b1dbbdf3865b34d31be0e4894f012c341b136f131d50b4c03bb,equity,081660,미스토홀딩스,52,2025400,52.0,2025400.0,38950.0
2ETF01,2025-10-23,2025-10-22,20251023,2026.10.01 15:30:00,raw/2ETF01_2025-10-23.json,d3d444ea478d3b1dbbdf3865b34d31be0e4894f012c341b136f131d50b4c03bb,equity,086280,현대글로비스,56,9710400,56.0,9710400.0,173400.0
2ETF01,2025-10-23,2025-10-22,20251023,2026.10.01 15:30:00,raw/2ETF01_2025-10-23.json,d3d444ea478d3b1dbbdf3865b34d31be0e4894f012c341b136f131d50b4c03bb,equity,086790,하나금융지주,381,33756600,381.0,33756600.0,88600.0
2ETF01,2025-10-23,2025-10-22,20251023,2026.10.01 15:30:00,raw/2ETF01_2025-10-23.json,d3d444ea478d3b1dbbdf3865b34d31be0e4894f012c341b136f131d50b4c03bb,equity,088350,한화생명,500,1580000,500.0,1580000.0,3160.0
2ETF01,2025-10-23,2025-10-22,20251023,2026.10.01 15:30:00,raw/2ETF01_2025-10-23.json,d3d444ea478d3b1dbbdf3865b34d31be0e4894f012c341b136f131d50b4c03bb,equity,090430,아모레퍼시픽,47,5658800,47.0,5658800.0,120400.0
2ETF01,2025-10-23,2025-10-22,20251023,2026.10.01 15:30:00,raw/2ETF01_2025-10-23.json,d3d444ea478d3b1dbbdf3865b34d31be0e4894f012c341b136f131d50b4c03bb,equity,093370,후성,83,563570,83.0,563570.0,6790.0
2ETF01,2025-10-23,2025-10-22,20251023,2026.10.01 15:30:00,raw/2ETF01_2025-10-23.json,d3d444ea478d3b1dbbdf3865b34d31be0e4894f012c341b136f131d50b4c03bb,equity,096770,SK이노베이션,113,14271900,113.0,14271900.0,126300.0
2ETF01,2025-10-23,2025-10-22,20251023,2026.10.01 15:30:00,raw/2ETF01_2025-10-23.json,d3d444ea478d3b1dbbdf3865b34d31be0e4894f012c341b136f131d50b4c03bb,equity,097950,CJ제일제당,12,2808000,12.0,2808000.0,234000.0
2ETF01,2025-10-23,2025-10-22,20251023,2026.10.01 15:30:00,raw/2ETF01_2025-10-23.json,d3d444ea478d3b1dbbdf3865b34d31be0e4894f012c341b136f131d50b4c03bb,equity,103140,풍산,25,2995000,25.0,2995000.0,119800.0
2ETF01,2025-10-23,2025-10-22,20251023,2026.10.01 15:30:00,raw/2ETF01_2025-10-23.json,d3d444ea478d3b1dbbdf3865b34d31be0e4894f012c341b136f131d50b4c03bb,equity,105560,KB금융,491,56857800,491.0,56857800.0,115800.0
2ETF01,2025-10-23,2025-10-22,20251023,2026.10.01 15:30:00,raw/2ETF01_2025-10-23.json,d3d444ea478d3b1dbbdf3865b34d31be0e4894f012c341b136f131d50b4c03bb,equity,111770,영원무역,33,2036100,33.0,2036100.0,61700.0
2ETF01,2025-10-23,2025-10-22,20251023,2026.10.01 15:30:00,raw/2ETF01_2025-10-23.json,d3d444ea478d3b1dbbdf3865b34d31be0e4894f012c341b136f131d50b4c03bb,equity,112610,씨에스윈드,36,1539000,36.0,1539000.0,42750.0
2ETF01,2025-10-23,2025-10-22,20251023,2026.10.01 15:30:00,raw/2ETF01_2025-10-23.json,d3d444ea478d3b1dbbdf3865b34d31be0e4894f012c341b136f131d50b4c03bb,equity,114090,GKL,46,757620,46.0,757620.0,16470.0
2ETF01,2025-10-23,2025-10-22,20251023,2026.10.01 15:30:00,raw/2ETF01_2025-10-23.json,d3d444ea478d3b1dbbdf3865b34d31be0e4894f012c341b136f131d50b4c03bb,equity,120110,코오롱인더,28,1057000,28.0,1057000.0,37750.0
2ETF01,2025-10-23,2025-10-22,20251023,2026.10.01 15:30:00,raw/2ETF01_2025-10-23.json,d3d444ea478d3b1dbbdf3865b34d31be0e4894f012c341b136f131d50b4c03bb,equity,128940,한미약품,10,3490000,10.0,3490000.0,349000.0
2ETF01,2025-10-23,2025-10-22,20251023,2026.10.01 15:30:00,raw/2ETF01_2025-10-23.json,d3d444ea478d3b1dbbdf3865b34d31be0e4894f012c341b136f131d50b4c03bb,equity,137310,에스디바이오센서,53,531060,53.0,531060.0,10020.0
2ETF01,2025-10-23,2025-10-22,20251023,2026.10.01 15:30:00,raw/2ETF01_2025-10-23.json,d3d444ea478d3b1dbbdf3865b34d31be0e4894f012c341b136f131d50b4c03bb,equity,138040,메리츠금융지주,117,13665600,117.0,13665600.0,116800.0
2ETF01,2025-10-23,2025-10-22,20251023,2026.10.01 15:30:00,raw/2ETF01_2025-10-23.json,d3d444ea478d3b1dbbdf3865b34d31be0e4894f012c341b136f131d50b4c03bb,equity,138930,BNK금융지주,391,5583480,391.0,5583480.0,14280.0
2ETF01,2025-10-23,2025-10-22,20251023,2026.10.01 15:30:00,raw/2ETF01_2025-10-23.json,d3d444ea478d3b1dbbdf3865b34d31be0e4894f012c341b136f131d50b4c03bb,equity,139130,iM금융지주,211,2850610,211.0,2850610.0,13510.0
2ETF01,2025-10-23,2025-10-22,20251023,2026.10.01 15:30:00,raw/2ETF01_2025-10-23.json,d3d444ea478d3b1dbbdf3865b34d31be0e4894f012c341b136f131d50b4c03bb,equity,139480,이마트,30,2262000,30.0,2262000.0,75400.0
2ETF01,2025-10-23,2025-10-22,20251023,2026.10.01 15:30:00,raw/2ETF01_2025-10-23.json,d3d444ea478d3b1dbbdf3865b34d31be0e4894f012c341b136f131d50b4c03bb,equity,145720,덴티움,10,566000,10.0,566000.0,56600.0
2ETF01,2025-10-23,2025-10-22,20251023,2026.10.01 15:30:00,raw/2ETF01_2025-10-23.json,d3d444ea478d3b1dbbdf3865b34d31be0e4894f012c341b136f131d50b4c03bb,equity,161390,한국타이어앤테크놀로지,109,4943150,109.0,4943150.0,45350.0
2ETF01,2025-10-23,2025-10-22,20251023,2026.10.01 15:30:00,raw/2ETF01_2025-10-23.json,d3d444ea478d3b1dbbdf3865b34d31be0e4894f012c341b136f131d50b4c03bb,equity,161890,한국콜마,26,2002000,26.0,2002000.0,77000.0
2ETF01,2025-10-23,2025-10-22,20251023,2026.10.01 15:30:00,raw/2ETF01_2025-10-23.json,d3d444ea478d3b1dbbdf3865b34d31be0e4894f012c341b136f131d50b4c03bb,equity,175330,JB금융지주,244,5551000,244.0,5551000.0,22750.0
2ETF01,2025-10-23,2025-10-22,20251023,2026.10.01 15:30:00,raw/2ETF01_2025-10-23.json,d3d444ea478d3b1dbbdf3865b34d31be0e4894f012c341b136f131d50b4c03bb,equity,180640,한진칼,71,7142600,71.0,7142600.0,100600.0
2ETF01,2025-10-23,2025-10-22,20251023,2026.10.01 15:30:00,raw/2ETF01_2025-10-23.json,d3d444ea478d3b1dbbdf3865b34d31be0e4894f012c341b136f131d50b4c03bb,equity,185750,종근당,12,963600,12.0,963600.0,80300.0
2ETF01,2025-10-23,2025-10-22,20251023,2026.10.01 15:30:00,raw/2ETF01_2025-10-23.json,d3d444ea478d3b1dbbdf3865b34d31be0e4894f012c341b136f131d50b4c03bb,equity,192080,더블유게임즈,16,814400,16.0,814400.0,50900.0
2ETF01,2025-10-23,2025-10-22,20251023,2026.10.01 15:30:00,raw/2ETF01_2025-10-23.json,d3d444ea478d3b1dbbdf3865b34d31be0e4894f012c341b136f131d50b4c03bb,equity,192820,코스맥스,12,2502000,12.0,2502000.0,208500.0
2ETF01,2025-10-23,2025-10-22,20251023,2026.10.01 15:30:00,raw/2ETF01_2025-10-23.json,d3d444ea478d3b1dbbdf3865b34d31be0e4894f012c341b136f131d50b4c03bb,equity,204320,HL만도,49,1842400,49.0,1842400.0,37600.0
2ETF01,2025-10-23,2025-10-22,20251023,2026.10.01 15:30:00,raw/2ETF01_2025-10-23.json,d3d444ea478d3b1dbbdf3865b34d31be0e4894f012c341b136f131d50b4c03bb,equity,207940,삼성바이오로직스,24,28152000,24.0,28152000.0,1173000.0
2ETF01,2025-10-23,2025-10-22,20251023,2026.10.01 15:30:00,raw/2ETF01_2025-10-23.json,d3d444ea478d3b1dbbdf3865b34d31be0e4894f012c341b136f131d50b4c03bb,equity,241560,두산밥캣,78,4648800,78.0,4648800.0,59600.0
2ETF01,2025-10-23,2025-10-22,20251023,2026.10.01 15:30:00,raw/2ETF01_2025-10-23.json,d3d444ea478d3b1dbbdf3865b34d31be0e4894f012c341b136f131d50b4c03bb,equity,251270,넷마블,48,2716800,48.0,2716800.0,56600.0
2ETF01,2025-10-23,2025-10-22,20251023,2026.10.01 15:30:00,raw/2ETF01_2025-10-23.json,d3d444ea478d3b1dbbdf3865b34d31be0e4894f012c341b136f131d50b4c03bb,equity,259960,크래프톤,44,12760000,44.0,12760000.0,290000.0
2ETF01,2025-10-23,2025-10-22,20251023,2026.10.01 15:30:00,raw/2ETF01_2025-10-23.json,d3d444ea478d3b1dbbdf3865b34d31be0e4894f012c341b136f131d50b4c03bb,equity,267250,HD현대,68,12287600,68.0,12287600.0,180700.0
2ETF01,2025-10-23,2025-10-22,20251023,2026.10.01 15:30:00,raw/2ETF01_2025-10-23.json,d3d444ea478d3b1dbbdf3865b34d31be0e4894f012c341b136f131d50b4c03bb,equity,267260,HD현대일렉트릭,34,23324000,34.0,23324000.0,686000.0
2ETF01,2025-10-23,2025-10-22,20251023,2026.10.01 15:30:00,raw/2ETF01_2025-10-23.json,d3d444ea478d3b1dbbdf3865b34d31be0e4894f012c341b136f131d50b4c03bb,equity,268280,미원에스씨,1,140000,1.0,140000.0,140000.0
2ETF01,2025-10-23,2025-10-22,20251023,2026.10.01 15:30:00,raw/2ETF01_2025-10-23.json,d3d444ea478d3b1dbbdf3865b34d31be0e4894f012c341b136f131d50b4c03bb,equity,271560,오리온,33,3372600,33.0,3372600.0,102200.0
2ETF01,2025-10-23,2025-10-22,20251023,2026.10.01 15:30:00,raw/2ETF01_2025-10-23.json,d3d444ea478d3b1dbbdf3865b34d31be0e4894f012c341b136f131d50b4c03bb,equity,272210,한화시스템,106,5840600,106.0,5840600.0,55100.0
2ETF01,2025-10-23,2025-10-22,20251023,2026.10.01 15:30:00,raw/2ETF01_2025-10-23.json,d3d444ea478d3b1dbbdf3865b34d31be0e4894f012c341b136f131d50b4c03bb,equity,278470,에이피알,37,8750500,37.0,8750500.0,236500.0
2ETF01,2025-10-23,2025-10-22,20251023,2026.10.01 15:30:00,raw/2ETF01_2025-10-23.json,d3d444ea478d3b1dbbdf3865b34d31be0e4894f012c341b136f131d50b4c03bb,equity,280360,롯데웰푸드,3,337800,3.0,337800.0,112600.0
2ETF01,2025-10-23,2025-10-22,20251023,2026.10.01 15:30:00,raw/2ETF01_2025-10-23.json,d3d444ea478d3b1dbbdf3865b34d31be0e4894f012c341b136f131d50b4c03bb,equity,282330,BGF리테일,12,1282800,12.0,1282800.0,106900.0
2ETF01,2025-10-23,2025-10-22,20251023,2026.10.01 15:30:00,raw/2ETF01_2025-10-23.json,d3d444ea478d3b1dbbdf3865b34d31be0e4894f012c341b136f131d50b4c03bb,equity,285130,SK케미칼,15,1033500,15.0,1033500.0,68900.0
2ETF01,2025-10-23,2025-10-22,20251023,2026.10.01 15:30:00,raw/2ETF01_2025-10-23.json,d3d444ea478d3b1dbbdf3865b34d31be0e4894f012c341b136f131d50b4c03bb,equity,298020,효성티앤씨,4,870000,4.0,870000.0,217500.0
2ETF01,2025-10-23,2025-10-22,20251023,2026.10.01 15:30:00,raw/2ETF01_2025-10-23.json,d3d444ea478d3b1dbbdf3865b34d31be0e4894f012c341b136f131d50b4c03bb,equity,298040,효성중공업,7,12047000,7.0,12047000.0,1721000.0
2ETF01,2025-10-23,2025-10-22,20251023,2026.10.01 15:30:00,raw/2ETF01_2025-10-23.json,d3d444ea478d3b1dbbdf3865b34d31be0e4894f012c341b136f131d50b4c03bb,equity,298050,HS효성첨단소재,4,765600,4.0,765600.0,191400.0
2ETF01,2025-10-23,2025-10-22,20251023,2026.10.01 15:30:00,raw/2ETF01_2025-10-23.json,d3d444ea478d3b1dbbdf3865b34d31be0e4894f012c341b136f131d50b4c03bb,equity,300720,한일시멘트,24,437760,24.0,437760.0,18240.0
2ETF01,2025-10-23,2025-10-22,20251023,2026.10.01 15:30:00,raw/2ETF01_2025-10-23.json,d3d444ea478d3b1dbbdf3865b34d31be0e4894f012c341b136f131d50b4c03bb,equity,302440,SK바이오사이언스,39,1965600,39.0,1965600.0,50400.0
2ETF01,2025-10-23,2025-10-22,20251023,2026.10.01 15:30:00,raw/2ETF01_2025-10-23.json,d3d444ea478d3b1dbbdf3865b34d31be0e4894f012c341b136f131d50b4c03bb,equity,316140,우리금융지주,1024,26828800,1024.0,26828800.0,26200.0
2ETF01,2025-10-23,2025-10-22,20251023,2026.10.01 15:30:00,raw/2ETF01_2025-10-23.json,d3d444ea478d3b1dbbdf3865b34d31be0e4894f012c341b136f131d50b4c03bb,equity,323410,카카오뱅크,513,12132450,513.0,12132450.0,23650.0
2ETF01,2025-10-23,2025-10-22,20251023,2026.10.01 15:30:00,raw/2ETF01_2025-10-23.json,d3d444ea478d3b1dbbdf3865b34d31be0e4894f012c341b136f131d50b4c03bb,equity,326030,SK바이오팜,42,4544400,42.0,4544400.0,108200.0
2ETF01,2025-10-23,2025-10-22,20251023,2026.10.01 15:30:00,raw/2ETF01_2025-10-23.json,d3d444ea478d3b1dbbdf3865b34d31be0e4894f012c341b136f131d50b4c03bb,equity,329180,HD현대중공업,34,19754000,34.0,19754000.0,581000.0
2ETF01,2025-10-23,2025-10-22,20251023,2026.10.01 15:30:00,raw/2ETF01_2025-10-23.json,d3d444ea478d3b1dbbdf3865b34d31be0e4894f012c341b136f131d50b4c03bb,equity,352820,하이브,32,9008000,32.0,9008000.0,281500.0
2ETF01,2025-10-23,2025-10-22,20251023,2026.10.01 15:30:00,raw/2ETF01_2025-10-23.json,d3d444ea478d3b1dbbdf3865b34d31be0e4894f012c341b136f131d50b4c03bb,equity,361610,SK아이이테크놀로지,44,1458600,44.0,1458600.0,33150.0
2ETF01,2025-10-23,2025-10-22,20251023,2026.10.01 15:30:00,raw/2ETF01_2025-10-23.json,d3d444ea478d3b1dbbdf3865b34d31be0e4894f012c341b136f131d50b4c03bb,equity,373220,LG에너지솔루션,53,24088500,53.0,24088500.0,454500.0
2ETF01,2025-10-23,2025-10-22,20251023,2026.10.01 15:30:00,raw/2ETF01_2025-10-23.json,d3d444ea478d3b1dbbdf3865b34d31be0e4894f012c341b136f131d50b4c03bb,equity,375500,DL이앤씨,45,1885500,45.0,1885500.0,41900.0
2ETF01,2025-10-23,2025-10-22,20251023,2026.10.01 15:30:00,raw/2ETF01_2025-10-23.json,d3d444ea478d3b1dbbdf3865b34d31be0e4894f012c341b136f131d50b4c03bb,equity,377300,카카오페이,43,2330600,43.0,2330600.0,54200.0
2ETF01,2025-10-23,2025-10-22,20251023,2026.10.01 15:30:00,raw/2ETF01_2025-10-23.json,d3d444ea478d3b1dbbdf3865b34d31be0e4894f012c341b136f131d50b4c03bb,equity,383220,F&F,21,1373400,21.0,1373400.0,65400.0
2ETF01,2025-10-23,2025-10-22,20251023,2026.10.01 15:30:00,raw/2ETF01_2025-10-23.json,d3d444ea478d3b1dbbdf3865b34d31be0e4894f012c341b136f131d50b4c03bb,equity,402340,SK스퀘어,139,35931500,139.0,35931500.0,258500.0
2ETF01,2025-10-23,2025-10-22,20251023,2026.10.01 15:30:00,raw/2ETF01_2025-10-23.json,d3d444ea478d3b1dbbdf3865b34d31be0e4894f012c341b136f131d50b4c03bb,equity,443060,HD현대마린솔루션,12,2964000,12.0,2964000.0,247000.0
2ETF01,2025-10-23,2025-10-22,20251023,2026.10.01 15:30:00,raw/2ETF01_2025-10-23.json,d3d444ea478d3b1dbbdf3865b34d31be0e4894f012c341b136f131d50b4c03bb,equity,450080,에코프로머티,38,2641000,38.0,2641000.0,69500.0
2ETF01,2025-10-23,2025-10-22,20251023,2026.10.01 15:30:00,raw/2ETF01_2025-10-23.json,d3d444ea478d3b1dbbdf3865b34d31be0e4894f012c341b136f131d50b4c03bb,equity,454910,두산로보틱스,29,2088000,29.0,2088000.0,72000.0
2ETF01,2025-10-23,2025-10-22,20251023,2026.10.01 15:30:00,raw/2ETF01_2025-10-23.json,d3d444ea478d3b1dbbdf3865b34d31be0e4894f012c341b136f131d50b4c03bb,equity,456040,OCI,7,420700,7.0,420700.0,60100.0
2ETF01,2025-10-23,2025-10-22,20251023,2026.10.01 15:30:00,raw/2ETF01_2025-10-23.json,d3d444ea478d3b1dbbdf3865b34d31be0e4894f012c341b136f131d50b4c03bb,equity,457190,이수스페셜티케미컬,31,1788700,31.0,1788700.0,57700.0
2ETF01,2025-10-23,2025-10-22,20251023,2026.10.01 15:30:00,raw/2ETF01_2025-10-23.json,d3d444ea478d3b1dbbdf3865b34d31be0e4894f012c341b136f131d50b4c03bb,equity,489790,한화비전,52,2698800,52.0,2698800.0,51900.0
