symbol,date,pre5,ret
A,2026-05-27,2.649187196309999,17.770248695948254
A,2026-02-25,0.42786823313558653,-2.4276583027473375
A,2025-11-24,3.0172928894742546,2.0628005762213464
A,2025-08-27,-1.5069409565998448,6.221468170534306
A,2025-05-28,-1.9217166083175474,0.593194592236479
A,2025-02-26,-0.7544388618901054,-4.665356560530498
A,2024-11-25,5.327759747179206,3.2128041350328207
A,2024-08-21,1.6955220244392555,0.8014297524529201
AAPL,2026-04-30,-1.0982225643397348,2.4651031534751233
AAPL,2026-01-29,3.5493629494960155,5.29168424751143
AAPL,2025-10-30,4.352872552486109,-0.24100724894066117
AAPL,2025-07-31,-2.38151631899588,-2.7266199297194427
AAPL,2025-05-01,3.8611907716721072,-6.404706088208911
AAPL,2025-01-30,6.938310607530451,-4.741821928503742
AAPL,2024-10-31,-0.28599859978603037,-3.515873217896248
ABBV,2026-04-29,-3.6222694528668,4.507057778590373
ABBV,2026-02-04,0.7725717815857847,-0.9882163038695602
ABBV,2025-10-31,-0.021911861214840567,-5.394380846725177
ABBV,2025-07-31,-0.6507524851941837,4.162494914118398
ABBV,2025-04-25,5.061746070492434,7.285020251391927
ABBV,2025-01-31,2.9179061383900695,8.14119509579545
ABBV,2024-10-30,0.36554399108641444,7.442607476773477
ABNB,2026-05-07,-0.2851396492479896,-2.0231639492903852
ABNB,2026-02-12,-4.060667309051769,3.914680205528409
ABNB,2025-11-06,-3.14674513859855,-1.8775535116390296
ABNB,2025-08-06,-5.027762209986541,-6.879047098300006
ABNB,2025-05-01,3.077442870489411,2.4360246598655433
ABNB,2025-02-13,8.425924116255956,14.289781682699498
ABNB,2024-11-07,3.2307719136332347,-2.490958536940868
ABT,2026-07-16,-5.54034347389587,13.879251131354554
ABT,2026-04-16,-1.3160030468142292,-5.474593681465823
ABT,2026-01-22,-2.3800760650536046,-9.906406307039061
ABT,2025-10-15,0.18793156159944147,-3.1202982240846167
ABT,2025-07-17,-0.6670487589006235,-5.556395604374764
ABT,2025-04-16,2.3030992612115275,2.9076097895029296
ABT,2025-01-22,3.721935791094988,7.055393747248595
ABT,2024-10-16,1.7159036545447703,2.8780790625994923
ACGL,2026-07-28,2.0131546553091573,-2.6376568504186904
ACGL,2026-04-28,-1.1693501021935115,-1.9615977369798032
ACGL,2026-02-09,5.112448964919802,-2.3179756400491636
ACGL,2025-10-27,0.7397981433876266,-1.4916844853660516
ACGL,2025-07-29,-1.1993181212536008,-0.5086733426661882
ACGL,2025-04-29,1.559195357616705,-1.6668540758485118
ACGL,2025-02-10,0.46201816545154983,-5.6042757901278435
ACGL,2024-10-30,-2.773911084218561,-8.377865621242165
ACN,2026-06-18,-8.498534615171083,-18.588547741203843
ACN,2026-03-19,-3.1417585725940556,2.495521751555141
ACN,2025-12-18,0.5583750304919866,-1.1214947741479353
ACN,2025-09-25,-0.8953761664420967,3.312696277409133
ACN,2025-06-20,-4.022307901323019,-1.8473700847769114
ACN,2025-03-20,0.04315176453277836,-5.3286845057652465
ACN,2024-12-19,-4.460752864486805,3.210496530756335
ACN,2024-09-26,0.25879238836370444,4.874652793626133
ADBE,2026-06-11,-8.921318382291988,-11.577686051565783
ADBE,2026-03-12,0.21602092429646724,-7.9828985155306675
ADBE,2025-12-10,6.663365424957357,3.5170728084236824
ADBE,2025-09-11,0.47632816703282455,-0.8738855170753679
ADBE,2025-06-12,-0.25851207140483723,-2.6911116776751176
ADBE,2025-03-12,-2.7733549651462797,-8.974775884118491
ADBE,2024-12-11,5.964044753596531,-14.872495597669811
ADBE,2024-09-12,0.8917870287375118,-10.145078119068085
ADI,2026-05-20,-1.2724880132960692,-4.1611342027952585
ADI,2026-02-18,4.50197448434726,5.190956417848991
ADI,2025-11-25,4.114117185802857,10.83541517521347
ADI,2025-08-20,-0.6895252434067412,9.442799073283425
ADI,2025-05-22,-2.028045480542162,-2.398518542544714
ADI,2025-02-19,7.497796956246883,8.486972563638794
ADI,2024-11-26,6.644415310389906,-2.4733867548694333
ADI,2024-08-21,2.513663654477072,2.1924724769108783
ADM,2026-05-05,8.123048027279367,1.6520258711224756
ADM,2026-02-03,1.053870529859391,-3.892475816651164
ADM,2025-11-04,-2.9867510116599605,-5.60825295409213
ADM,2025-08-05,-0.7304499337052017,6.43855717716153
ADM,2025-05-06,-1.144648790071412,0.4210699862622791
ADM,2025-02-04,-4.121141094216396,-8.936429049530116
ADM,2024-11-18,2.3403025986834747,0.3186497331643112
ADP,2026-07-28,-0.10186873531937701,3.486547783594718
ADP,2026-04-29,-1.8238254780515661,7.551341153512436
ADP,2026-01-28,-0.23129024920974794,-3.021485088879694
ADP,2025-10-29,-1.531797261758705,-6.912709978082843
ADP,2025-07-30,1.8681085468253977,-2.656812528213748
ADP,2025-04-30,0.9832970905112592,2.637181549587564
ADP,2025-01-29,0.05367642596207922,1.575540590168556
ADP,2024-10-30,-1.163575643241277,0.07986038205984869
ADSK,2026-05-28,-2.932504732436858,4.7088623046875
ADSK,2026-02-26,-2.145907467873287,9.843870434207268
ADSK,2025-11-25,-0.7226967438403786,4.654127980096456
ADSK,2025-08-28,-0.9285218551236096,11.613915033174994
ADSK,2025-05-22,-0.8831345312571792,2.5364397165041686
ADSK,2025-02-27,-4.4773571324048245,-4.774744988027246
ADSK,2024-11-26,5.74078051853919,-8.607038257665078
ADSK,2024-08-29,1.0156302401767014,1.260698891145906
AEE,2026-05-05,0.42890792598477834,-3.2209307174493995
AEE,2026-02-11,1.7017576700469217,4.906405609476905
AEE,2025-11-05,-1.3646870926839694,2.6886453366527174
AEE,2025-07-31,-0.08006979170781525,3.425482927718715
AEE,2025-05-01,0.6184846808722444,0.3123798653871024
AEE,2025-02-13,0.6623941502306385,1.1104162544394613
AEE,2024-11-06,1.918388541315208,2.8861393481496744
AEP,2026-05-05,-0.3035459782376737,-2.153582130079168
AEP,2026-02-12,2.6976164733266694,6.535790969850996
AEP,2025-10-29,-1.9756455186047073,4.473975528616503
AEP,2025-07-30,-0.8533064069216834,3.9919358616340883
AEP,2025-05-06,0.3549512934993837,-2.0941916139648575
AEP,2025-02-13,3.9414487250932106,-0.1465419566450854
AEP,2024-11-06,3.090656178544937,-3.0480676447281363
AES,2026-05-05,-0.2341391541079929,0.07003149930600028
AES,2026-03-02,4.663859703108875,-17.30325325939399
AES,2025-11-04,-4.809170220895343,4.185029876272761
AES,2025-07-31,-6.169290637308111,4.068703440137056
AES,2025-05-01,-1.1857738573490928,4.438091592416837
AES,2025-02-28,-2.7178974261871436,4.23891891203394
AES,2024-10-31,-3.864179188802752,-6.263846988332911
AFL,2026-04-29,0.27593364261107034,-2.932330931193483
AFL,2026-02-04,3.377007581319069,4.560871462621363
AFL,2025-11-04,-0.539276872221528,6.291475676091962
AFL,2025-08-05,-2.2997650460368613,3.7743534279997215
AFL,2025-04-30,0.26775302454649097,-2.8268889027892263
AFL,2025-02-05,-0.48471158639746825,-2.9786418147866978
AFL,2024-10-30,-1.9258284306848839,-4.8090930009041415
AIG,2026-04-30,-2.9462048885325554,5.1090898228696835
AIG,2026-02-10,1.3257645629000558,5.20693746740688
AIG,2025-11-04,-0.44130745055523946,-3.3941251663750727
AIG,2025-08-06,-0.6082140571405215,-0.39521692515536166
AIG,2025-05-01,-0.15923736870274707,1.876857697930312
AIG,2025-02-11,2.7222947603306347,1.7445870723596935
AIG,2024-11-04,-1.431910728439234,1.7168408225990195
AIZ,2026-05-05,-1.5469243297064783,2.042599759172914
AIZ,2026-02-10,-2.1090697654935653,-8.856022025989663
AIZ,2025-11-04,-0.03770395428220885,2.2158263980226467
AIZ,2025-08-05,2.1801462738187727,6.845622524582562
AIZ,2025-05-06,2.178996578008019,-0.819421639199458
AIZ,2025-02-11,0.04237057666516275,-2.1220512400986657
AIZ,2024-11-05,-1.5651465841393875,7.662518773674498
AJG,2026-04-30,-4.206052486977407,-2.2567407936709527
AJG,2026-01-29,-3.0830183210644346,1.196527303287187
AJG,2025-10-30,-7.426522907532118,-7.266610222517967
AJG,2025-07-31,-8.027921703487252,-0.4303329795630195
AJG,2025-05-01,-3.345499497751958,4.418600928723482
AJG,2025-01-30,0.20442623006196037,5.066298243599565
AJG,2024-10-24,-0.2037868586319047,-1.0175553766060497
AKAM,2026-05-07,22.23446305958894,25.428311489690756
AKAM,2026-02-19,15.794487067489516,-9.651446032379729
AKAM,2025-11-06,-0.04108858843874241,19.3751695522566
AKAM,2025-08-07,-4.586208446871809,-5.196029232216404
AKAM,2025-05-08,2.8294846456781597,-4.911899185185087
AKAM,2025-02-20,-1.1047496030088366,-22.551366575506083
AKAM,2024-11-07,2.8080516968080893,-13.026453546852434
ALB,2026-05-06,4.237563997387017,4.465656842071364
ALB,2026-02-11,-1.2189422796248128,-1.3110987216177872
ALB,2025-11-05,-8.512624695718586,9.869986657985308
ALB,2025-07-30,-13.983665852647098,-5.167586633676735
ALB,2025-04-30,8.56306827713411,1.4127201623961971
ALB,2025-02-12,-8.220177597536683,7.278739726644923
ALB,2024-11-06,3.2384828342922,1.0623451714600662
ALGN,2026-04-29,-9.180327074337423,0.9194522191089183
ALGN,2026-02-04,-5.980597842375712,19.452405258272854
ALGN,2025-10-29,-2.261049628141232,3.560166377417451
ALGN,2025-07-30,6.054828479760355,-33.666971531062806
ALGN,2025-04-30,2.2315551801778133,1.1645610825421926
ALGN,2025-02-05,-5.049298431003546,-1.9557610934771485
ALGN,2024-10-23,-3.8056110290516476,4.0273258343946905
ALL,2026-04-29,0.02773019590025516,0.08780330132474035
ALL,2026-02-04,3.5939871275308066,2.8646482799090434
ALL,2025-11-05,2.3107095496986307,3.6003250847120194
ALL,2025-07-30,-1.787986362739702,3.027349041765204
ALL,2025-04-30,2.5219336190352326,0.2565408474321851
ALL,2025-02-05,-0.04713514079504044,-0.3300604011275299
ALL,2024-10-30,-3.221275128818324,-1.2971115991926796
ALLE,2026-07-23,3.04078147644673,12.997501134732769
ALLE,2026-04-28,2.260202908946485,-7.358489884225216
ALLE,2026-02-17,-0.15018658041197064,-10.178276702242151
ALLE,2025-10-23,-1.0040606779294303,-2.5982994185689834
ALLE,2025-07-24,5.675353744890943,6.031356189312831
ALLE,2025-04-24,-0.3467303717632264,8.54025850882043
ALLE,2025-02-18,3.6521740806152003,-4.707993404578447
ALLE,2024-10-24,-0.04638476081807452,-5.654256980300376
AMAT,2026-05-14,1.8641204067900263,-5.277011691172106
AMAT,2026-02-12,14.206996502807456,5.663762696897834
AMAT,2025-11-13,-4.217697133751031,-0.8754800875194424
AMAT,2025-08-14,6.674521433720759,-13.9451689877784
AMAT,2025-05-15,11.76431365026389,-4.708846126099331
AMAT,2025-02-13,0.12176432825965477,-4.914589336991182
AMAT,2024-11-14,-2.522390759109705,-6.5977405245405185
AMAT,2024-08-15,12.951667006231071,4.617369873390698
AMCR,2026-05-06,-2.335237570050386,6.083947268260048
AMCR,2026-02-03,-1.7516299130886592,6.925719791255425
AMCR,2025-11-05,-5.7485037040717835,6.353232248132246
AMCR,2025-08-14,5.632313636282027,-14.688130776900522
AMCR,2025-04-30,-2.4058575400289217,-0.10718966865502777
AMCR,2025-02-04,-3.336703097653815,4.916316243415486
AMCR,2024-10-31,0.18116002362673633,-7.775764834808118
AMCR,2024-08-15,2.5986493894164076,-0.3752389570138237
AMD,2026-05-05,2.064968341535689,19.593599940240814
AMD,2026-02-03,-2.0054885739106854,-21.83376105072564
AMD,2025-11-04,-0.007709604580730112,-8.453686679843742
AMD,2025-08-05,1.796611223882083,-2.4776586226141872
AMD,2025-05-06,4.357295336484079,1.1034900594120378
AMD,2025-02-04,-0.6434270754012483,-3.596738515530895
AMD,2024-10-29,1.2792934455622573,-9.911199991374476
AME,2026-04-30,-1.1238449481881574,1.123447590061044
AME,2026-02-03,3.6032714852250347,0.9090062196966509
AME,2025-10-30,-0.4055420964300782,7.883165071100917
AME,2025-07-31,-2.4933747934427153,4.373150465118991
AME,2025-05-01,4.556380865006027,0.40689161562910137
AME,2025-02-04,-0.44336487748021236,-0.668017402177612
AME,2024-10-31,1.3439817880426919,6.518266939534034
AMGN,2026-04-30,-2.283773588125748,-4.192055033173158
AMGN,2026-02-03,-1.432706184426047,6.707673253608326
AMGN,2025-11-04,1.7653399504040879,6.5102954515342315
AMGN,2025-08-05,0.2157528479605375,-5.709748318030428
AMGN,2025-05-01,4.685133353546966,-3.732986541844985
AMGN,2025-02-04,2.092207299772819,3.084460301065528
AMGN,2024-10-30,-1.1449659472985818,1.018988714580682
AMP,2026-07-23,-0.08724433832051348,2.124065579483503
AMP,2026-04-23,0.07690134050015729,1.9956822161842913
AMP,2026-01-29,-0.8099289489577943,6.506289955259392
AMP,2025-10-30,1.224756877018951,-5.466633023456346
AMP,2025-07-24,2.309247691164762,-3.4471680915737046
AMP,2025-04-24,-0.9633955536742067,-0.7353965249382477
AMP,2025-01-29,2.3445555087064696,-4.980430281353875
AMP,2024-10-23,1.629410383466534,-2.9024590693632835
AMT,2026-07-28,-0.19154320011135484,4.629963395928782
AMT,2026-04-28,-3.5010469611669093,4.227039184142689
AMT,2026-02-24,-1.0671528282846232,-2.651936940056643
AMT,2025-10-28,-1.7350370506941215,-5.418219798042823
AMT,2025-07-29,-1.0110401645249234,-7.055887616877266
AMT,2025-04-29,-3.068950094362044,6.024604412121226
AMT,2025-02-25,1.383447912723068,6.234384723179476
AMT,2024-10-29,0.3386529474148192,-3.906047907667831
AMZN,2026-04-29,3.917413629491384,3.2961098021704327
AMZN,2026-02-05,-4.123282679795304,-10.416757672110965
AMZN,2025-10-30,5.666440136013606,10.290923419100363
AMZN,2025-07-31,0.8322787731182002,-8.054219709060195
AMZN,2025-05-01,2.11516718512188,1.0465285509884126
AMZN,2025-02-06,-0.3796385571636529,-1.2829736218778143
AMZN,2024-10-31,4.3419353159872776,1.5825263941112722
ANET,2026-05-05,0.0869681077420692,-17.88320935603701
ANET,2026-02-12,7.967458535516969,1.3649922642953172
ANET,2025-11-04,0.497416485836899,-14.956528087539889
ANET,2025-08-05,2.3819611651821226,15.729123843110226
ANET,2025-05-06,15.41310186581617,-3.441027555722731
ANET,2025-02-18,-9.791507009872424,-3.246936587932392
ANET,2024-11-07,6.848483615451384,-6.099923864729062
AON,2026-05-01,-3.680924274751818,1.1967861849229822
AON,2026-01-30,2.0806078669028727,1.1342748686722581
AON,2025-10-31,-3.8552780060321257,4.881307609151175
AON,2025-07-25,0.5583249111356992,-0.7234759795605283
AON,2025-04-25,-2.084127801889879,-4.15011222593531
AON,2025-01-31,2.05115776950362,1.6118175080565678
AON,2024-10-25,-0.5296072621046144,3.951236362325905
AOS,2026-04-30,-1.743551116728126,-7.043588211877438
AOS,2026-01-29,-3.8067531048393777,8.043449478884446
AOS,2025-10-28,-1.7189394605509833,-2.78386653573911
AOS,2025-07-24,4.893469926031679,-0.4903412329216428
AOS,2025-04-29,4.97487051359351,4.5905323545716525
AOS,2025-01-30,-2.4658373508061437,-2.657674010257649
AOS,2024-10-22,-4.86567398929304,-1.6030537517824017
APA,2026-05-06,7.322116283454627,-14.271928325709048
APA,2026-02-25,4.681781417521713,6.11460749174102
APA,2025-11-05,-2.8156625814857783,7.8768626124442465
APA,2025-08-05,-6.642809413461559,6.513397584811109
APA,2025-05-06,-6.344403096674234,4.38709969726514
APA,2025-02-25,-1.16681155288616,-10.71272329177171
APA,2024-11-07,5.368543861125508,-10.351791402087752
APD,2026-04-30,1.9342215463714618,-1.3719042241368329
APD,2026-01-30,-3.0374235626596913,8.5696361158218
APD,2025-11-06,-4.340825141925664,8.785147149449246
APD,2025-07-31,-2.604998488095389,-0.9133608957478723
APD,2025-05-01,2.398588216630193,0.41315119058515926
APD,2025-02-06,1.7842258420188273,-6.78371912741903
APD,2024-11-07,-1.931130072299636,2.34081746142083
APH,2026-04-29,-5.403794149700991,-0.9880329360616003
APH,2026-01-28,9.13805418721687,-13.335340550226714
APH,2025-10-22,1.467710151497692,7.537763775931916
APH,2025-07-23,2.3531778236210554,3.183335484245897
APH,2025-04-23,0.4430206468287068,15.361213054364464
APH,2025-01-22,6.409114770014046,6.146885611410879
APH,2024-10-23,1.7504016272449574,3.8294623529558702
APO,2026-05-06,5.446316569522169,2.225617694022275
APO,2026-02-09,-1.1223439919208378,-4.570398934853703
APO,2025-11-04,-1.915018875479646,4.058098573449387
APO,2025-08-05,-4.492257790896337,-0.6407635194007222
APO,2025-05-02,3.4278428473003997,-6.222358518602766
APO,2025-02-04,-0.083682726517742,-1.340353096856195
APO,2024-11-05,-3.7351569307338184,14.623806985551969
APP,2026-05-06,6.476179019513295,-1.9995394054705073
APP,2026-02-11,2.4101874611541785,-17.417327094648826
APP,2025-11-05,-2.8939750544775933,1.8482618346866486
APP,2025-08-06,4.507365974305921,20.65197783270525
APP,2025-05-07,5.448625715982014,7.8524108105682
APP,2025-02-12,-1.3175221261665038,35.94403860967687
APP,2024-11-06,-4.098939034034698,75.57211685731377
APTV,2026-05-05,-0.8989527522402674,-4.0651742290761295
APTV,2026-02-02,-0.9415472854840123,6.94389720954518
APTV,2025-10-30,1.526980628400909,-4.663635486248275
APTV,2025-07-31,-7.272984411888405,-2.729453639014079
APTV,2025-05-01,7.034327337081625,3.0143662190848852
APTV,2025-02-06,-2.2495211240381563,4.4230440088551815
APTV,2024-10-31,-0.6615836222474192,-19.024177570154365
ARE,2026-04-27,-2.5292955944353324,-13.39662885894385
ARE,2026-01-26,4.243803195803619,-8.510635219272844
ARE,2025-10-27,3.227115025126781,-24.092506427288217
ARE,2025-07-21,-1.7347844136392898,6.1021058682999785
ARE,2025-04-28,-2.517990905990264,-4.243545381519997
ARE,2025-01-27,1.5386070911685978,-5.7463225839771255
ARE,2024-10-21,3.5629257575573003,-1.5518538867267617
ARES,2026-05-01,2.282629713180784,4.73593812523041
ARES,2026-02-05,-8.39786063687612,0.021858973643773538
ARES,2025-11-03,-0.42184861208794944,3.0529135449446576
ARES,2025-08-01,1.7494738276150334,1.3205491886791654
ARES,2025-05-05,2.073045133831952,3.1896589143072918
ARES,2025-02-05,0.9090787721495186,-2.5696155306360935
ARES,2024-11-01,-1.8439455055593412,-1.9322427033172107
ATO,2026-05-06,0.0641175925996551,-3.4072082998705233
ATO,2026-02-03,-1.1750696014316442,2.9906365215689457
ATO,2025-11-06,0.5417620365898657,2.9955382673155118
ATO,2025-08-06,0.33309733858883916,4.890495297152486
ATO,2025-05-07,1.421511191581426,-1.2966175631950239
ATO,2025-02-04,0.3920362689882273,-0.19526367582907156
ATO,2024-11-18,0.4854597069433808,1.608117653488872
AVB,2026-07-21,-1.3828213942766676,-0.5421149426530714
AVB,2026-04-27,-0.8683653130370783,6.955563040586243
AVB,2026-02-04,-0.988474739288514,-0.263928554962789
AVB,2025-10-29,-1.603241871984129,-5.539866713196684
AVB,2025-07-30,-0.6796792158616838,-9.196534202347218
AVB,2025-04-30,0.35846002874191374,2.4230136635034594
AVB,2025-02-05,0.6382560092560219,-0.26727311623029326
AVB,2024-11-04,-4.448876648248234,3.9994529948045754
AVGO,2026-06-03,14.113408157114726,-19.901573777363357
AVGO,2026-03-04,-3.579208641481668,5.3020612783357235
AVGO,2025-12-11,8.502148468303194,-17.715587107413743
AVGO,2025-09-04,1.4697297745045246,14.306031906623407
AVGO,2025-06-05,9.042299668397003,-6.434799521958134
AVGO,2025-03-06,-10.03099459116843,-3.7216792715821567
AVGO,2024-12-12,7.410874719181804,36.46290163409207
AVGO,2024-09-05,-4.504619225727035,-8.629620984878084
AVY,2026-04-28,-4.148274298869925,-0.636435114456213
AVY,2026-02-04,-0.06418584323646392,2.5104233716146007
AVY,2025-10-22,2.123271436359797,11.043842514813518
AVY,2025-07-22,-0.7980046942571706,-0.31282963241384687
AVY,2025-04-23,1.4801433853622648,-2.3337018509802188
AVY,2025-01-30,1.2491503616629984,-4.960874657136949
AVY,2024-10-23,-3.406400797714848,-2.4624536122845986
AWK,2026-04-29,0.4695106687026884,-3.9873363615913315
AWK,2026-02-18,9.325100150480559,-3.1008919069958063
AWK,2025-10-29,-6.485856903001352,-4.732580020045074
AWK,2025-07-30,-2.732749965687431,3.3841968004636236
AWK,2025-04-30,-2.2778940373109013,0.856980283221187
AWK,2025-02-19,3.2978662277044934,4.332795396567879
AWK,2024-10-30,-3.5168696607989713,0.14725541753304316
AXON,2026-05-06,-6.327678769797074,6.027325820685103
AXON,2026-02-24,-1.4499524732078939,29.933402434631606
AXON,2025-11-04,-3.324435836323436,-18.914509812912616
AXON,2025-08-04,1.0149468494828673,16.321206040990322
AXON,2025-05-07,-1.5479557372527042,13.78164879428503
AXON,2025-02-25,-26.876980052405163,5.144776357204117
AXON,2024-11-07,4.674257178512953,34.083397758373856
AXP,2026-07-24,-5.733332568079852,-1.2351811701419413
AXP,2026-04-23,1.1669546273793907,-4.223487244050017
AXP,2026-01-30,-2.5868130830503766,-2.474196030788278
AXP,2025-10-17,-0.154495749299155,9.93440123932574
AXP,2025-07-18,-3.04083369481124,-3.5547731285555995
AXP,2025-04-17,-3.5981100833544777,-0.19768754657706333
AXP,2025-01-24,4.338497598856916,-2.7096745570552194
AXP,2024-10-18,5.660506651919106,-4.681912970580903
AZO,2026-05-26,2.5698959747651795,-11.725228882283867
AZO,2026-03-03,1.3892974614098108,-3.617541210407327
AZO,2025-12-09,-4.561198020321933,-7.907168283443089
AZO,2025-09-23,-2.6527723021920413,0.3656836743205494
AZO,2025-05-27,1.0574643037128517,-3.5758920652988135
AZO,2025-03-04,2.2569835273632766,3.968934857761419
AZO,2024-12-10,4.544396303429377,0.4954849911624093
AZO,2024-09-24,-1.6839502246127735,4.600796911138549
BA,2026-07-28,0.9642945931163105,4.444441558621448
BA,2026-04-22,-2.0601512813748113,6.059499250497979
BA,2026-01-27,0.3028100864738592,-5.792376047133896
BA,2025-10-29,2.7938909498719244,-9.989700163738357
BA,2025-07-29,3.091747824631197,-6.163024871419164
BA,2025-04-23,2.0341571559487015,9.494211340231828
BA,2025-01-28,2.378869256727767,2.4948590008124105
BA,2024-10-23,4.942565459551451,-3.046040922719595
BAC,2026-07-14,-0.6677821630874159,3.3445406360786523
BAC,2026-04-15,6.105805686815247,1.0496731388196734
BAC,2026-01-14,-4.733622151652927,-2.878620299661816
BAC,2025-10-15,-0.39769747521414267,2.375731630545097
BAC,2025-07-16,-2.120896279478568,2.535213599157027
BAC,2025-04-15,3.0635076780534565,2.017991039443201
BAC,2025-01-16,2.2135337732984484,-0.9341804808978393
BAC,2024-10-15,4.8798906507351525,1.6463849347660764
BALL,2026-05-05,-0.22924575475933295,-4.135892404688645
BALL,2026-02-03,-0.9089349381079526,16.757812245977366
BALL,2025-11-04,-5.496484455246797,2.695815785443889
BALL,2025-08-05,-1.8234501883729215,-6.196835903837583
BALL,2025-05-06,2.652952509054307,-0.1350094110977751
BALL,2025-02-04,-1.5036318540232907,-7.92025486595157
BALL,2024-10-31,-1.9700648464940795,-7.368748187912577
BAX,2026-04-30,-7.700709744082324,-1.6567892189852995
BAX,2026-02-12,5.89633593916894,-6.870236075711644
BAX,2025-10-30,-2.224172961257398,-18.777882683615342
BAX,2025-07-31,-1.7857182549136486,-19.99999725676921
BAX,2025-05-01,5.3040524092293095,-2.374076900090949
BAX,2025-02-20,0.7189453384800926,13.822202196803058
BAX,2024-11-08,0.9523648988479572,-6.132054400750809
BBY,2026-05-28,8.854781035548488,16.17602042573376
BBY,2026-03-03,-1.7859990192650055,6.510797573562943
BBY,2025-11-25,1.2993905454921961,4.839995356087945
BBY,2025-08-28,4.400182565852728,-1.3121211791229825
BBY,2025-05-29,0.5200220244622189,-4.544195355809622
BBY,2025-03-04,-2.2096974785183354,-9.384355564810809
BBY,2024-11-26,4.528092061637423,-3.2570315277122286
BBY,2024-08-29,0.8616750231758896,14.97890964630615
BDX,2026-05-07,-0.3784961882836613,-1.112192903662601
BDX,2026-02-09,3.214086673314487,9.393682590473972
BDX,2025-11-06,-2.826131155235856,2.976339844041709
BDX,2025-08-07,-5.029186214511283,11.652445508628428
BDX,2025-05-01,2.3576494817266758,-19.358727416453814
BDX,2025-02-05,-2.6738512845102425,-5.185216134193126
BDX,2024-11-07,1.4581040227190423,-2.2702666239155067
BEN,2026-04-28,-0.5769957164912909,8.705115258289652
BEN,2026-01-30,0.4268441792334432,4.327677369667615
BEN,2025-11-07,2.108030424266305,-1.84946320134034
BEN,2025-08-01,-2.912616782896593,5.208345017480598
BEN,2025-05-02,-0.05333526252735421,7.097125347258193
BEN,2025-01-31,0.8004074666016825,3.2754251991553573
BEN,2024-11-04,2.307328544652565,3.3109232211811612
BG,2026-04-29,0.4212035577680462,-1.3849319308734898
BG,2026-02-04,0.6285022946102448,-0.8726956478551262
BG,2025-11-05,-2.5630351844138533,0.8732710988688996
BG,2025-07-30,0.8720781386655663,2.1744940485578956
BG,2025-05-07,-2.60435101623423,-1.0363423891014967
BG,2025-02-05,-2.899315634113353,-7.22472992524742
BG,2024-10-30,-1.7119821184512052,-5.942611852673352
BIIB,2026-04-29,-1.3820877158417066,2.006757867703679
BIIB,2026-02-06,5.210584808834673,1.9583539441409448
BIIB,2025-10-30,0.09477348259649965,2.421210480371161
BIIB,2025-07-31,-3.313480286652748,4.390396071849811
BIIB,2025-05-01,2.4625570848778366,0.5946491656877884
BIIB,2025-02-12,-2.175595469160363,-1.4778661077652133
BIIB,2024-10-30,-1.3071504871239314,-5.276071221543111
BKNG,2026-04-28,-7.556112645897661,-5.15997851574399
BKNG,2026-02-18,-2.2869700315774177,-1.5303716275580914
BKNG,2025-10-28,2.1883007907172347,-3.315118785824167
BKNG,2025-07-29,0.028175482979486688,-3.076196871776493
BKNG,2025-04-29,10.1928061987123,4.324797461422447
BKNG,2025-02-20,4.35502363619289,-1.203775113468064
BKNG,2024-10-30,1.1366413453377744,7.262966953690375
BKR,2026-07-26,2.3235017324997997,2.5676877217521765
BKR,2026-04-23,4.111871490332786,9.338019464810143
BKR,2026-01-25,3.6923096473534534,5.025967329238679
BKR,2025-10-23,6.363840430433543,-1.4799209200692887
BKR,2025-07-22,-0.050154136616442635,14.730230493708651
BKR,2025-04-22,-0.3427388593655656,-3.7566161343025595
BKR,2025-01-30,-5.981233223758819,10.05341297873612
BKR,2024-10-22,-3.1615329940937076,0.9053519593495984
BLDR,2026-04-30,-7.999558887470426,-11.549529348327258
BLDR,2026-02-17,-7.788132900350986,-2.885038866154832
BLDR,2025-10-30,-5.939462182771216,-2.012316485732424
BLDR,2025-07-31,-6.391033649299294,1.6414178537873747
BLDR,2025-05-01,2.021145381213696,-6.49502367421011
BLDR,2025-02-20,-7.281000326164422,-4.288964530032125
BLDR,2024-11-05,-6.693728447889713,3.9204373094974265
BLK,2026-07-15,1.5860385412196587,4.559994971670411
BLK,2026-04-14,6.695786356375111,0.1269914479393508
BLK,2026-01-15,1.5589427393705613,1.666894100252203
BLK,2025-10-14,-2.04788330940181,1.4059155127710277
BLK,2025-07-15,3.2984156503867323,-0.5470152939797912
BLK,2025-04-11,-3.2524092534641724,3.453731171698582
BLK,2025-01-15,-4.894641443569703,4.338800225584838
BLK,2024-10-11,0.430915999353898,5.379914970860855
BMY,2026-04-30,-2.057825571704419,-0.36464160121573164
BMY,2026-02-05,5.492493140065391,5.466852375714626
BMY,2025-10-30,-4.03244426972631,8.028170604769858
BMY,2025-07-31,-6.1249550778350255,-1.2614103078312788
BMY,2025-04-24,-2.9400151619163983,-0.14423468563331543
BMY,2025-02-06,1.1176989442756469,-7.000503866220087
BMY,2024-10-31,-0.7538697380063186,5.298141156048541
BNY,2026-07-15,1.0398260521264469,1.7022717514925345
BNY,2026-04-16,3.142106811086798,2.584107837616978
BNY,2026-01-13,-0.31394683745912255,2.7432478117720427
BNY,2025-10-16,2.7544506885412767,-0.3947506346217211
BNY,2025-07-15,2.1447745634719517,2.8031542510701835
BNY,2025-04-11,-4.129656640501711,1.5141598110344212
BNY,2025-01-15,-2.541045514889506,9.678702850977295
BNY,2024-10-11,5.125659695312712,2.3908917110255334
BR,2026-04-30,0.06848145879565504,-4.2923809485583275
BR,2026-02-03,-5.0414172249716005,-2.4200859650870266
BR,2025-11-04,-4.630905337686119,-1.6683193463958523
BR,2025-08-05,-1.5883062094888656,7.252691546144896
BR,2025-05-01,2.5988346319612,-4.21617230078809
BR,2025-01-31,0.9968085055619857,0.6147410147065546
BR,2024-11-05,-1.8998670663495698,5.50468606282748
BRO,2026-07-27,-2.4369067760576235,10.656220358010948
BRO,2026-04-27,-2.687528297220043,-6.464349418129533
BRO,2026-01-26,-0.7147349531761216,-8.94164574982822
BRO,2025-10-27,0.10237290067800497,-8.750001310011179
BRO,2025-07-28,-0.44299655143196226,-10.098645685276008
BRO,2025-04-28,-2.371611209000535,-3.355479266139827
BRO,2025-01-27,0.047194956332274884,-2.6698156878842583
BRO,2024-10-28,-2.265248350513993,1.7791863365340443
BSX,2026-04-22,-6.737698617396381,4.2842728787780615
BSX,2026-02-04,-2.125838960361548,-16.75399000584321
BSX,2025-10-22,3.802996408302306,1.211210276267316
BSX,2025-07-23,-0.30923819524864005,2.888712312670849
BSX,2025-04-23,0.8274174567383774,7.206731461535099
BSX,2025-02-05,1.192338960459205,1.6515347395715807
BSX,2024-10-23,1.4290717311709722,-3.72684774421409
BX,2026-07-23,-3.329400437094332,7.962877734076024
BX,2026-04-23,-0.35333222929333497,-7.214981605972515
BX,2026-01-29,-5.885751403218453,-3.7536562586232503
BX,2025-10-23,-1.336101375550769,-4.86642614294931
BX,2025-07-24,3.640319489225896,2.8960177617763483
BX,2025-04-17,-5.809555199617145,-3.4549285001415186
BX,2025-01-30,1.42802034756766,-6.386879304761384
BX,2024-10-17,7.606803461443801,6.92505681097999
BXP,2026-07-28,1.9293041666493371,3.554398377422552
BXP,2026-04-28,-1.4938035803280902,0.7409929777554725
BXP,2026-01-27,-4.679915678417689,0.37055442831517293
BXP,2025-10-28,5.462012178098341,-5.50114402804015
BXP,2025-07-29,0.8549516522444511,-5.9913913970533805
BXP,2025-04-29,5.865421365961332,-2.9589330743876374
BXP,2025-01-28,1.9128120759677403,-2.936042601531841
BXP,2024-10-29,0.5291649926941311,-7.815528088100487
C,2026-07-14,-2.189624553816183,-6.396133587216324
C,2026-04-14,7.600540738006667,2.423186719505166
C,2026-01-14,-5.061222394789134,1.4961274367128574
C,2025-10-14,-1.9887810889344881,0.16648937697596455
C,2025-07-15,-0.11415853527215747,6.388574416525961
C,2025-04-15,7.425671883620866,0.047453502844785334
C,2025-01-15,1.0448379641625483,8.829913902510466
C,2024-10-15,5.447286503083504,-3.0904346384206027
CAH,2026-04-30,1.1318905142749802,-2.839960974550526
CAH,2026-02-05,-1.682584330857373,9.141878673771675
CAH,2025-10-30,3.1030610109809897,15.65634721640199
CAH,2025-08-12,-0.6052201709860983,-4.719014321749693
CAH,2025-05-01,5.103027206075472,7.573094733076946
CAH,2025-01-30,-0.7689273402120667,-1.902012476992887
CAH,2024-11-01,-3.2453748885712064,4.294143608553558
CAH,2024-08-14,3.074761147737104,7.087164953116054
CARR,2026-07-28,3.880725389145967,-11.452476895579311
CARR,2026-04-30,1.7971993759723581,7.101857663398237
CARR,2026-02-05,9.73925865989167,2.7851998991091254
CARR,2025-10-28,1.075093251002368,1.3489209887993958
CARR,2025-07-29,5.541654642586558,-14.417549325788459
CARR,2025-05-01,6.723539421138924,13.589682710313866
CARR,2025-02-11,4.877301118958788,-3.865342909770908
CARR,2024-10-24,-1.3572033528527427,-5.118542985496022
CASY,2026-06-09,0.8114493754521224,21.90572183333943
CASY,2026-03-09,-3.061594571144599,3.0695190628177604
CASY,2025-12-09,-0.4585865493963559,-4.208162627484691
CASY,2025-09-08,1.9435516265393638,6.498704343601314
CASY,2025-06-09,1.4345739148655445,12.496617802616662
CASY,2025-03-11,-6.4509773980233165,0.8750778663146219
CASY,2024-12-09,0.32786497482206745,1.3119621568576934
CASY,2024-09-04,-5.463073502908533,5.325143263519916
CAT,2026-04-30,0.14588009498346377,7.990868165882148
CAT,2026-01-29,-0.3253950534028327,7.404232802418753
CAT,2025-10-29,-0.03431786111238733,10.065399607808434
CAT,2025-08-05,0.1755403407791345,-3.822915040344854
CAT,2025-04-30,5.574049451319851,5.2960403885475404
CAT,2025-01-30,-1.1015653860902974,-8.056368455479967
CAT,2024-10-30,-0.24455350931879005,-2.033507465987827
CB,2026-07-21,-0.6229890950884887,0.20423828417333034
CB,2026-04-21,0.0030243563664100748,0.8757844419011285
CB,2026-02-03,2.5569246370735765,6.435334298538953
CB,2025-10-21,-5.072026323021895,5.4958893019277255
CB,2025-07-22,-2.2055764267192024,-1.4013516475193
CB,2025-04-22,-1.2668841973935918,0.7934717344826092
CB,2025-01-28,2.601305882342153,-0.6184585257679842
CB,2024-10-29,-2.6288539756094242,-2.613615333717434
CBOE,2026-05-01,-0.009996165589076789,14.625617893070487
CBOE,2026-02-06,3.6758101714876146,-0.4395647963279292
CBOE,2025-10-31,-0.18546065959773594,5.679659829771189
CBOE,2025-08-01,-1.9804039685248687,3.2152327320819962
CBOE,2025-05-02,4.010728000141084,5.47443645108594
CBOE,2025-02-07,0.5293476218854343,0.4830998473633663
CBOE,2024-11-01,-0.6605049458037304,-0.6601978327364644
CBRE,2026-04-23,4.095476484878979,-4.755082626757923
CBRE,2026-02-12,-9.886065439040404,-5.518763594116837
CBRE,2025-10-23,4.4318305213909115,-1.612016438160635
CBRE,2025-07-29,3.6199059875642536,6.263651806421611
CBRE,2025-04-24,2.8395708947727805,-0.5653440591178338
CBRE,2025-02-13,-4.404275655050361,2.23960845500768
CBRE,2024-10-24,-1.0050655080767523,6.8794618277765895
CCI,2026-07-22,-3.605320674876622,-1.7060308063349239
CCI,2026-04-22,-1.564852454416843,1.6721579676884257
CCI,2026-02-04,-2.697403743941773,-4.181981362763221
CCI,2025-10-22,1.3978749199740292,-0.1621938645912424
CCI,2025-07-23,8.141257345012365,1.115653491748092
CCI,2025-04-30,-0.6419531209586604,3.0568942487537054
CCI,2025-03-13,0.6974537069400544,9.803819774870792
CCI,2024-10-16,1.9625345818528706,-1.6797877867511635
CCL,2026-06-23,3.4612755939645634,-5.730378996294916
CCL,2026-03-27,1.3632738084887075,2.37341170388774
CCL,2025-12-19,1.7959818619335488,11.714887680673613
CCL,2025-09-29,0.32765484597221395,-7.380797029293717
CCL,2025-06-24,7.273549393687362,8.860223604508777
CCL,2025-03-21,10.878659358117627,0.2830196143086994
CCL,2024-12-20,-3.819712464275271,2.4225640772780777
CCL,2024-09-30,-2.4210488719035084,-4.476818542129902
CDNS,2026-07-27,-1.1723350667705468,1.998534737131985
CDNS,2026-04-27,7.028266069168532,-0.8831753167817813
CDNS,2026-02-17,5.6221794085346,-0.9583901686639917
CDNS,2025-10-27,5.819947034988715,-1.0634637388657442
CDNS,2025-07-28,5.26665865939282,11.692102728089004
CDNS,2025-04-28,11.30197660600485,2.800119191671424
CDNS,2025-02-18,-1.4982615937369714,-8.455568023524973
CDNS,2024-10-28,-0.4719175586219815,12.708905463820951
CDW,2026-05-06,2.9190509876903414,-23.399123857683147
CDW,2026-02-04,0.6060633646872038,13.046910040503622
CDW,2025-11-04,-2.7632991935990114,-8.570698555267132
CDW,2025-08-06,-9.298486866836031,-1.404029480458635
CDW,2025-05-07,2.4818695465947505,9.156331027956321
CDW,2025-02-05,2.3516043102145945,-3.672111207263329
CDW,2024-10-30,1.2990620209891501,-14.333789894917947
CEG,2026-05-11,-1.3579730685274072,-9.465463461833878
CEG,2026-02-24,1.861802821396985,10.129340878217885
CEG,2025-11-07,-8.152064891650712,0.1053292354131985
CEG,2025-08-07,-1.9723774396713356,-2.059331673231568
CEG,2025-05-06,10.43057628343329,8.990207167354214
CEG,2025-02-18,2.424212378605084,-2.483436401650707
CEG,2024-11-04,-2.3864470461612552,-8.953897548688271
CF,2026-05-06,4.684818852990413,-10.168694680338064
CF,2026-02-18,-0.6839142968020906,3.6144545839024156
CF,2025-11-05,-1.8002250247537988,-2.9804981537795316
CF,2025-08-06,-2.3074577886389336,-12.737264378788904
CF,2025-05-07,2.744709543741708,0.5245055133556553
CF,2025-02-19,-3.7540731731550925,-6.3926897199115595
CF,2024-10-30,-3.0158486983148824,3.318582495982869
CFG,2026-07-16,3.7339578026255316,0.5343074949026638
CFG,2026-04-16,2.210727000171464,0.874380370409833
CFG,2026-01-21,-0.6478411838180431,4.731648676612599
CFG,2025-10-15,-2.503305978273729,-4.806929859755615
CFG,2025-07-17,-0.8653511849608386,3.4703034201186256
CFG,2025-04-16,4.941838006844024,-4.459817812888566
CFG,2025-01-17,4.510951217296566,0.4914354341900129
CFG,2024-10-16,5.508370051736944,-2.3228892303877147
CHD,2026-05-01,2.6221206432365696,-3.636929288787072
CHD,2026-01-30,-1.0650915922929771,7.40539029555769
CHD,2025-10-31,-5.66254812888679,5.867955230555411
CHD,2025-08-01,-3.6081476130957246,-2.8047333161552057
CHD,2025-05-01,-2.731808222612242,-6.603588611606326
CHD,2025-01-31,0.7808793874219955,-1.0642147922793055
CHD,2024-11-01,-2.640805147589198,4.233810087317602
CHRW,2026-04-29,2.352434843015927,-5.671423821201937
CHRW,2026-01-28,3.043965870927634,8.047449402599472
CHRW,2025-10-29,-0.16370020665137375,20.238936032243558
CHRW,2025-07-30,0.859115156350776,14.099598254715783
CHRW,2025-04-30,-2.1599350992110633,2.830285656756204
CHRW,2025-01-29,4.203449102677781,-9.406309616941844
CHRW,2024-10-30,-0.08325219483059643,-5.722223050855979
CHTR,2026-07-24,-5.122629368676623,10.648222308856226
CHTR,2026-04-24,2.4621763480687786,-28.401852310219045
CHTR,2026-01-30,-0.5968723243958252,11.079783180515722
CHTR,2025-10-31,-5.329616307637009,-4.334832230300146
CHTR,2025-07-25,-0.9281462043105537,-26.136844032689144
CHTR,2025-04-25,0.8511237811325234,15.2088993058213
CHTR,2025-01-31,-6.484052920310002,1.0813423745580808
CHTR,2024-11-01,-1.328234385890481,16.718055608859284
CI,2026-04-30,6.414267520136874,-4.436918303653037
CI,2026-02-05,-0.24598594427543974,8.350807261399673
CI,2025-10-30,-2.842114707625798,-13.539717586106104
CI,2025-07-31,-2.129202904165728,-10.498220025630623
CI,2025-05-02,-0.15489892355051715,-0.40575595542015064
CI,2025-01-30,4.937023244531313,-3.57721657327682
CI,2024-10-31,-1.473679660354188,-0.18216470094915005
CIEN,2026-06-04,6.578129621899342,-24.775534422876035
CIEN,2026-03-05,-2.7679504007499744,-7.279866143706126
CIEN,2025-12-11,14.740108146022868,-2.55578691536692
CIEN,2025-09-04,3.639744134668277,25.500949570764075
CIEN,2025-06-05,1.438938918161048,-13.624985562446168
CIEN,2025-03-11,-12.264029137360556,-4.91377608116661
CIEN,2024-12-12,0.08201990067289167,24.491190451303545
CIEN,2024-09-04,-2.5356619443415607,-7.570006761008353
CINF,2026-07-27,1.1173208404648305,-0.8095813945102726
CINF,2026-04-27,-1.4027151526879056,-0.7660479704136192
CINF,2026-02-09,7.309344388724126,-5.322905832931458
CINF,2025-10-27,2.385302926354549,-3.089283972573098
CINF,2025-07-28,-0.882370810192834,0.07360682199177848
CINF,2025-04-28,1.0964771215968394,4.128966380779597
CINF,2025-02-10,-0.065666697272726,-2.4021560207684645
CINF,2024-10-24,0.47749983773162086,4.0394659215117645
CL,2026-05-01,1.958912629488685,1.1363625127207566
CL,2026-01-30,-0.6642640140614109,9.279693862781357
CL,2025-10-31,-2.4604784193170137,0.05227804447014428
CL,2025-08-01,-5.200671377223354,-0.9421613594371547
CL,2025-04-25,-0.290414002422823,-0.3991244552031814
CL,2025-01-31,3.3898105275131485,-4.830011564147075
CL,2024-10-25,-0.28992241242934425,-5.033084416172306
CLX,2026-04-30,-2.147652931156707,-8.747487158151468
CLX,2026-02-03,1.483866994051164,3.813220640580317
CLX,2025-11-03,-2.926199884488201,-3.1477858139565607
CLX,2025-07-31,-3.9945274844245815,-1.57710628802753
CLX,2025-05-05,0.5858251893759769,-1.8694415569912137
CLX,2025-02-03,0.3974673465350298,-8.022424521087713
CLX,2024-10-30,-0.7090976614246514,4.004328791808831
CMCSA,2026-07-23,0.12771684520147542,-3.0612296202803035
CMCSA,2026-04-23,3.7809230513624614,-6.332996628674659
CMCSA,2026-01-29,-1.6614765411267607,4.153464670718776
CMCSA,2025-10-30,-2.9591816289789907,-5.432873719544496
CMCSA,2025-07-31,-9.192523773454875,0.18462357006350238
CMCSA,2025-04-24,0.2034922115357496,-2.0307583823872766
CMCSA,2025-01-30,0.673672924411961,-11.161668663262514
CMCSA,2024-10-31,1.6606481670443873,0.6865507043999575
CME,2026-07-22,-2.557364521953187,7.553286842601903
CME,2026-04-22,-4.252104875876228,0.23207479461284652
CME,2026-02-04,3.0195411691225527,3.1391883416549415
CME,2025-10-22,0.5352168532310131,0.34623448558441794
CME,2025-07-23,-0.13090069106203028,1.7877615168180316
CME,2025-04-23,0.7091641767158041,0.2786757937471629
CME,2025-02-12,-0.32573027674899224,1.5471096046394628
CME,2024-10-23,0.6004771474659831,-0.013269307407004494
CMG,2026-04-29,-8.821082864009167,0.3346535257865657
CMG,2026-02-03,-3.0463314752851467,-0.1557973544761282
CMG,2025-10-29,-4.957512413975696,-21.28663225227183
CMG,2025-07-23,-2.9101013394289277,-10.7292910118
CMG,2025-04-23,-4.7715338739107604,9.93630670231802
CMG,2025-02-04,0.10291830887858566,-1.7820440449804797
CMG,2024-10-29,1.5075338353099932,-7.970293957053554
CMI,2026-05-05,-0.6129171634318253,3.981857465499128
CMI,2026-02-05,4.80566831575806,-0.7017545995144037
CMI,2025-11-06,-0.47138265580844996,10.282800798963109
CMI,2025-08-05,-2.457534481003565,6.366335223460262
CMI,2025-05-05,2.247147881438294,-0.6369851339283805
CMI,2025-02-04,-0.18060860492359332,6.013616087656626
CMI,2024-11-05,-2.7012540538709717,8.93681947926732
CMS,2026-07-28,1.9072440203518948,-2.7063344522496147
CMS,2026-04-28,-1.2850444088377544,0.9072909627584336
CMS,2026-02-05,-0.2785606076461944,1.7039121919998346
CMS,2025-10-30,-3.8185282915848884,0.27665932435312346
CMS,2025-07-31,-0.9877978170509616,3.4640485566391765
CMS,2025-04-24,1.0865052347935666,-1.3469422858186086
CMS,2025-02-06,2.052590749455385,3.069151964758965
CMS,2024-10-31,-2.7600675624338322,-2.4532833997947368
CNC,2026-07-28,-2.6731388285680557,-5.056182250133167
CNC,2026-04-28,13.547372593746099,23.42528419933101
CNC,2026-02-06,-8.440367967810957,-0.7765470260840401
CNC,2025-10-29,-8.060941746294514,6.568244638074394
CNC,2025-07-25,-8.167464689831327,-4.596410806113527
CNC,2025-04-25,-0.6453657859565864,-3.7674625536492146
CNC,2025-02-04,-1.623918204182473,-9.549519678882756
CNC,2024-10-25,-2.190477885897202,-1.6228497522458696
CNP,2026-07-28,2.3726368998429503,-4.226305082007331
CNP,2026-04-23,-0.8474578566732727,1.828112178584429
CNP,2026-02-19,2.343177537577068,2.8537098863186783
CNP,2025-10-23,0.47667019921469045,-0.7740288398660256
CNP,2025-07-24,2.853963793569303,0.4849229706144875
CNP,2025-04-24,0.4843969173896845,2.410298614547801
CNP,2025-02-20,5.1835899193261925,0.9743006522680675
CNP,2024-10-28,-2.6569238927051764,-0.17059570601566376
COF,2026-07-21,1.8471086203738496,-3.293513284267391
COF,2026-04-21,4.1305993863614,-4.41398475497492
COF,2026-01-22,-0.17285430296068993,-4.688112418595569
COF,2025-10-21,3.4969354037236666,2.40610171752198
COF,2025-07-22,-2.2459694935950236,-2.107651138988842
COF,2025-04-22,2.6029649966583523,12.042868326440903
COF,2025-01-21,8.945169062117731,6.8387795510210125
COF,2024-10-24,-2.416659374408281,7.209067695120219
COHR,2026-05-06,10.448402683844126,-0.13999380613080037
COHR,2026-02-04,7.093454521393117,-0.654507395033399
COHR,2025-11-05,-4.126943026089192,20.054388632948815
COHR,2025-08-13,10.378787161780668,-19.869592070875353
COHR,2025-05-07,7.63418392536841,1.1176368664058023
COHR,2025-02-05,6.364407971824981,9.28880980659823
COHR,2024-11-06,-5.033998930196725,17.580417870998577
COHR,2024-08-15,17.11537931861904,15.62920070843241
COIN,2026-05-07,8.930837708630769,9.416043017512532
COIN,2026-02-12,-9.144821857116481,8.368151161615177
COIN,2025-10-30,8.828395705912783,-5.217857401727633
COIN,2025-07-31,-5.110476533277975,-15.712089602737112
COIN,2025-05-08,-3.1199181083824468,5.42328235374121
COIN,2025-02-13,-0.08723585780854304,-3.735900051543517
COIN,2024-10-30,4.242597944958582,-16.744058165397046
COO,2026-06-04,-0.7565774510606693,10.68942782006741
COO,2026-03-05,-1.7850698957459277,-7.51403197105186
COO,2025-12-04,-2.851292358577451,2.7112364669378053
COO,2025-08-27,-0.48634557860487426,-8.49850912979333
COO,2025-05-29,-1.6932481637030317,-16.375439711454256
COO,2025-03-06,0.37367180488805385,-12.526007020746977
COO,2024-12-05,2.279816817225311,-5.448657875590868
COO,2024-08-28,-1.6060078478773998,12.061478608220511
COP,2026-04-30,4.6084841060543,-2.6042823139115767
COP,2026-02-05,6.114996670611816,1.0316982524153806
COP,2025-11-06,-0.43143347161488377,0.6043491279520863
COP,2025-08-07,-3.682628861759585,0.45106988463656794
COP,2025-05-08,-1.582128932643656,5.198929669179542
COP,2025-02-06,-1.3292629596786454,-0.7284770859956935
COP,2024-10-31,-1.4639805724037003,5.709857061191248
COR,2026-05-06,-1.9519802160749111,-14.651857300360438
COR,2026-02-04,1.5752178752281631,-0.691084382985363
COR,2025-11-05,2.6486705989745563,4.693349472194042
COR,2025-08-06,0.8903722354201449,-2.4696608993846736
COR,2025-05-07,0.2205672746113052,-2.685602356862049
COR,2025-02-05,-1.3837735407383867,-1.4667861296152496
COR,2024-11-06,0.9578262691281481,6.162677095852187
COST,2026-05-28,-8.281856342465431,-5.736829997503401
COST,2026-03-05,1.2043118036711764,-0.14303971495679413
COST,2025-12-11,-5.188345317141618,-1.5839162947351881
COST,2025-09-25,-1.844185915012786,-3.0044229355661534
COST,2025-05-29,-2.283895137925951,4.314307009146212
COST,2025-03-06,1.5291072227767266,-10.817457620506666
COST,2024-12-12,0.3804480924299414,-0.1829670007648776
COST,2024-09-26,1.7814714852698366,-2.410786276285226
CPAY,2026-05-07,-0.504924833889564,11.835770802921175
CPAY,2026-02-04,-8.092206931759582,21.202473779456167
CPAY,2025-11-05,-8.550713688607004,5.881220875999449
CPAY,2025-08-06,-4.019048661063385,-5.298504324409404
CPAY,2025-05-06,3.5662497105809265,-0.3595784564276894
CPAY,2025-02-05,0.21380428812041163,-1.0009003513387738
CPAY,2024-11-07,5.149450429809765,6.9289602519412075
CPRT,2026-05-21,0.3035892318989708,0.6053291688786322
CPRT,2026-02-19,-6.443614801593189,-6.331124210989236
CPRT,2025-11-20,0.2180236319023976,-5.946335866537044
CPRT,2025-09-04,-1.0894194807213098,1.309229181420024
CPRT,2025-05-22,-2.1307242155913952,-13.5374045459277
CPRT,2025-02-20,0.8610537568327858,-5.005024429961702
CPRT,2024-11-21,-4.332819131724075,15.030678647193497
CPRT,2024-09-04,1.8264822286715,-7.585951678933645
CPT,2026-04-30,3.783994005650193,-0.8925183845379991
CPT,2026-02-05,1.3896636384886918,-0.763506241762868
CPT,2025-11-06,4.345146984865722,0.5696320405417676
CPT,2025-07-31,-2.673605053822725,-5.663576893954092
CPT,2025-05-01,-0.20169296143712767,4.753955320686254
CPT,2025-02-06,5.145593353259836,2.64040649341033
CPT,2024-10-31,-2.7107680990688943,-1.2355191161910084
CRH,2026-04-30,-2.2827104153733235,-2.32721990586523
CRH,2026-02-18,-3.8000625318770465,1.655472683576642
CRH,2025-11-05,-2.1844245162592313,-3.682237892902096
CRH,2025-08-06,0.7301568637305467,11.587542775492764
CRH,2025-05-05,6.566421649438858,-6.7911871386532425
CRH,2025-02-26,-9.248034467510458,2.2235433713312602
CRH,2024-11-07,4.1683987651504495,2.3209356357058786
CRL,2026-05-07,10.919189324658873,-7.3020356163806195
CRL,2026-02-18,-14.631124725606792,6.553964214756114
CRL,2025-11-05,-5.363692313688173,-5.510262983097025
CRL,2025-08-06,-6.141771724578382,-11.194697823784638
CRL,2025-05-07,-1.6028623401341369,20.25820022714322
CRL,2025-02-19,-3.4398649202547205,5.589743452898244
CRL,2024-11-06,2.543474280315894,14.156247482881978
CRM,2026-05-27,-0.22286677745652073,6.712085641058141
CRM,2026-02-25,0.6131743694744562,5.05338801799744
CRM,2025-12-03,3.47852098909458,11.017867303584472
CRM,2025-09-03,2.0131582467995957,-0.8305079114045322
CRM,2025-05-28,-3.629666233387252,-4.264222814841434
CRM,2025-02-26,-7.016030723700206,-2.6252231482067456
CRM,2024-12-03,-3.219104498761205,9.174940542943077
CRM,2024-08-28,0.9013240724440541,-4.277078371341403
CRWD,2026-06-03,14.503763857425579,-12.735547320521356
CRWD,2026-03-03,9.85642111802898,10.731180138880925
CRWD,2025-12-02,2.7431860694010934,1.7832682338486894
CRWD,2025-08-27,-0.23889153975614752,1.4607294095689172
CRWD,2025-06-03,5.175710019838875,-3.3871090701663498
CRWD,2025-03-04,-2.2950041372306274,-9.144827684090407
CRWD,2024-11-26,6.038426504174388,-4.869663388622669
CRWD,2024-08-28,1.2381299696404335,2.761002326565354
CSCO,2026-05-13,5.2916171025815695,19.05528730370707
CSCO,2026-02-11,3.8262494737965502,-10.939849050455496
CSCO,2025-11-12,-0.8434954084959423,8.77145013855094
CSCO,2025-08-13,5.7168217509431685,-7.256941076819734
CSCO,2025-05-14,4.322859840623883,2.9783090387068167
CSCO,2025-02-12,1.7769709273490752,3.9084000516671713
CSCO,2024-11-13,4.540588290850556,-2.129098065776791
CSCO,2024-08-14,0.46501413937438674,9.01475622075758
CSGP,2026-07-28,-1.7183295944673493,0.9941686918759629
CSGP,2026-04-28,-9.535695366628483,-4.4977952335023
CSGP,2026-02-24,6.401416194648424,-5.9954021222531235
CSGP,2025-10-28,4.215586580448538,-10.8550986415635
CSGP,2025-07-22,-0.7356343506631502,9.351837135002228
CSGP,2025-04-29,5.0507652338844355,-6.3126941125135065
CSGP,2025-02-18,-4.129452998584138,5.765601422120836
CSGP,2024-10-22,0.025865365151478414,-4.459665099563792
CSX,2026-07-22,-0.060093710731623506,6.69472879023707
CSX,2026-04-22,2.023054659065493,4.703708343773494
CSX,2026-01-22,2.5259560309791596,2.573239328271848
CSX,2025-10-16,0.8066817942949056,1.186522961949188
CSX,2025-07-23,5.226986795982969,1.504398356506198
CSX,2025-04-16,4.533518022997773,-1.577058426668898
CSX,2025-01-23,3.422532994319516,1.2033684600847527
CSX,2024-10-16,4.812521093232869,-3.8873392336834955
CTAS,2026-07-15,1.3749106169634429,10.9152036658841
CTAS,2026-03-25,-7.628082311119632,-6.972427718575891
CTAS,2025-12-18,0.9863168497833863,2.4657145422427584
CTAS,2025-09-24,0.6523250142719483,1.8196369140730972
CTAS,2025-07-17,-1.209378474456757,3.410900940459949
CTAS,2025-03-26,0.02585113670798833,5.044965364441123
CTAS,2024-12-19,-3.118934739000856,-8.449528859978594
CTAS,2024-09-25,0.5300182533211961,-1.2204126045285646
CTSH,2026-04-29,-8.81720918007317,-4.880255736554606
CTSH,2026-02-04,-11.99054788202204,3.4630888594946674
CTSH,2025-10-29,-1.3813976044932619,7.460913434712735
CTSH,2025-07-30,-2.460928449671884,-5.766947589030513
CTSH,2025-04-30,5.105405826732268,6.017192374542413
CTSH,2025-02-05,3.1867660550125354,3.1841029310192726
CTSH,2024-10-30,-0.3956824665349967,-1.2049797721790934
CTVA,2026-05-05,2.8582193267308487,-3.2072469651961866
CTVA,2026-02-03,0.7848019491520697,-0.9972669599932038
CTVA,2025-11-04,-2.9250658332140245,1.7563670868567804
CTVA,2025-08-06,-0.7821032767836744,-1.9360956443201238
CTVA,2025-05-07,1.0517754720419603,8.550828163020373
CTVA,2025-02-05,2.2090792742603282,-5.114150757724856
CTVA,2024-11-06,1.5792196115044232,-5.538466993355495
CVNA,2026-04-29,1.37184288645813,-5.860932212107761
CVNA,2026-02-18,-14.739675011624076,-4.080477999130839
CVNA,2025-10-29,1.7787377079809596,-15.367205147713669
CVNA,2025-07-30,-1.481428534732221,9.295685617265592
CVNA,2025-05-07,6.248209340269084,3.5972324763223096
CVNA,2025-02-19,6.2432282927723515,-21.519696980056935
CVNA,2024-10-30,5.771471516283655,9.744181006046414
CVS,2026-05-06,-0.3581130663539156,12.21960425552886
CVS,2026-02-10,0.46406542505172954,2.850739038095562
CVS,2025-10-29,-0.2023246480220342,-4.926995894201747
CVS,2025-07-31,0.7275680362592851,-1.3643621532545502
CVS,2025-05-01,1.7386073847504457,0.5846081652142621
CVS,2025-02-12,-2.3957372022297307,19.690905682454773
CVS,2024-11-06,-1.6177698640554294,0.3613996353931448
CVX,2026-05-01,3.043708232673681,-0.34659674670151075
CVX,2026-01-30,2.7181023021481954,4.0013958748483125
CVX,2025-10-31,-1.9417449402645448,-0.08468745525718191
CVX,2025-08-01,-2.688834518710681,0.9232486341501867
CVX,2025-05-02,-2.0205738051472966,-0.48436321088110024
CVX,2025-01-31,0.19873150149805063,-1.983134040177259
CVX,2024-11-01,-1.0833970233702028,3.0842659320956978
D,2026-05-01,3.1669906273963155,-2.34108438131565
D,2026-02-23,1.2899082481032442,-3.623397167590492
D,2025-10-31,-1.9116665118887322,-0.3360194556244034
D,2025-08-01,-0.5106325970124614,4.499574492211922
D,2025-05-01,1.9688598481506947,0.07354756895296966
D,2025-02-12,3.243142546322275,-0.21540454056514502
D,2024-11-01,-2.040485458341712,-1.5790376849392995
DAL,2026-07-10,-4.126634875463909,-3.9213459143477847
DAL,2026-04-08,3.845560132317538,3.35262383956918
DAL,2026-01-13,-1.0999682126006327,0.43644126511241943
DAL,2025-10-09,1.8000270245638994,2.8011308684901204
DAL,2025-07-10,3.469395298466549,14.61537011241254
DAL,2025-04-09,-15.417256606641471,13.935332255746747
DAL,2025-01-10,1.5206654494208882,7.929017562913021
DAL,2024-10-10,5.330565582149704,4.623250276274682
DASH,2026-05-06,-3.39012722548776,-1.3302074888564608
DASH,2026-02-18,-12.832908317408043,8.593074573691005
DASH,2025-11-05,-8.220495619358426,-14.84599516714903
DASH,2025-08-06,4.96710607838764,1.531652961769936
DASH,2025-05-06,9.325095038505937,-10.925018427179845
DASH,2025-02-11,0.9591204411869336,6.753877473424064
DASH,2024-10-30,1.7438073811369303,0.296396084350814
DD,2026-05-05,-2.7414912157421645,6.496364819563416
DD,2026-02-10,6.009456968048998,4.946918231326136
DD,2025-11-06,15.282015905505041,1.539237114369918
DD,2025-08-05,-5.528919628431295,-0.04230674239044108
DD,2025-05-02,0.0,-1.5291490712206812
DD,2025-02-11,0.23658041467593538,10.215050321601261
DD,2024-11-05,-2.4550129102949736,5.791080538543958
DDOG,2026-05-07,7.262286383494909,40.78352089082189
DDOG,2026-02-10,-11.654397954175389,10.630641952541442
DDOG,2025-11-06,-0.6538488926031705,28.868245403631796
DDOG,2025-08-07,-8.00644665368453,-5.936042993775159
DDOG,2025-05-06,3.8922736068611963,3.3301838922328075
DDOG,2025-02-13,2.2367898500877947,-11.790122146563098
DDOG,2024-11-07,0.14825408550016572,-4.666930431100303
DE,2026-05-21,-3.4771397280323635,-5.591844729648021
DE,2026-02-19,-0.02360116309675364,9.029627693244446
DE,2025-11-26,5.123988048279959,-6.026547792374759
DE,2025-08-14,0.7652327314095153,-4.363820922356543
DE,2025-05-15,5.313306540857909,6.49848958767858
DE,2025-02-13,1.8987428910293813,5.245928176114001
DE,2024-11-21,3.9825328673314564,14.255735229416121
DE,2024-08-15,1.5318591489494215,6.157482899746314
DECK,2026-07-23,-3.81113076609062,-4.625741980387388
DECK,2026-05-21,4.588520754381653,13.4364870365137
DECK,2026-01-29,-4.237786532629617,19.08420070605894
DECK,2025-10-23,4.614264657392408,-10.328078334803148
DECK,2025-07-24,10.431139528986977,3.97816930099244
DECK,2025-05-22,-3.140703502536646,-11.673152930148856
DECK,2025-01-30,1.8518498796982419,-22.051160511451762
DECK,2024-10-24,-6.32911188661156,12.142279913254562
DELL,2026-05-28,29.77982938903676,52.61364361080918
DELL,2026-02-26,5.737288845970823,24.352130827044995
DELL,2025-11-25,3.8700215863788356,4.818434951218942
DELL,2025-08-28,3.1289009326606276,-8.709435848559721
DELL,2025-05-29,-0.4027024046005634,-5.001315082161439
DELL,2025-02-27,-4.389882297170078,-17.37137637373395
DELL,2024-11-26,5.992221523019747,-11.494182681358767
DELL,2024-08-29,-0.12532401547329375,-0.7081434201453463
DG,2026-06-02,4.051115849275289,-5.830988941539372
DG,2026-03-12,-4.459112905930862,-6.897254256452523
DG,2025-12-04,5.349435741197572,13.085810319071523
DG,2025-08-28,-3.1780678265061257,-0.6654624285549526
DG,2025-06-03,-4.162143037108745,17.15549838354238
DG,2025-03-13,1.5603822889061592,6.680027563424806
DG,2024-12-05,6.511239343779818,1.6352358092953212
DG,2024-08-29,0.10508512922673408,-32.340116855957135
DGX,2026-07-23,3.994646076187758,10.489441126039424
DGX,2026-04-21,1.7624710158302248,1.640267613080959
DGX,2026-02-10,3.3783809073943294,8.162095868842624
DGX,2025-10-21,4.174414455740072,-3.7708096923364964
DGX,2025-07-22,-1.1403468892097868,3.274257993369978
DGX,2025-04-22,-1.2988621213023355,8.655626437114993
DGX,2025-01-30,2.5938891091767946,4.5226539052381165
DGX,2024-10-22,-1.0939716025301305,7.206373774049157
DHI,2026-07-21,-2.72758659785296,-1.8440488243333775
DHI,2026-04-21,6.24262680725074,7.095347288055653
DHI,2026-01-20,-0.8392553696973559,-0.14106630736453463
DHI,2025-10-28,3.3168712198251793,-6.024184193660398
DHI,2025-07-22,-3.5856175162116255,10.27282976536885
DHI,2025-04-17,-2.98777847824816,6.312733928076075
DHI,2025-01-21,8.152640655536803,-1.632242825744068
DHI,2024-10-29,-3.162065510817602,-6.308916702966472
DHR,2026-07-21,0.47461877041423683,-4.281239413366289
DHR,2026-04-21,-0.18889208084958975,-8.659842983168076
DHR,2026-01-28,0.6059835637478139,-7.151650305843294
DHR,2025-10-21,1.5842861220467075,6.88132124760934
DHR,2025-07-22,-4.895064344388067,7.8374959767370855
DHR,2025-04-22,-1.9975646339890574,6.239200309980597
DHR,2025-01-29,1.5280018393755146,-10.12749352733544
DHR,2024-10-22,0.19517782192375321,-8.853697648494174
DIS,2026-05-06,-0.9756536627243517,7.503974570096461
DIS,2026-02-02,1.6399346677881343,-5.097517497876125
DIS,2025-11-13,4.750365916660582,-9.39563066631085
DIS,2025-08-06,-1.3259892248569938,-4.97802719682241
DIS,2025-05-07,1.096856243737343,14.939792890850345
DIS,2025-02-05,1.0344287653791362,-2.153573488417626
DIS,2024-11-14,3.8729787642396207,10.5334947392951
DLR,2026-07-23,1.3290147330895064,9.724785880048348
DLR,2026-04-23,2.6419333617429874,-2.2503253194921857
DLR,2026-02-05,2.1934854936289883,3.201637100692456
DLR,2025-10-23,-1.592470772136645,3.3234814265879153
DLR,2025-07-24,3.6189160114779684,-1.9638486963950763
DLR,2025-04-24,3.6654584939314505,5.778750779269082
DLR,2025-02-13,-2.37455747368871,1.48879521178924
DLR,2024-10-24,2.2636233631283975,10.560925497988727
DLTR,2026-05-28,5.805101093476384,16.146860627988204
DLTR,2026-03-16,-7.194059733302616,0.027916228878144267
DLTR,2025-12-03,8.718202357874837,12.340586146674081
DLTR,2025-09-03,-0.4025085557720298,-9.18724370698274
DLTR,2025-06-04,7.038513244125588,-2.295286592932677
DLTR,2025-03-26,3.32409344587139,8.355675694594211
DLTR,2024-12-04,3.8693101531520613,-0.8416122821456873
DLTR,2024-09-04,-15.432419528657526,-18.55480862554194
DOC,2026-05-05,0.5555461623928393,20.687531823850502
DOC,2026-02-02,-4.646029566257193,-2.6682108042831887
DOC,2025-10-23,1.1534801070550493,2.363057498515131
DOC,2025-07-24,4.909220724858376,-9.396316876585853
DOC,2025-04-24,0.8198314260703832,-5.685434365940956
DOC,2025-02-03,-0.8161100164064905,-3.0009805630119013
DOC,2024-10-24,1.8950910074013505,-2.292381237173069
DOV,2026-07-23,1.0694451762966795,-4.046050773864507
DOV,2026-04-23,0.32952253096816264,4.653745535654585
DOV,2026-01-29,-1.222726723378198,0.6407820459864988
DOV,2025-10-23,3.0431591607770203,6.175054980777817
DOV,2025-07-24,1.6290454442478008,-3.127287723490191
DOV,2025-04-24,1.8802062883904735,2.392563092761124
DOV,2025-01-30,-0.7293385086568405,2.492909154937495
DOV,2024-10-24,-0.5757412032126097,0.40691834980803865
DOW,2026-07-23,5.218852515972605,-7.9999999999999964
DOW,2026-04-23,-0.07723840315232433,-1.829438177301701
DOW,2026-01-29,-2.2175284448740173,3.9596792440012685
DOW,2025-10-23,-2.2522671060540067,18.57141802102289
DOW,2025-07-24,7.924671869339606,-15.34409682596456
DOW,2025-04-24,4.693142617331159,3.2758673769127222
DOW,2025-01-30,0.563472849677682,-8.940314702458597
DOW,2024-10-24,-2.7389380349497783,-2.6801370954885995
DPZ,2026-07-20,7.586990539305938,-0.7294078331799181
DPZ,2026-04-27,-1.136921654099765,-9.656627316679966
DPZ,2026-02-23,0.7412606021687473,5.025878397928896
DPZ,2025-10-14,-3.464095664786382,2.1285438699140347
DPZ,2025-07-21,0.31648405223883014,2.5968446901381226
DPZ,2025-04-28,4.465009762858063,0.5722176630222897
DPZ,2025-02-24,-3.6488297279654636,3.6204746948275135
DPZ,2024-10-10,-2.362965568317943,3.601163958457554
DRI,2026-06-25,2.1047528899845735,-3.6308263192804335
DRI,2026-03-19,-1.3419192228964816,-2.361614804726997
DRI,2025-12-18,5.811735379424077,-0.1424524898823165
DRI,2025-09-18,-1.262654030249588,-11.293638847521459
DRI,2025-06-20,2.3338168049288566,-0.8619599415016777
DRI,2025-03-20,-0.8797895698592573,10.847740520092897
DRI,2024-12-19,-4.742909798653749,15.587667059601063
DRI,2024-09-19,1.0797695949889663,8.545942137655516
DTE,2026-07-28,0.8770118575273322,-3.7560272633102465
DTE,2026-04-30,2.409970776838599,-0.20404442281193313
DTE,2026-02-17,7.506292016239091,0.06209365339977513
DTE,2025-10-30,-2.684130511205174,-3.593554497330176
DTE,2025-07-29,-0.39161774065298305,0.7717704504361045
DTE,2025-05-01,0.6169259537095906,-0.22626678712880377
DTE,2025-02-13,1.2226006564969305,4.315964458266097
DTE,2024-10-24,1.1831612744680031,-2.5848336688143903
DUK,2026-05-05,0.28326586125639874,-2.02431963416998
DUK,2026-02-10,1.8662638733794035,3.606640014149609
DUK,2025-11-07,-0.9663704146078311,-0.2661313610003879
DUK,2025-08-05,5.586725864253994,1.417413072659257
DUK,2025-05-06,0.06629388462024988,-0.621119815767035
DUK,2025-02-13,2.204464781173354,-3.8271514847962984
DUK,2024-11-07,-0.32456452935615276,-1.0296614307807928
DVA,2026-05-05,2.6857705413753097,27.37538432925948
DVA,2026-02-02,1.128369922601724,29.925006691594657
DVA,2025-10-29,0.9345042551355931,-8.170668866148711
DVA,2025-08-05,-3.9845801275979587,-8.479072153662305
DVA,2025-05-12,1.8635226621066536,-2.6850311337261568
DVA,2025-02-13,-2.747936556360675,-9.854649388512904
DVA,2024-10-29,-2.779491408311474,-10.977399018249233
DVN,2026-05-05,6.3485440301990215,-11.607490294245505
DVN,2026-02-17,1.9401950023840486,0.0
DVN,2025-11-05,1.6869758195902973,3.533045446534211
DVN,2025-08-05,-6.306828781902729,1.4088907952635399
DVN,2025-05-06,-2.9476937867828568,4.278243988560382
DVN,2025-02-18,4.494713202704759,11.287535554087992
DVN,2024-11-05,1.451157231787592,-0.6641135012906307
DXCM,2026-04-30,-9.225671799713531,4.308546704425709
DXCM,2026-02-12,-3.770118865364025,3.345559395814668
DXCM,2025-10-30,-3.5643518413603803,-11.366969734982046
DXCM,2025-07-30,4.969449707529439,-11.270285245433831
DXCM,2025-05-01,6.760389772366526,12.454468663099805
DXCM,2025-02-13,-5.530520500367286,7.940855865759766
DXCM,2024-10-24,3.6909896634258255,-0.5242892731959992
EA,2026-05-05,-0.3111828547058715,-0.48062729922193625
EA,2026-02-03,-0.39139121814738553,-2.784878484064035
EA,2025-10-28,-0.04487073421931553,-0.28927217173927433
EA,2025-07-29,-0.912710698142638,0.328964177586033
EA,2025-05-06,5.466192426784122,0.5945360729295412
EA,2025-02-04,4.240522407503899,7.395654753591585
EA,2024-10-29,-1.0500405704689242,4.626158166141914
EBAY,2026-04-29,-4.781779797115371,3.696686214587741
EBAY,2026-02-18,-8.482148976499616,10.156349011887755
EBAY,2025-10-29,4.843114770172785,-18.347052584920508
EBAY,2025-07-30,-3.9872884323467916,16.86623905373905
EBAY,2025-04-30,0.22369997890627769,2.0833294849794237
EBAY,2025-02-26,1.6334660197839357,-8.726905024402221
EBAY,2024-10-30,-0.868601249231904,-7.423928753464926
ECHO,2026-05-11,3.2229267826493935,4.781749216434483
ECHO,2026-03-02,4.684666673026805,-1.2983640750014458
ECHO,2025-11-06,-1.7658285836157028,1.9773234391732508
ECHO,2025-08-01,9.215817647244574,-17.98097754806618
ECHO,2025-05-09,3.6055599791533943,-17.064987965310085
ECHO,2025-02-27,-3.33222256705481,7.100997758322958
ECHO,2024-11-12,7.663776958883162,-15.843855807942465
ECL,2026-07-28,1.0161961840133404,2.9331532581095665
ECL,2026-04-28,-2.829359627542849,-2.7176385195670894
ECL,2026-02-10,1.5899977976341573,4.348271906587087
ECL,2025-10-28,-0.16419463197439033,-8.083360082264235
ECL,2025-07-29,0.7011918293947872,-3.048234100138414
ECL,2025-04-29,3.2482464592135107,5.685474065450791
ECL,2025-02-11,-1.430800329203219,7.940966965506346
ECL,2024-10-29,-1.0571284901041422,-4.180150292690932
ED,2026-05-07,-1.846067273143004,-0.6175733224795477
ED,2026-02-19,3.741417646664269,0.47486714734923385
ED,2025-11-06,-0.917523921029828,2.2162095501103707
ED,2025-08-07,1.5206179289164679,-0.028799403939383517
ED,2025-05-01,0.2044055219024843,-2.864745361922094
ED,2025-02-20,-0.20439346420645377,4.639923059223761
ED,2024-11-07,-3.6604421669718112,-0.4850390296668672
EFX,2026-07-21,4.32767579762996,-7.418925185754654
EFX,2026-04-21,6.4246294239399315,-11.851856709743448
EFX,2026-02-04,-15.853479345256305,11.75091868597493
EFX,2025-10-21,2.5104115873718857,0.08221038400977321
EFX,2025-07-22,-0.38367857423877716,-5.261126755109535
EFX,2025-04-22,-2.2475641345712893,19.466786535714895
EFX,2025-02-06,-0.350299073511795,-6.413066296605652
EFX,2024-10-16,1.3235939324534263,-2.8056402118188384
EG,2026-04-29,-0.7861184139567823,1.8728198532615092
EG,2026-02-04,1.818226898818076,-0.43657705159275695
EG,2025-10-27,-0.0544255078401612,-11.317126634550734
EG,2025-07-30,-1.4064491208856555,-0.2828964115135446
EG,2025-04-30,0.5851084836815623,-3.033761057339557
EG,2025-02-03,-4.8282816665365935,-2.212889491209402
EG,2024-10-30,-2.22914548485742,-6.845201697032333
EIX,2026-04-28,-2.847832837537001,1.3416996100163336
EIX,2026-02-18,11.96112443180204,3.248377659990531
EIX,2025-10-28,-1.2836082928762593,-2.2315966501984197
EIX,2025-07-31,-1.1663430437647837,6.829172687700935
EIX,2025-04-29,4.5511455148330215,-6.49527477615055
EIX,2025-02-27,0.3624618191305995,5.05605997156553
EIX,2024-10-29,-0.15365322698559503,-2.462115717888913
EL,2026-05-01,0.4057509470111853,8.00417859531224
EL,2026-02-05,4.353520974008762,-17.222648266274053
EL,2025-10-30,-1.287631534544531,-4.221451489248684
EL,2025-08-20,-1.9956344994084718,1.5132897489760433
EL,2025-05-01,4.7153347765052755,-3.7691746093705403
EL,2025-02-04,-0.945415941564276,-22.363170213768836
EL,2024-10-31,-0.7290166449449798,-23.752158149715964
EL,2024-08-19,6.528316892850894,-3.643244521476441
ELV,2026-07-15,1.8956672617175263,-12.57761946592273
ELV,2026-04-22,4.71038138937061,5.0745255598720895
ELV,2026-01-28,-12.025285728972568,7.066759149684532
ELV,2025-10-21,0.7540859513186726,-2.2001288875106773
ELV,2025-07-17,-0.5225703165594564,-19.76491615471869
ELV,2025-04-22,-7.530523939261801,5.4341186383941364
ELV,2025-01-23,-0.6180574945346407,5.249129261907348
ELV,2024-10-17,0.6990667089533442,-15.031391026343977
EME,2026-04-29,3.0751445743808503,4.598389592265462
EME,2026-02-26,2.393176437396116,-8.233965459946923
EME,2025-10-30,17.206950486081606,-13.317887601735844
EME,2025-07-31,11.447558462281759,-1.5813593285048388
EME,2025-04-30,10.669868155011187,4.157187723733791
EME,2025-02-26,-8.26899980302751,2.7334569354614313
EME,2024-10-31,-3.1080320415674434,6.885615432261116
EMR,2026-05-05,-4.248250958760391,4.156202607780135
EMR,2026-02-03,-0.3352762117655339,1.5541887799078502
EMR,2025-11-05,2.3937035359337333,-5.989554451631696
EMR,2025-08-06,-4.769328566270426,-5.570174761222912
EMR,2025-05-07,2.0744135627544846,4.922160455811286
EMR,2025-02-05,-1.7769057419209644,-2.600045531129447
EMR,2024-11-05,1.058341620221559,15.82734558943628
EOG,2026-05-05,6.297847927204736,-7.570082450580395
EOG,2026-02-24,1.308696648283303,-0.9647570039907016
EOG,2025-11-06,-0.7641524445287429,1.3119102458658105
EOG,2025-08-07,-3.8353722103675714,0.21442549243988474
EOG,2025-05-01,-1.1114093323853047,-1.640535391609832
EOG,2025-02-27,-3.4862140564187016,-7.162656345603824
EOG,2024-11-07,5.542660404230149,4.638356224847318
EQIX,2026-04-29,-1.6393422408435554,0.8017463388960921
EQIX,2026-02-11,6.848084983583647,11.607951581442855
EQIX,2025-10-29,-0.7141190106768391,3.6611853443720976
EQIX,2025-07-30,1.3215995745654796,-4.854962558172893
EQIX,2025-04-30,7.651172771488257,2.841544052002032
EQIX,2025-02-12,2.094609015531379,-1.063974304702986
EQIX,2024-10-30,3.1353631038558483,-1.943899937924387
EQR,2026-07-22,-0.6257280231919404,-0.6296680325245219
EQR,2026-04-28,-1.749958543091512,4.910136206890048
EQR,2026-02-05,3.8183144858731533,2.520598686250497
EQR,2025-10-28,1.5396929989374586,-4.738580242663948
EQR,2025-08-04,-6.857658070084883,1.0358595200661513
EQR,2025-04-29,2.68145954095107,1.8900820053901812
EQR,2025-02-03,3.487158782260358,1.840583838992882
EQR,2024-10-30,0.12136986616870793,-6.8965574445481455
EQT,2026-07-21,-1.3475502155933072,8.848114617927916
EQT,2026-04-21,-1.213177012024036,3.3859699127952503
EQT,2026-02-17,3.363263444468023,2.109847921920238
EQT,2025-10-21,5.199404260622131,-5.119580519912937
EQT,2025-07-22,-8.133149890707891,0.9151968435144653
EQT,2025-04-22,-3.967782480993143,2.390931591327017
EQT,2025-02-18,4.539226859100753,-1.336532872173457
EQT,2024-10-29,2.612790182242941,-2.063816629699655
ERIE,2026-04-23,2.2369427733328395,-7.511998045029033
ERIE,2026-02-23,-3.4989755713675796,-1.1793130387641737
ERIE,2025-10-30,-6.466492895141929,-5.472552943162235
ERIE,2025-08-07,1.5707734010529606,0.5489319602768994
ERIE,2025-04-24,-1.9203380059684472,-15.626966930597508
ERIE,2025-02-27,2.7244402158518977,12.515328642160007
ERIE,2024-10-31,-2.9216375179473064,-10.601252691991903
ES,2026-05-06,0.466608468654961,-3.46879455224004
ES,2026-02-12,2.9015159006944735,4.001704748910062
ES,2025-11-04,-0.46846647450995427,-3.79236138194321
ES,2025-07-31,-0.5725540361621317,0.7122298805018579
ES,2025-05-01,2.6225099754290104,-0.3194356442292823
ES,2025-02-11,3.40171492019703,3.322844080003051
ES,2024-11-04,-3.295865252940189,-4.664675714844413
ESS,2026-04-28,-0.6614137954316757,2.4841379311171474
ESS,2026-02-04,-1.644617327755371,4.228761814493542
ESS,2025-10-29,-2.2253731163339174,-1.7099282421765616
ESS,2025-07-29,-0.645619470445502,-8.115546041903654
ESS,2025-04-29,2.4659379334337928,2.4858619794163372
ESS,2025-02-04,0.45921371159325375,4.810292055960685
ESS,2024-10-29,2.848622876808382,-5.27582345507539
ETN,2026-05-05,1.3604660460619922,-5.513212269219747
ETN,2026-02-03,8.173835537367836,-1.3270635980719314
ETN,2025-11-04,1.7986050056442826,-2.102605317592532
ETN,2025-08-05,-2.036869541923847,-6.120989988108971
ETN,2025-05-02,5.100693843311688,-0.8327196399976144
ETN,2025-01-31,-11.52046408351135,-3.7908855706865086
ETN,2024-10-31,-0.6232513340794554,-3.1353458157779346
ETR,2026-04-29,1.7260029233225005,3.4512321747314
ETR,2026-02-12,4.160826516335869,4.231546669236952
ETR,2025-10-29,-0.6690345388593144,1.1260718665437652
ETR,2025-07-30,-0.32757874908986295,1.6205937610372478
ETR,2025-04-29,5.6887218787040394,-2.0213726390465925
ETR,2025-02-18,0.8435102404977801,4.0853348661058275
ETR,2024-10-31,-1.8620018264110083,5.974711157523238
EVRG,2026-05-07,-0.41805727427224326,3.0127222276736365
EVRG,2026-02-19,2.0952392586711444,2.126868933739212
EVRG,2025-11-06,-0.22095907555412797,-0.2605119137640499
EVRG,2025-08-07,4.404210706539713,-1.133097072299416
EVRG,2025-05-08,0.7814688916179202,-6.160249040783938
EVRG,2025-02-27,2.7356438461608956,0.6078267410149607
EVRG,2024-11-07,1.648349225125445,3.6527368191994425
EW,2026-07-23,-3.3230136450506875,-1.5763918309325553
EW,2026-04-23,4.258314528143403,2.367227197439714
EW,2026-02-10,-7.0780379505369755,-0.46875077610211147
EW,2025-10-30,7.613230586049524,0.45954437319943864
EW,2025-07-24,1.011300602355436,2.0543416024287
EW,2025-04-23,1.0447913250937635,7.70538606087976
EW,2025-02-11,-0.39226504633056436,6.8917041224162645
EW,2024-10-24,3.382133902458584,-2.959926284122927
EXC,2026-05-06,-1.8282358413102662,-4.915549649158512
EXC,2026-02-12,2.348609109452515,8.076493827307196
EXC,2025-11-04,-3.890160705229606,-1.0606123301758585
EXC,2025-07-31,1.7705178215490447,2.0560188840622162
EXC,2025-05-01,0.21367838157242414,-1.9189794283133499
EXC,2025-02-12,4.489390135701776,1.156746148249188
EXC,2024-10-30,-2.4179524582190637,-3.5398233727019335
EXE,2026-07-28,4.094313183366083,2.1102596261571405
EXE,2026-04-28,0.8693848476711397,6.074759874500613
EXE,2026-02-17,-5.726195868617268,-0.1922130107329223
EXE,2025-10-28,-2.8250733511603676,-3.2344975447198387
EXE,2025-07-29,-1.2875907718542412,6.776721086160142
EXE,2025-04-29,4.763309592325871,-3.4357153101684634
EXE,2025-02-26,-3.2897861806218343,-3.8973732862761623
EXE,2024-10-29,-0.571418644874,-0.6333723713670469
EXPD,2026-05-05,-5.665090567941311,8.696584830125232
EXPD,2026-02-24,2.1365185476539983,-3.2814271848650822
EXPD,2025-11-04,2.348514188806994,9.864437589935005
EXPD,2025-08-05,1.3262880247686182,1.0094929867393132
EXPD,2025-05-06,2.833733914130865,-1.3688713424556243
EXPD,2025-02-18,2.9531634175824273,3.176418617002086
EXPD,2024-11-05,0.2581627097498762,-0.33225394961425847
EXPE,2026-05-07,-1.5604429604374026,-10.21649060044032
EXPE,2026-02-12,-1.2178550833129242,-14.20377225902576
EXPE,2025-11-06,-2.7075020614088507,25.363648509613835
EXPE,2025-08-07,2.975715331236839,4.045578914867565
EXPE,2025-05-08,6.136497300213484,0.41426926224807925
EXPE,2025-02-06,-0.8991658662425683,19.601721721626973
EXPE,2024-11-07,6.639769250229088,7.25634408617617
EXR,2026-07-28,0.6857648799613703,-0.05393929185180113
EXR,2026-04-28,-5.042532109013198,2.7160714360723315
EXR,2026-02-19,2.6442246963828575,3.6024372355527134
EXR,2025-10-29,-2.411165395908643,-9.10700562295812
EXR,2025-07-30,0.3832679920098281,-8.300958238335088
EXR,2025-04-29,2.68451679550461,4.488763302274679
EXR,2025-02-25,2.659409315252126,-3.514819298890226
EXR,2024-10-29,1.6140936019935825,-2.4841710147080476
F,2026-07-28,4.932098251224404,1.2261535950922386
F,2026-04-29,-2.973397432942726,-4.193540322886502
F,2026-02-10,-1.593046898165773,3.0169269732518655
F,2025-10-23,5.697280860782117,6.677390584618226
F,2025-07-30,-0.9830327495745417,-2.346560387333829
F,2025-05-05,2.3904274092014566,0.0
F,2025-02-05,0.7936243767856954,-9.055118354009617
F,2024-10-28,-0.27026882120897433,-5.420053862327068
FANG,2026-05-04,6.601982414993035,-6.053452195459885
FANG,2026-02-23,5.130807245605351,-4.6815384089241014
FANG,2025-11-03,-1.830528129532183,-4.120397076356285
FANG,2025-08-04,1.0580227201903991,-1.21800577968747
FANG,2025-05-05,0.036579905599865015,-5.2920143837566265
FANG,2025-02-24,-0.03202577185311695,-2.363569816385047
FANG,2024-11-04,-4.648002825884944,4.44227658032621
FAST,2026-07-14,-2.6081572768881345,-0.8076509131083376
FAST,2026-04-13,6.198701995478317,-9.701029547748242
FAST,2026-01-20,4.19249023375714,2.3776701352011376
FAST,2025-10-13,-4.385975266127673,-7.732620591289951
FAST,2025-07-14,0.3245903964279151,5.384804252739306
FAST,2025-04-11,-2.845801519937019,7.731904138144263
FAST,2025-01-17,2.508926054785854,1.1100506281463751
FAST,2024-10-11,-1.0182395988871162,9.887122923207148
FCX,2026-07-23,6.609805967870708,-3.5076904296875044
FCX,2026-04-23,2.416306285215053,-13.914157290473717
FCX,2026-01-22,2.344034419615082,0.9739158005757309
FCX,2025-10-23,-2.2296803012821553,0.7847025399671415
FCX,2025-07-23,3.8077981218027412,-1.986900870219377
FCX,2025-04-24,5.454001238544559,5.825543904238106
FCX,2025-01-23,-0.6607454051073547,-6.190845451726911
FCX,2024-10-22,-1.5807893705125364,-2.2945121915995625
FDS,2026-07-01,5.468717977700832,9.614045089164236
FDS,2026-03-31,-1.8803685096858258,11.307745898929689
FDS,2025-12-18,2.7515720663807697,-1.7526154901805424
FDS,2025-09-18,-7.109673505170799,-12.025359880004538
FDS,2025-06-23,-0.43143504839009417,4.150683542219991
FDS,2025-03-20,1.984324895069034,-1.4347694582557469
FDS,2024-12-19,-3.467070444565068,3.4436112757079584
FDS,2024-09-19,2.1186593204040483,4.905896850919067
FDX,2026-06-23,-2.452110734958668,0.20074325219290312
FDX,2026-03-19,-3.223673477030109,1.7269995704429997
FDX,2025-12-18,-0.22984679399244978,3.745435770440597
FDX,2025-09-18,0.03987882684175492,1.9222139320770326
FDX,2025-06-24,2.8210885958358523,-3.5597488853046144
FDX,2025-03-20,1.482475784109094,-1.942378782457277
FDX,2024-12-19,-2.845345624425244,-1.519249821902291
FDX,2024-09-19,4.672466739840697,-13.207232738835462
FE,2026-07-28,1.6069195809334191,-1.2368220075548386
FE,2026-04-28,-0.0202249497630147,-3.8834925723950198
FE,2026-02-17,7.441556269003646,-1.057884395832065
FE,2025-10-22,-0.9467637579243515,-0.9345824030321137
FE,2025-07-30,0.5290888604640998,3.325358853946603
FE,2025-04-23,3.866739044447476,-0.8663175489055708
FE,2025-02-26,7.063742484650426,-10.873552380326245
FE,2024-10-29,-0.04577564124793598,-4.235351415803357
FFIV,2026-07-27,-4.128578439611119,-1.3411130166604446
FFIV,2026-04-28,-5.184712987037221,8.79349474957638
FFIV,2026-01-27,-0.2870736746579561,5.6384318130418665
FFIV,2025-10-27,-0.8507801962516659,-13.266738304655124
FFIV,2025-07-30,0.47679231590724847,2.7369344702195653
FFIV,2025-04-28,4.415921300258252,-1.9590447612620854
FFIV,2025-01-28,-0.3561289630359843,14.62682019402408
FFIV,2024-10-28,-0.2804858480481953,10.181215626036044
FICO,2026-04-28,-4.66236122438789,1.1017609186813493
FICO,2026-01-28,3.3790565406490503,-5.296437285093047
FICO,2025-11-05,-3.632460431190976,8.336966966531033
FICO,2025-07-30,-1.7347496591446965,-8.238216913452433
FICO,2025-04-29,7.003549764013384,3.0057600638421222
FICO,2025-02-04,-0.7966859285718053,3.246246589569246
FICO,2024-11-06,-0.5989527187490573,16.048764227515868
FIS,2026-05-08,1.5473918768912354,-8.973552670838437
FIS,2026-02-24,1.4102440549892181,7.564264144622124
FIS,2025-11-05,-4.21658800633653,2.5811435486910783
FIS,2025-08-05,-3.507269047646089,-11.258861587170488
FIS,2025-05-06,0.4359879124345767,-0.5107193871043969
FIS,2025-02-11,0.9526111137412308,-14.674573500506316
FIS,2024-11-04,-0.6910610646346016,-2.9853884894106453
FISV,2026-05-05,2.5134664664951956,-9.552618800851365
FISV,2026-02-10,-4.448680168658836,-2.194878131394562
FISV,2025-10-29,0.07931980198552235,-47.14274121482796
FISV,2025-07-23,0.9487882106596457,-14.429447864040679
FISV,2025-04-24,2.0062980950639187,-17.996317929898975
FISV,2025-02-05,1.1808048297685003,7.39426582374596
FISV,2024-10-22,2.0390221645307127,3.1039180270943545
FITB,2026-07-17,5.005302388631949,-2.880241056488042
FITB,2026-04-17,-1.39386629370013,3.190624674891329
FITB,2026-01-20,-0.2232567332054458,3.519122701256272
FITB,2025-10-17,-7.832845562829904,4.484621885571616
FITB,2025-07-17,-0.8749797935582726,-0.20906105940700082
FITB,2025-04-17,-3.964267696308299,0.7267607654229291
FITB,2025-01-21,7.830730203323788,-1.1050839680047275
FITB,2024-10-18,6.327632764131286,-3.7690186880029786
FIX,2026-07-23,3.1300805522102015,-3.385705261946881
FIX,2026-04-23,4.58045992631706,4.033080649857856
FIX,2026-02-19,3.9255487527735777,7.131650019529134
FIX,2025-10-23,-5.54168276220638,23.488723985392923
FIX,2025-07-24,0.23415545128750992,26.475158504066385
FIX,2025-04-24,-0.14316460560458433,10.87993649964083
FIX,2025-02-20,-8.920236533883186,-9.427572821788955
FIX,2024-10-24,-0.6414656373071703,-5.5120035603058115
FLEX,2026-05-05,1.953812689898493,44.827961466239415
FLEX,2026-02-04,1.3671265906438412,-3.0459136029715728
FLEX,2025-10-29,3.1129692729561675,-2.7077522885511462
FLEX,2025-07-24,3.760850183848552,-6.152411906195033
FLEX,2025-05-07,5.418576065859515,4.6505277758613905
FLEX,2025-01-29,-8.312627664611682,2.6114840337674528
FLEX,2024-10-30,1.1967304947426483,2.3363179004046053
FOX,2026-05-11,-0.5796624438533238,5.070676367410631
FOX,2026-02-04,-2.650234289840059,-7.64482881951889
FOX,2025-10-30,3.5435288427148492,5.464582595636869
FOX,2025-08-05,0.19261136736699047,-5.690125799948631
FOX,2025-05-12,1.1912535157494908,8.17637019500892
FOX,2025-02-04,3.123681344312179,2.5818311194511834
FOX,2024-11-04,1.4080805941836916,8.974035953528858
FOXA,2026-05-11,-0.6471978804855061,5.60852029077763
FOXA,2026-02-04,-2.3620984480575924,-7.812726222738853
FOXA,2025-10-30,3.8067563681028593,4.620945054964443
FOXA,2025-08-05,1.0283729130037944,-5.4580603153080665
FOXA,2025-05-12,1.556496444394595,8.757954813828928
FOXA,2025-02-04,3.589235826523951,2.4831574967351777
FOXA,2024-11-04,0.40758033364585167,8.595987347295008
FRT,2026-05-01,-0.5381146533710357,3.958516457193806
FRT,2026-02-12,3.233600040506013,-0.6919202066475227
FRT,2025-10-31,-5.864256708498338,1.2543442712036557
FRT,2025-08-06,-1.5288853900371158,-2.237921160352052
FRT,2025-05-08,1.2656896454849242,3.150937817072985
FRT,2025-02-13,0.5640130804625665,-5.282694401278254
FRT,2024-10-30,-1.3203879528786544,-2.1444471331860004
FSLR,2026-04-30,1.0068326155937557,10.9018407810489
FSLR,2026-02-24,7.312209371283784,-17.365264857675168
FSLR,2025-10-30,8.215439672892444,9.929247476138524
FSLR,2025-07-31,-0.3560101098281421,2.394904912183393
FSLR,2025-04-29,14.92854163730486,-10.06181799374838
FSLR,2025-02-25,-4.2876759390683805,-7.671186126087825
FSLR,2024-10-29,4.473884728304145,-5.14558996955089
FTNT,2026-05-06,4.899669725188716,26.85720864952077
FTNT,2026-02-05,-1.1695895017748925,5.9294839691020895
FTNT,2025-11-05,-0.7569599453690179,-4.0248770899366075
FTNT,2025-08-06,-8.170275682795147,-22.679555038417774
FTNT,2025-05-07,2.811630679317756,-9.072243117487123
FTNT,2025-02-06,5.778715149459468,4.263827324589098
FTNT,2024-11-07,2.7051116847852663,20.16816743496783
FTV,2026-04-30,1.4623739812260839,-2.7044528644815324
FTV,2026-02-04,2.2577536990864733,10.616382378344014
FTV,2025-10-29,-1.2454786639062632,2.4003249009536987
FTV,2025-07-30,-0.31324001067861706,-8.582087642984504
FTV,2025-05-01,3.921866594627077,-3.013341769098965
FTV,2025-02-07,-2.1928268985001775,0.42585560260692823
FTV,2024-10-30,-1.660956229649868,-4.36997778753816
GD,2026-04-29,-3.6372564713415434,10.25248428538581
GD,2026-01-28,2.0742166012091,-4.235988134186797
GD,2025-10-24,3.3001567093926987,1.5168394357066406
GD,2025-07-23,-1.0802747913516098,5.517474198294847
GD,2025-04-23,-1.4276635039345509,-1.0298427320497128
GD,2025-01-29,-3.335414882529786,-2.1289524224282097
GD,2024-10-23,1.925326485747303,-1.1340223514788694
GDDY,2026-04-30,-2.9864245973746817,2.9384288482914966
GDDY,2026-02-24,-1.5260329538126283,-1.7775810733991038
GDDY,2025-10-30,-4.352756031534133,6.6761512190967265
GDDY,2025-08-07,-5.5284337860939115,-12.30461319631897
GDDY,2025-05-01,5.797431404236364,-3.2602343386352484
GDDY,2025-02-13,-1.114974218484166,-12.745143884654054
GDDY,2024-10-30,-1.4054310288722616,1.2457356249161888
GE,2026-07-16,1.2133829562201326,-5.286531979431819
GE,2026-04-21,-2.6611015403696148,-7.0026409070871765
GE,2026-01-22,-2.6678490399902888,-7.359499053317531
GE,2025-10-21,1.7309107083928188,1.2257187685788873
GE,2025-07-17,6.331623121469732,-1.2472640944795166
GE,2025-04-22,-1.8275021463000973,10.686865658043265
GE,2025-01-23,6.50231848442453,3.2384869486524526
GE,2024-10-22,0.8306074604652824,-7.460227756046223
GEHC,2026-04-29,-5.20343780817808,-10.905104463633586
GEHC,2026-02-04,-1.9173418742083337,2.3737075015877407
GEHC,2025-10-29,4.38367950924663,-5.604531538757252
GEHC,2025-07-30,1.6544042295160377,-10.126092137104603
GEHC,2025-04-30,10.503718589572063,3.5834853866009153
GEHC,2025-02-13,-1.4569160325980768,7.881247164686589
GEHC,2024-10-30,-4.52357070611884,1.9702140208019747
GEN,2026-05-07,2.1943556708235112,14.519429026760488
GEN,2026-02-05,-7.503025071544112,7.2830332936479
GEN,2025-11-06,-0.038699942673137144,1.973689141861379
GEN,2025-08-07,-3.853887709576642,7.249907633458386
GEN,2025-05-06,0.9796260975869941,10.205658032492337
GEN,2025-01-30,0.5458687292150044,-2.2801421116186993
GEN,2024-10-30,0.0,4.2788648180482
GEV,2026-07-22,1.2007437745297667,-5.938029413375467
GEV,2026-04-22,0.38481381752955013,15.927559413090432
GEV,2026-01-28,1.144765127221592,4.860686844123419
GEV,2025-10-22,-9.130202286993294,-0.16059866015608604
GEV,2025-07-23,-1.8550405806189607,17.41380974104423
GEV,2025-04-23,1.2468609228482919,14.214724220582987
GEV,2025-01-22,13.410205618627868,1.0793244863751106
GEV,2024-10-23,3.7768679337111477,6.193456572874045
GILD,2026-05-07,5.790128243604142,-2.039612658399592
GILD,2026-02-10,6.151580394304856,0.08571432353863262
GILD,2025-10-30,-2.4370250641387203,2.9957867996360577
GILD,2025-08-07,-3.9037997610082753,9.24010770301431
GILD,2025-04-24,0.6623659764301237,-0.037602972784012145
GILD,2025-02-11,-2.947741721139785,10.976108649717808
GILD,2024-11-06,2.429613716078216,7.038359996819699
GIS,2026-07-01,1.0746452564933229,3.7931004873549057
GIS,2026-03-18,-8.372748977507971,-4.465678893327696
GIS,2025-12-17,3.0236652282707555,1.7864659780463699
GIS,2025-09-17,-1.5690128907201228,1.5940233221253486
GIS,2025-06-25,-0.22416665294082705,-5.410975175472554
GIS,2025-03-19,-3.0322422421909967,-2.978172246314703
GIS,2024-12-18,-0.3175186495226079,-3.51888037280621
GIS,2024-09-18,-0.4409750243485444,0.013413484948010534
GL,2026-07-22,2.9889885918411796,-5.891288285828889
GL,2026-04-22,1.8353576916487313,1.08667323905971
GL,2026-02-04,4.556373076041154,1.9909544060550344
GL,2025-10-22,-2.7597087916804153,-1.7572235883107745
GL,2025-07-23,4.3230918913015115,10.013845231835772
GL,2025-04-30,1.8819916470521614,-1.7262233431330154
GL,2025-02-05,0.6578441745624719,0.8659370113013543
GL,2024-10-23,0.24368376637853295,-5.329973914370079
GLW,2026-07-28,-6.36185833106927,-5.678012942935684
GLW,2026-04-28,1.5902684203435324,-2.2438993863207024
GLW,2026-01-28,18.548133267417555,-5.913983707793646
GLW,2025-10-28,4.7959791209731595,1.0182214932792144
GLW,2025-07-29,2.801482773889852,14.131025907387729
GLW,2025-04-29,8.353791193000992,1.5419489488282645
GLW,2025-01-29,-0.6207683184498158,1.659197649301869
GLW,2024-10-29,-0.4039990929355586,1.6011985764182501
GM,2026-07-21,-1.1991633919539724,6.424795410446316
GM,2026-04-28,-3.2033835005457756,-1.3724919629931387
GM,2026-01-27,-1.7198752285128682,8.598762773915958
GM,2025-10-21,4.279041267661987,15.258614195092445
GM,2025-07-22,-0.22502063753898627,-1.6350336700543755
GM,2025-04-29,6.420357478018346,-4.635905057488465
GM,2025-01-28,7.749646100543006,-9.868890878787406
GM,2024-10-22,0.6168937933271001,7.745761492708914
GNRC,2026-04-29,1.529104007642168,19.445468943528432
GNRC,2026-02-11,5.205450332412309,23.12122500871123
GNRC,2025-10-29,-1.2207823914366922,-11.638175300742192
GNRC,2025-07-30,0.6853510440478328,27.96061030313077
GNRC,2025-04-30,2.322218972933321,1.1656655949536576
GNRC,2025-02-12,-0.5751908526041238,3.6051928970737945
GNRC,2024-10-31,-0.619809137497318,3.384808842429332
GOOG,2026-07-22,-3.1175620713282726,-7.828072998180358
GOOG,2026-04-29,5.1532627730373815,10.279137200944355
GOOG,2026-02-04,1.7014939586538436,-5.165833623929639
GOOG,2025-10-29,6.79954665552609,4.988285860320896
GOOG,2025-07-23,4.920808395957277,1.0254597817746625
GOOG,2025-04-24,-0.6049902328739254,2.9799606237563836
GOOG,2025-02-04,4.577588958959344,-4.6042331005125785
GOOG,2024-10-29,1.5319676409669247,2.584064535526065
GOOGL,2026-07-22,-3.4380171715381436,-7.895723503968344
GOOGL,2026-04-29,5.263472756196275,10.266458042860659
GOOGL,2026-02-04,1.5423697030849448,-4.960112964244601
GOOGL,2025-10-29,6.791488316450867,5.1295587996397884
GOOGL,2025-07-23,5.131868155890618,0.9616452736235237
GOOGL,2025-04-24,-0.614156945381994,3.3858913337584617
GOOGL,2025-02-04,4.9111153706918875,-4.785565676788028
GOOGL,2024-10-29,1.6151715364566055,2.633152763847879
GPC,2026-07-21,-0.9067318228836552,-1.9199333699552623
GPC,2026-04-21,2.5503220866437637,-2.4868981732588114
GPC,2026-02-17,-0.9090229688014095,-18.884207495490145
GPC,2025-10-21,0.08353880479941012,1.100060994800911
GPC,2025-07-22,-0.4179695063108002,7.522809115187679
GPC,2025-04-22,-2.9761298593393715,4.712927473526629
GPC,2025-02-18,6.081188130431459,-1.3050308751458073
GPC,2024-10-22,2.6391338048807444,-20.968416947491797
GPN,2026-05-06,2.3272987268405876,-0.40305217210504507
GPN,2026-02-18,-2.7731372095100015,18.202678877335355
GPN,2025-11-04,-11.164889946290335,-0.9468204118146528
GPN,2025-08-06,-5.791171601169909,3.303148980669368
GPN,2025-05-06,6.647830486061945,0.40379505512504466
GPN,2025-02-13,-2.65653751563264,-1.6263885342391204
GPN,2024-10-30,-0.2618039931896132,5.441693021860972
GRMN,2026-04-29,-6.659385545579532,-2.175051705881248
GRMN,2026-02-18,5.3147612734452565,14.711029897312255
GRMN,2025-10-29,-1.2930741152371694,-13.76516327525188
GRMN,2025-07-30,5.089800905569097,-8.595911454135896
GRMN,2025-04-30,6.62974171388091,-6.036255483329478
GRMN,2025-02-19,-0.44036801236564393,4.623355292011944
GRMN,2024-10-30,2.0061347248565786,19.19168748779818
GS,2026-07-14,-0.8888556259988523,4.737494157102606
GS,2026-04-13,5.186317974218357,-0.9154023670640998
GS,2026-01-15,-0.8873346959045181,1.1472450946758306
GS,2025-10-14,-1.255054277617229,-3.6465100052558763
GS,2025-07-16,0.75005371112149,0.8185028621011003
GS,2025-04-14,5.01901972998775,0.9323608711914622
GS,2025-01-15,-2.032957888459974,9.520066465894361
GS,2024-10-15,5.687205729164346,1.195598101279205
GWW,2026-05-07,2.18812063565057,5.0185222941923735
GWW,2026-02-03,4.401085179899233,7.933908948054258
GWW,2025-10-31,-0.8121764996131264,-0.038698740868226
GWW,2025-08-01,-1.2041240520318408,-9.99577730964284
GWW,2025-05-01,3.2237545780098076,4.019279414533794
GWW,2025-01-31,0.4155554847447229,-7.413401826855037
GWW,2024-10-31,0.6233149799999893,-0.33289686179895916
HAL,2026-07-21,-0.2840058981006699,-6.835663583472873
HAL,2026-04-21,-4.998708141605146,8.097060704403658
HAL,2026-01-21,0.501567428382077,5.8951878551258385
HAL,2025-10-21,0.5333321854937401,20.335987988330515
HAL,2025-07-22,-3.814724449778306,5.854592243388845
HAL,2025-04-22,4.034194420639947,-3.2390814324895545
HAL,2025-01-22,6.223020285109682,-5.85844788484331
HAL,2024-11-07,10.148064630431385,-1.2131191195209223
HAS,2026-07-21,2.5902144979411235,7.059691622458764
HAS,2026-05-13,-0.27438642534384217,0.7936554448250588
HAS,2026-02-10,3.111689980358756,4.97106264004934
HAS,2025-10-23,1.3894373656524905,3.8983577913906275
HAS,2025-07-23,3.6477858460122192,-3.3389168834498606
HAS,2025-04-24,0.38102122096339563,16.41679090707633
HAS,2025-02-20,1.7473727820413787,9.666358241640127
HAS,2024-10-24,-1.787472686286129,-6.441049565005574
HBAN,2026-07-23,0.8278124259547104,-6.075536850246099
HBAN,2026-04-23,0.8998153473015469,-1.7241282643780775
HBAN,2026-01-22,7.257143149162482,-7.618550051773287
HBAN,2025-10-17,-5.936355895563928,3.7085146245767975
HBAN,2025-07-18,-3.302955243122385,-1.884559691164689
HBAN,2025-04-17,-3.209333135464809,4.973619729198409
HBAN,2025-01-17,2.495432504880335,0.11876047999022088
HBAN,2024-10-17,6.024112001053239,-3.59848828478615
HCA,2026-07-24,-2.3953933914813486,11.073041817106578
HCA,2026-04-24,-1.8510467094251082,-8.883400259335161
HCA,2026-01-27,0.6584446087168017,2.1486874106364073
HCA,2025-10-24,4.8998982035451055,5.9751014330190255
HCA,2025-07-25,-5.824591087260112,0.8843726668373852
HCA,2025-04-25,3.145008088566681,-0.24312078981660878
HCA,2025-01-24,6.240016554825223,1.0265544093656542
HCA,2024-10-25,-1.86479674054022,-9.58385802132774
HD,2026-05-19,-3.721903726396225,4.659618184120973
HD,2026-02-24,-3.5954390599001296,-0.5039979270615946
HD,2025-11-18,-3.3474583469361052,-7.164195129922191
HD,2025-08-19,1.8501899358456697,0.760070630260623
HD,2025-05-20,0.7408676051358087,-3.4925470117002644
HD,2025-02-25,-6.612933901183926,2.052708709776918
HD,2024-11-12,3.2156085696890324,-0.6294577772848253
HD,2024-08-13,-1.199988963258558,4.123691444975042
HIG,2026-07-23,4.7137519240822545,-0.49701573874144644
HIG,2026-04-23,-0.46127131926846365,-1.0136805862134723
HIG,2026-01-29,0.8567438646845504,4.974360364139385
HIG,2025-10-27,0.522251525773032,-2.19806394554376
HIG,2025-07-28,0.39884015130702277,1.0376893264298692
HIG,2025-04-24,1.613187025771201,1.142388318016252
HIG,2025-01-30,1.7389697108296964,-1.0572572311181694
HIG,2024-10-24,0.19228586542474613,-5.390063525141942
HII,2026-05-05,1.386713543803264,-13.388552327938719
HII,2026-02-05,-2.879712136476431,-1.7718017938370356
HII,2025-10-30,5.210825504547456,6.407076100197573
HII,2025-07-31,-2.650998982279462,2.7657571958285665
HII,2025-05-01,5.6944942980846625,1.2329554211042204
HII,2025-02-06,1.3945684567442829,-13.963593756498083
HII,2024-10-31,-2.152339106530876,-23.733487290181365
HLT,2026-07-28,2.2941636817128686,-2.668888295888694
HLT,2026-04-28,-3.0447087501484837,-2.520677706960972
HLT,2026-02-11,6.270521649782701,-2.8050775171889475
HLT,2025-10-22,-0.9091055055456709,0.6805545564093407
HLT,2025-07-23,-0.18225017096403784,-0.0693926800438005
HLT,2025-04-29,8.314192608129245,5.636284578747497
HLT,2025-02-06,1.5437433536772183,3.7347221874262093
HLT,2024-10-23,0.8512776527550336,-0.8482923486064053
HON,2026-07-23,4.5548417349114745,5.476627411475099
HON,2026-04-23,-5.262932401862064,-3.6004881503822417
HON,2026-01-29,-1.1543534049256454,5.040613981166375
HON,2025-10-23,2.029626038602994,4.094676880561132
HON,2025-07-24,1.0089475952817395,-5.93053605652849
HON,2025-04-29,3.3104963381412,5.023439832679744
HON,2025-02-06,0.5880962975509663,-6.219923546219008
HON,2024-10-24,0.6302464760140625,-6.462744666998743
HOOD,2026-04-28,-8.025203456786445,-13.174506206846658
HOOD,2026-02-10,-3.7259548071038595,-17.83733277205808
HOOD,2025-11-05,-6.46153637486645,-4.707604018816946
HOOD,2025-07-30,1.4433001892254715,-3.3101027671766814
HOOD,2025-04-30,17.296266934912975,-1.5799043876282615
HOOD,2025-02-12,1.4454132656274155,22.384699273627007
HOOD,2024-10-30,2.2619512684599163,-14.484485457844976
HPE,2026-06-01,26.70002607259443,28.13661440927877
HPE,2026-03-09,-1.5836123560860838,1.4197932614671505
HPE,2025-12-04,4.213475963293578,7.1877922176684095
HPE,2025-09-03,0.5319165462976505,3.703715150371001
HPE,2025-06-03,-0.45924440902104235,2.42215393914742
HPE,2025-03-06,-7.2655979590517505,-20.169404545393643
HPE,2024-12-05,-1.6719419899339893,6.204046739567715
HPE,2024-09-04,-0.6256520364641083,-8.027273204179918
HPQ,2026-05-27,16.778205142757518,10.683589733944698
HPQ,2026-02-24,-4.724824924333104,2.5068096993083655
HPQ,2025-11-25,6.602529552549186,0.16407301717487055
HPQ,2025-08-27,0.03702964057112901,5.664581148674364
HPQ,2025-05-28,-2.6116749344441526,-12.138323051735567
HPQ,2025-02-27,-2.4509759323236735,-11.203079588394182
HPQ,2024-11-26,4.995980749101814,-9.847328749891048
HPQ,2024-08-28,2.2694796177697096,1.6292075133950368
HRL,2026-05-28,2.745101007639983,11.402678987644954
HRL,2026-02-26,3.3905281582488955,-1.9359983663897018
HRL,2025-12-04,1.2619719738944823,2.4924809092759626
HRL,2025-08-28,1.3268175954361805,-13.749134286994202
HRL,2025-05-29,-0.33178208961727185,2.6964006005329777
HRL,2025-02-27,0.5952317833725074,2.61052562004096
HRL,2024-12-04,1.2408451920880914,2.0427455410191975
HRL,2024-09-04,2.410374041622121,-1.7199811019020572
HSIC,2026-05-05,-6.709845220134724,-2.1105202914678878
HSIC,2026-02-24,3.0438638944940255,1.1170429803746496
HSIC,2025-11-04,1.7311905229329128,8.38489823657591
HSIC,2025-08-05,-0.6244712562070043,-5.884026442031365
HSIC,2025-05-05,0.19948578558415253,1.944864599868068
HSIC,2025-02-25,2.1578939337479452,-7.109732981015937
HSIC,2024-11-05,1.7156535089742686,-4.009403363009179
HST,2026-05-06,1.7669442657445522,4.504927739559439
HST,2026-02-17,2.7906955093807806,0.9049766925405933
HST,2025-11-05,-1.5941164875362568,11.15265119125275
HST,2025-07-30,-1.1536031430717575,-4.606887999241738
HST,2025-04-30,1.5195487096843152,5.416964658414658
HST,2025-02-19,3.021150591132571,-4.1641999249778845
HST,2024-11-06,0.17026169572129657,2.0396614656785106
HSY,2026-04-30,0.2703471061554774,-3.779873390238553
HSY,2026-02-05,7.182283343715867,12.026825804870779
HSY,2025-10-30,-4.842557403394188,-7.399583487749551
HSY,2025-07-30,2.4987583277672254,1.4927884647841783
HSY,2025-05-01,0.35416282585976067,-0.3170244519469678
HSY,2025-02-06,-2.2180652630216957,5.85938492736402
HSY,2024-11-07,-0.38309800645601744,0.9557781289750045
HUBB,2026-07-28,2.6763949389072783,-4.873883330014738
HUBB,2026-04-30,-0.6948684521593695,-5.482378505619767
HUBB,2026-02-03,1.8014796952495304,-1.6525756897142863
HUBB,2025-10-28,0.5397899910666304,8.290698620804516
HUBB,2025-07-29,3.7985092945275634,-0.1893632306397386
HUBB,2025-05-01,4.980480830582068,-2.662589409712446
HUBB,2025-02-04,-1.3991735832330265,-3.361637707160059
HUBB,2024-10-29,-1.539300084329498,-5.034815776271229
HUM,2026-04-29,5.686423327340018,1.7020745371265855
HUM,2026-02-11,-6.071901928399759,1.5443945058311481
HUM,2025-11-05,-4.386030363215621,-10.582893177056917
HUM,2025-07-29,3.620829562545147,7.925875604137245
HUM,2025-04-30,0.16992580304628913,-0.33928707064670993
HUM,2025-02-11,-8.941981940649734,-5.217381499416529
HUM,2024-10-30,-1.7307827508968643,1.1405603491197125
HWM,2026-05-07,8.417884630899565,6.734981958562192
HWM,2026-02-12,10.724436508786074,9.400042652171535
HWM,2025-10-30,6.405896140142575,1.6021340556611419
HWM,2025-07-31,3.079404510679562,-5.714578166991036
HWM,2025-05-01,6.846597797289,11.372492117159648
HWM,2025-02-13,0.3046614879346654,6.698406823492564
HWM,2024-11-06,2.0681373434719985,11.3271452211126
IBKR,2026-07-21,-2.0094028457414037,0.08726203183724301
IBKR,2026-04-21,8.987248004437,-6.584609351559911
IBKR,2026-01-20,4.101038058679896,5.248083796758185
IBKR,2025-10-16,-3.164474254562888,-4.056180577795498
IBKR,2025-07-17,2.783539669306334,4.289315215006928
IBKR,2025-04-15,19.89052050163047,-7.786586594795097
IBKR,2025-01-21,2.6348371294656614,9.711211507873285
IBKR,2024-10-15,1.837520470879972,-1.2359580623079736
IBM,2026-07-22,-3.026676695323316,1.7529702809530923
IBM,2026-04-22,6.413610547409121,-9.269398687096453
IBM,2026-01-28,0.8614973008370441,4.369435624209594
IBM,2025-10-22,2.136517169905039,9.009041678221541
IBM,2025-07-23,-0.2617660774014485,-7.887651118100781
IBM,2025-04-23,0.7696766851837733,-3.5242824840535647
IBM,2025-01-29,0.6242775318568317,13.312058895664137
IBM,2024-10-23,-0.30478124331920764,-7.569429911287973
ICE,2026-04-30,-1.6559635885119217,0.1600577827913119
ICE,2026-02-05,-4.401523092490067,2.8086000759625307
ICE,2025-10-30,-4.03312426597563,-3.339528198470876
ICE,2025-07-31,2.6187849322874435,1.4590288627477355
ICE,2025-05-01,4.335651654829942,3.5780126442664484
ICE,2025-02-06,2.213458557040049,3.995024434478567
ICE,2024-10-31,0.9272792545422126,-7.229920249314825
IDXX,2026-05-05,-2.0575731522176066,1.6124479983975926
IDXX,2026-02-02,-3.37103904825089,-4.104647350975443
IDXX,2025-11-03,-1.7695195837285072,14.408033359278916
IDXX,2025-08-04,-5.246027758096505,16.553390605983132
IDXX,2025-05-01,1.4110561715708236,9.804695256249962
IDXX,2025-02-03,-3.050559159469335,11.01765225563991
IDXX,2024-10-31,-1.4894097870987388,-8.104992162567736
IEX,2026-04-29,0.2783377574897994,4.660105708482498
IEX,2026-02-04,3.469330357977074,4.8410327595483915
IEX,2025-10-29,-1.405541248390385,2.701405933598555
IEX,2025-07-30,0.34680259054686857,-14.072785572804724
IEX,2025-05-01,4.080165368563771,4.460545204753585
IEX,2025-02-04,-1.1561733564508292,-8.92807199566139
IEX,2024-10-29,-2.1262258251950716,4.784212551721656
IFF,2026-05-05,-1.2677912946186254,11.65645494301264
IFF,2026-02-11,9.065073732369333,8.129236620989255
IFF,2025-11-04,-4.916531426295478,1.2403307915562323
IFF,2025-08-05,-6.752623519351253,-8.439054997914786
IFF,2025-05-06,3.7488432086526746,-6.4055604344297805
IFF,2025-02-18,1.4943101433286365,-6.356622231866382
IFF,2024-11-05,-3.160465904182508,-8.093365023646705
INCY,2026-07-28,2.7842638808635023,3.465967041298801
INCY,2026-04-28,-1.2381314186061143,-0.47012596311938326
INCY,2026-02-10,6.194604776252222,-7.594239082821231
INCY,2025-10-28,8.019036566023342,-0.5264347695796645
INCY,2025-07-29,4.125863048399547,6.741726739808507
INCY,2025-04-29,4.78873460781386,4.217067040035283
INCY,2025-02-10,-0.04046171414462396,-6.852818548331907
INCY,2024-10-29,0.6434898421041391,12.833003488917694
INTC,2026-07-23,-0.35925344680258764,-10.670438788310621
INTC,2026-04-23,0.5081524318664821,30.212964968488265
INTC,2026-01-22,14.71769708126056,-21.67741626089069
INTC,2025-10-23,-0.6191207200176629,7.096432493287086
INTC,2025-07-24,3.525778837509286,-11.962535092901039
INTC,2025-04-24,3.7279584730333992,-0.3885377518853428
INTC,2025-01-30,-9.65233555095325,-1.873421970802014
INTC,2024-10-31,1.4558676136881443,0.9865525929593
INTU,2026-05-20,3.0871190965032325,-19.956964506108697
INTU,2026-02-26,-2.1408166612444046,9.923131686719389
INTU,2025-11-20,-1.3165269509199162,0.4011513737569139
INTU,2025-08-21,-1.7647728112352712,-6.0344725607802125
INTU,2025-05-22,1.0952252469740742,13.936787408237672
INTU,2025-02-25,-3.4287764547329735,5.84936050485958
INTU,2024-11-21,-7.879638032492076,-2.456201088232468
INTU,2024-08-22,5.300448260750623,-7.959840998295753
INVH,2026-04-29,4.454337775438155,1.3859360535990684
INVH,2026-02-18,2.64750141629686,-6.779667228826103
INVH,2025-10-29,-1.742774148702353,-0.14189427882883576
INVH,2025-07-30,-1.8404830010800732,-5.187501680557616
INVH,2025-04-30,-1.1747415950906337,5.408614750667606
INVH,2025-02-26,0.6269604027081765,5.950144560672688
INVH,2024-10-30,-2.3809499481815544,-5.450173894363763
IP,2026-04-30,0.750078175493174,-7.087553463695762
IP,2026-01-29,-3.038099842000752,-1.9281799343073724
IP,2025-10-30,-7.758093464301574,-16.504627663521056
IP,2025-07-31,-0.8687559161400848,-14.115237097594324
IP,2025-04-30,2.474189423203166,-3.7581376479248862
IP,2025-01-30,-0.36089408183221927,-3.7081722910502712
IP,2024-10-31,-0.04077130543295171,15.439505483525329
IQV,2026-07-28,4.570871801472598,11.523305470764633
IQV,2026-05-05,-1.7700158455226433,10.997885348415014
IQV,2026-02-05,-15.523858055327878,-4.873109234897588
IQV,2025-10-28,2.537132537890252,-0.4415174940973321
IQV,2025-07-22,-0.7306551759625246,26.333668119240095
IQV,2025-05-06,1.445412707898841,0.6500264048179716
IQV,2025-02-06,3.720904147352111,0.7447423876142389
IQV,2024-10-31,-5.3742737522091915,-2.707827729367951
IR,2026-04-28,-2.3253147973731014,-4.9398843088389714
IR,2026-02-12,-0.6775532823387609,2.0775165518162497
IR,2025-10-30,2.0094665107645238,-4.642401208904456
IR,2025-07-31,-1.2322899981037083,-8.348889144961403
IR,2025-05-01,2.8076696667644674,2.0151058249309406
IR,2025-02-13,-1.2005244578120688,-5.035579967352543
IR,2024-10-31,0.92333141411991,-2.744644152246356
IRM,2026-04-30,-2.3117003513608347,11.962975334776814
IRM,2026-02-12,11.26901739435775,8.55118446094798
IRM,2025-11-05,-0.7015918331124804,0.7742969729156224
IRM,2025-08-06,-3.89257090256947,-5.641028774365953
IRM,2025-05-01,6.45848629053527,8.364020308687724
IRM,2025-02-13,-1.1355904248632531,-8.293593986273128
IRM,2024-11-06,-1.4655160793457966,-4.78803819604674
ISRG,2026-07-16,-6.2948697900756745,-9.203791469937983
ISRG,2026-04-21,1.4467523906356528,2.8393473039955097
ISRG,2026-01-22,-6.786872020527424,0.9776766967706907
ISRG,2025-10-21,5.218825800614524,20.247777679041246
ISRG,2025-07-22,-0.0619640854128134,-5.33015772027563
ISRG,2025-04-22,-5.121555605085481,8.50059722753489
ISRG,2025-01-23,13.281251238813873,-6.0561931360471615
ISRG,2024-10-17,-2.8121066127517413,8.86925645491381
IT,2026-05-05,-0.7191773586562089,6.8174068158676215
IT,2026-02-03,-14.447547413148964,-24.88636197437277
IT,2025-11-04,-3.7796398751475446,-7.921273533092843
IT,2025-08-05,-4.471305277340942,-31.784025342161502
IT,2025-05-06,2.6863263253213088,2.4474170735331535
IT,2025-02-04,2.001675867115771,-2.437016408073178
IT,2024-11-05,-1.8672131017285487,7.066487667589572
ITW,2026-07-28,4.8327155084199935,-0.39322908798067324
ITW,2026-04-30,-0.5316505052576526,-5.277234425592569
ITW,2026-02-03,1.9525334041039066,9.113963158715155
ITW,2025-10-24,4.252046548269428,-4.494253632318113
ITW,2025-07-30,-0.2421871927178576,-2.7707114885764828
ITW,2025-04-30,2.328037294326535,0.23578497842322577
ITW,2025-02-05,-1.557719582073147,0.34553412225628577
ITW,2024-10-30,-0.36578697571737484,2.749557675956882
IVZ,2026-07-28,1.5171974553422451,-2.291599203157768
IVZ,2026-04-28,2.124246844944344,2.8649859833245417
IVZ,2026-01-27,-2.7513649602606494,-3.178485282517962
IVZ,2025-10-28,2.7145354672288624,0.0852450273733929
IVZ,2025-07-22,16.493660973964207,6.089109815621208
IVZ,2025-04-22,-2.503912951134324,12.921343397543893
IVZ,2025-01-28,3.1976452805611677,8.281720237163558
IVZ,2024-10-22,1.635645973926425,-2.2197411744843687
J,2026-05-05,3.910351089658337,-6.103718840916694
J,2026-02-03,-0.07299182569977525,5.004371496720195
J,2025-11-20,-6.189358773393005,-8.39711884967802
J,2025-08-05,-2.3450609875969586,5.045732967072936
J,2025-05-06,3.447427571233175,-2.9061107057270386
J,2025-02-04,0.9529413626298666,-3.8189955425581457
J,2024-11-19,-4.445781942560812,-3.5055354256537608
JBHT,2026-07-15,2.1345436789772743,3.7526288774720307
JBHT,2026-04-15,5.465977096385566,6.737517328005427
JBHT,2026-01-15,0.976349706859847,-1.1223944732985047
JBHT,2025-10-15,-0.4500046896056986,18.282274272847367
JBHT,2025-07-15,1.7651784528758485,0.3219384368276845
JBHT,2025-04-15,4.353741464755001,-6.232770637386887
JBHT,2025-01-16,5.7060367818195346,-6.496922753350787
JBHT,2024-10-15,6.844501526460545,-1.1284761102370533
JBL,2026-06-17,3.623269690903208,0.46070155888249253
JBL,2026-03-18,4.459489597797717,-3.3238046415344114
JBL,2025-12-17,-6.808712295520058,6.614598158374774
JBL,2025-09-25,5.448425275798807,-4.780723642386631
JBL,2025-06-17,1.939348574716493,14.036046831831396
JBL,2025-03-20,4.0119292642913695,7.520789525798577
JBL,2024-12-18,0.9115122749213667,8.241251534633221
JBL,2024-09-26,5.173849563549271,5.642254489621812
JCI,2026-05-06,2.281243580226877,-3.6597221158331417
JCI,2026-02-04,6.027702962627468,10.999096325131852
JCI,2025-11-05,-1.0426871799627535,10.095463068101317
JCI,2025-07-29,3.001747526227949,-5.846476782954491
JCI,2025-05-07,7.870750416600836,3.5018548531450255
JCI,2025-02-05,1.537046760249372,13.404068455694906
JCI,2024-11-06,-2.8675032268285827,13.037666406865878
JKHY,2026-05-05,0.9999384915571952,-4.255175677428891
JKHY,2026-02-03,-2.055333203108811,-1.2389663161157194
JKHY,2025-11-04,-3.6276256016409714,8.265277881524757
JKHY,2025-08-19,1.457242494219102,1.510896534879369
JKHY,2025-05-06,1.3055169568983116,4.150447205213226
JKHY,2025-02-04,-1.5878397151033785,-0.5206515882955287
JKHY,2024-11-05,0.408568514180363,-2.3600328803349946
JKHY,2024-08-20,0.84811918833263,-0.18281070697069302
JNJ,2026-07-15,-5.010471718366727,-0.3190911159767773
JNJ,2026-04-14,-1.249115792113653,-1.4372196366617573
JNJ,2026-01-21,4.048250045702484,0.8844677129973721
JNJ,2025-10-14,1.4561974413483059,0.63908261251715
JNJ,2025-07-16,-0.3979633704237706,5.497188581445656
JNJ,2025-04-15,2.483047684318085,2.0147781806469034
JNJ,2025-01-22,2.5472436035504975,-0.8977416398172067
JNJ,2024-10-15,1.2975597248810589,1.776000902962216
JPM,2026-07-14,-0.9445701853238897,2.576748019203645
JPM,2026-04-14,6.17024186211752,-1.189105101563448
JPM,2026-01-13,-2.4207672500618505,-4.693519997090578
JPM,2025-10-14,-0.39135636403569984,-3.061978135863086
JPM,2025-07-15,-1.1199679920883554,0.4156513195741729
JPM,2025-04-11,-0.07919711722493838,2.650699743726359
JPM,2025-01-15,2.748594432038276,4.723814664325454
JPM,2024-10-11,4.3435643660239664,4.486936561145605
KDP,2026-04-23,2.076929294386032,6.0663097328120585
KDP,2026-02-24,0.2694459482198486,1.8810922733327518
KDP,2025-10-27,-3.103818238840217,-0.03681274306518434
KDP,2025-07-24,0.8732312691500876,-1.5820765203815368
KDP,2025-04-24,-0.5651171041302305,-3.267989491214418
KDP,2025-02-25,7.804118794513459,-1.4947263319961546
KDP,2024-10-24,0.16375163119703995,-7.738407289144689
KEY,2026-07-21,0.43066487694602973,-2.572900468789008
KEY,2026-04-16,1.3151647104466146,2.874360776883811
KEY,2026-01-20,-0.09438308202762702,1.8894633349631595
KEY,2025-10-16,-1.9900644652843469,-1.9740590716700424
KEY,2025-07-22,-0.43572949363839264,1.2034919559120505
KEY,2025-04-17,-3.0991767497440925,0.7107336057913471
KEY,2025-01-21,9.449757249970393,-4.53552632854437
KEY,2024-10-17,4.919954779652214,-3.4463114992722033
KEYS,2026-05-19,-7.064083251449993,-0.860556596221751
KEYS,2026-02-23,6.126894640213942,24.078180588907582
KEYS,2025-11-24,-3.5462922658918594,13.595040712631622
KEYS,2025-08-19,1.8205381649712304,-2.3353381432438702
KEYS,2025-05-20,0.08608460028598497,-0.6327939744799393
KEYS,2025-02-25,-5.4453314769277945,-8.79690690001258
KEYS,2024-11-19,-7.524127831260574,12.554480740136942
KEYS,2024-08-20,11.91919191919193,11.653429162201046
KHC,2026-05-06,0.31152785282146933,6.299903257347261
KHC,2026-02-11,4.315036447853804,-0.40161136190784985
KHC,2025-10-29,-0.23456273649468118,-3.095611704134449
KHC,2025-07-30,-0.7644151998479232,-4.0266069737442844
KHC,2025-04-29,-3.77421541951084,-1.0760212062018715
KHC,2025-02-12,3.0661963082243338,-2.23123677721484
KHC,2024-10-30,-2.3569039585540352,-3.7643594165619243
KIM,2026-04-30,0.29698162218623203,-1.0152240375453259
KIM,2026-02-12,2.2315190600534995,5.2751223673930925
KIM,2025-10-30,-4.506908095959384,-4.813070083156356
KIM,2025-07-31,-0.9945863828394241,-3.8812896557056775
KIM,2025-05-01,-2.5841057324985095,3.703691339632198
KIM,2025-02-07,-1.1904826310180083,-0.1338695415310398
KIM,2024-10-31,0.2504266804797428,0.832630245513788
KKR,2026-05-05,2.6117236936086696,-2.8936507750970453
KKR,2026-02-05,-10.276612779884786,2.405268191917087
KKR,2025-11-07,1.0159943948540695,1.7182147374018797
KKR,2025-07-31,1.4636293195806616,-3.523230481567796
KKR,2025-05-01,6.984366766431815,0.4550658334900204
KKR,2025-02-04,1.2531018661985138,-7.125359645133466
KKR,2024-10-24,2.1227840677399135,1.5878868068906815
KLAC,2026-07-28,-2.042391796004994,-11.324743661573622
KLAC,2026-04-29,1.3218565003372484,-4.572212489803762
KLAC,2026-01-29,7.052622700954836,-13.320418182383985
KLAC,2025-10-29,5.107939446857079,0.2238773873610489
KLAC,2025-07-31,3.1100467001739185,-1.0129841409723839
KLAC,2025-04-30,8.107032268142756,1.4841398427829944
KLAC,2025-01-30,-7.63561503427328,3.8206470208193677
KLAC,2024-10-30,3.902531268980125,-3.856486686695426
KMB,2026-04-28,-0.29429782270942173,0.18320380177212492
KMB,2026-01-27,1.8324628173185475,-2.4520391132833996
KMB,2025-10-30,-2.9032541542938772,-12.380049940532922
KMB,2025-08-01,-2.450094729069474,7.695385250260611
KMB,2025-04-22,0.22180269513336626,-5.518677301137709
KMB,2025-01-28,3.293513451734631,-0.4261512876144735
KMB,2024-10-22,0.4667811554738277,-4.992733338852895
KMI,2026-07-22,-0.49170203721708994,1.4823950784516482
KMI,2026-04-22,-0.25276577172292924,0.5384891414069726
KMI,2026-01-21,3.8633005616111715,5.75822762591478
KMI,2025-10-22,0.6957226598614197,-5.963643880547853
KMI,2025-07-16,-0.6754218394138922,-0.2147534924103578
KMI,2025-04-16,7.97303329402721,-5.253487647075916
KMI,2025-01-22,9.467041915668295,-3.0429230136324037
KMI,2024-10-16,6.174980434989896,0.767376590001434
KO,2026-07-28,2.3745699988098723,5.257521333400739
KO,2026-04-28,-0.052991652975376,4.40085291666128
KO,2026-02-10,3.5045750827669586,1.3210199961664948
KO,2025-10-21,2.455088550138629,2.1917172719871036
KO,2025-07-22,0.863667358645559,-1.3843265809558636
KO,2025-04-29,-1.3467080132986697,-0.6964740677019798
KO,2025-02-11,1.8942545274440281,7.668458912183751
KO,2024-10-23,-1.2652757940482706,-3.6429331601476433
KR,2026-06-18,-4.095562251232443,-7.715950309464381
KR,2026-03-05,0.5918029269246894,7.912939648963291
KR,2025-12-04,0.07557733463001703,-4.25980948309026
KR,2025-09-11,-1.7155305148273126,0.5669153920569325
KR,2025-06-20,1.392722273871927,12.057413139713468
KR,2025-03-06,-1.9905884578303112,8.30000255953307
KR,2024-12-05,-1.0896551545043098,-3.572022821490295
KR,2024-09-12,-3.485768155216906,9.106806378546239
KVUE,2026-05-07,2.6117284387684903,-2.8846117102332314
KVUE,2026-02-17,4.32848604382754,-0.2139054876739599
KVUE,2025-11-03,-4.199995821739044,12.9436296093435
KVUE,2025-08-07,-1.1069993151917146,-1.026133211584035
KVUE,2025-05-08,-2.076267068774895,3.8511408461085805
KVUE,2025-02-06,-2.6748011676169248,-0.771459914723216
KVUE,2024-11-07,-1.7037897111461309,5.688893110845528
LDOS,2026-05-05,3.168327363713197,-11.793569596640651
LDOS,2026-02-17,-8.648116281589191,-0.017013715109259753
LDOS,2025-11-04,2.0834363862153094,0.8857854483934169
LDOS,2025-08-05,0.3741732384014984,8.897172001805265
LDOS,2025-05-06,1.5025833142308764,4.576176759607153
LDOS,2025-02-11,0.7906874804586073,-8.489183018288571
LDOS,2024-10-29,0.02945912676735052,7.9125712753584265
LEN,2026-06-11,0.43594843771916914,-0.11130083599484308
LEN,2026-03-12,-9.3494737863698,-0.6420300799697243
LEN,2025-12-16,-0.8118670811307238,-9.521422869720276
LEN,2025-09-18,-2.64313761513687,-8.317662329513453
LEN,2025-06-16,0.07371076210977989,-4.787771269960894
LEN,2025-03-20,1.1519381065290935,-2.277645747060486
LEN,2024-12-18,-6.309138319238561,-8.840028004603218
LEN,2024-09-19,5.746671488298949,-1.3957526847847457
LH,2026-04-30,-5.678226073225002,-1.6061407553962237
LH,2026-02-17,1.9588803242418962,-0.05307877519803439
LH,2025-10-28,-5.2486755346048515,-8.46332481136911
LH,2025-07-24,1.8416186750992436,4.538730884774811
LH,2025-04-29,8.189633813261255,5.087109051269367
LH,2025-02-06,1.531155625947056,-1.964068276565345
LH,2024-10-24,1.4813915606115557,3.401540714331186
LHX,2026-04-30,-3.0935287955948243,-3.97636069080598
LHX,2026-01-29,3.591032889283685,-5.567581364947993
LHX,2025-10-30,-0.7267294322695461,0.5995777221471155
LHX,2025-07-24,2.252915123118271,-0.048220916213514986
LHX,2025-04-24,-2.100027639737778,1.1326334993168041
LHX,2025-01-30,-3.6853686660963447,0.39161230810265124
LHX,2024-10-24,-0.9349587848079821,0.8990249206859424
LII,2026-04-29,0.5743931698926952,6.217721305182522
LII,2026-01-28,-1.3137083190459142,-0.7457932493808994
LII,2025-10-22,3.4191140636117057,-9.608555282451203
LII,2025-07-23,2.6066810057735923,6.589014217535172
LII,2025-04-23,0.051900052033126975,-5.657219254419077
LII,2025-01-29,-0.1506807239770036,-10.590280732100698
LII,2024-10-23,-0.12267592893223656,2.491703042814608
LIN,2026-05-01,-1.3620392017633987,-0.16961326830869927
LIN,2026-02-05,4.834991672417166,-3.5894588156625717
LIN,2025-10-31,-4.481418543562777,-2.7843058314604985
LIN,2025-08-01,-2.3818043622988005,2.081425901091438
LIN,2025-05-01,1.120007276856061,-0.16328494365909219
LIN,2025-02-06,3.5088517988113077,1.5781324779360784
LIN,2024-10-31,-0.8440928542688964,-3.1854706845119707
LITE,2026-05-05,13.551554182084669,-8.563991908580693
LITE,2026-02-03,27.363512672711863,19.12994129499841
LITE,2025-11-04,2.9824554635085487,20.09218883496724
LITE,2025-08-12,3.509404861214427,-0.35642531258431864
LITE,2025-05-06,5.143136224562239,3.941753309070317
LITE,2025-02-06,14.47824188048752,-8.139928173003419
LITE,2024-11-07,10.130073299395082,20.49465020122434
LITE,2024-08-14,11.180575880785536,12.413489739215455
LLY,2026-04-30,-7.625768308478276,13.71224310652459
LLY,2026-02-04,-3.4679872480637197,5.453134859383435
LLY,2025-10-30,0.1354029899782505,10.202452896190684
LLY,2025-08-07,-1.8037511094218472,-14.892079795899226
LLY,2025-05-01,8.382976912718764,-8.620061193458817
LLY,2025-02-06,4.738339115894319,3.170339027628377
LLY,2024-10-30,-0.6126491805445,-9.36830146764117
LMT,2026-07-23,-0.019444974696025685,12.761493218328956
LMT,2026-04-23,-9.109801678733277,-7.576116212206241
LMT,2026-01-29,1.8832322671741064,6.48449151225321
LMT,2025-10-21,0.4108640223619897,-3.52837477438116
LMT,2025-07-22,-2.7535553015434644,-8.681300576093387
LMT,2025-04-22,-3.4891629889439724,1.8502035034513087
LMT,2025-01-28,2.7268026204940066,-8.743477170657432
LMT,2024-10-22,0.6122542169913814,-8.200337329988283
LNT,2026-04-30,1.4656158580463208,3.0994254960647005
LNT,2026-02-19,2.234969413043375,3.4229983544326714
LNT,2025-11-06,-0.6450793105569064,0.16453313969806427
LNT,2025-08-07,1.980043254192143,-0.6841905076304222
LNT,2025-05-08,1.2450811426770736,-3.6893213723425466
LNT,2025-02-20,2.205259694421313,3.5853383824566265
LNT,2024-10-31,-4.263559200152867,-2.193881521457053
LOW,2026-05-20,-2.7391849678119806,-1.5295087727833834
LOW,2026-02-25,-0.9140739537701115,-5.032481034502423
LOW,2025-11-19,-6.70093484097497,6.704010522958659
LOW,2025-08-20,4.692282367225142,2.8748727343123726
LOW,2025-05-21,0.20799948334233598,-4.4021610983211446
LOW,2025-02-26,-3.3185750993280694,2.57849125512315
LOW,2024-11-19,-0.9981370365810815,-2.410128229048847
LOW,2024-08-20,5.253819618282729,-1.192390058888837
LRCX,2026-04-22,-5.153997506963803,3.6420659862501426
LRCX,2026-01-28,7.216405416186,-2.0967845546609576
LRCX,2025-10-22,4.8658830844421574,4.578032009071253
LRCX,2025-07-30,1.2795718405298917,-2.5975415617737863
LRCX,2025-04-23,-6.454455891354504,12.507875616715069
LRCX,2025-01-29,-8.576685394295314,8.777354725248966
LRCX,2024-10-23,-4.400212267432235,6.410968748542567
LULU,2026-06-04,-3.8232560771705337,-6.728553367987566
LULU,2026-03-17,-5.802303937003206,3.5394931727154466
LULU,2025-12-11,2.9182621921949536,9.95096399895119
LULU,2025-09-04,-1.9750160589093402,-15.327654693439985
LULU,2025-06-05,6.15677036940816,-22.718456201507976
LULU,2025-03-27,2.4941593707028753,-16.20237709874409
LULU,2024-12-05,7.348511148190862,18.266287298928987
LULU,2024-08-29,-2.5599586588671785,-0.2897654981682707
LUV,2026-07-22,2.375940329666504,-7.414247068132029
LUV,2026-04-22,-0.8240478371553284,-3.5923639922612605
LUV,2026-01-28,-2.453997422321208,14.94920606464909
LUV,2025-10-22,3.7701986283984246,-7.151094016493964
LUV,2025-07-23,0.10772552808222535,-10.653748216526582
LUV,2025-04-23,-3.1690199807085984,7.030317416210119
LUV,2025-01-30,-0.6591347093681033,-3.696676570817492
LUV,2024-10-24,-0.582339919660757,-1.3992707873298649
LVS,2026-07-22,1.5408719522459258,1.3415451813839407
LVS,2026-04-22,3.6383239246990495,-8.220366486626984
LVS,2026-01-28,3.091893581398497,-12.626346611803719
LVS,2025-10-22,5.370525294479256,13.789016855045745
LVS,2025-07-23,-2.687530128977189,8.017304914714462
LVS,2025-04-23,5.666262699081859,5.745436803034032
LVS,2025-01-29,-4.695781803318965,6.014345265120213
LVS,2024-10-23,1.5701674853597858,1.951692196181254
LYB,2026-05-01,5.486420647239654,4.235939716493453
LYB,2026-01-30,-3.084984881873931,7.007005967155111
LYB,2025-10-31,-3.4394301087816825,-1.681423913114899
LYB,2025-08-01,-4.563428190988628,-10.27101803379502
LYB,2025-04-25,5.917058682121867,-0.7088603671957072
LYB,2025-01-31,-1.6029086783363233,2.7850844794845786
LYB,2024-11-01,-1.8533124891710107,-1.704089867841052
LYV,2026-05-05,0.6965277651154844,5.184666882860278
LYV,2026-02-19,4.326273197302721,1.604827333155856
LYV,2025-11-04,-2.174056193029217,-8.055253844381937
LYV,2025-08-07,-1.9055188309034632,3.4697623199983596
LYV,2025-05-01,0.8912234764050231,2.770855608535383
LYV,2025-02-20,4.686971317861932,0.6182058694357284
LYV,2024-11-11,4.993596583802695,3.268289953712533
MA,2026-04-30,2.9539730697209388,-3.9011498938361644
MA,2026-01-29,-1.1752014466875238,6.521272080854201
MA,2025-10-30,-2.9368351784719415,-1.8951347561184662
MA,2025-07-31,-0.530164713595016,1.9137544531207418
MA,2025-05-01,3.405600165045186,2.38294413363751
MA,2025-01-30,4.101066382883656,2.7605916642273742
MA,2024-10-31,-0.007786964033829058,-1.5787813022655084
MAA,2026-04-29,3.690158162437318,-1.3959209825177399
MAA,2026-02-04,-1.877824890042823,-0.052937136470854185
MAA,2025-10-29,-2.0164841627871244,-1.8973387666439634
MAA,2025-07-30,-0.5743907843747675,-8.088242083782093
MAA,2025-04-30,-0.5242376817452654,6.527391402270322
MAA,2025-02-05,2.1266810198095287,2.2634706627468137
MAA,2024-10-30,-1.9102157107207862,-1.192284327294424
MAR,2026-05-06,-1.0632645840903177,-0.37797914201676
MAR,2026-02-10,3.733279676307655,7.206908707488546
MAR,2025-11-04,-2.6990006712315218,6.536811524042663
MAR,2025-08-05,-6.040822131503399,0.5634030399051415
MAR,2025-05-06,4.364155653949164,4.865128493903326
MAR,2025-02-11,4.816493559373436,-5.324360259498373
MAR,2024-11-04,-0.591322405796213,6.021411615952177
MAS,2026-04-22,2.8501040468435157,11.114432195600976
MAS,2026-02-10,7.570986710212324,8.28097091248976
MAS,2025-10-29,-2.4935867385616373,-5.36314464354909
MAS,2025-07-31,-3.138816797652566,5.674728038232213
MAS,2025-04-23,-1.5702640226460174,-1.6441461029201965
MAS,2025-02-11,-0.0772644759273522,0.051536001303653656
MAS,2024-10-29,-2.981345148181891,-2.1669890383353763
MCD,2026-05-07,-2.0614938034545838,-3.3438931629168
MCD,2026-02-11,2.0314135720595816,0.4939106157324291
MCD,2025-11-05,-2.3466092157721663,0.15039579398705705
MCD,2025-08-06,-1.2885436634115677,2.2358445302023133
MCD,2025-05-01,0.3673475712884011,-1.2294642648164045
MCD,2025-02-10,1.9396980577064404,4.5191980132210485
MCD,2024-10-29,-5.74803111429315,-1.576879549371124
MCHP,2026-05-07,14.13996518120002,-3.779636108218387
MCHP,2026-02-05,-2.5535553447261328,-4.883033195354159
MCHP,2025-11-06,-2.7822273286370547,-8.865129236841351
MCHP,2025-08-07,-5.861436879037596,-7.888782435791608
MCHP,2025-05-08,4.340275129787008,26.78867248823089
MCHP,2025-02-06,-4.515432819503595,-2.710290596267051
MCHP,2024-11-05,-3.5362849001631003,-0.1745718294553278
MCK,2026-05-07,-9.598484270023121,-2.487660662804314
MCK,2026-02-04,2.030735503826331,11.462546469336354
MCK,2025-11-05,4.608546859775187,1.2261424032769197
MCK,2025-08-06,-0.37351874710427335,-5.766110402004365
MCK,2025-05-08,1.3440127068790053,-4.8243837033565935
MCK,2025-02-05,0.0613663771328099,-1.2646648218845424
MCK,2024-11-06,5.228589924484872,16.699653990092813
MCO,2026-07-22,-0.8004410253506289,-3.926480723159098
MCO,2026-04-22,4.914847439068493,-0.7702545161922592
MCO,2026-02-18,-5.840220141411323,5.812583093556922
MCO,2025-10-22,0.7626012683702665,1.2166969636292713
MCO,2025-07-23,0.7753170514577912,2.77088226751383
MCO,2025-04-22,-3.531500128494991,6.358575205053962
MCO,2025-02-13,1.9361189580035632,2.7975617553557264
MCO,2024-10-22,1.568494893834571,-4.111217349207951
MDLZ,2026-07-28,0.6636763035400284,3.972315369778534
MDLZ,2026-04-28,0.1919309142677239,7.0010454080926765
MDLZ,2026-02-03,0.273368379303629,2.76027101532641
MDLZ,2025-10-28,-1.8309268925955524,-6.292569959762806
MDLZ,2025-07-29,0.23049843794635816,-7.027882685613873
MDLZ,2025-04-29,-3.9256438560396067,4.255015036056564
MDLZ,2025-02-04,-1.5772302660945203,0.7315793407287163
MDLZ,2024-10-29,-1.2636802845231054,-1.524295438322254
MDT,2026-06-03,-4.961331762338528,10.738974854498217
MDT,2026-02-17,-3.313900200747355,-1.919786156327552
MDT,2025-11-18,3.9067552588794463,3.1886168758382016
MDT,2025-08-19,0.07547889088330706,-1.842482341703422
MDT,2025-05-21,1.4804535226961901,-6.587961740187298
MDT,2025-02-18,3.110766679024013,-5.247272708138473
MDT,2024-11-19,-0.7703734550220331,-3.253791975773246
MDT,2024-08-20,4.470992067056301,3.5486884243100203
MET,2026-05-06,2.0694949692559472,-2.27784762705483
MET,2026-02-04,0.9924079925326845,-0.6762114722415391
MET,2025-11-05,1.6303457064555715,-4.165611422614502
MET,2025-08-06,-2.8542686054935373,1.8426958335546306
MET,2025-04-30,4.556044132439774,1.8188939761335066
MET,2025-02-05,-0.591771330288704,-0.8389476770171655
MET,2024-10-30,-2.2654673565397965,-5.312104713033827
META,2026-04-29,0.3737807961324613,-9.323144402837368
META,2026-01-28,11.396733978537842,6.468345831167532
META,2025-10-29,2.477940963541614,-13.718999945926825
META,2025-07-30,-0.6824569213729648,7.144284297878101
META,2025-04-30,10.825948506709015,7.679819491077411
META,2025-01-29,9.387451611407549,2.2021791572640836
META,2024-10-30,1.9364095151788163,-4.40267294463551
MGM,2026-04-29,1.6108439229951976,-3.120285923738886
MGM,2026-02-05,12.76335971046041,3.0598458130986383
MGM,2025-10-29,-2.887540178963788,0.25038502174377086
MGM,2025-07-30,-1.913999879177919,-4.437315835827094
MGM,2025-04-30,5.019810158344584,0.5345914477124403
MGM,2025-02-12,-0.8104161663671783,16.165745087617257
MGM,2024-10-30,3.6278410762492275,-13.288882133853807
MKC,2026-06-25,0.8688294604266789,9.369749968401253
MKC,2026-03-31,0.8826328675230144,-9.065532303983348
MKC,2026-01-22,-1.2755894372259213,-8.398426218060706
MKC,2025-10-07,2.2305377078373656,-3.192270902237826
MKC,2025-06-26,0.932017954673281,2.9603549426185705
MKC,2025-03-25,-1.8568338106915716,1.6056861611428275
MKC,2025-01-23,1.8778798279750264,5.065535923284137
MKC,2024-10-01,-1.0698456039852755,-1.7132393442141347
MLM,2026-04-30,0.3619156656522682,-1.5599296511701
MLM,2026-02-11,6.800686572189774,-4.1307137055646255
MLM,2025-11-04,0.3988145932861009,-1.771353619046323
MLM,2025-08-07,3.9490889605716006,0.3160428747937871
MLM,2025-04-30,2.82281129592592,6.128426555932864
MLM,2025-02-12,-1.5447547222031566,-0.3062307289545596
MLM,2024-10-30,4.087706501165789,-0.6405570663575721
MMM,2026-07-21,0.8941050661986694,6.586635464356383
MMM,2026-04-21,-0.9097519847464208,-4.33289140348
MMM,2026-01-20,1.5492677378074804,-4.272941927407725
MMM,2025-10-21,2.4354745872002814,10.867035427622728
MMM,2025-07-18,1.0932923721687748,-4.9295720960926825
MMM,2025-04-22,-7.2526682131904945,10.143552619484097
MMM,2025-01-21,7.484163673830269,6.098011762533462
MMM,2024-10-22,-0.6776621411696548,-6.207351289962193
MNST,2026-05-07,0.40317019255364794,11.930060981792433
MNST,2026-02-26,2.680936942476575,-5.093087363307802
MNST,2025-11-06,1.968156905106655,3.1825489101274806
MNST,2025-08-07,-2.5229372418564266,6.991596382205234
MNST,2025-05-08,0.7318736680364424,1.3210026732485725
MNST,2025-02-27,-0.07737880033413802,6.815094944968658
MNST,2024-11-07,3.4980992508833575,2.387955702702782
MO,2026-04-30,4.633323480717078,7.639305915243733
MO,2026-01-29,3.3562466856459805,-1.425626913046496
MO,2025-10-30,-3.8180940464249913,-8.552527526182308
MO,2025-07-30,-0.13458010329321368,4.076819113372765
MO,2025-04-29,0.971715402607054,1.9247350491957027
MO,2025-01-30,3.6410171038139483,0.3608062666545564
MO,2024-10-31,1.40563044979638,6.693063127864818
MOS,2026-05-11,-4.146867650144392,2.6588570189146843
MOS,2026-02-24,-3.102860849275757,-5.464674338114916
MOS,2025-11-04,-7.780779126637993,-8.584000655423718
MOS,2025-08-05,-2.524697134836551,-10.810806905214488
MOS,2025-05-06,3.588359939686847,5.392146968101419
MOS,2025-02-27,-7.0401836684004016,-7.494055358283869
MOS,2024-11-12,-1.0589364925483014,-6.100621002785123
MPC,2026-05-05,11.148266441379718,-4.07063857207044
MPC,2026-02-03,2.5327479281422205,10.694699929518015
MPC,2025-11-04,-0.2242363715163287,-1.5680064480187772
MPC,2025-08-05,-3.9130553966883364,-3.840198367286074
MPC,2025-05-06,4.179393325720926,4.632648645910864
MPC,2025-02-04,-3.6697355553181543,3.3537275283310297
MPC,2024-11-05,-4.0577406610794675,6.250872853844158
MPWR,2026-04-30,0.31536064418682397,3.0428902913702816
MPWR,2026-02-05,-2.147568690786783,6.100298388962533
MPWR,2025-10-30,9.255051373791945,-8.239806965210061
MPWR,2025-07-31,1.4624564029694698,13.700829110156176
MPWR,2025-05-01,10.453086728180306,5.783190660492643
MPWR,2025-02-06,5.674243336906226,7.8746577199794165
MPWR,2024-10-30,6.434693466590424,-18.629924397008345
MRK,2026-04-30,-1.7184860109926592,1.9468290812264755
MRK,2026-02-03,5.5586605144752665,5.627588542625106
MRK,2025-10-30,-1.1756545073231761,-4.723971213306055
MRK,2025-07-29,5.989157202862949,-7.066383566482659
MRK,2025-04-24,0.4464950564732062,5.65151732439404
MRK,2025-02-04,1.8889032408859752,-11.764695465868712
MRK,2024-10-31,-1.4570490863018537,-2.823624183051965
MRNA,2026-04-30,-17.769779720437572,3.4558135918027144
MRNA,2026-02-13,-1.8595506273436424,16.18049804291102
MRNA,2025-11-06,-4.6153897238236485,5.093381961549448
MRNA,2025-08-01,-13.084384225839063,-7.070366002529493
MRNA,2025-05-01,7.535794766419501,-2.4527005623136255
MRNA,2025-02-14,-5.028266894875067,12.46867619070211
MRNA,2024-11-07,-5.317982058653758,-17.486973814213425
MRSH,2026-07-21,0.314002901310384,-2.5821496349574535
MRSH,2026-04-16,-0.005728864175913451,-0.17723647096838935
MRSH,2026-01-29,-0.8348141458113356,6.187959082020833
MRSH,2025-10-16,-0.43955566377561484,-6.838359582165266
MRSH,2025-07-17,-1.0225539620406177,-0.9293297428898173
MRSH,2025-04-17,0.7666940057731608,-5.0881922815046
MRSH,2025-01-30,0.9064247601503483,0.36386617687720335
MRSH,2024-10-17,0.5071483918861919,-2.566808888225469
MRVL,2026-05-27,23.281842276092956,-1.5653534612013686
MRVL,2026-03-05,-3.49727468914246,18.645153077386965
MRVL,2025-12-02,17.62427255313417,7.782667047549974
MRVL,2025-08-28,5.012634322200649,-13.62481463466596
MRVL,2025-05-29,5.161200863711324,-4.830475132605216
MRVL,2025-03-05,-5.021499519070738,-19.800749790098838
MRVL,2024-12-03,4.7021909290744235,17.045214638971306
MRVL,2024-08-29,-4.065048343254308,2.308592233401452
MS,2026-07-15,2.5355812500155395,-5.345451575373261
MS,2026-04-15,8.852335064761174,2.988991155433962
MS,2026-01-15,-2.1700279670036404,0.7301701805722205
MS,2025-10-15,-0.4039192533676905,2.1436919965905465
MS,2025-07-16,0.325930333254143,-0.5367581746115957
MS,2025-04-11,-1.2508154948086103,3.621686067485941
MS,2025-01-16,2.892518363660024,5.1704268016392385
MS,2024-10-16,4.400400981073016,7.877385105371393
MSCI,2026-07-21,0.7868057069934542,-11.613952310345388
MSCI,2026-04-21,2.5689664114415534,5.478439104690702
MSCI,2026-01-28,-0.42276948910187073,4.721943235030124
MSCI,2025-10-28,1.8930308977456844,6.634246141569067
MSCI,2025-07-22,1.2809795820630354,-5.996854063002255
MSCI,2025-04-22,-1.517445361262837,-0.5398583527867484
MSCI,2025-01-29,1.7752635462601196,-5.024365832706678
MSCI,2024-10-29,-1.41435375783181,-4.04354641704916
MSFT,2026-04-29,1.2000141035618306,-3.45020204463542
MSFT,2026-01-28,5.733513267078871,-10.464428520610669
MSFT,2025-10-29,4.715456222231573,-4.475443669180557
MSFT,2025-07-30,1.4447729921188923,2.2513985946417847
MSFT,2025-04-30,7.420538398515442,10.465941484010145
MSFT,2025-01-29,4.364077869654315,-7.186944722125343
MSFT,2024-10-30,1.0385722958413668,-4.995940976141333
MSI,2026-05-07,1.032077273726606,-9.567404299453075
MSI,2026-02-11,2.4959063996125908,10.024061849299915
MSI,2025-10-30,-3.285145511978116,-9.412738208819727
MSI,2025-08-07,1.3873811325989305,4.2567620203845635
MSI,2025-05-01,3.8263994092591735,-7.952043976270717
MSI,2025-02-13,-2.9354256410071167,-8.764184621960036
MSI,2024-11-07,3.5606950320295816,5.932261812527884
MTB,2026-07-15,0.8759149545424894,3.0556126537724326
MTB,2026-04-15,3.9602061870755767,-0.7800132645457425
MTB,2026-01-16,-0.4868652637902704,3.100157460805675
MTB,2025-10-16,-1.6164314769412824,-1.5997338595232447
MTB,2025-07-16,-1.7529958913400812,-0.5524934042466123
MTB,2025-04-14,0.5922713284364223,0.601451541135023
MTB,2025-01-16,4.598001135429852,-1.2993436181072737
MTB,2024-10-17,5.693565087995833,2.2603477926005144
MTD,2026-05-07,7.006411558108927,-18.726639924232224
MTD,2026-02-05,-0.8497213303855888,-0.6368125974336669
MTD,2025-11-06,3.267889503242305,-0.4973178496537445
MTD,2025-07-31,0.6920198520591558,-2.6874175586651505
MTD,2025-05-01,2.3264450718003093,1.9204778412674317
MTD,2025-02-06,2.1010901230812395,-1.6918996867044789
MTD,2024-11-07,7.368069779104691,-10.593696230443028
MU,2026-06-24,-3.3290680308452836,7.659468761517285
MU,2026-03-18,14.532019051426692,-8.401743917650684
MU,2025-12-17,-7.887643738687444,14.369280198858503
MU,2025-09-23,4.341751035329011,-4.732107180152201
MU,2025-06-25,6.733979033364723,-2.4626658206367558
MU,2025-03-20,6.712670135652066,-5.016651456892729
MU,2024-12-18,10.703367500276917,-17.016578323135644
MU,2024-09-25,5.939363346197601,14.36169348235612
NCLH,2026-05-04,1.6207414011397248,-5.635297692919295
NCLH,2026-03-02,1.9745020984366146,-14.844696124520084
NCLH,2025-11-04,-5.6571667833170025,-17.763753290563322
NCLH,2025-07-31,-3.782895098019845,8.29060070805021
NCLH,2025-04-30,4.635752691876283,-0.057527744625973654
NCLH,2025-02-27,-7.222225047923903,-12.375243786573698
NCLH,2024-10-31,1.8803441932929932,5.49496416760793
NDAQ,2026-07-23,-0.5035016214968491,3.3443353844849755
NDAQ,2026-04-23,-2.461887846255395,4.700702024692749
NDAQ,2026-01-29,-0.07086152151731806,-1.9248347681041889
NDAQ,2025-10-21,-0.5929071601069924,-0.04501395068337022
NDAQ,2025-07-24,-0.8535429873440581,7.770720882386439
NDAQ,2025-04-24,0.45100121400998283,2.1768619400699185
NDAQ,2025-01-29,1.652677415686754,1.4164215060469498
NDAQ,2024-10-24,0.20335368103678864,1.9347611130321019
NDSN,2026-05-20,-3.385972818171723,6.7221311521583615
NDSN,2026-02-18,1.946695329217052,-2.2766225412180874
NDSN,2025-12-10,-1.3063896053019053,0.8610396120185104
NDSN,2025-08-20,0.7924441739323829,4.445976698103604
NDSN,2025-05-28,-3.1499077672448528,7.060250937045076
NDSN,2025-02-19,1.2546132724321923,-1.8586051929873393
NDSN,2024-12-11,-2.1552519590903874,-10.44409181448801
NDSN,2024-08-21,0.867706479944097,7.487362466583036
NEE,2026-07-24,0.4924481801011904,-0.5679943546389676
NEE,2026-04-23,-1.3590489664297323,5.366670922032446
NEE,2026-01-27,2.2001730175839507,3.1707102006998333
NEE,2025-10-28,1.4863724229320585,-5.102866028725028
NEE,2025-07-23,3.8018748695555216,-7.33814091709778
NEE,2025-04-22,-1.7170476806571355,2.581931690433459
NEE,2025-01-24,-0.0865845332317483,1.892230489783886
NEE,2024-10-23,1.0991616744389976,-2.7120738446608783
NEM,2026-07-23,0.5671682813989332,-2.3811997695006526
NEM,2026-04-23,-1.0527292092526341,3.78185770229158
NEM,2026-02-19,2.600180479466041,-0.35288050341056865
NEM,2025-10-23,-7.020729752117905,-9.631083289863863
NEM,2025-07-24,5.081268088624347,3.6470151512469684
NEM,2025-04-23,-0.4562851935157819,-1.1001140189311864
NEM,2025-02-20,4.2206983243166185,-7.1081975921829414
NEM,2024-10-23,5.3879231607613765,-17.484667186727588
NFLX,2026-07-16,-2.526784131827542,-8.251902559543812
NFLX,2026-04-16,8.371063231630082,-11.958033017265834
NFLX,2026-01-20,-1.6320133013795979,-5.068180777809839
NFLX,2025-10-21,1.6020958726554513,-10.089944261612038
NFLX,2025-07-17,-2.947344221255521,-1.3628578313373607
NFLX,2025-04-17,1.70920811228501,8.185054961899052
NFLX,2025-01-21,2.4364626945737378,14.772174412178284
NFLX,2024-10-17,-3.4958681933217717,9.981487305969372
NI,2026-05-06,-0.016612596714593586,-3.050420157352607
NI,2026-02-11,1.7515851758815426,3.644090236606523
NI,2025-10-29,-0.73208870696021,-2.300667202696438
NI,2025-08-06,2.3819610417969095,-1.4452220751851486
NI,2025-05-07,-0.2028512137182692,0.558942168113008
NI,2025-02-12,2.7814959877316747,3.2526767588731076
NI,2024-10-30,-1.0066288495826026,0.9649921693133612
NKE,2026-06-30,-3.9592478324719904,6.292190547625176
NKE,2026-03-31,-2.7888438069593846,-13.758783432778998
NKE,2025-12-18,-0.15200706209781423,-12.893888744650683
NKE,2025-09-30,-2.4270341169158605,7.217827271814992
NKE,2025-06-26,1.3833373463392196,16.784459502689607
NKE,2025-03-20,-0.8018463592882941,-7.672293466381852
NKE,2024-12-19,-2.4730667671400197,-0.1820470954557063
NKE,2024-10-01,2.552219173866388,-7.126723323345507
NOC,2026-07-21,-3.2962949153103716,1.8169245928824962
NOC,2026-04-21,-3.5710705824448574,-10.551309519554962
NOC,2026-01-27,-0.8892019379408533,5.201453702024583
NOC,2025-10-21,-2.727507563771603,0.6212686238009635
NOC,2025-07-22,-1.1168356774526433,10.322347097738028
NOC,2025-04-22,-0.4981339224838566,-12.847014176050408
NOC,2025-01-30,-4.153967384688384,1.289600151969883
NOC,2024-10-24,-2.82819679310391,-0.8230080893650737
NOW,2026-07-22,-2.6609451179114396,-3.213794687202287
NOW,2026-04-22,14.067659580052204,-9.956062793559129
NOW,2026-01-28,5.103669416270407,-11.221548234501421
NOW,2025-10-29,-0.3813076514600944,-1.9863301970638791
NOW,2025-07-23,0.5695336718824606,0.6671013168250806
NOW,2025-04-23,-4.1246824384567615,23.268524486234888
NOW,2025-01-29,6.704657947702919,-12.987981645491399
NOW,2024-10-23,-1.0787097249460031,3.584074275454774
NRG,2026-05-06,2.0038156524005313,-12.27211647352242
NRG,2026-02-24,2.419497284569405,2.7305590797128465
NRG,2025-11-06,-2.725750860115994,-3.735774329646202
NRG,2025-08-06,7.846213179093442,-11.293337301756024
NRG,2025-05-12,2.3062388180701276,28.894668067516793
NRG,2025-02-26,-8.462149568458665,3.1920978796567967
NRG,2024-11-08,7.120631217995377,-3.8796588576806235
NSC,2026-07-23,0.7305027801983055,3.7499255365197603
NSC,2026-04-24,6.215511215368408,-1.4715129992420528
NSC,2026-01-29,-1.601534501744284,2.4536898957765674
NSC,2025-10-23,-0.36934943204690596,-2.421765776656759
NSC,2025-07-29,3.2590800914567675,-2.939739778674366
NSC,2025-04-23,-0.6323385848583163,0.7772678474356143
NSC,2025-01-29,0.18661151345720217,1.1810506023015366
NSC,2024-10-22,-2.237635606141508,2.11960514854701
NTAP,2026-05-28,18.368032818146784,25.893220267924534
NTAP,2026-02-26,0.5527031972822893,-1.6980769683758834
NTAP,2025-11-25,2.0224627213487834,2.3861931054198315
NTAP,2025-08-27,0.2290187948451372,3.0892940309347416
NTAP,2025-05-29,-1.3754190628044838,-0.9029830152225804
NTAP,2025-02-27,-0.03212625365518473,-23.102245524464415
NTAP,2024-11-21,3.150074135593206,2.2114102896525267
NTAP,2024-08-28,1.3166954270169118,-9.314904947327019
NTRS,2026-07-22,-0.8465504909031418,-2.4532548071040328
NTRS,2026-04-21,3.246961719270547,4.025415271725086
NTRS,2026-01-22,-0.5714223854807021,3.621372873764628
NTRS,2025-10-22,-0.3875379852436245,-1.937445098129953
NTRS,2025-07-23,2.370554964821525,2.766141788122556
NTRS,2025-04-22,-1.7102756717350842,6.476159827187233
NTRS,2025-01-23,5.6676204693818955,3.808547182515354
NTRS,2024-10-23,1.4939554794997978,4.593392161651844
NUE,2026-07-27,4.627867342883185,3.4173499509248417
NUE,2026-04-27,9.404200065177214,3.7799239548177432
NUE,2026-01-26,3.924717760974117,-4.6628147854983375
NUE,2025-10-27,5.251185150938742,11.341015950952936
NUE,2025-07-28,3.6976589146553884,-1.9749247646446366
NUE,2025-04-28,4.723980509170489,3.1541649434678964
NUE,2025-01-27,-0.964663727641113,3.8471094777221104
NUE,2024-10-21,4.1669374955764615,-10.477752097417437
NVDA,2026-05-20,-0.07699868961072998,-2.3933620966762437
NVDA,2026-02-25,4.260153705655223,-8.12030399211865
NVDA,2025-11-19,-6.108927217044879,-1.367452288532156
NVDA,2025-08-27,3.490090368931731,-4.175609672450209
NVDA,2025-05-28,-0.05164397934556142,-0.2730696490556017
NVDA,2025-02-26,-9.160692709371332,-1.3503857564044042
NVDA,2024-11-20,-0.8631611253681948,-3.4419445585943564
NVDA,2024-08-28,0.8251584289650449,-6.96027189441576
NVR,2026-07-23,-2.282238484144805,-0.5943941261177477
NVR,2026-04-22,1.312008246623586,-6.195280950277637
NVR,2026-01-28,-0.48458948675420555,1.8129942703893898
NVR,2025-10-22,0.7124214503695603,-4.635574180228175
NVR,2025-07-23,8.334748932081215,-1.4740444864176472
NVR,2025-04-22,-0.9642797442957929,0.18279130661904563
NVR,2025-01-28,0.23639676401276954,-2.887638628660716
NVR,2024-10-22,-0.7889100061819976,-2.0637566617573877
NWS,2026-05-07,-0.06611721574767415,3.109495693985309
NWS,2026-02-05,-8.232604190113047,-6.479169939368823
NWS,2025-11-06,-3.5348516755804194,3.8356144086589827
NWS,2025-08-05,-0.3558931657623665,-0.1785649989969884
NWS,2025-05-08,3.9465269350408283,0.8879356510355985
NWS,2025-02-05,3.8230795761099445,3.225801912561743
NWS,2024-11-07,6.277877740931848,2.7114284211129824
NWSA,2026-05-07,-0.15243524591314062,3.091600925020388
NWSA,2026-02-05,-7.145544948988691,-7.897933736008045
NWSA,2025-11-06,-1.5738997796169718,4.524179860133892
NWSA,2025-08-05,0.4766741719433698,-1.8298880565351339
NWSA,2025-05-08,3.908558695595632,0.3548537288864839
NWSA,2025-02-05,1.3143870312277928,1.823288424507119
NWSA,2024-11-07,6.12169958113995,0.9671779447900208
NXPI,2026-07-28,0.18340473290894277,-8.409612073226224
NXPI,2026-04-28,7.016352764901579,23.9456294835406
NXPI,2026-02-02,-2.727118783871685,0.31839634679577955
NXPI,2025-10-27,2.243994835979768,-6.593362023749294
NXPI,2025-07-21,-1.3192360286804372,-0.5267757084935654
NXPI,2025-04-28,13.359491468024022,-4.773964663034835
NXPI,2025-02-03,-2.286449795574985,2.2488537966859345
NXPI,2024-11-04,-1.8794141426939248,-3.02192729542452
O,2026-05-06,0.4616337199762066,-2.5955596794476343
O,2026-02-24,1.5534439995643634,-0.11997016653417791
O,2025-11-03,-2.8978457460615448,-3.208002910696983
O,2025-08-06,0.20127119316093456,0.4195666061195924
O,2025-05-05,0.5907142825736678,-0.38623492851848074
O,2025-02-24,3.9512066924236366,-1.7341207679053117
O,2024-11-04,-3.534491998512379,-3.1929409403735565
ODFL,2026-04-29,-1.1808179879188252,-7.196648828288621
ODFL,2026-02-04,8.788125003069712,6.69231761490523
ODFL,2025-10-29,-5.728735650736915,3.181704257122653
ODFL,2025-07-30,-2.858176985223204,-12.503070610348754
ODFL,2025-04-23,-1.9598889064009306,-3.5049736179015856
ODFL,2025-02-05,-3.33175011878164,7.372314934275215
ODFL,2024-10-23,-0.9480907614852874,-0.8819780839138591
OKE,2026-04-28,4.7386007307224975,5.367514587291988
OKE,2026-02-23,3.2269563611168506,-5.782667345889047
OKE,2025-10-28,1.1090000997510785,-3.709043587112737
OKE,2025-08-04,-1.8966858321196378,-4.760074731926489
OKE,2025-04-29,7.3942704326614095,-7.898033868117493
OKE,2025-02-24,-0.8790447097003717,-2.3853259033899676
OKE,2024-10-29,-0.8262687293926096,0.8956444724612433
OMC,2026-07-28,0.0485624792928574,-3.3976494689141767
OMC,2026-04-28,-3.1719647181840616,0.9340800752815293
OMC,2026-02-18,-3.915192837116843,22.47719938182573
OMC,2025-10-21,2.195801510160278,2.7369188059726213
OMC,2025-07-15,-1.6115806045015169,-2.4638759728535464
OMC,2025-04-15,6.974141400428757,-4.311498229090905
OMC,2025-02-04,-0.6565684283701967,-4.0223205982605315
OMC,2024-10-15,2.379538724065444,1.898123245726846
ON,2026-05-04,4.705281688639307,2.6594175446308155
ON,2026-02-09,8.866250814341381,9.171784719070942
ON,2025-11-03,-1.2423531153461842,0.0
ON,2025-08-04,-0.1756824970799986,-17.317846190492368
ON,2025-05-05,5.753214024339948,-7.420664809531374
ON,2025-02-10,-2.0825375418612735,-2.3219485399199713
ON,2024-10-28,4.029788614857699,3.340347022341006
ORCL,2026-06-10,-15.85166426942587,-10.533990149542415
ORCL,2026-03-10,1.5477362640439862,5.014533012292488
ORCL,2025-12-10,10.15911354167729,-14.246373532971369
ORCL,2025-09-09,5.461455777623847,29.092588328739378
ORCL,2025-06-11,4.930836384935988,21.264359152235013
ORCL,2025-03-10,-6.56389212542684,-2.7520055025905377
ORCL,2024-12-09,3.7059253424261973,-6.839181230063984
ORCL,2024-09-09,1.7142194988385429,10.838461751625172
ORLY,2026-04-29,-2.3878029229991493,5.569508016946467
ORLY,2026-02-04,-3.4983146256975295,-2.966011636123289
ORLY,2025-10-22,-1.6885060083793757,-3.987761339339446
ORLY,2025-07-23,4.561899244807921,2.4226588620399836
ORLY,2025-04-23,-1.4608979768347408,-3.339690158560382
ORLY,2025-02-05,4.368949639244413,-1.3071597733123053
ORLY,2024-10-23,1.2924322146749878,-0.8428836058431366
OTIS,2026-07-22,-0.8406844416704584,-0.027792416837479905
OTIS,2026-04-22,-3.699630379975083,-1.1664860247167286
OTIS,2026-01-28,2.73429681037054,-5.665374757868225
OTIS,2025-10-29,-1.510240197035373,1.5991317435436025
OTIS,2025-07-23,1.62004668942759,-11.09020478742223
OTIS,2025-04-23,0.43646638389933656,-6.083880061182956
OTIS,2025-01-29,0.38744290803842674,-0.46940677087030647
OTIS,2024-10-30,-1.544279417523775,-1.9039265356049162
OXY,2026-05-05,5.238350126850566,-10.502742519796493
OXY,2026-02-18,-1.5430771014531053,12.842844662634612
OXY,2025-11-10,0.26698454390547965,1.500852531263619
OXY,2025-08-06,-5.235372591904364,2.8783695821735344
OXY,2025-05-07,-2.6517903381232832,7.3319887556250185
OXY,2025-02-18,2.7362182964834725,8.385354456705741
OXY,2024-11-12,0.4944656532418268,-0.2755464149362119
PANW,2026-06-02,15.312006474064809,-7.065365485258212
PANW,2026-02-17,4.789096957858074,-9.559743484167916
PANW,2025-11-19,-7.912220614108401,-9.004978160953048
PANW,2025-08-18,6.003830315979153,4.144783155275356
PANW,2025-05-20,0.4134382696422856,-4.1996930179850285
PANW,2025-02-13,5.287658175697296,5.8709923766551375
PANW,2024-11-20,-2.5023847369474717,-1.2111560677731559
PANW,2024-08-19,0.7934036074781048,7.6741240227999
PAYX,2026-06-24,-2.884043113842727,1.9491805500781778
PAYX,2026-03-25,-1.9690515583784318,1.1808746527726344
PAYX,2025-12-19,-0.34022634360155735,-0.12254328170701045
PAYX,2025-09-30,-1.4340458278443768,-3.9757233244310797
PAYX,2025-06-25,-0.9304929515310367,-5.4581248941088845
PAYX,2025-03-26,-1.9457058912747405,4.787335471412324
PAYX,2024-12-19,-3.8091291116494785,2.5614566821333007
PAYX,2024-10-01,0.09695396296651726,3.8527766253600992
PCAR,2026-07-28,7.3272745726575605,0.239802202919015
PCAR,2026-04-28,-0.8650899502325338,-6.603770519854358
PCAR,2026-01-27,0.6180017526045578,0.9909008341352443
PCAR,2025-10-21,4.558619447315282,1.9491130858795058
PCAR,2025-07-22,-3.1077172629259353,9.17016030402853
PCAR,2025-04-29,5.441616961659479,-2.455467457905258
PCAR,2025-01-28,-0.38069112463635646,2.365575159591038
PCAR,2024-10-22,1.2844273381234395,-4.3517926844944155
PCG,2026-07-23,3.426615497583252,-2.8161248575017894
PCG,2026-04-23,-2.9327158677472265,-2.9028432125148718
PCG,2026-02-12,5.360446965726529,5.380113180161028
PCG,2025-10-23,-0.5995304681716163,-0.9046965598271228
PCG,2025-07-31,2.1121675840980236,7.275316027572187
PCG,2025-04-24,2.214470641601096,-1.4823370205427677
PCG,2025-02-13,1.8424521568767727,-3.805370972744615
PCG,2024-11-07,0.29715315101739304,4.148172527229166
PEG,2026-05-05,0.2992033620537127,-3.256672031829
PEG,2026-02-26,1.9084844469354767,-1.7099040216623562
PEG,2025-11-03,-3.06824250503277,-0.868899342074414
PEG,2025-08-05,3.680684267424539,-2.9620479814996936
PEG,2025-04-30,-0.47561248403814593,-2.6099720874997234
PEG,2025-02-25,0.7885316387078456,-4.338552025727404
PEG,2024-11-04,-2.588421070433522,-4.0087075793858284
PEP,2026-07-09,5.251108516140168,-2.8208470764336746
PEP,2026-04-16,0.032302894570435114,1.3819839919797516
PEP,2026-02-03,6.396098303886277,7.944589105969713
PEP,2025-10-09,-3.004072727432361,7.238566099697397
PEP,2025-07-17,0.6469496018404186,4.69152158277133
PEP,2025-04-24,-0.4060553408284817,-5.974975951856143
PEP,2025-02-04,-2.807044530600067,-3.274114541630102
PEP,2024-10-08,-1.6701097203498438,3.4567304183143133
PFE,2026-05-05,-1.829046706467774,0.6844094199963457
PFE,2026-02-03,3.0139177248666993,-0.6376660512366072
PFE,2025-11-04,-0.44409293278913076,0.7704837840589285
PFE,2025-08-05,-3.208539267541022,2.9749098999107604
PFE,2025-04-29,4.5825778555715235,3.817781177978663
PFE,2025-02-04,-2.4571834114576308,-1.4122161139767941
PFE,2024-10-29,-0.2419682794814748,-1.9404036450715312
PFG,2026-07-27,-3.992975466625026,3.455209073651333
PFG,2026-04-23,2.9045157159971025,2.3709307691056836
PFG,2026-02-09,2.7660425561266466,-4.653786147045624
PFG,2025-10-27,1.259068557036036,3.5292541291995994
PFG,2025-07-28,-0.012324246535277972,-5.502785837724611
PFG,2025-04-24,1.299769603534906,-0.22960872657724618
PFG,2025-02-06,-3.370100894405126,4.728789304281267
PFG,2024-10-24,-1.7224370476329742,-5.682072366137547
PG,2026-04-24,1.8167843046598353,3.1454600690033807
PG,2026-01-22,1.2617699189691134,3.0750337978294517
PG,2025-10-24,1.7446664062049644,0.1435356285480749
PG,2025-07-29,1.3416777045387018,-4.226328374038268
PG,2025-04-24,-1.013194969872322,-2.3411668685081266
PG,2025-01-22,1.8131293425067696,2.1028727387173207
PG,2024-10-18,1.970994057906461,-0.9184185604157347
PGR,2026-07-15,-3.33617417621741,-8.222263541468067
PGR,2026-04-15,-0.1320895885827733,3.0469553392711513
PGR,2026-01-28,2.0400171968788072,-0.038447908295791144
PGR,2025-10-15,-1.4309714806732488,-6.152245913616772
PGR,2025-07-16,-3.7513895362736305,1.7382375013125229
PGR,2025-04-16,6.041172361353153,-6.7726499889135034
PGR,2025-01-28,1.3255123964305726,0.9355586446801567
PGR,2024-10-15,2.590418118290483,-0.21438998419269772
PH,2026-04-30,-0.7260874101948755,-8.416890855094227
PH,2026-01-29,-3.069951504662516,3.8995016136304628
PH,2025-11-06,-0.11353876238865412,8.822303170092116
PH,2025-08-07,-4.767564063445628,4.809716966743727
PH,2025-05-01,4.175186435719813,1.902296191734254
PH,2025-01-30,-1.2869176961895046,4.499799235608171
PH,2024-10-31,-0.8591483363956542,2.1960992703085713
PHM,2026-07-22,-0.24084411387544913,3.613389495074193
PHM,2026-04-23,5.5785436840428915,0.5644396995568624
PHM,2026-01-29,-5.155043324977592,3.082666417382507
PHM,2025-10-21,2.3072428343309914,-1.9550540061581967
PHM,2025-07-22,-3.713224460042941,6.792453898560735
PHM,2025-04-22,-1.502170660818447,10.460745418072248
PHM,2025-01-30,-3.336473940012208,-3.3985340635355743
PHM,2024-10-22,1.2066823352432587,-5.83668394240382
PKG,2026-07-22,1.08522867941383,11.471886379025475
PKG,2026-04-22,0.28581567288943344,1.1114780061654894
PKG,2026-01-27,0.2259102900974863,-0.7302917176053025
PKG,2025-10-22,-1.2478700321124303,-1.5855419249953262
PKG,2025-07-23,2.8094990098183503,0.6040204918822623
PKG,2025-04-22,-3.636075595109589,3.6469491622407313
PKG,2025-01-28,0.7777442001982493,-10.629074383360015
PKG,2024-10-22,-0.4000382595551688,3.8384361950845047
PLD,2026-07-16,1.7163107581172454,2.830844798792409
PLD,2026-04-16,1.7174929799120164,3.763319546169397
PLD,2026-01-21,1.355959508847171,-2.7979517874365367
PLD,2025-10-15,-0.4483890153543668,7.475097591797963
PLD,2025-07-16,1.6565316965624355,-1.6939890314126793
PLD,2025-04-16,9.71478530518839,0.15231688565582324
PLD,2025-01-21,5.685885902026122,8.27548900486943
PLD,2024-10-16,1.7177849462059358,0.9144158594213136
PLTR,2026-05-04,0.6848913351104935,-7.135429662991221
PLTR,2026-02-02,-13.567222250912426,-4.809334352875982
PLTR,2025-11-03,8.579318593391427,-6.270268492880426
PLTR,2025-08-04,-2.852644012746275,16.380364499790765
PLTR,2025-05-05,10.19684352232062,-11.103955228443517
PLTR,2025-02-03,4.444155935234972,22.875503982610645
PLTR,2024-11-04,-6.553728045932827,32.46660592755932
PM,2026-07-22,6.871268285072518,2.6377403164016044
PM,2026-04-22,-3.900418452588894,7.145191290146946
PM,2026-02-06,2.310419913092776,0.3791105239802084
PM,2025-10-21,-0.8841877583976476,-0.22776835473710122
PM,2025-07-22,-0.1493838887765775,-10.74911095879082
PM,2025-04-23,4.137317047257705,3.7353120702147358
PM,2025-02-06,1.0726094350764104,11.9025895546653
PM,2024-10-22,-0.9327114174635609,11.634167235762716
PNC,2026-07-15,-0.8385461792582816,0.3890723887018721
PNC,2026-04-15,4.1974725818660685,1.6320094518791795
PNC,2026-01-16,-1.6465432805662372,5.664427986040077
PNC,2025-10-15,-1.2066465586013986,-5.444593616830373
PNC,2025-07-16,-2.1165770594713917,2.279579421853928
PNC,2025-04-15,1.6425872652078288,-0.9047189657246157
PNC,2025-01-16,3.7593918690474126,-0.937939616621053
PNC,2024-10-15,3.4516730816729346,0.9886032286794855
PNR,2026-07-28,2.1507259144805335,4.732506884025112
PNR,2026-04-28,2.0347196177500138,-12.528446638909664
PNR,2026-02-03,-2.3236367253601453,-9.989578473815353
PNR,2025-10-21,0.43186749071497665,1.2808741211084884
PNR,2025-07-22,-1.5305775752530448,-1.9168520585998272
PNR,2025-04-22,-3.631456899365637,14.20972231671811
PNR,2025-02-04,0.1659170979869673,-3.8974998708106834
PNR,2024-10-22,-0.23437467310349902,1.0471809916193786
PNW,2026-05-04,1.2121149193288883,-2.3969591253114153
PNW,2026-02-25,1.173026553747647,0.24987500479862756
PNW,2025-11-03,-3.9079586284246237,0.9702186463072637
PNW,2025-08-06,3.773314137885264,0.30324890342727784
PNW,2025-05-01,0.8690169268291914,-0.3891112127801466
PNW,2025-02-25,3.1929061442266704,-1.357066471210755
PNW,2024-11-06,0.21008159772353263,5.881672870740484
PODD,2026-05-06,-8.388470906919633,-7.980657323827156
PODD,2026-02-18,0.3135517329912796,-1.8064451629439704
PODD,2025-11-06,-0.5471774402551088,1.879533016226409
PODD,2025-08-07,-7.0305434650154925,9.931485667963003
PODD,2025-05-08,4.764360296616488,19.810077693914387
PODD,2025-02-20,-0.2040445612880859,-0.07049552122686542
PODD,2024-11-07,3.781768215568082,15.211035809055362
PPG,2026-07-28,2.3941264870560808,-5.435977357178279
PPG,2026-04-28,-3.861240630573992,-1.6319173577366897
PPG,2026-01-27,2.204684441164484,3.4265468752056716
PPG,2025-10-28,3.2103370968944445,-7.586535266774974
PPG,2025-07-29,-0.48026698354798336,-7.431772433961004
PPG,2025-04-29,3.581481393672825,5.642970650783763
PPG,2025-01-30,-0.39880034723734914,-8.489945343446514
PPG,2024-10-16,2.07496963572138,0.8162054147339504
PPL,2026-05-08,-1.7895166481999403,-1.142248436106652
PPL,2026-02-20,2.694444779249583,3.1106251074121793
PPL,2025-11-05,-1.7881339135935481,0.910350534302462
PPL,2025-07-31,-1.2332003498098043,0.3884355011854357
PPL,2025-04-30,0.49708880078052076,-0.6045684343271573
PPL,2025-02-13,1.768886557782845,-0.9270161610829386
PPL,2024-11-01,-0.9430951819732192,0.09214938724309008
PRU,2026-05-05,2.155047155890144,1.8330757784676077
PRU,2026-02-03,2.5142184756211883,-10.651624544810545
PRU,2025-10-29,-0.40251943829100467,2.5135567386796343
PRU,2025-07-30,-0.7484149532952622,-2.6392200903501473
PRU,2025-04-30,3.8119939364839484,-0.39410711479500593
PRU,2025-02-04,-1.3524597594202548,-4.516790207758614
PRU,2024-10-30,-0.2945075251542306,-3.1851170893809178
PSA,2026-04-27,-0.3007592193050135,-4.606054151306427
PSA,2026-02-12,1.8509469139542656,2.7770294911071858
PSA,2025-10-29,-3.318505662193394,-6.536035738882395
PSA,2025-07-30,0.5257073263319034,-4.675813345523883
PSA,2025-04-30,-1.240432354913601,2.4437583723472267
PSA,2025-02-24,0.9792866313779847,0.036157382683033035
PSA,2024-10-30,-1.0928011690008343,-2.294271958060612
PSKY,2026-05-04,1.0938904591364818,-1.6230896016002472
PSKY,2026-02-25,-4.062787104968024,30.028872052420617
PSKY,2025-11-10,-1.884340807413798,3.1125780320023333
PSKY,2025-05-08,-1.448039621462216,3.284354173331727
PSX,2026-04-29,3.6077306088433625,6.697745216637552
PSX,2026-02-04,5.7710109703296375,6.5568296694666905
PSX,2025-10-29,3.934684034789959,1.8554460965151787
PSX,2025-07-25,-0.6870114579234587,3.2899061339797697
PSX,2025-04-25,8.408398870186918,1.2513294771646422
PSX,2025-01-31,-1.4516501868476195,2.2922960526609026
PSX,2024-10-29,-1.8504529296532457,-5.4852949097222385
PTC,2026-05-06,0.32091199726318465,6.615769278683614
PTC,2026-02-04,-9.342163898835054,4.335009193100925
PTC,2025-11-05,-5.151638639087297,-8.29037039532684
PTC,2025-07-30,0.650666612110995,3.8787394457365787
PTC,2025-04-30,6.842359018802879,4.191345718988404
PTC,2025-02-05,0.07333297743077338,-11.540274353128632
PTC,2024-11-06,0.33799808239698415,1.494813545859297
PWR,2026-04-30,2.414537930562588,20.480433476032655
PWR,2026-02-19,1.6978610984401676,5.738387030175174
PWR,2025-10-30,8.849867409296097,0.474713329717269
PWR,2025-07-31,1.48108897684891,-4.2543379759759965
PWR,2025-05-01,6.700445627904772,10.225840436459844
PWR,2025-02-20,-3.540420958323065,-11.199366195827153
PWR,2024-10-31,1.6306328942278236,-2.3457219368854587
PYPL,2026-07-28,-1.3199577684410269,2.817909469688362
PYPL,2026-05-05,1.2457282506052048,-8.275445113126311
PYPL,2026-02-03,-7.544173509411756,-23.75310224711592
PYPL,2025-10-28,1.5173417716592086,-3.3024897496907846
PYPL,2025-07-29,4.54423480126982,-12.094085419310074
PYPL,2025-04-29,7.705062038296595,0.7392652171892999
PYPL,2025-02-04,-0.8089452321223378,-12.222107495657708
PYPL,2024-10-29,3.761160388051854,-5.132185042949267
Q,2026-05-12,8.6346259075899,7.099965201132563
Q,2026-02-26,4.000002385880985,3.5788341517699385
Q,2025-11-18,-15.672887019601124,-8.053021005396255
QCOM,2026-04-29,10.652104849781407,18.006672299237557
QCOM,2026-02-04,-3.8290667121362865,-6.685687583741007
QCOM,2025-11-05,-4.52411249126995,-1.1281975254552101
QCOM,2025-07-30,2.588778148191806,-8.56985344832144
QCOM,2025-04-30,5.867092834103449,-4.813466398618116
QCOM,2025-02-05,0.8685596348545932,-2.9357319094337697
QCOM,2024-11-06,-5.732953078776637,3.0136931368182296
RCL,2026-07-28,6.597709198070012,5.540254859386939
RCL,2026-04-30,-4.378115692042339,2.1534657590526862
RCL,2026-01-29,4.978942566325673,14.557609295257956
RCL,2025-10-28,5.752218447889623,-11.156568949063029
RCL,2025-07-29,1.5960986465130889,-9.696016230762105
RCL,2025-04-29,14.141734593300036,2.0618475108613366
RCL,2025-01-28,-2.063599585454856,16.033284428575033
RCL,2024-10-29,1.8058037612487254,1.3905300889759165
REG,2026-04-29,0.3749466018978298,-2.06698396292484
REG,2026-02-05,5.393907536356735,2.437707283670365
REG,2025-10-28,1.3432957406994683,-5.179012624952161
REG,2025-07-29,0.40137388815584263,1.9417431693034892
REG,2025-04-29,1.4834687525812074,0.8213824488828347
REG,2025-02-06,2.3973038533197766,0.7804002860595682
REG,2024-10-28,-2.149680676762755,2.379969333863885
REGN,2026-04-29,-2.086004276781106,-4.147487687362594
REGN,2026-01-30,-0.8034287012212094,1.2996310648326848
REGN,2025-10-28,1.4806478443876392,11.74249911222185
REGN,2025-08-01,-3.3968495462762816,4.480625860770648
REGN,2025-04-29,8.792666403818462,-3.414856475938466
REGN,2025-02-04,-2.6084194581298736,8.280720955835875
REGN,2024-10-31,-1.9758145623170797,-10.181066010791895
RF,2026-07-17,5.951607608612064,-4.8765486316187046
RF,2026-04-17,-0.8170516409881423,1.5401133632679809
RF,2026-01-16,-1.1095773996010805,0.4558169299496928
RF,2025-10-17,-7.7439680035295,4.325471554846461
RF,2025-07-18,-1.3285023093641546,6.895152374344948
RF,2025-04-17,-4.1499973907214045,3.182040340423886
RF,2025-01-17,2.9387145769028233,-0.8156627365214275
RF,2024-10-18,4.079862190989814,-1.4178547435037214
RJF,2026-07-22,0.29863227729347575,0.8158223281898191
RJF,2026-04-22,0.8549218241263645,-0.7247254968039352
RJF,2026-01-28,0.709050785404175,-1.869596235490123
RJF,2025-10-22,1.9749148871185174,-1.9969890336063334
RJF,2025-07-23,2.777231203634134,4.931197044972091
RJF,2025-04-23,-0.1925498437479023,1.9292016201014839
RJF,2025-01-29,1.0725274168555066,-1.766649144493282
RJF,2024-10-23,2.28333366973954,6.410611636025942
RL,2026-05-21,-0.717682714258927,15.957965960586229
RL,2026-02-05,0.48443568726053154,-1.846629618357798
RL,2025-11-06,-3.2602695382970004,5.620062920559743
RL,2025-08-07,-0.08245540286865305,-4.753106236542848
RL,2025-05-22,1.6063847083722216,4.505606058568534
RL,2025-02-06,-3.0411627319473666,7.851409222338113
RL,2024-11-07,3.148406645916668,2.8023304427571505
RMD,2026-04-30,-4.5532368333807804,-1.1796331058975484
RMD,2026-01-29,-0.601669253836179,-1.1562921702494844
RMD,2025-10-30,-4.8258839150704835,-1.841342804813506
RMD,2025-07-31,1.4888270615649235,5.046142314975333
RMD,2025-04-23,-0.20976065820882406,10.183105901072832
RMD,2025-01-30,2.235879355711634,-4.868308387219189
RMD,2024-10-24,-0.39439426151045565,3.972200573834539
ROK,2026-05-05,-1.6244025309959387,12.050660173443205
ROK,2026-02-05,3.600863895194184,-4.462123805392515
ROK,2025-11-06,-1.5075410971706837,7.8985180877774175
ROK,2025-08-06,-2.232257637975743,-3.690755494324882
ROK,2025-05-07,2.1804977671294745,16.498727157807135
ROK,2025-02-10,-3.6023536229179975,12.499997092031156
ROK,2024-11-07,10.265154344495375,-5.5033932355473825
ROL,2026-07-22,-0.9708744553785453,-12.08390142112692
ROL,2026-04-22,-0.16423530246661988,3.4545800674603333
ROL,2026-02-11,3.159746794992735,-10.635680899435208
ROL,2025-10-29,-0.4970786722735543,2.783235092506531
ROL,2025-07-23,0.8355992120943956,4.647813552828972
ROL,2025-04-23,-0.053862888622757676,-0.628824854194665
ROL,2025-02-12,1.7522329372666734,1.5819027653126705
ROL,2024-10-23,-0.8805267759765756,-6.036752100423626
ROP,2026-07-23,-3.3858477460898317,11.377743022426712
ROP,2026-04-23,1.854280634205252,-3.366870851114123
ROP,2026-01-27,-1.795070631559803,-10.685888963033385
ROP,2025-10-23,1.844994143983758,-8.884954349907016
ROP,2025-07-21,-0.48771923747321644,2.244908776776189
ROP,2025-04-28,0.08254921720436403,0.4267458662414736
ROP,2025-01-30,1.6035168162682245,6.264942908636417
ROP,2024-10-23,-0.7335744738724115,-1.8293800444873831
ROST,2026-05-21,2.847564828091942,7.755176566686939
ROST,2026-03-03,0.20307852164602735,6.1937776248266685
ROST,2025-11-20,-1.4737517264413524,8.52602789440937
ROST,2025-08-21,-2.615102779761458,0.751608293404149
ROST,2025-05-22,1.3407406686177348,-7.460033368356256
ROST,2025-03-04,0.6474101428956658,0.789416293700862
ROST,2024-11-21,-0.8116320140176714,10.027265005533126
ROST,2024-08-22,8.92174848477707,0.16889287304229228
RSG,2026-05-07,-4.138064283413279,-0.9815240326132901
RSG,2026-02-17,1.4685806004903545,-0.6900526950331054
RSG,2025-10-30,-5.723756639471123,-2.4798111753797314
RSG,2025-07-29,0.5707422117884331,-4.457152809141629
RSG,2025-04-24,-1.4816280321571007,1.9637937741556977
RSG,2025-02-13,1.1312159722609127,2.259516740206391
RSG,2024-10-29,-1.8078540263009923,-1.2074460700499334
RTX,2026-07-23,-0.5155926846612258,12.079224495241657
RTX,2026-04-21,-2.790339518467,-8.422283935612796
RTX,2026-01-27,-3.8579586251821674,2.9619283252085182
RTX,2025-10-21,1.170914473973128,11.654528473574398
RTX,2025-07-22,1.527341181865638,2.414875184364651
RTX,2025-04-22,-1.6684828912976069,-3.2905045208007966
RTX,2025-01-28,3.2532513829578447,3.1427349374679503
RTX,2024-10-22,1.0109019293703003,-0.5798246795936879
RVTY,2026-05-05,-0.33410085559089087,14.264238943170593
RVTY,2026-02-02,-6.793451866846545,-4.568017187532369
RVTY,2025-10-27,5.855287562285794,-3.6302982064076783
RVTY,2025-07-28,11.16233130736739,-12.366157012821265
RVTY,2025-04-28,2.69004808365374,-0.9120733608126708
RVTY,2025-01-31,3.0968055083382184,-2.9012822732330856
RVTY,2024-11-04,4.0488355556375755,3.1559796936619033
SBAC,2026-04-29,2.106993023465731,0.45498511038633005
SBAC,2026-02-26,-0.14686179673272237,0.8875541126050157
SBAC,2025-11-03,-3.623908841935508,2.25087755793254
SBAC,2025-08-04,-2.2871048015720152,-3.850023277297221
SBAC,2025-04-28,-3.042874892818759,9.595209094399259
SBAC,2025-02-24,2.3448002473979157,1.1690052276300378
SBAC,2024-10-28,-2.295224514598071,-4.098593788563276
SBUX,2026-04-28,-1.0712425214241095,7.600373569100283
SBUX,2026-01-28,2.199436983583092,-3.9385691211965668
SBUX,2025-10-29,-0.547139091514548,-5.33770817953394
SBUX,2025-07-29,1.0899977004731554,-4.814766482132738
SBUX,2025-04-29,3.99108628367153,-2.2526949843791444
SBUX,2025-01-28,5.140333822071352,8.978217832456249
SBUX,2024-10-30,0.5887198867005283,1.519653735596993
SCHW,2026-07-21,0.1562841047097585,-0.9069634258555559
SCHW,2026-04-16,3.6918307079132573,-7.10082120724842
SCHW,2026-01-21,-0.8930394342691272,1.1783350964554407
SCHW,2025-10-16,0.5757589622768178,0.6572583671762278
SCHW,2025-07-18,0.06448996830556997,2.4597116552111498
SCHW,2025-04-17,0.5980047692469181,1.1624932882868588
SCHW,2025-01-21,5.0020758938232435,7.420492433957415
SCHW,2024-10-15,5.490720240250413,6.030684482740578
SHW,2026-07-28,1.1341108902767738,5.36865826810804
SHW,2026-04-28,-2.2766268416359647,-4.311222290568928
SHW,2026-01-29,-1.8832017648680366,1.9336353398696327
SHW,2025-10-28,1.4611766559514905,3.517019359359508
SHW,2025-07-22,-0.9288879613838397,-0.319361371118565
SHW,2025-04-29,3.0716906611221173,6.45393215910659
SHW,2025-01-30,0.7463524266074772,-0.7685666992886531
SHW,2024-10-22,-0.6273383491355977,-5.280939097757975
SJM,2026-06-09,1.1529629516725093,14.798079674511143
SJM,2026-02-26,-1.012164092071255,7.579734894713308
SJM,2025-11-25,-2.1306610218005284,-0.08630415137165226
SJM,2025-08-27,-1.2854727952037792,-0.06331113387066933
SJM,2025-06-10,-0.1339275576246135,-12.94590347808835
SJM,2025-02-27,5.960019234839464,2.6841284267021814
SJM,2024-11-26,2.8514554544723847,3.6701378332897994
SJM,2024-08-28,-0.7238186114183143,-4.98757037034625
SLB,2026-07-24,0.29736487723772687,5.844977234611148
SLB,2026-04-24,5.81868171783797,1.6624052297599778
SLB,2026-01-23,5.003188009798243,2.7169487384276714
SLB,2025-10-17,-0.633874400021972,1.822605982890435
SLB,2025-07-18,-5.402462584970003,-0.9229921648075012
SLB,2025-04-25,2.284045173808491,-2.3475486131978807
SLB,2025-01-17,5.874770690600806,1.3141997863755916
SLB,2024-10-18,-1.3677170188881704,-4.682875813756637
SMCI,2026-05-05,0.25134539987581306,20.41546862469574
SMCI,2026-02-03,-3.5389616220390385,3.8370963720186335
SMCI,2025-11-04,-1.5900711647793941,-20.51231497027016
SMCI,2025-08-05,-3.030807190586915,-19.852312320397893
SMCI,2025-05-06,-13.68393406540993,-0.18650159157195256
SMCI,2025-02-25,7.722815225889246,-16.779693363683368
SNA,2026-07-23,0.6118407594787101,0.30775290116842324
SNA,2026-04-23,3.904783151465674,0.5465776641532916
SNA,2026-02-05,3.469612367786956,-3.8625361042512574
SNA,2025-10-16,-1.9631497591744984,2.4895421434152354
SNA,2025-07-17,-1.6063230103696258,4.913590342051033
SNA,2025-04-17,0.642649836017517,-9.237957906981475
SNA,2025-02-06,0.8667522984910914,-4.349899438753447
SNA,2024-10-17,3.69803939922535,9.363242598736843
SNDK,2026-04-30,8.696002632739951,18.00866665871379
SNDK,2026-01-29,5.254442715574337,26.080773283946556
SNDK,2025-11-06,5.940496845464138,23.76443981849019
SNDK,2025-08-14,11.662707898743264,-3.169533965048088
SNDK,2025-05-07,2.7018920505480937,11.55778786811319
SNPS,2026-05-27,7.248762196041114,-11.025890959030427
SNPS,2026-02-25,4.4483916271253365,-6.062806577122492
SNPS,2025-12-10,3.671970574358685,-2.7691303482816565
SNPS,2025-09-09,0.9212614956687126,-28.07184707901972
SNPS,2025-05-28,-0.8178138293518544,-9.341721557738714
SNPS,2025-02-26,-12.77142624627976,-0.14630710991911933
SNPS,2024-12-04,1.4807708894445382,-9.279358269696836
SNPS,2024-08-21,5.3703870047215,-3.166797788389264
SO,2026-04-30,1.785132041308568,2.6521206377646322
SO,2026-02-19,1.1409848226200614,4.547451352176912
SO,2025-10-30,-4.072626999258421,-0.38498698709710233
SO,2025-07-31,-0.24177893241097426,1.1591224950311618
SO,2025-05-01,0.8339703534554932,-0.9141230959155311
SO,2025-02-20,0.8834717598505071,2.786766611534741
SO,2024-10-31,-5.087619809081156,-1.3876520994822839
SOLV,2026-05-05,-3.3533911992341348,6.24258441884018
SOLV,2026-02-26,0.22693653802516867,-2.770380634426617
SOLV,2025-11-06,-2.9951223480254807,6.057022198618078
SOLV,2025-08-07,-0.5618027449301621,-0.9783644583965634
SOLV,2025-05-08,-0.9528204123449902,14.215919211594263
SOLV,2025-02-27,13.598265885521755,-4.616845800987013
SOLV,2024-11-07,0.7747719140799747,-3.5203677257056643
SPG,2026-05-11,-0.15807958112454834,-0.771813268905408
SPG,2026-02-02,3.5619479753542294,2.2372082681560324
SPG,2025-11-03,-1.3083257999463527,3.2089238620578664
SPG,2025-08-04,-3.847768159215592,4.26313932341964
SPG,2025-05-12,0.8777931819317075,-1.2317090657935292
SPG,2025-02-04,-1.8619267903973724,3.8982795890255995
SPG,2024-11-01,-2.4682612972661166,3.116120444854098
SPGI,2026-07-28,-1.9003054344294723,-5.645360100563757
SPGI,2026-04-28,-1.2467827763920414,-1.370023980318802
SPGI,2026-02-10,-15.81890247475114,-10.57879312315958
SPGI,2025-10-30,-1.3945004177836062,5.067122833130355
SPGI,2025-07-31,0.6981691677377055,6.364640298669522
SPGI,2025-04-29,6.76630019019151,4.080345170868216
SPGI,2025-02-11,-0.5941482621630967,5.243556789940507
SPGI,2024-10-24,-3.417772409108666,-4.634771846622455
SRE,2026-05-07,1.111829220589855,-0.8967552648421417
SRE,2026-02-26,3.019720598495068,1.2380964467732403
SRE,2025-11-05,-0.075631836582013,1.3408285834873857
SRE,2025-08-07,-0.036949511746198205,-0.308078005153567
SRE,2025-05-08,2.140846007431274,-0.2504810620472142
SRE,2025-02-25,3.662304518068571,-17.526948029866706
SRE,2024-11-06,-1.5559627472555682,10.942256107992598
STE,2026-05-11,-3.2415983432638074,1.759462189456551
STE,2026-02-04,-0.5321769142090926,-3.6343543625527386
STE,2025-11-05,0.26949049534725766,9.063463524275006
STE,2025-08-06,-1.970492658865708,8.478144294137092
STE,2025-05-14,3.910984377189952,8.842746688619464
STE,2025-02-05,-0.7509335181767884,1.745666501811871
STE,2024-11-06,1.594678487695389,-3.6273236153375743
STLD,2026-07-20,3.103929776169023,1.3290327187034379
STLD,2026-04-20,5.116229239619652,13.548320356621947
STLD,2026-01-26,3.5463437804924336,-3.8274907802931746
STLD,2025-10-20,1.0762586554811993,4.070050178420304
STLD,2025-07-21,-2.5468140474094847,-0.6913449788451986
STLD,2025-04-22,-5.697204913774145,12.179656544379402
STLD,2025-01-22,1.151945982146274,-1.8766626867445124
STLD,2024-10-16,1.125719754857868,6.3132514819804975
STT,2026-07-16,5.168525681199321,-2.149094048736866
STT,2026-04-17,2.462261362892715,8.224110685050046
STT,2026-01-16,2.6280087280619924,-6.882375541332708
STT,2025-10-17,-3.6509538210965253,1.2483524441330607
STT,2025-07-15,0.245983815120554,-2.317548604664943
STT,2025-04-17,-3.26773623214911,5.286953395530958
STT,2025-01-17,2.824104287784923,-3.3038148513133803
STT,2024-10-15,3.955649217267476,1.7815796385561633
STX,2026-07-28,1.8119481346075883,4.246074352937246
STX,2026-04-28,10.395551050739948,13.053406992117566
STX,2026-01-27,9.827417102546242,24.639256699225687
STX,2025-10-28,7.425389199643284,16.507455936382833
STX,2025-07-29,0.554686850956343,4.35332188933184
STX,2025-04-29,11.13213497649328,9.554528494237392
STX,2025-01-21,9.902103835836806,11.006441127424793
STX,2024-10-22,1.2155568876606404,-7.499325021548997
STZ,2026-06-30,-1.3073200270912522,-1.5680962092797568
STZ,2026-04-08,1.8741703609856941,8.008837507293975
STZ,2026-01-07,3.710931633290304,2.332066673370403
STZ,2025-10-06,7.328852078771719,0.39381027175757755
STZ,2025-07-01,-0.37968275967873444,5.9257626529456875
STZ,2025-04-09,-7.494175269866199,8.5809479275611
STZ,2025-01-10,-0.7782778578040772,-16.909889276500966
STZ,2024-10-03,1.4966309131482447,-4.928223377179563
SW,2026-04-30,-0.025196892033363394,-4.309472481161015
SW,2026-02-11,11.858191139515784,12.699456612922377
SW,2025-10-29,1.364380697814882,-14.318871213968908
SW,2025-07-30,4.2387561785544925,-7.987559295531321
SW,2025-05-01,0.23855225106415023,-5.711553264796909
SW,2025-02-12,-0.38997720918201306,0.813726446310814
SW,2024-10-30,0.3816618737232158,15.097298009943305
SWK,2026-04-29,2.7278746177014312,0.25532845692108896
SWK,2026-02-04,-0.1233631372748123,10.412552010902033
SWK,2025-11-04,-7.935631763275897,1.6726944479510397
SWK,2025-07-29,6.267049843707029,-8.49450099582657
SWK,2025-04-30,4.933199465349336,0.21220348793571375
SWK,2025-02-05,-2.453857160886941,-0.2307715559343948
SWK,2024-10-29,-2.6116596932529212,-9.696829783931104
SWKS,2026-07-28,6.086955578742859,-1.5132394471214283
SWKS,2026-05-05,10.833874707447366,-5.53376445582261
SWKS,2026-02-03,-4.902941858948962,7.196892454215109
SWKS,2025-11-04,0.9230027511443639,-7.708382237031197
SWKS,2025-08-05,-4.7392056307349435,0.8978515548663468
SWKS,2025-05-07,7.159085486548755,3.3328328732669554
SWKS,2025-02-05,-3.830292786575007,-23.9435040830431
SWKS,2024-11-12,0.0341266167240617,-4.523762767313
SYF,2026-07-21,0.27319297928953823,-2.2340375115516564
SYF,2026-04-21,6.4913959919939535,-2.494273260195101
SYF,2026-01-27,-3.3420722754925913,-5.341246290801182
SYF,2025-10-15,2.7362481724250376,-1.8259130599081352
SYF,2025-07-22,-2.0315938650776744,3.4130135075086443
SYF,2025-04-22,2.3845603536331694,9.930130041604901
SYF,2025-01-28,1.6145445535524106,-0.5582460464575223
SYF,2024-10-16,4.102366088206932,5.873518400163613
SYK,2026-04-30,-4.317592004093129,-7.695243092638893
SYK,2026-01-29,-1.407954555637403,2.881270783857137
SYK,2025-10-30,-4.830693237827832,-3.092622207545437
SYK,2025-07-31,-0.1296936578440322,-4.725164271644033
SYK,2025-05-01,4.707254837416186,1.989708203560836
SYK,2025-01-28,4.2981622950301945,-2.3681052672251846
SYK,2024-10-29,-3.0605954682535352,0.07585682423283391
SYY,2026-04-28,-1.1801824338532274,-0.8625283527304406
SYY,2026-01-27,-4.022862035832775,11.212490992702184
SYY,2025-10-28,-2.3779670686887133,-4.230786219831673
SYY,2025-07-29,2.070621723727406,-0.9334085989282204
SYY,2025-04-29,-1.4277814765088825,-0.38341584541656815
SYY,2025-01-28,5.186807478112376,-4.579752598641573
SYY,2024-10-29,0.5220175574470742,-0.19974400434742412
T,2026-07-22,4.605260858150895,8.400713893338075
T,2026-04-22,1.014826349437703,1.236480522160499
T,2026-01-28,-1.9189773627452,13.956509680753616
T,2025-10-22,-0.3061652451401553,-3.4932776013396505
T,2025-07-23,1.4803819509765281,2.1152478431164523
T,2025-04-23,-0.8823526794229819,-0.5563815260292926
T,2025-01-27,3.1789264643593773,6.646122763802476
T,2024-10-23,-0.04649281132259597,1.5348804024900797
TAP,2026-04-30,-0.6791630571748919,-3.9613267478555203
TAP,2026-02-18,0.05898093849230346,-2.043224638319685
TAP,2025-11-04,-4.528385192172413,2.012961476912123
TAP,2025-08-05,-2.62419359671644,1.8308915117579039
TAP,2025-05-08,-1.199378988352262,-3.3251183599604883
TAP,2025-02-13,0.31907167112772417,13.43311652490149
TAP,2024-11-07,1.8745443517462324,7.041756110473618
TDG,2026-05-05,-0.7458833832053702,8.024563556045926
TDG,2026-02-03,-0.03063744242303157,-11.99983333021536
TDG,2025-11-12,0.1571266626088974,3.601234589330571
TDG,2025-08-05,0.16122929295530053,-11.176646637883147
TDG,2025-05-06,5.509704833268425,-5.950613941474325
TDG,2025-02-04,0.63605848717736,-3.9496514173847808
TDG,2024-11-07,3.9838112898856304,-0.5670456753295694
TDY,2026-07-22,3.9126955284962905,1.2154808418153529
TDY,2026-04-22,-0.7412172252609928,0.9163202367456602
TDY,2026-01-21,3.020209129499185,7.846633736878461
TDY,2025-10-22,0.31822204597171666,-7.260997497957511
TDY,2025-07-23,3.910057709779169,-0.01079189806212355
TDY,2025-04-23,-1.223193908644038,-0.5421817321422329
TDY,2025-01-22,4.257903763830151,7.077281743353403
TDY,2024-10-23,-1.5123246154127634,5.794947523719607
TECH,2026-05-06,5.924125207684461,-14.678896113309603
TECH,2026-02-04,-5.27627604653349,3.3266261424596877
TECH,2025-11-05,-4.441662925900469,-6.039280839090056
TECH,2025-08-06,-5.5814757317583785,-7.723287405099133
TECH,2025-05-07,-5.504943103142357,4.652135436142335
TECH,2025-02-05,-2.748004269225335,0.35837357936461256
TECH,2024-10-30,1.1293925380141623,6.460268960839466
TEL,2026-07-22,3.9954219076523634,-2.904163544787408
TEL,2026-04-22,2.6595678640324083,-11.723820551160081
TEL,2026-01-21,-0.904840484407432,-4.042531931981108
TEL,2025-10-29,3.6456012404334937,4.426315346062948
TEL,2025-07-23,2.8670849395907805,15.28784926186626
TEL,2025-04-23,2.693333244348861,8.182848389370978
TEL,2025-01-22,5.058090502308921,4.308834292148922
TEL,2024-10-30,3.9782177946033004,-1.7164656911004328
TER,2026-07-28,0.30260642931911885,9.176450168431472
TER,2026-04-28,7.140007610917909,-14.559701598517528
TER,2026-02-02,5.179337528764605,11.624136222940805
TER,2025-10-28,5.97025544427876,19.918649572121772
TER,2025-07-29,-3.881034932968652,17.873592158047558
TER,2025-04-28,8.238618281280917,-3.77335419062248
TER,2025-01-29,-7.823148100058985,-5.051249941674962
TER,2024-10-23,-1.5703487107268876,-10.856732329181096
TFC,2026-07-17,3.6597257294244123,-3.5117350833516747
TFC,2026-04-17,-2.0800269666641835,3.317817931912903
TFC,2026-01-21,-1.9944163827731232,0.8750465340696012
TFC,2025-10-17,-7.141248449963989,6.668305949638542
TFC,2025-07-18,-1.0769387166685518,0.4443525858657482
TFC,2025-04-17,-5.238216183308209,0.9444277583755545
TFC,2025-01-17,2.343570148951768,4.513109211374178
TFC,2024-10-17,4.456936311449233,-4.71590418674841
TGT,2026-05-20,5.453334992502135,-1.2889024026896956
TGT,2026-03-03,-0.1499933035063572,6.353279980792914
TGT,2025-11-19,-2.111902042594338,-1.0278956045641219
TGT,2025-08-20,0.22830232371657821,-5.808650313656749
TGT,2025-05-21,0.15310478972678787,-3.9033817334726773
TGT,2025-03-04,-3.983455847625239,-5.55648005113798
TGT,2024-11-20,0.224863283249932,-19.285897326565127
TGT,2024-08-21,5.6124842171545675,10.67661009605365
TJX,2026-05-20,0.6079698103673037,5.037172793743849
TJX,2026-02-25,0.43957235710923026,2.537103320291534
TJX,2025-11-19,-0.10925777397714498,4.01840221015497
TJX,2025-08-20,1.2429901748103989,1.4262286588653916
TJX,2025-05-21,3.476774283111106,-6.840574328435157
TJX,2025-02-26,-0.912548794143575,1.678893735038467
TJX,2024-11-20,0.06782599601056205,1.5975234162171725
TJX,2024-08-21,2.396329822831178,5.436398498562611
TKO,2026-05-06,1.2785772989291067,-0.08024610882578775
TKO,2026-02-25,-0.35689921593273777,6.915315219233165
TKO,2025-11-05,-0.053342311290971445,-2.5567133553188737
TKO,2025-08-06,-2.795114482149763,-0.09788631914258161
TKO,2025-05-08,4.155669150475005,-5.351248726613466
TKO,2025-02-26,-9.327590704268541,-3.448292728211033
TKO,2024-11-06,2.606357001406523,1.085039660845033
TMO,2026-07-23,-1.6495649866690498,6.281579976444318
TMO,2026-04-23,-3.3272551475162837,-8.938082867217867
TMO,2026-01-29,-4.444441027091106,-4.317292454884559
TMO,2025-10-22,6.1160473862236,2.6003945562383057
TMO,2025-07-23,2.303885763728486,11.856328548076345
TMO,2025-04-23,-3.2492788285206853,-2.41300494245138
TMO,2025-01-30,-1.1069016569612122,4.49116218947343
TMO,2024-10-23,-2.3546331783139807,-5.457217328732367
TMUS,2026-07-23,1.7695381146050515,-7.190738217232607
TMUS,2026-04-28,-7.8695288094334455,6.9767465287941866
TMUS,2026-02-11,0.8852752686417942,10.063680393435748
TMUS,2025-10-23,0.3309001568310377,-2.9551447879926473
TMUS,2025-07-23,3.198826672954347,4.415868833158654
TMUS,2025-04-24,-2.759540661015303,-8.706384763181397
TMUS,2025-01-29,0.7517507183119942,5.349546306576802
TMUS,2024-10-23,0.9123174438431247,3.356010638542095
TPL,2026-05-06,-0.1067514133390568,-8.419289640565541
TPL,2026-02-18,13.860774727992542,17.227141187425165
TPL,2025-11-05,-0.06337181474965758,7.355389713256066
TPL,2025-08-06,-3.503348120533456,-10.08646372142209
TPR,2026-05-07,5.1059321301236915,-10.40784918858295
TPR,2026-02-05,3.1111097039572044,19.034790711296967
TPR,2025-11-06,-3.1969531776661286,-2.9548951763817444
TPR,2025-08-14,1.2304872937224154,-11.996829430076783
TPR,2025-05-08,5.803244335004276,10.581947784164903
TPR,2025-02-06,-1.3577152423818628,7.72690191857357
TPR,2024-08-15,4.601818916945355,6.902019652758096
TRGP,2026-05-07,0.24508365211968197,1.4749497436661319
TRGP,2026-02-19,4.865006405349592,1.8671460076432167
TRGP,2025-11-05,2.0040006441576663,11.315251903723134
TRGP,2025-08-07,-1.9955485006286966,1.8767180959453178
TRGP,2025-05-01,-0.2814470740245767,-7.401981406252512
TRGP,2025-02-20,3.504468086790813,-5.620823430295929
TRGP,2024-11-05,3.1842029343744693,10.986982507554522
TRMB,2026-05-06,2.596043476558507,-11.072112337892115
TRMB,2026-02-10,-1.3995241406618564,-1.3745677046921645
TRMB,2025-11-05,-2.3602503427067156,0.3816832793662073
TRMB,2025-08-06,-2.3497525514193596,1.2938328105306596
TRMB,2025-05-07,2.2114591041366705,7.580548128382514
TRMB,2025-02-19,1.0489493987286158,-4.884213732707199
TRMB,2024-11-06,-0.06487336300086133,17.900036976934697
TROW,2026-04-30,0.22945616347445075,2.597792826709866
TROW,2026-02-04,-2.5163740848999194,-7.870642610229661
TROW,2025-10-31,-0.3512537008136696,-0.8420629805202196
TROW,2025-08-01,-5.680557157247046,4.1399690129685585
TROW,2025-05-02,-1.5638824566470255,2.315022299877123
TROW,2025-02-05,-0.08646895986239578,-4.681948524331558
TROW,2024-11-01,-1.9194644140290484,4.241750814717249
TRV,2026-07-17,0.10074562250277364,9.416256251532328
TRV,2026-04-16,-0.7493681258216589,0.4844276133056047
TRV,2026-01-21,-3.8789318506991077,3.008060799372103
TRV,2025-10-16,-4.707179178273191,-1.558727219928857
TRV,2025-07-17,-1.2259105078954224,4.38161623239719
TRV,2025-04-16,5.551100011259691,-0.02804979483872483
TRV,2025-01-22,2.498610435512094,1.128951803467726
TRV,2024-10-17,4.959615958341246,6.894427496262234
TSCO,2026-07-23,-2.6847844345179173,8.310621852809863
TSCO,2026-04-21,-1.386438210446972,-14.818132299079245
TSCO,2026-01-29,3.7050956498692944,-3.9172989370935274
TSCO,2025-10-23,-1.7559604602153445,2.8086787745331465
TSCO,2025-07-24,6.388296111779801,-2.532707776304921
TSCO,2025-04-24,-0.5294112593323574,-3.410218215715899
TSCO,2025-01-30,-0.5394051820762469,-4.513651068570523
TSCO,2024-10-24,-3.5369870394018066,-7.566157452671773
TSLA,2026-07-22,-4.354081558610345,-17.391073594132067
TSLA,2026-04-22,6.101043513439541,-2.6189186075006976
TSLA,2026-01-28,2.7787701601632353,-0.11371321450812655
TSLA,2025-10-22,3.1124816357035456,-2.006327329497515
TSLA,2025-07-23,6.863371727925549,-4.832732679199236
TSLA,2025-04-22,-9.833140897570713,14.070333962912084
TSLA,2025-01-29,-6.126349550220689,1.6353110667215676
TSLA,2024-10-23,-0.7286997541303686,23.498647031176034
TSN,2026-05-04,-0.5466154546488466,6.925246444805921
TSN,2026-02-02,5.951997683549837,-0.5051295308184378
TSN,2025-11-10,2.4703349916586514,2.6195932591182247
TSN,2025-08-04,-2.614017953946768,6.739013384844239
TSN,2025-05-05,0.2804306993986705,-9.228478142876352
TSN,2025-02-03,0.08859294816925267,1.0621246032361586
TSN,2024-11-12,0.8402013040990086,8.8420305901046
TT,2026-04-30,0.4568378248796856,1.4873696692383254
TT,2026-01-29,-0.28582856041105,7.836118053130892
TT,2025-10-30,4.646264040737691,4.404883835688755
TT,2025-07-30,5.204619409052391,-6.737024071766584
TT,2025-04-30,6.259385865880174,13.057394050908266
TT,2025-01-30,-8.899792000293093,-0.9560478457468102
TT,2024-10-30,-0.41050259208318396,-3.6969726307719997
TTD,2026-05-07,-1.4772285513096728,-10.370677831660002
TTD,2026-02-25,-1.2668238001769194,-4.490781135725896
TTD,2025-11-06,-4.523615618390997,-9.308181070000977
TTD,2025-08-07,3.656565296300718,-40.63965377300721
TTD,2025-05-08,5.276893455144727,40.630539874937924
TTD,2025-02-12,5.874579985169914,-33.316692228089764
TTD,2024-11-07,2.320047650252244,3.62951595858354
TTWO,2026-05-21,4.242472968402766,-6.740764634173391
TTWO,2026-02-03,-9.697515307864368,-12.880389693833605
TTWO,2025-11-06,1.2036701349553924,-8.125293372027741
TTWO,2025-08-07,1.5191498111621682,-1.9981551915709606
TTWO,2025-05-15,1.396131356913144,2.2483676087622584
TTWO,2025-02-06,-2.7197634113030777,14.919963557799765
TTWO,2024-11-06,1.0783830497682168,8.455767372070543
TXN,2026-07-22,-4.663727279480712,-4.023336963368518
TXN,2026-04-22,6.524422177541922,18.867689007203413
TXN,2026-01-27,2.6150893872009195,11.3841046682285
TXN,2025-10-21,2.558402834177298,-4.120494685293696
TXN,2025-07-22,-2.4903407304079472,-13.459483784078508
TXN,2025-04-23,-2.7950828667717476,10.97030041969802
TXN,2025-01-23,1.8346247347208022,-5.085008662806123
TXN,2024-10-22,-6.17751735356451,5.537101141682577
TXT,2026-07-28,5.881700940678547,-9.40393339624892
TXT,2026-04-30,0.35770096901870385,1.2920464824285105
TXT,2026-01-28,1.1485658596055215,-6.547816052738542
TXT,2025-10-23,0.08484776257282611,-2.5551084511242883
TXT,2025-07-24,3.6486726134368874,-9.91858109894852
TXT,2025-04-24,1.238165470448238,4.756139388989311
TXT,2025-01-22,5.495652709078436,-4.926105083429411
TXT,2024-10-24,-0.8785914075146839,-4.144133301979503
TYL,2026-04-29,-0.29286007878658316,-1.4568500204325985
TYL,2026-02-11,8.57100527598902,-15.69166064514993
TYL,2025-10-29,-1.5442768759611591,-6.740029647491729
TYL,2025-07-30,-2.2089243690361693,5.276022518382351
TYL,2025-04-23,-1.3938145078179254,-6.9523287350934275
TYL,2025-02-12,0.22858070882403325,5.288208288051255
TYL,2024-10-23,-2.527244447202026,3.4137849486338245
UAL,2026-07-15,-6.203724757174644,-4.1046903819229925
UAL,2026-04-21,3.8970660008363467,-7.744417529572678
UAL,2026-01-20,-3.264577089172682,-2.722703670855453
UAL,2025-10-15,6.72529735890337,-3.8875444274466764
UAL,2025-07-16,6.366208874805679,6.795557922236162
UAL,2025-04-15,11.774718274191255,0.9286049439496846
UAL,2025-01-21,0.25207416817092376,-4.078969422099288
UAL,2024-10-15,7.350453618941,15.425788194649591
UBER,2026-05-06,-1.565245786743863,3.4270049411705195
UBER,2026-02-04,-4.074344713972355,-4.0549257663733185
UBER,2025-11-04,3.4225296768576996,-7.621338127845146
UBER,2025-08-06,2.617378904054246,0.19017582515499232
UBER,2025-05-07,8.071019654865474,-3.518588148705193
UBER,2025-02-05,2.4680480574521324,6.953402830281141
UBER,2024-10-31,-0.5010666625380189,-7.780435957990406
UDR,2026-07-27,-0.42756080513526307,0.328368445602889
UDR,2026-04-29,3.51629847051933,0.49709736667489235
UDR,2026-02-09,1.076719204061094,5.912124687940001
UDR,2025-10-29,-4.236124726134804,-3.8527429364887067
UDR,2025-07-30,-1.861264323405265,-4.753685469335434
UDR,2025-04-30,-0.7221927030550135,6.231804602146762
UDR,2025-02-05,0.9929724508369153,2.877694974074241
UDR,2024-10-30,-1.490842623706845,-5.296960161561126
UHS,2026-07-27,3.0365151010122604,7.967899622542141
UHS,2026-04-27,-4.418613845993013,-3.659309090080509
UHS,2026-02-25,-2.186120908264233,-10.38350563072844
UHS,2025-10-27,2.991775272598618,6.9394415469477
UHS,2025-07-28,-7.896288656707884,6.323910472829075
UHS,2025-04-28,-1.7849094118192244,3.1395680069367105
UHS,2025-02-26,3.26158849408833,-7.2800517813910055
UHS,2024-10-24,-1.1566073353333262,-12.645205738822296
ULTA,2026-06-02,-2.7706565747240397,-7.638237282417437
ULTA,2026-03-12,-1.313999166620139,-20.824336029360467
ULTA,2025-12-04,4.510383309482502,8.223750579504419
ULTA,2025-08-28,3.3133977890599686,-0.2416549021643566
ULTA,2025-05-29,0.6298300935285717,14.069202545792825
ULTA,2025-03-13,-6.370330627487153,8.431788816846254
ULTA,2024-12-05,10.913528505747738,4.552165358087112
ULTA,2024-08-29,-3.701566104819687,-2.1863637127517377
UNH,2026-07-16,-1.663537826200534,0.723979465458191
UNH,2026-04-21,3.348248474378357,9.608004936052117
UNH,2026-01-27,6.229228887925631,-16.878049321124045
UNH,2025-10-28,0.4115369779699396,-5.800856541251842
UNH,2025-07-29,-0.007107936232930712,-11.541182311531895
UNH,2025-04-17,1.1304999773070756,-26.982765800353757
UNH,2025-01-16,5.672352959882376,-3.391494602551637
UNH,2024-10-15,3.742537756075781,-6.503112903322428
UNP,2026-07-23,1.4565169997184935,2.303797610958447
UNP,2026-04-23,0.5523508924684339,7.822782007601381
UNP,2026-01-27,0.6100438857244539,1.1650575553884712
UNP,2025-10-23,-0.2126532204551057,-3.1122374822282195
UNP,2025-07-24,-0.0778508231612407,-0.7619084549254751
UNP,2025-04-24,-0.1363175722189247,-3.2623508158823755
UNP,2025-01-23,2.7988480489079537,7.896525739424165
UNP,2024-10-24,-2.7206741206607044,-3.8823363710886127
UPS,2026-07-28,-0.17676056114853678,-6.799469245399836
UPS,2026-04-28,1.0549897547440068,0.5173721474255544
UPS,2026-01-27,0.05611770547084838,-0.9161535478787952
UPS,2025-10-28,2.6579122713900505,6.54562575621791
UPS,2025-07-29,2.7098076866790555,-15.18014541353353
UPS,2025-04-29,0.8727140522660548,-2.5646224240665205
UPS,2025-01-30,0.9279513268412032,-16.811184079221817
UPS,2024-10-24,-3.2611899637014163,2.990654181397523
URI,2026-07-22,-4.906033812457489,12.633935569289822
URI,2026-04-22,4.5667323301701535,20.861550725457878
URI,2026-01-28,-0.3404482032809186,-13.817842885051956
URI,2025-10-22,0.1789105257654855,-8.875672772979637
URI,2025-07-23,-0.893293164635911,12.510124519333331
URI,2025-04-23,-3.6978764774137973,10.237320602720978
URI,2025-01-29,-2.7946713740977125,-1.1591360589777167
URI,2024-10-23,1.6529272679001394,-4.125274619696462
USB,2026-07-16,3.295079215628194,0.2063181583529916
USB,2026-04-16,1.8244237705281385,1.1176135954514388
USB,2026-01-20,-1.467124506934836,3.2720559995398357
USB,2025-10-16,-1.1491975728824322,1.3993546171773952
USB,2025-07-17,-3.4249510571520925,0.2189181967566567
USB,2025-04-16,6.126372533648339,-2.1226974107346086
USB,2025-01-15,0.6771929126116571,-1.4268198585845715
USB,2024-10-16,6.190693542253656,4.595744480344988
V,2026-07-28,0.5435813892628483,1.0316360706612349
V,2026-04-28,-1.3665041091364238,6.5202624629405515
V,2026-01-29,0.522636479982963,2.097979890372459
V,2025-10-28,0.9901055417792071,-0.8021490925449459
V,2025-07-29,1.2908212038742262,-2.8131853944839413
V,2025-04-29,5.438929635372203,1.463650684644513
V,2025-01-30,3.807638167833205,2.9593849152896867
V,2024-10-29,-0.9273050688911599,1.9916394944615279
VEEV,2026-06-03,15.390444170914218,-5.64666103268654
VEEV,2026-03-04,5.756875113763882,5.153031919931705
VEEV,2025-11-20,-8.068424078838454,-13.648349636203639
VEEV,2025-08-27,0.7701784400908407,-6.051509674319067
VEEV,2025-05-28,-0.6593230825733931,17.49139505816748
VEEV,2025-03-05,-1.3146023012674757,12.977801098451213
VEEV,2024-12-05,4.786671534127018,3.470177424656118
VEEV,2024-08-28,3.3975328617056766,8.08489510182584
VICI,2026-04-29,0.809286185877256,-0.24432365339711604
VICI,2026-02-25,1.406564676965183,-0.23118448772070366
VICI,2025-10-30,-5.020783749093716,1.313133894705576
VICI,2025-07-30,-1.7339286469938542,0.7301475345580899
VICI,2025-04-30,-2.1534800290462064,-1.7668998231211486
VICI,2025-02-20,1.6000095135588088,4.822838485784975
VICI,2024-10-31,-1.2789253661026456,-2.2516884351006516
VLO,2026-04-30,7.22820626312588,0.1313125535193027
VLO,2026-01-29,-2.215839693463084,-2.065000238134951
VLO,2025-10-23,0.5528533729089125,7.709906292452562
VLO,2025-07-24,3.0379064120584998,-1.890996503068365
VLO,2025-04-24,6.462104304649552,0.21833523379559683
VLO,2025-01-30,3.2573164725796078,-1.5685037314244643
VLO,2024-10-24,-1.9406742857183579,-0.47408273440976423
VLTO,2026-07-28,1.2130941866963285,0.45608857736876285
VLTO,2026-04-28,-3.477680721390264,1.2048190658498825
VLTO,2026-02-03,-0.40239237924605264,-10.534098091517919
VLTO,2025-10-28,0.13464193623240472,-3.592008907739974
VLTO,2025-07-28,-0.058056164997666304,2.4206076371792618
VLTO,2025-04-29,5.584871607901065,2.32432558205089
VLTO,2025-02-04,-2.0429874309988105,-2.698423613467116
VLTO,2024-10-23,-0.9656219760399765,-6.9236724343285205
VMC,2026-04-29,0.2545382486842884,2.0105728181130322
VMC,2026-02-17,1.2140150025679919,-7.569048752434693
VMC,2025-10-30,0.4426725420758837,-2.176484853882288
VMC,2025-07-31,1.3600598820657783,3.3288150659799287
VMC,2025-04-30,1.9869353232512488,8.844494229120281
VMC,2025-02-18,-0.9013644522287922,-4.388835698741655
VMC,2024-10-30,2.2978197422215185,4.176461815832444
VRSK,2026-04-29,-2.9820383805141515,2.518955542977941
VRSK,2026-02-18,-0.5050381584769004,2.932881193576975
VRSK,2025-10-29,-2.0672536562121646,-5.759702753727513
VRSK,2025-07-30,-1.365232345984746,-7.536122543468582
VRSK,2025-05-07,1.306553632007712,4.4937300494711785
VRSK,2025-02-26,2.188873983020234,-0.9375457297907785
VRSK,2024-10-30,-1.4724001971414435,4.487012317419836
VRSN,2026-07-23,-2.931388805941615,4.657455027567403
VRSN,2026-04-23,-1.9726894469524026,-0.7152600645178753
VRSN,2026-02-05,-4.942794021525465,-8.756279259051414
VRSN,2025-10-23,-5.193031456153641,-1.8734565882093324
VRSN,2025-07-24,2.1499026821975242,5.743702409912443
VRSN,2025-04-24,0.45158441135242366,9.878282199605959
VRSN,2025-02-06,3.3352047058884837,0.6020526587819264
VRSN,2024-10-24,-0.7003082485809831,-3.596219256818989
VRT,2026-04-22,0.6215572600127395,3.527074892456983
VRT,2026-02-11,4.980285583472144,17.488230571217912
VRT,2025-10-22,-0.19981287324319918,6.441637019568036
VRT,2025-07-30,13.895764438557778,-0.7778565286371442
VRT,2025-04-23,0.3493111617198341,21.066543092382627
VRT,2025-02-12,10.786514646038391,-12.332650787707934
VRT,2024-10-23,4.652454487600655,-0.26674871669923883
VRTX,2026-05-04,-1.4803957774265797,0.8798783616253747
VRTX,2026-02-12,-1.9722857680818384,3.4862582235492656
VRTX,2025-11-03,0.9919534233075344,-2.0137714539854135
VRTX,2025-08-04,-1.6011900588524974,-16.54945798330537
VRTX,2025-05-05,1.4802360304555284,-13.235555697914759
VRTX,2025-02-10,1.6548290525127296,-3.4347555752191394
VRTX,2024-11-04,-1.3774370780195833,4.780102683955989
VST,2026-05-08,-2.464516034098063,-4.598895620296972
VST,2026-02-27,2.5043525804850475,-8.551071740682225
VST,2025-11-07,-2.683052274435127,-2.957421797322879
VST,2025-08-08,-1.4145941763340386,1.9310333816350944
VST,2025-05-08,7.613997532345018,4.72399481495982
VST,2025-02-28,-20.327250151203526,-2.361351496744235
VST,2024-11-08,8.618746874288806,4.737353120357235
VTR,2026-04-27,-1.7391218091354022,4.4845742440704495
VTR,2026-02-05,2.3840863689600367,6.458258833713271
VTR,2025-10-29,-0.27049927255818895,5.339043967892665
VTR,2025-07-30,-0.41723289381863093,1.0025500189035474
VTR,2025-04-30,1.244670456820618,-3.7315462663268018
VTR,2025-02-12,-1.0300735270206474,11.683741426935201
VTR,2024-10-30,1.8195955648133255,-2.7865987360474187
VTRS,2026-05-07,6.54642083576551,6.081507904423189
VTRS,2026-02-26,0.18692013046015532,-2.3631853986014306
VTRS,2025-11-06,4.673804557018846,-5.39534705611241
VTRS,2025-08-07,-2.7777768599437813,12.685724021917387
VTRS,2025-05-08,2.1377690078393963,4.18604993746301
VTRS,2025-02-27,2.8362306944538007,-16.992889492753626
VTRS,2024-11-07,-2.3549109293475756,12.747610848395619
VZ,2026-07-24,-0.13673968056171493,9.972612876126806
VZ,2026-04-27,-0.36519440682558635,0.4959073817699666
VZ,2026-01-30,0.8358646241846124,16.17683674473749
VZ,2025-10-29,-2.4317591273232853,1.068167689886268
VZ,2025-07-21,-1.8740880935084747,4.897145212100895
VZ,2025-04-22,-1.8294058365756594,-0.27952161934822195
VZ,2025-01-24,2.61917810876211,3.113835759463157
VZ,2024-10-22,1.180834191632707,-4.210522499265801
WAB,2026-07-22,0.5762956373325467,14.787690737759252
WAB,2026-04-22,-3.9733067475900996,3.6602779679317354
WAB,2026-02-11,4.3086218790655995,3.8993758391935973
WAB,2025-10-22,1.0204154983016744,-0.18687287833424326
WAB,2025-07-24,1.3425404016153664,-8.102442381632159
WAB,2025-04-23,-0.8771947700755067,7.1436890883270765
WAB,2025-02-12,0.9850107513631023,-9.576215911164232
WAB,2024-10-23,1.3137642111329173,-0.5007676912933579
WAT,2026-05-05,0.6971534335099339,16.10241969170252
WAT,2026-02-09,2.8512104255000947,-13.66151621351851
WAT,2025-11-04,-1.751244822205933,7.3989431393200356
WAT,2025-08-04,-4.172310328147311,-4.336742256129011
WAT,2025-05-06,2.500882628541423,0.7176072004594358
WAT,2025-02-12,-1.245123154863248,-8.773963534472951
WAT,2024-11-01,-1.2801718905216086,19.82607501481912
WBD,2026-05-06,1.001849880413852,-0.40410986692774875
WBD,2026-02-26,0.38207259293139284,-1.3840817432876351
WBD,2025-11-06,6.654170881633026,0.9666050577421315
WBD,2025-08-07,-3.5444966735754146,-15.715404494736408
WBD,2025-05-08,-1.2687388201761851,7.827092170278549
WBD,2025-02-27,-3.581270257368574,4.952385312034968
WBD,2024-11-07,7.850709588311555,11.336513082237797
WDAY,2026-05-21,8.678112111889757,-2.0456551258190236
WDAY,2026-02-24,-10.531776518432846,7.661940548000823
WDAY,2025-11-25,0.7512791572942712,-4.862338643724984
WDAY,2025-08-21,1.9814399174341357,-1.8022796626284476
WDAY,2025-05-22,-0.9698730510677933,-10.888509928781332
WDAY,2025-02-25,1.457085814180159,-0.47362218629465325
WDAY,2024-11-26,3.2117587755691845,-6.612124766264471
WDAY,2024-08-22,4.788188092036427,11.50271990159515
WDC,2026-04-30,6.080700378591919,7.171229855207839
WDC,2026-01-29,15.626302753713617,-3.3857738623114586
WDC,2025-10-30,17.35702480397725,11.769701103479058
WDC,2025-07-30,5.293766823653212,8.412412594610164
WDC,2025-04-30,10.741556810654828,10.019678745586802
WDC,2025-01-29,-6.762560891288771,3.594721380948984
WDC,2024-10-24,-1.740677917932476,4.653957411958043
WEC,2026-05-05,1.1466330179456419,-3.1432571929143838
WEC,2026-02-05,2.989816262290357,-1.7735755706094758
WEC,2025-10-30,-2.40204899442511,-3.464825841189756
WEC,2025-07-30,-1.3351481794439901,1.482089142122045
WEC,2025-05-06,0.14740574896345837,-0.680780143733184
WEC,2025-02-04,-0.42625293674759535,0.3384777575125675
WEC,2024-10-31,-3.5165345556650185,-1.166295796008887
WELL,2026-07-27,3.625902291559613,-4.359902080309164
WELL,2026-04-28,0.2625986188553808,3.4952335040569382
WELL,2026-02-10,5.239295284382561,5.52091124667633
WELL,2025-10-27,1.627729386135246,-0.5507354321805047
WELL,2025-07-28,1.5781387945044134,2.983397110929098
WELL,2025-04-28,-0.21050617873736854,3.8309652755587287
WELL,2025-02-11,1.9447107842738731,5.8207057699154685
WELL,2024-10-28,-1.5426672482298565,6.336404973837162
WFC,2026-07-14,0.25157373171016406,0.45625816611525316
WFC,2026-04-14,5.852170417584435,-6.221145386777794
WFC,2026-01-14,-2.935987143191976,-5.5365575800191635
WFC,2025-10-14,-2.1935916089220298,6.436909539331048
WFC,2025-07-15,1.323789684833665,-4.45882979957185
WFC,2025-04-11,-3.898276039386972,2.265880870621473
WFC,2025-01-15,-1.1661778881201124,8.273632043958123
WFC,2024-10-11,5.038191955135107,9.142864826421082
WM,2026-07-28,-0.4810747293838902,-4.863384767661683
WM,2026-04-28,0.9010650877542492,2.8072506493441285
WM,2026-01-28,4.536823035695381,-3.933600489601752
WM,2025-10-27,-0.38054256955331045,-7.980065970439143
WM,2025-07-28,1.0337836796397326,1.2365549807475507
WM,2025-04-28,-1.1259800599809466,2.2119045587815522
WM,2025-01-29,0.33814687796220877,3.093858699580543
WM,2024-10-28,-2.796701672537638,3.87813909265331
WMB,2026-05-04,4.655033218597482,-2.3563681500925915
WMB,2026-02-10,2.2761658252369976,4.834190606187971
WMB,2025-11-03,0.6784899657027665,-0.5702342560276907
WMB,2025-08-04,4.237279771279945,-2.70449530915291
WMB,2025-05-05,1.643235589643921,-1.7666681483268887
WMB,2025-02-12,-0.8614644241229819,3.1498979733340926
WMB,2024-11-06,2.334119837490256,6.145149056624177
WMT,2026-05-21,-0.4715867585234901,-9.384796206258239
WMT,2026-02-19,-0.06313915242881496,-0.6397089844059511
WMT,2025-11-20,-2.735882971638881,3.4290793705817224
WMT,2025-08-21,1.8017313203029461,-6.337140755076954
WMT,2025-05-15,-1.7867803814660355,1.332240201759527
WMT,2025-02-20,1.493117159595414,-9.932690526022746
WMT,2024-11-19,-0.1543668336880244,5.126048228101965
WMT,2024-08-15,2.6154545787181904,7.675694558350088
WRB,2026-07-20,-0.803437888127867,1.0473397480904145
WRB,2026-04-21,-1.1350115984446796,3.3987974078263816
WRB,2026-01-26,-2.314067461550562,0.8194174159676271
WRB,2025-10-20,-4.636184094348794,1.3099193035140066
WRB,2025-07-21,-0.18874329136610024,-0.2908979516938581
WRB,2025-04-21,2.518276406922948,3.5465023571585874
WRB,2025-01-27,-4.720881145151534,1.9992907437937468
WRB,2024-10-21,4.592775539247995,-3.4769804306008623
WSM,2026-05-21,4.759970526575419,10.058255141842064
WSM,2026-03-18,-3.301661188443006,-2.0585245661375873
WSM,2025-11-19,-5.608653689600085,-1.560166993121459
WSM,2025-08-27,-2.3484257994675906,-4.920919970583382
WSM,2025-05-22,-2.1559197732965996,-0.6491176979925073
WSM,2025-03-19,-1.509263172322417,-5.009290238128717
WSM,2024-11-20,6.280494479551391,25.31329941651577
WSM,2024-08-22,3.772907631608513,-6.2217702907292
WST,2026-07-23,-0.16434965774594357,-7.577914495984905
WST,2026-04-23,2.9681096014070096,10.1271823975998
WST,2026-02-12,3.8430716623405248,-1.2065361984447853
WST,2025-10-23,5.3432141780668685,3.689547900001622
WST,2025-07-24,1.3058178340972892,13.395793192360594
WST,2025-04-24,2.672948804134756,-0.9441796089787347
WST,2025-02-13,-3.7760643081293233,-34.52898309375042
WST,2024-10-24,-0.8824108206577863,8.36825331754143
WTW,2026-04-30,-0.4426966044125624,-10.37192640463893
WTW,2026-02-03,-1.673923960560375,3.382722186994469
WTW,2025-10-30,-4.865471949126487,-1.114826509382305
WTW,2025-07-31,-2.7766387324083874,6.241940866588447
WTW,2025-04-24,-0.4523876985785935,-6.914755126728423
WTW,2025-02-04,0.3733501673274464,-1.13707725779697
WTW,2024-10-31,0.554944786292566,3.1614049839474134
WY,2026-04-30,-2.0993146892227976,-2.9690723939364894
WY,2026-01-29,-3.768008900326425,-0.8061435757447333
WY,2025-10-30,-1.7365396296173063,-2.9741496061024275
WY,2025-07-24,0.23166520104731525,-0.30816793364690787
WY,2025-04-24,-2.0889825208669555,1.0272690066515766
WY,2025-01-30,2.620969303853249,0.6876249564769399
WY,2024-10-24,-4.783261695936758,0.3139814568972721
WYNN,2026-05-07,3.1945569241634386,-7.6229397741151566
WYNN,2026-02-12,1.1382520051826939,-0.960949576826986
WYNN,2025-11-06,3.574090664573215,2.947519955229594
WYNN,2025-08-07,-2.118149606885944,1.3245046905456581
WYNN,2025-05-06,0.948908002174198,4.350440541932676
WYNN,2025-02-13,-4.028897015895505,16.383816342954805
WYNN,2024-11-04,-2.35739037335565,-10.827746985343289
XEL,2026-04-30,0.9089695048820623,2.981481624157234
XEL,2026-02-05,0.24996806122139503,0.301833602806445
XEL,2025-10-30,-1.2393180288626793,1.9701421506249206
XEL,2025-07-31,-0.15173868143121272,2.5556108908563413
XEL,2025-04-24,1.8215603901686306,-2.753317611341999
XEL,2025-02-06,2.8454468583956283,-1.574684263501569
XEL,2024-10-31,-1.9745110870697857,4.393357888043448
XOM,2026-05-01,2.524415157798665,0.3563812166135216
XOM,2026-01-30,5.140664556174701,2.291647360029736
XOM,2025-10-31,-1.112264500849569,-0.4795553267413988
XOM,2025-08-01,0.7672134134335096,-3.941238766713917
XOM,2025-05-02,-2.623572334085622,-1.0115466811337903
XOM,2025-01-31,-0.526563415941439,0.35593911021074565
XOM,2024-11-01,-2.3496833651922344,1.8667575774437228
XYL,2026-07-28,-0.3813621903483888,-2.7796303807357314
XYL,2026-04-28,2.531958981562532,-4.331630003875231
XYL,2026-02-10,0.22161373433757792,-10.05064092211475
XYL,2025-10-28,1.7988595764041992,1.4257044023444188
XYL,2025-07-31,-0.8878994926020511,10.237354974394531
XYL,2025-04-29,6.819022255854734,4.166673076281269
XYL,2025-02-04,0.5074537884593333,7.019534803245686
XYL,2024-10-31,-1.1387727324991825,-7.203197268628392
XYZ,2026-05-07,1.9723621719544226,3.303679623603628
XYZ,2026-02-26,-3.097014728859704,24.085480655173175
XYZ,2025-11-06,-3.7380741478207913,-9.300744510798364
XYZ,2025-08-07,-1.881684693107366,-4.071980278420295
XYZ,2025-05-01,5.048511284574975,-20.232600622669228
XYZ,2025-02-20,1.5740442055951487,-21.42090994331385
XYZ,2024-11-07,5.935323263448744,7.418859069437911
YUM,2026-04-29,-2.419854124608989,1.214367665314664
YUM,2026-02-04,3.0712340747639955,2.6395267786242904
YUM,2025-11-04,-2.517823319706547,5.9047077161185735
YUM,2025-08-05,1.878175395603754,-3.020408094173166
YUM,2025-04-30,1.8200489509675677,0.9817836846279571
YUM,2025-02-06,1.6102716717651289,12.876189400597383
YUM,2024-11-05,-1.5571814984458476,3.2389293339743164
ZBH,2026-04-28,-3.0268183824045503,-10.973097441438394
ZBH,2026-02-10,4.070982622386765,6.073778300937205
ZBH,2025-11-05,2.0170063601806953,-14.227557618236997
ZBH,2025-08-07,-2.3253224060870936,9.731201549272939
ZBH,2025-05-05,0.8570383621582689,-8.05820143929431
ZBH,2025-02-06,-2.521399730539353,-7.233257023325789
ZBH,2024-10-30,-0.36448769329061603,3.26338429178632
ZBRA,2026-05-12,-3.0259639489362167,18.96201978086449
ZBRA,2026-02-12,2.9561671763506547,3.271290996287135
ZBRA,2025-10-28,3.0253756005569565,-15.841842755816737
ZBRA,2025-08-05,1.992883821297875,-7.4261708090448515
ZBRA,2025-04-29,9.655483966108648,2.5257685152325626
ZBRA,2025-02-13,-9.050611881202919,-6.188378676331663
ZBRA,2024-10-29,-2.4182103261446874,5.058038211017513
ZTS,2026-05-07,-2.2928882661656047,-31.064562046419987
ZTS,2026-02-12,1.5548489970151236,-2.4170367149903282
ZTS,2025-11-04,-1.8148003027091741,-17.1735446241884
ZTS,2025-08-05,0.7031394509017241,-2.351606165460962
ZTS,2025-05-06,2.9237531907266634,2.296606997032047
ZTS,2025-02-13,-1.018942883299634,-10.006917026654595
ZTS,2024-11-04,1.3172340489720602,-6.364373909275923
