symbol,date,gap,held,surprise,fwd
A,2026-05-28,14.813544172074899,True,5.8,-4.306403265323821
A,2026-02-26,-2.2690868239491957,False,-0.6,-7.72092490661247
A,2025-11-25,-1.8359408074168027,True,0.37,-8.734099096064064
A,2025-08-28,0.09268055151085974,True,0.17,-1.3764395212295444
A,2025-05-29,5.4743795792876915,False,3.62,4.96999662962978
A,2025-02-27,-4.231412663706924,False,2.99,-7.672341964283003
A,2024-11-26,-5.554310134175955,True,3.9,5.075537127892749
A,2024-08-22,3.8502760873332154,False,4.93,-2.1537776886600413
AAPL,2026-05-01,2.7676255753106727,True,3.46,7.270156570944319
AAPL,2026-01-30,-1.2041207147909017,True,6.34,-1.3336949898979267
AAPL,2025-10-31,2.0596982470617142,False,4.52,0.8521826554580114
AAPL,2025-08-01,1.5898265275507528,False,10.12,14.563098418131215
AAPL,2025-05-02,-3.389281538723754,False,1.69,3.0129190195564703
AAPL,2025-01-31,4.0405866409601865,False,2.52,3.758026176858653
AAPL,2024-11-01,-2.1867116019902766,True,2.48,1.0486391835549558
ABBV,2026-04-29,-2.878247016305935,True,-0.77,2.2610254062932045
ABBV,2026-02-04,-7.037143894321785,True,2.16,3.334723598451461
ABBV,2025-10-31,-2.278709552414415,False,4.23,6.56760716883551
ABBV,2025-07-31,4.093807085381851,False,2.14,8.284827504296954
ABBV,2025-04-25,3.7423025999701043,False,2.62,-0.7846859674102147
ABBV,2025-01-31,6.632511534409535,False,1.92,4.877643098053586
ABBV,2024-10-30,1.1454250598708526,True,2.82,-15.459073893712304
ABNB,2026-05-08,-1.662399688349625,True,-14.13,-6.459819799844468
ABNB,2026-02-13,9.059156033422756,False,-15.65,9.814582762648127
ABNB,2025-11-07,4.1193097300005865,False,-4.76,-5.476501710460058
ABNB,2025-08-07,-7.754791376691217,False,9.41,5.332001658724339
ABNB,2025-05-02,-2.346587865479277,True,2.03,10.170842764247867
ABNB,2025-02-14,12.156129529642179,True,25.49,-12.662620910212963
ABNB,2024-11-08,-8.617763024381764,False,-0.89,2.0280779400940974
ABT,2026-07-16,6.7435919108758124,True,2.61,6.86026373943307
ABT,2026-04-16,-4.36195327692841,False,0.33,-4.90206462448649
ABT,2026-01-22,-10.9334918532619,True,0.34,0.4327394064594481
ABT,2025-10-15,-3.51974751423465,True,0.05,-3.877948801809228
ABT,2025-07-17,-3.9395820753471145,False,0.28,4.71330315192231
ABT,2025-04-16,2.757080801118361,False,1.74,0.9097961228718088
ABT,2025-01-22,-2.2776055349339797,True,-0.17,12.124302979198799
ABT,2024-10-16,1.6889356633281505,False,0.76,-2.8602935626878545
ACGL,2026-04-29,-1.246650643837277,False,1.47,0.6471079230174981
ACGL,2026-02-10,-0.22902480355460053,True,15.83,1.543180541418021
ACGL,2025-10-28,1.2799609528415745,False,46.61,7.011334225470578
ACGL,2025-07-30,4.307941205470867,False,12.21,5.069496912684124
ACGL,2025-04-30,-4.307820926325268,True,17.21,0.18747041064535175
ACGL,2025-02-11,-2.1430123596025807,True,25.46,-0.03348078103543317
ACGL,2024-10-31,-2.8723556121545646,False,1.8,1.5117703386830161
ACN,2026-06-18,-18.91545323477071,True,2.46,7.016721879375876
ACN,2026-03-19,-4.176272287830729,True,3.26,-1.090645624904607
ACN,2025-12-18,-3.192816646815866,True,5.87,-2.2151400361098417
ACN,2025-09-25,-0.24677965057237072,False,1.97,8.376331116546831
ACN,2025-06-20,-8.143486865378824,True,5.03,5.315902581310938
ACN,2025-03-20,-8.72806841912549,True,0.25,0.18277948382880993
ACN,2024-12-19,5.002731247152803,True,5.12,-5.597059553797479
ACN,2024-09-26,5.3285865095588525,True,0.63,1.891370617656718
ADBE,2026-06-12,-7.495433695855103,True,2.5,1.1812510307086743
ADBE,2026-03-13,-7.702572048825862,True,3.18,-5.8078014443093355
ADBE,2025-12-11,-0.4313266007831551,True,1.9,0.9616742823453039
ADBE,2025-09-12,3.009561739530753,False,2.48,3.151479913919042
ADBE,2025-06-13,-5.119897759324543,False,1.71,-1.2254871024116931
ADBE,2025-03-13,-7.599182997270049,False,2.17,4.8459659475064365
ADBE,2024-12-12,-11.352352755305661,False,3.01,-5.930934329243409
ADBE,2024-09-13,-9.20296336069536,True,2.49,-3.9842075070275595
ADI,2026-05-20,-5.867582449861686,True,6.22,8.010156774390008
ADI,2026-02-18,4.355418992316129,False,6.55,-1.0943927239713713
ADI,2025-11-25,-3.675847953162048,True,1.13,12.119857731893857
ADI,2025-08-20,4.014062829697429,True,5.33,0.9038831320006491
ADI,2025-05-22,-0.3420048368975026,False,9.14,5.351743812099352
ADI,2025-02-19,4.450108798264796,True,5.6,-4.6311458370186465
ADI,2024-11-26,3.8330788311839115,False,1.88,-0.46139695100929634
ADI,2024-08-21,2.6981064257841414,False,4.83,-3.3311872358084083
ADM,2026-05-05,-1.2488667877619264e-06,True,7.8,0.252550378670402
ADM,2026-02-03,-8.313759210408344,True,9.17,0.9480976962927601
ADM,2025-11-04,-6.556824565052722,True,7.91,1.513639006863321
ADM,2025-08-05,0.3495306731838843,True,16.82,4.061080894372959
ADM,2025-05-06,1.7473746102839582,False,4.46,3.8079508881853963
ADM,2025-02-04,-3.0387925943165417,False,-0.75,-1.9687632679677436
ADM,2024-11-19,-0.2466346684446119,True,-0.02,-1.3809744306280236
ADP,2026-04-29,4.3229426687262595,True,2.26,-2.9898600562222932
ADP,2026-01-28,-1.9095468382313463,True,2.0,-13.21153393802036
ADP,2025-10-29,-3.028997627007324,False,1.94,-2.5534090467928316
ADP,2025-07-30,-3.0229469524306496,True,1.5,-1.92642457056319
ADP,2025-04-30,-1.7006560068502097,True,2.93,2.9308158214243596
ADP,2025-01-29,1.9543442829735858,False,2.38,2.0228283960795013
ADP,2024-10-30,-0.6077582169589091,True,5.32,5.027661932656757
ADSK,2026-05-29,-6.387217092579722,True,5.15,-14.21469250350218
ADSK,2026-02-27,0.0556885348091507,True,7.81,2.155611972592153
ADSK,2025-11-26,6.6365550490770975,False,6.89,-0.14931720742596966
ADSK,2025-08-29,10.22912779110654,False,7.01,2.024148354019406
ADSK,2025-05-23,0.0,True,6.67,0.629756327450548
ADSK,2025-02-28,-1.0377165264544241,False,7.01,-7.213449325582754
ADSK,2024-11-27,-7.787136719540699,False,2.42,6.434069896422523
ADSK,2024-08-30,4.557947764752646,False,7.28,3.610687813553648
AEE,2026-05-06,-2.1408076541949095,True,9.09,-0.8212351450054389
AEE,2026-02-12,2.2920309154780494,True,32.65,3.6034385934230917
AEE,2025-11-06,1.481045963086447,False,10.95,1.4214233418929911
AEE,2025-08-01,1.3942371425768707,False,1.71,-1.5179682818378448
AEE,2025-05-02,0.8053868108695017,True,2.75,-1.4676429656197199
AEE,2025-02-14,0.5800274679923723,False,-3.21,5.710205134775226
AEE,2024-11-07,-1.0367947424826829,False,-2.39,8.57308033036186
AEP,2026-05-05,2.844196681258593,False,4.61,-5.242062878331022
AEP,2026-02-12,1.5950911504646337,True,3.6,5.845130109788799
AEP,2025-10-29,4.50873534760905,True,-0.28,1.25898441191028
AEP,2025-07-30,1.5747915107621635,True,12.83,0.6998346915591869
AEP,2025-05-06,0.7445973605590517,False,9.86,-2.591899535094666
AEP,2025-02-13,-0.9574903522680422,False,-0.19,5.010410702795376
AEP,2024-11-06,-1.2649461253720462,False,3.05,1.5518420230101304
AES,2026-05-06,0.41754065133292606,False,108.27,2.7196592035101608
AES,2026-03-03,-0.14074523081148982,False,33.04,0.14103982662918568
AES,2025-11-05,0.29761668427050747,True,-2.1,-3.1645510659852216
AES,2025-08-01,1.433637500244922,True,28.96,0.6046925363692113
AES,2025-05-02,1.5075361302805845,True,-17.83,19.94105394188308
AES,2025-02-28,6.4547380255543185,True,56.45,6.212259038692025
AES,2024-11-01,-1.3911856768231923,False,11.06,-5.030585799594888
AFL,2026-04-30,-3.3904165182127244,True,-2.55,2.3928902326989077
AFL,2026-02-05,-1.0121481602288984,True,-7.34,-2.4126593884327696
AFL,2025-11-05,1.7737284104969664,True,40.16,-1.1410292539359768
AFL,2025-08-06,2.6081682209466273,True,4.35,6.0391855738547
AFL,2025-05-01,-2.9260208114209596,False,-0.82,2.1831541632613582
AFL,2025-02-06,-0.894768183180028,False,-3.53,-0.33808331046628615
AFL,2024-10-31,-2.634191353688964,False,28.3,4.666473263760151
AIG,2026-05-01,4.264689682377165,True,11.96,-3.376911724142906
AIG,2026-02-11,1.4133308369783437,True,3.06,2.43497701537152
AIG,2025-11-05,1.5983105871513192,False,28.5,-0.746846302415316
AIG,2025-08-07,-1.4925358214317175,False,17.24,7.819846249611473
AIG,2025-05-02,-0.2597869028605482,True,20.17,0.800861902032235
AIG,2025-02-12,-0.9087311708821599,True,5.97,3.682018617318339
AIG,2024-11-05,-0.772961625412194,False,12.15,-0.11936602768340965
AIZ,2026-05-05,0.26623148438815747,True,11.71,8.151309292110366
AIZ,2026-02-11,-0.9346159574821766,False,1.94,6.648836778808875
AIZ,2025-11-05,2.80988288207098,False,34.03,2.890382055365359
AIZ,2025-08-06,3.569350161622298,True,14.51,2.551895694576678
AIZ,2025-05-07,2.6488800237460364,False,22.1,-2.2480456263453963
AIZ,2025-02-12,-0.8458701786302258,False,15.89,1.7795979396876493
AIZ,2024-11-06,1.9420989784394882,True,13.57,7.016523877332581
AJG,2026-05-01,5.135660365709249,False,0.98,-3.9210060727776996
AJG,2026-01-30,1.1755567285612667,True,1.4,-16.409350541864278
AJG,2025-10-31,-7.357941263654688,True,-8.54,3.6153755196058457
AJG,2025-08-01,-0.7832748767041986,False,-1.21,3.0087697501828936
AJG,2025-05-02,4.0202681989948585,True,2.52,3.370793652928472
AJG,2025-01-31,-0.277564989788881,True,4.98,6.520449986650423
AJG,2024-10-25,-1.5823321801794688,False,-0.58,4.170057900832358
AKAM,2026-05-08,24.646494048431645,True,0.35,-0.3249684953694265
AKAM,2026-02-20,-8.988045262590694,False,5.12,6.074122684425642
AKAM,2025-11-07,8.08219387106699,True,13.71,6.293294013494388
AKAM,2025-08-08,1.1503485631052301,False,13.18,10.08081771360898
AKAM,2025-05-09,-2.8558080192935043,False,8.58,-0.5377097207991843
AKAM,2025-02-21,-9.211464747262587,False,8.98,14.062286998659168
AKAM,2024-11-08,-6.21647295872958,False,0.01,3.9498698341842386
ALB,2026-05-07,7.476242571365432,False,124.6,-14.343340967677843
ALB,2026-02-12,-1.3794635087208351,False,-8.6,12.42056332051038
ALB,2025-11-06,2.2183528277128772,False,78.33,27.569576188932345
ALB,2025-07-31,1.6838497753794757,False,113.51,20.014745107263863
ALB,2025-05-01,4.816404997662782,False,73.52,1.6857743087197674
ALB,2025-02-13,4.308107700627284,False,-63.0,-2.8012684258628795
ALB,2024-11-07,0.849056930556924,True,-221.72,9.056323723726178
ALGN,2026-04-30,-0.784749968823828,False,12.84,-8.794952679200186
ALGN,2026-02-05,9.150647382256881,False,10.81,8.199527135657082
ALGN,2025-10-30,10.090210893093165,False,8.36,0.7151669042436248
ALGN,2025-07-31,-29.99951128702113,False,-3.26,10.75111306608234
ALGN,2025-05-01,9.636466620981277,False,7.07,5.646710092427298
ALGN,2025-02-06,5.130341131541183,False,-0.37,-12.798796401726353
ALGN,2024-10-24,3.284210702667001,True,1.55,2.661489028541375
ALL,2026-04-30,0.4850943885889025,True,47.01,-0.3728253618960453
ALL,2026-02-05,2.5685644643434813,True,40.74,-4.098706419757336
ALL,2025-11-06,3.722716765923839,False,84.4,6.934001716589933
ALL,2025-07-31,2.5015567952379136,True,100.72,2.681426136024223
ALL,2025-05-01,-1.8650202516309666,True,39.33,4.071186769435986
ALL,2025-02-06,1.031037920348088,False,14.96,-3.241605446245155
ALL,2024-10-31,2.934980540390719,False,128.05,4.96460558746159
ALLE,2026-04-28,-8.355789177885198,True,-5.09,-4.758448323805342
ALLE,2026-02-17,-5.292481890125322,False,-2.01,-2.6495380799244517
ALLE,2025-10-23,-2.1652519784891133,False,2.54,-3.591869335353537
ALLE,2025-07-24,2.2739040211688044,True,2.67,0.04277407947164136
ALLE,2025-04-24,10.398548549936226,False,11.19,1.0035192605547305
ALLE,2025-02-18,-1.8367204762754996,False,6.27,-1.668123496038365
ALLE,2024-10-24,-5.647623098588395,True,9.03,-1.7622362288221782
AMAT,2026-05-15,-2.7555822392931306,True,6.5,5.066097946729742
AMAT,2026-02-13,11.13310368993028,False,7.89,4.996809267098601
AMAT,2025-11-14,-8.726427579060559,True,3.65,12.937204683987623
AMAT,2025-08-15,-13.56779643911855,False,5.13,-0.3333554734123778
AMAT,2025-05-16,-3.6165877733095875,False,3.45,-4.742890807518019
AMAT,2025-02-14,-5.117494804501732,False,3.67,-9.881540439068582
AMAT,2024-11-15,-9.494640203303984,True,5.71,8.776060178572598
AMAT,2024-08-16,-3.247880517562751,True,4.68,-4.9360118282421155
AMCR,2026-05-06,7.943679916982349,False,0.55,-5.272317571874574
AMCR,2026-02-04,2.7159461226524018,True,2.47,1.9975169399586212
AMCR,2025-11-06,2.9739843116331377,False,4.9,1.7031620866230668
AMCR,2025-08-14,-4.728375724674027,False,-7.21,-2.3972678314259643
AMCR,2025-05-01,-0.10869723656689034,False,-1.3,2.5330306483867915
AMCR,2025-02-04,3.661087201583779,True,2.15,1.4925415078630877
AMCR,2024-11-01,-6.019769658601259,False,-1.22,-0.3898648206885458
AMCR,2024-08-16,-4.884785977959005,True,2.93,9.473675055199848
AMD,2026-05-06,15.264870511186167,True,5.82,6.215138236172546
AMD,2026-02-04,-11.197389840158657,False,15.98,1.588487255607074
AMD,2025-11-05,-2.7234542993323396,True,2.48,-12.788196948337271
AMD,2025-08-06,-5.312371428221274,False,-0.55,1.2751360307241333
AMD,2025-05-07,2.15980246815779,False,2.83,11.6580279763723
AMD,2025-02-05,-9.949790284224635,True,0.36,1.9283956713863626
AMD,2024-10-30,-7.96391307859492,False,0.46,-6.25841364049432
AME,2026-04-30,6.200903328944185,False,3.56,-1.426749586956999
AME,2026-02-03,-1.2866699813483207,True,3.4,2.354533344717602
AME,2025-10-30,6.504154883263391,True,7.41,-2.102673667823307
AME,2025-07-31,2.3874246378549735,True,5.54,-0.037870018699104335
AME,2025-05-01,-0.9788945876090804,False,3.51,7.742433317267805
AME,2025-02-04,-4.415357226709871,True,1.12,4.631567013790883
AME,2024-10-31,6.34067244424279,True,2.6,5.677961978922141
AMGN,2026-05-01,-3.965346704861328,False,8.04,-0.3171106137570323
AMGN,2026-02-04,3.9694029925722907,True,11.94,3.2501025131576267
AMGN,2025-11-05,2.167176224099121,True,12.47,7.046824247804295
AMGN,2025-08-06,-1.522929782126714,False,14.08,4.138124393625087
AMGN,2025-05-02,2.7204262323936135,False,15.01,-2.2767223425834815
AMGN,2025-02-05,0.5778160388654419,True,4.63,-2.4277906303471264
AMGN,2024-10-31,0.681350601603925,True,9.29,-7.568086112468231
AMP,2026-04-24,-0.09137830250462997,True,10.25,0.6766077931786629
AMP,2026-01-29,7.629021119301926,False,5.04,-10.104132786537512
AMP,2025-10-30,-3.2954492440308014,False,1.12,1.5213441092039925
AMP,2025-07-24,-3.313085094502677,False,1.17,-3.298131581863639
AMP,2025-04-24,3.212893415082463,False,-36.42,3.488919725060957
AMP,2025-01-30,1.0919367458557927,False,20.38,-1.2070737239435747
AMP,2024-10-24,-3.8292399142502154,True,-9.16,8.925391312527697
AMT,2026-04-28,0.684538761639919,True,17.04,0.23543587023413526
AMT,2026-02-24,-0.9997363555405703,True,19.05,-2.1399758202864327
AMT,2025-10-28,-1.9975686849514784,False,10.06,1.1328781415519407
AMT,2025-07-29,-2.3237245122139205,False,-53.01,-4.699368550837901
AMT,2025-04-29,0.16089958542617744,True,-33.66,-7.848005912587553
AMT,2025-02-25,2.869779965495489,True,32.02,2.95949955085566
AMT,2024-10-29,-3.177030949847315,False,-42.59,-9.01320056381868
AMZN,2026-04-30,3.8511270353317695,False,68.18,0.8149112208574172
AMZN,2026-02-06,-8.976606616376415,True,0.22,-2.4011044484098854
AMZN,2025-10-31,12.22292265034608,False,25.2,-3.9022187911155415
AMZN,2025-08-01,-7.218826129778377,False,26.13,7.580907464166176
AMZN,2025-05-02,0.6519482192744119,False,17.08,8.216654890727938
AMZN,2025-02-07,-2.6504215477636928,False,25.36,-7.174334549641637
AMZN,2024-11-01,6.759660148118307,False,25.17,2.364476384453962
ANET,2026-05-06,-10.116320700982772,False,7.73,-4.467558938189143
ANET,2026-02-13,7.918896235713513,False,8.17,-8.679987007559454
ANET,2025-11-05,-7.085642895848809,False,4.98,-11.116650629471236
ANET,2025-08-06,13.266161678957644,True,12.38,-5.267327873535221
ANET,2025-05-07,-5.3872420078159955,True,9.98,6.917297360361774
ANET,2025-02-19,-5.906715021430453,False,13.96,-15.49268548672117
ANET,2024-11-08,-5.698111035359599,False,15.31,1.5058056175509371
AON,2026-05-01,5.047766001085097,False,1.97,1.833004165540042
AON,2026-01-30,1.1692587012978262,True,2.16,-7.9910761128670575
AON,2025-10-31,2.510736154094717,True,4.65,2.773865347946791
AON,2025-07-25,3.336985304556239,True,2.47,-1.5342416821647387
AON,2025-04-25,-6.451174992833087,False,-6.1,5.721474715579022
AON,2025-01-31,-0.2955861001444515,False,3.95,4.5509103821376184
AON,2024-10-25,7.126238348853842,False,9.97,2.409815902944956
AOS,2026-04-30,2.0846474716871066,False,-9.91,-6.258085656605273
AOS,2026-01-29,3.8710665545116596,True,6.95,9.353111081048882
AOS,2025-10-28,-0.4955571116988189,False,3.62,-1.036782257289104
AOS,2025-07-24,3.02604686771506,True,7.93,-4.029447799179042
AOS,2025-04-29,2.37728279223115,True,4.28,5.158980756399312
AOS,2025-01-30,-3.9150815145132856,True,-4.77,-1.448391073882227
AOS,2024-10-22,1.348585940117153,False,-0.05,-2.4912633276959806
APA,2026-05-07,-4.699729527746655,False,20.9,5.79469226397018
APA,2026-02-26,-0.7184025589452081,True,41.73,15.498289103045604
APA,2025-11-06,6.60203255901759,True,17.59,-1.0998263662387542
APA,2025-08-06,1.721367048356015,False,79.46,12.624591071980507
APA,2025-05-07,0.31786906844299967,False,29.18,7.945719338768353
APA,2025-02-26,0.4468306838518732,False,-16.68,-10.722400760798234
APA,2024-11-07,0.48524646615750733,False,1.46,2.3255916389775866
APD,2026-04-30,-1.1570311803298594,True,4.54,-0.059981550121390725
APD,2026-01-30,4.425440889281873,True,3.93,2.656885357064298
APD,2025-11-06,4.979793100808516,True,0.22,-2.975388590286554
APD,2025-07-31,0.8306651459349723,False,3.23,1.490196914952291
APD,2025-05-01,-4.5999502338605165,True,-4.86,0.8303989311724491
APD,2025-02-06,-0.9665137824233283,False,0.67,-5.558801844725847
APD,2024-11-07,0.987833667598248,True,2.49,5.13395697243253
APH,2026-04-29,7.152796574033071,False,11.96,-15.999470214171897
APH,2026-01-28,-15.18797073430045,True,3.07,-1.3154315525442994
APH,2025-10-22,8.767275954317277,False,16.48,7.709609018584063
APH,2025-07-23,5.354687197586627,False,21.66,8.728032484133607
APH,2025-04-23,15.61978078575519,False,20.96,13.619104094851654
APH,2025-01-22,4.029146330472044,True,9.23,-10.688588275743749
APH,2024-10-23,1.72027110078381,True,10.42,5.403821121787011
APO,2026-05-06,2.8549399397617803,False,2.92,2.5227161688490707
APO,2026-02-09,0.9847436510707075,False,21.28,-14.448525864564232
APO,2025-11-04,6.696263861658114,False,14.21,-4.369499321372894
APO,2025-08-05,4.865508962541254,False,4.16,-5.466957236157088
APO,2025-05-02,-2.7123092394120363,True,-1.31,6.634616169223495
APO,2025-02-04,-1.8549414222400862,False,17.47,-1.1457892614091691
APO,2024-11-05,5.429254925329463,True,7.3,13.035053450445467
APP,2026-05-07,-2.9765558884776278,True,3.39,-2.601876359731947
APP,2026-02-12,-11.56060459290188,False,10.05,18.494994596564716
APP,2025-11-06,5.578151461159209,False,2.61,-16.180632869440203
APP,2025-08-07,1.7103189058334634,True,1.71,-4.24840781265079
APP,2025-05-08,13.359259766183417,False,15.78,3.5227213074908947
APP,2025-02-13,31.294695709292153,False,37.53,-30.939008001134592
APP,2024-11-07,36.458021854424,True,34.81,29.087734478624515
APTV,2026-05-05,-2.3853488964611813,False,7.91,-4.121834872802143
APTV,2026-02-02,-1.5049496893048686,True,0.21,6.14259179267771
APTV,2025-10-30,-5.15331507746144,True,18.78,-1.3029708463675793
APTV,2025-07-31,2.3245396590640066,True,15.78,8.231354277562808
APTV,2025-05-01,-3.2597275947879756,True,10.12,19.557583512470966
APTV,2025-02-06,6.087807270064571,False,6.25,5.040959020187663
APTV,2024-10-31,-9.61343480380239,False,9.99,-4.926980400390823
ARE,2026-04-28,-3.6435437758318368,False,1359.96,15.07052003263951
ARE,2026-01-27,0.33240120011415186,True,-2200.77,-2.201583290906073
ARE,2025-10-28,-10.389116572703848,False,28.21,-12.853512970064685
ARE,2025-07-22,0.5621508873488557,True,-24.02,-3.1602316840508626
ARE,2025-04-29,-2.4811597941466035,False,-15.52,-0.23424582136303274
ARE,2025-01-28,-0.528845978970649,False,-22.99,-2.354755662108199
ARE,2024-10-22,0.9454371462509048,False,-5.68,-3.500890632689979
ARES,2026-05-01,2.299824155483754,False,-6.57,3.7058848632823382
ARES,2026-02-05,-3.8186897100439876,False,-14.0,1.0585038951043568
ARES,2025-11-03,3.772435229031723,True,4.68,-8.643080735363007
ARES,2025-08-01,-3.039944386898874,True,-5.83,2.7074397627949276
ARES,2025-05-05,-0.39475118254916897,True,15.91,4.901733464842883
ARES,2025-02-05,-7.268626909859255,True,-5.18,-5.251782227901691
ARES,2024-11-01,1.8070195567971847,False,0.85,3.2989454977460753
ATO,2026-05-07,1.136614131578595,False,1.84,-2.4194378563518693
ATO,2026-02-04,1.3683971911287562,True,0.07,4.15526691602961
ATO,2025-11-06,2.642099607635817,False,6.85,-0.4046000058014809
ATO,2025-08-07,2.528341494320707,True,1.25,2.501233581052964
ATO,2025-05-08,2.0533603196029038,False,5.3,-3.6961356768613896
ATO,2025-02-05,1.0533723567972775,True,0.84,1.7647913605776333
ATO,2024-11-19,-0.3197876175215386,True,2.72,-1.3218477238082338
AVB,2026-04-28,2.0484338434955562,True,-10.55,1.9182546790583732
AVB,2026-02-05,-0.455538902768593,False,-6.27,4.537418774582358
AVB,2025-10-30,-2.7171171072497335,True,-6.05,1.2993020986711956
AVB,2025-07-31,-1.5231016133419595,False,-9.17,1.631961022345818
AVB,2025-05-01,-0.46671133382369945,False,-6.87,-1.636360030904216
AVB,2025-02-06,-0.5974661239614432,False,69.63,-1.2895659553714856
AVB,2024-11-05,0.9199045635931213,True,68.04,1.3252187096409518
AVGO,2026-06-04,-14.65685123886007,True,1.74,-1.804678999547027
AVGO,2026-03-05,3.983872193409499,True,1.32,-3.885555714896638
AVGO,2025-12-12,-6.499001255111791,False,4.38,-2.7426026507491486
AVGO,2025-09-05,16.229998263815283,False,1.6,3.000966508005387
AVGO,2025-06-06,-3.381672393160462,False,0.59,3.011929344855635
AVGO,2025-03-07,4.614107524478839,True,6.11,-1.3951883175677748
AVGO,2024-12-13,18.399191824069483,True,2.04,5.076151263935502
AVGO,2024-09-06,-6.262289363928386,False,2.79,25.3012898554392
AVY,2026-04-28,1.7638539524108543,False,1.81,-3.8320603519274687
AVY,2026-02-04,-0.578103036168609,True,2.65,0.24336042754085074
AVY,2025-10-22,1.8651037471834053,True,1.91,-2.524579564640095
AVY,2025-07-22,-1.1842917328997116,True,1.07,-7.4310579283124785
AVY,2025-04-23,-0.7721927145764029,False,-0.66,0.8281971608433247
AVY,2025-01-30,-3.0428703817406366,False,-1.33,0.21370033255230236
AVY,2024-10-23,1.855079380670599,False,-0.42,-1.6999699781522049
AWK,2026-04-30,2.4399500526931517,False,-7.4,-1.1982614671836922
AWK,2026-02-19,0.7166848645867585,False,-2.29,2.4893467969728356
AWK,2025-10-30,0.05382669651134986,False,2.99,4.423188667984812
AWK,2025-07-31,-0.8234824277564945,True,-3.06,2.845470486832502
AWK,2025-05-01,-1.3672546058615898,True,-1.5,-3.5625276511063064
AWK,2025-02-20,1.673703139532745,False,9.2,7.390983335578105
AWK,2024-10-31,1.584492175257246,True,-2.07,-3.8638276740026067
AXON,2026-05-07,5.841499352254775,True,0.8,-8.679054800815422
AXON,2026-02-25,12.636998412708046,True,34.51,-0.5017465854726288
AXON,2025-11-05,-20.150677218560887,True,-24.08,-16.95620181598502
AXON,2025-08-05,9.816345537250793,True,45.01,-12.550744729988129
AXON,2025-05-08,7.40420674226403,True,10.25,5.375417787735803
AXON,2025-02-26,17.77912401000674,False,48.21,-2.5349421989417587
AXON,2024-11-08,15.199999999999992,True,21.03,5.5986637390676774
AXP,2026-04-23,-0.21026455426518265,False,7.18,0.04394917803509646
AXP,2026-01-30,-0.9762825841896028,False,-0.66,-4.165605762901892
AXP,2025-10-17,2.865812147503566,True,4.02,4.070745764763872
AXP,2025-07-18,-1.1067256604750275,False,5.09,-4.442278336048144
AXP,2025-04-17,0.011863579734439078,False,4.96,10.162754829275066
AXP,2025-01-24,-0.4510964065436607,False,0.17,-1.422171854527432
AXP,2024-10-18,-3.142284466260581,False,6.13,-1.4812616907637688
AZO,2026-05-26,-5.621311910593718,False,5.26,1.2141469584584286
AZO,2026-03-03,-5.987682389234916,False,1.24,-5.430871626559752
AZO,2025-12-09,-1.9132156727633132,False,-4.04,-0.9483012015133907
AZO,2025-09-23,-2.093424400175925,True,-3.88,-0.8269434067809445
AZO,2025-05-27,-1.998190539507616,False,-4.46,0.48462674261002814
AZO,2025-03-04,-1.4960787734281111,True,-2.35,4.047895043832583
AZO,2024-12-10,-1.3778553221430956,True,-3.19,-1.9025064028235783
AZO,2024-09-24,-4.229183180897255,True,-3.42,1.9093525148697443
BA,2026-04-22,3.6001091703816934,True,70.26,-0.5837107015915777
BA,2026-01-27,-2.3869874212492204,True,2525.31,-0.805528802898825
BA,2025-10-29,-0.8821032573104071,False,-214.44,-8.465212883253114
BA,2025-07-29,1.3070497398693037,False,2.35,2.8883575399900385
BA,2025-04-23,7.06374318591152,False,62.39,7.652145277627298
BA,2025-01-28,3.511072030089668,False,-56.1,1.4962333672932537
BA,2024-10-23,0.07505323587866375,False,-19.66,-6.303319782486961
BAC,2026-07-14,-0.8403361344537785,True,7.74,3.299241232661987
BAC,2026-04-15,1.6869710430490237,True,8.78,-2.6509491913699668
BAC,2026-01-14,-3.0436391539689245,False,2.69,1.1433015038057492
BAC,2025-10-15,2.9546806933118397,True,11.43,0.5738354040317972
BAC,2025-07-16,0.21668433447192825,False,3.61,4.192919410068829
BAC,2025-04-15,3.081552623285133,True,10.74,4.9749841012450835
BAC,2025-01-16,-0.2122935950669924,False,6.84,-0.7289967101882122
BAC,2024-10-15,3.1496195893483625,False,6.34,0.9254694758328075
BALL,2026-05-05,1.1324489613069089,False,11.31,-3.5020135052475587
BALL,2026-02-03,4.886228956105021,True,1.51,7.349838971306277
BALL,2025-11-04,-1.4222168693218462,True,-0.17,-0.6272246131105885
BALL,2025-08-05,2.065610407397589,False,3.26,-2.1362860854223564
BALL,2025-05-06,2.7772427218774265,False,8.69,5.1277043629508245
BALL,2025-02-04,-6.465505493519085,False,3.72,-5.401236657516161
BALL,2024-10-31,0.8879839644847953,False,6.02,4.540097064941073
BAX,2026-04-30,4.9112446494367745,False,15.93,1.1376658874459267
BAX,2026-02-12,-12.348449016661633,False,-17.8,8.925766443386962
BAX,2025-10-30,-15.52186022283627,True,15.4,-2.4008113340301174
BAX,2025-07-31,-15.294113229007845,False,-3.28,12.362124832837406
BAX,2025-05-01,3.144051992733621,False,13.82,1.2063997115867364
BAX,2025-02-20,7.981832490912444,True,9.62,6.496649357552298
BAX,2024-11-08,-1.6093307288010505,False,3.03,-4.1281671504134865
BBY,2026-05-28,7.995036005912715,True,4.32,3.1576174153252534
BBY,2026-03-03,4.9033902411494745,True,5.83,-5.049272046628617
BBY,2025-11-25,1.3488487565874951,True,6.65,-6.95456919539642
BBY,2025-08-28,2.9158264153412494,False,4.51,4.417859141870162
BBY,2025-05-29,-4.40434835239254,False,5.02,9.37875448213552
BBY,2025-03-04,-8.41595379001011,False,7.21,-2.7526497565724672
BBY,2024-11-26,-6.954763490891125,True,-2.45,-1.5935739684538985
BBY,2024-08-29,16.926757286990423,False,15.65,-1.7269031172912896
BDX,2026-05-07,4.310583128543244,True,4.51,-4.573923868432828
BDX,2026-02-09,-2.8664022387797528,True,3.88,11.927915124097321
BDX,2025-11-06,-6.740752472839084,True,1.15,6.871872734582674
BDX,2025-08-07,8.665381451350896,True,8.16,4.768756438677824
BDX,2025-05-01,-9.300294593671165,False,2.12,1.6102338103435088
BDX,2025-02-06,-4.696809519147149,False,14.74,0.09683353114864346
BDX,2024-11-07,-0.5040371527335052,False,1.12,-0.7309199192325977
BEN,2026-04-28,0.9793294619860449,True,28.64,7.535643039525253
BEN,2026-01-30,-0.5023217439341421,True,27.53,1.5401985001794127
BEN,2025-11-07,-1.892472988845928,False,14.03,-2.474133295254932
BEN,2025-08-01,-3.000005873700573,True,-2.31,5.762002392652343
BEN,2025-05-02,2.401291729451027,True,-0.62,11.565296860028784
BEN,2025-01-31,3.225800974966875,True,11.43,-7.688842711107602
BEN,2024-11-04,-1.343570510106562,False,-0.72,8.134914734186015
BG,2026-04-29,-3.078506382010504,True,109.39,-0.22959577253076624
BG,2026-02-04,-0.2737866589378912,True,9.62,5.945172391245812
BG,2025-11-05,-1.0436618122722452,True,15.32,-1.8163298001615757
BG,2025-07-30,2.6984670084088336,True,20.91,3.661255721124168
BG,2025-05-07,2.7123710656627775,False,38.3,3.9224406000549994
BG,2025-02-05,-5.011994169154644,False,-5.35,2.9827256305429595
BG,2024-10-30,0.46676146646329464,False,6.58,0.8851858199263596
BIIB,2026-04-29,-0.14178741340483692,True,23.61,5.2217273595623
BIIB,2026-02-06,0.8901563935322043,True,23.18,-2.4058040133696057
BIIB,2025-10-30,-5.248204027325476,True,23.88,10.106273013504241
BIIB,2025-07-31,5.022110424039861,False,40.97,5.421876907348633
BIIB,2025-05-01,-0.5863883991869545,True,2.43,2.2905785463293693
BIIB,2025-02-12,-1.8867959640781917,False,2.26,4.834004767356914
BIIB,2024-10-30,0.6322579464715705,False,7.79,-8.494315052318502
BKNG,2026-04-29,-5.098637162299013,True,5.67,-10.89205732588634
BKNG,2026-02-19,-4.241706079772967,False,0.27,15.117594329119498
BKNG,2025-10-29,1.5513902593981443,False,3.73,1.9645918900511372
BKNG,2025-07-30,-1.8024336806252705,True,9.93,-2.939476938486296
BKNG,2025-04-30,-3.605460825309159,True,41.23,2.2997359761962155
BKNG,2025-02-21,3.8906275061115547,False,15.24,-6.1652684417707215
BKNG,2024-10-31,6.050044030649415,False,8.42,6.3027055847107105
BKR,2026-04-24,3.0547386255162845,True,17.94,-7.015310258019447
BKR,2026-01-27,0.19541543630199332,True,16.74,4.690263591203636
BKR,2025-10-24,-1.9840433266117175,False,9.29,1.6859041451675827
BKR,2025-07-23,3.6981594746941404,True,13.61,-2.2839720354060677
BKR,2025-04-23,-4.066738372226785,False,7.59,1.8073912044371143
BKR,2025-01-31,3.3632141265135695,True,11.85,0.9662031965055329
BKR,2024-10-23,0.9171780157155807,True,10.38,16.158009791414663
BLDR,2026-04-30,0.1319268577297139,False,-27.61,-6.966740121337189
BLDR,2026-02-17,-0.5142542927063398,True,-12.25,-14.987351231628432
BLDR,2025-10-30,3.7644169515364423,False,9.06,-6.983617943646991
BLDR,2025-07-31,-3.3066355949276094,True,1.57,8.668289845943589
BLDR,2025-05-01,-2.992555616361403,False,6.36,5.387294525914554
BLDR,2025-02-20,0.24863638859360382,False,4.66,-7.008792270909181
BLDR,2024-11-05,2.0414106721442504,True,1.65,-1.2044907831403107
BLK,2026-07-15,7.2710312504017605,False,9.62,-1.2996234397769868
BLK,2026-04-14,2.5741245883775354,True,9.35,-0.455174740327946
BLK,2026-01-15,3.36768146314832,True,7.94,-3.2602715662095383
BLK,2025-10-14,-1.3089571938781797,True,2.28,-5.803600872595105
BLK,2025-07-15,-3.653758382412109,False,11.47,7.204450281239927
BLK,2025-04-11,-1.2354870666896778,True,11.59,3.978251724907067
BLK,2025-01-15,5.876439463900773,False,6.36,5.758080343557781
BLK,2024-10-11,0.7974184841816889,True,11.11,-1.6349201255858814
BMY,2026-04-30,0.17364115201492503,True,11.18,-6.304668957636661
BMY,2026-02-05,2.238808458176389,True,4.57,1.9153259009925039
BMY,2025-10-30,1.5727773054221572,True,7.55,6.597993468776231
BMY,2025-07-31,-3.9364856451760355,False,32.6,10.39020103167343
BMY,2025-04-24,-1.2157352595719706,True,19.88,-3.7173964747891364
BMY,2025-02-06,-3.9189418167367096,True,13.8,-2.7690579658111725
BMY,2024-10-31,2.164832593488075,True,19.98,4.8950999120562555
BNY,2026-07-15,1.2556705420805336,True,10.7,-5.693266647725248
BNY,2026-04-16,2.0612146327932512,True,16.54,0.04699419644487168
BNY,2026-01-13,0.49727037057263335,True,4.91,-2.8498533508381496
BNY,2025-10-16,-1.1291592510931037,False,8.08,1.6231787499031647
BNY,2025-07-15,-1.627295573978771,True,10.09,7.621841761398729
BNY,2025-04-11,-3.9159419462375,True,5.93,2.22588769931622
BNY,2025-01-15,4.161177602109389,True,9.81,6.017189688342706
BNY,2024-10-11,1.0342656163732977,False,6.88,2.0415581755319323
BR,2026-04-30,-2.9175774653164455,False,4.45,-6.890506162982235
BR,2026-02-03,0.8722444666178664,False,16.81,-4.21080770044524
BR,2025-11-04,2.0752315086739914,False,21.22,0.9333356720320207
BR,2025-08-05,0.9820501321192499,True,1.48,-0.9083017718452213
BR,2025-05-01,-2.1534565487320467,False,1.17,5.398895535260828
BR,2025-01-31,-3.383242452091806,True,4.89,0.8857518793426777
BR,2024-11-05,-0.5008626086523082,True,3.04,2.995875326196984
BRO,2026-04-28,-4.718693820343578,True,2.3,-11.413538501660748
BRO,2026-01-27,-6.68174047949347,False,3.34,-8.573422033682421
BRO,2025-10-28,-1.1508738557187148,False,12.91,-2.6371236866928327
BRO,2025-07-29,-5.166693882042206,False,4.55,3.100850310281844
BRO,2025-04-29,-6.267407888442655,True,-0.53,1.0900150911769657
BRO,2025-01-28,1.1313059367292544,False,12.09,3.698568548551573
BRO,2024-10-29,0.3289670795508792,True,3.8,7.175303647806297
BSX,2026-04-22,5.023517877643968,True,1.62,-13.673504502895039
BSX,2026-02-04,-11.176604656395384,False,2.43,0.29139234530215496
BSX,2025-10-22,3.203200099464687,True,5.09,-4.76648726140877
BSX,2025-07-23,3.7805290403618352,True,3.42,-4.463627591532027
BSX,2025-04-23,5.207781998225447,False,11.52,5.944202377329244
BSX,2025-02-05,-0.5794847100789591,True,6.57,0.3715341384329829
BSX,2024-10-23,-3.1019239753088845,True,7.05,-1.1549394420604875
BX,2026-04-23,-2.6285378095582623,False,1.69,0.9265912801243115
BX,2026-01-29,0.824315444713819,False,13.92,-8.158493728008354
BX,2025-10-23,0.05563563445816211,False,23.89,-6.6311988299853075
BX,2025-07-24,4.134684943132116,False,9.81,-5.305993950196863
BX,2025-04-17,2.025038620940922,False,3.11,6.134455818717122
BX,2025-01-30,1.413316713733237,False,15.23,-8.961196712487961
BX,2024-10-17,2.905282103339868,True,10.47,-0.6564942896771564
BXP,2026-04-29,-1.1663268839490537,False,97.57,1.3888926999459095
BXP,2026-01-28,-2.0239240049112928,True,34.57,-3.6944709730623915
BXP,2025-10-29,-1.4036860606929324,False,-194.03,1.8334277221139006
BXP,2025-07-30,-0.9371021597118001,False,33.62,-1.3999662660176382
BXP,2025-04-30,-4.606897710633062,True,22.55,3.734509790763041
BXP,2025-01-29,-3.771558515443152,False,59.21,2.3096999197881107
BXP,2024-10-30,-1.0094000975788497,False,6.42,-4.060425615876784
C,2026-07-14,-2.110724951312526,False,15.62,-0.6002874061009744
C,2026-04-14,1.4174944215681995,True,17.91,-0.8103123303320969
C,2026-01-14,1.3843516768504927,False,-23.43,2.481986537929637
C,2025-10-14,-0.7596228992102882,True,17.44,1.5524894216205398
C,2025-07-15,1.314281298967912,True,28.26,4.144617883784707
C,2025-04-15,1.5343255574813863,True,5.93,6.295673082947739
C,2025-01-15,3.6734553479577547,True,8.7,4.586710872092259
C,2024-10-15,1.1210459088945912,False,15.76,3.2726799881841906
CAH,2026-04-30,-3.712658303295735,False,13.7,0.7776897830331864
CAH,2026-02-05,4.906933749789677,True,11.17,-1.2060833444724084
CAH,2025-10-30,10.317990086661744,True,17.6,8.54403856263084
CAH,2025-08-12,-10.567045010544462,True,2.36,0.8134064421883025
CAH,2025-05-01,-0.9059303877739677,True,9.36,4.411452478881728
CAH,2025-01-30,-0.46962135314776443,True,9.39,-1.153906708443042
CAH,2024-11-01,4.008494646285787,True,15.88,2.281936418376884
CAH,2024-08-14,6.258527175258188,False,6.27,4.400162046837375
CARR,2026-04-30,4.00063953552241,True,12.03,-0.30119806566984986
CARR,2026-02-05,1.6679748138980877,False,-4.54,1.6481791538207613
CARR,2025-10-28,2.9336052275161117,False,17.69,-2.6403461369678194
CARR,2025-07-29,-7.857330904752824,False,1.94,-8.287981899851882
CARR,2025-05-01,8.28269550519163,True,11.28,5.612635235662178
CARR,2025-02-11,-2.6121299722483005,True,11.41,1.4426192601361354
CARR,2024-10-24,-5.3158215955623085,False,-2.22,3.3282917545608415
CASY,2026-06-10,5.18538000596509,True,32.11,-14.295538010467013
CASY,2026-03-10,-2.034486881896669,True,16.87,-0.1275498903728356
CASY,2025-12-10,-4.383564804613815,False,6.26,6.498750988251145
CASY,2025-09-09,-1.388294194397488,True,14.26,1.8067780228464114
CASY,2025-06-10,12.914009545844918,False,37.29,3.0456990254351
CASY,2025-03-12,3.6280994357352547,True,12.97,5.951704600751517
CASY,2024-12-10,0.3539823270627629,False,13.47,-3.1641265476661906
CASY,2024-09-05,0.9815993377894072,True,7.69,-4.0736404451473085
CAT,2026-04-30,5.750263297383196,True,19.3,3.3827227562999385
CAT,2026-01-29,1.8483290437280697,True,9.51,13.987436681724997
CAT,2025-10-29,6.427438150561882,True,9.43,-2.1298344531902047
CAT,2025-08-05,-1.394971119420474,True,-3.73,-4.177512124244165
CAT,2025-04-30,2.5406456327238036,False,-2.19,13.059821892260581
CAT,2025-01-30,-5.0174143022353785,True,2.25,-5.674982292129305
CAT,2024-10-30,-3.4863629257585127,True,-3.44,2.0646527465475906
CB,2026-04-22,-2.317102611116706,True,3.16,-1.0847256606966282
CB,2026-02-04,2.358154105391508,True,10.98,-0.08803220528595945
CB,2025-10-22,2.451153006978024,True,21.68,2.43744418451346
CB,2025-07-23,-2.052159327021774,False,2.85,-0.19248151473950648
CB,2025-04-23,-1.793973315658326,False,14.0,2.087950404721295
CB,2025-01-29,-1.5646119578286655,True,10.46,-3.9009438676389285
CB,2024-10-30,0.8600280910214142,False,12.58,-0.0916723747823811
CBOE,2026-05-01,4.758567815813364,True,9.54,11.0288758757493
CBOE,2026-02-06,-2.8262154663460715,True,3.76,6.127452657130039
CBOE,2025-10-31,1.0852601792365135,True,5.58,5.17423970926465
CBOE,2025-08-01,0.17424817452460495,True,1.11,-0.06456429278499654
CBOE,2025-05-02,-1.0261735034942432,True,5.76,-2.402933628150039
CBOE,2025-02-07,-0.22222356262526777,True,-0.88,-0.17995879083871902
CBOE,2024-11-01,-3.0013542998986065,True,1.29,-4.423801681030648
CBRE,2026-04-23,2.266802781846544,False,42.05,-1.7480414259114285
CBRE,2026-02-12,1.6389035107462258,False,1.99,8.350458603424427
CBRE,2025-10-23,0.0061027700892779535,True,10.57,-8.654075346637969
CBRE,2025-07-29,4.209878733437189,True,11.16,-1.2211375497020893
CBRE,2025-04-24,-2.671038143971205,True,12.71,2.156576810800015
CBRE,2025-02-13,-3.277640106934121,True,3.87,-0.8314136804372763
CBRE,2024-10-24,6.0997416899740475,True,13.1,-1.0861400361364737
CCI,2026-04-23,3.3600722148391604,False,6.18,4.056228065951584
CCI,2026-02-05,-7.3859083423342575,False,8.83,12.300623994843395
CCI,2025-10-23,2.35413005770142,False,24.58,-10.64413655469335
CCI,2025-07-24,2.9526887474113694,True,19.56,-6.759722965165659
CCI,2025-05-01,0.21745590853758934,True,1485.34,-5.202256718193676
CCI,2025-03-14,7.372350798588045,True,74.06,0.3681510683952727
CCI,2024-10-17,-3.1811802972770753,False,24.91,-3.8120880228526555
CCL,2026-06-23,-9.241473554728552,True,21.08,-10.724233974037345
CCL,2026-03-27,-2.808547732985578,False,8.94,14.71682591159924
CCL,2025-12-19,0.7410018613946301,True,38.64,3.791765059656549
CCL,2025-09-29,5.192671626466017,False,8.54,-4.455781177631957
CCL,2025-06-24,4.284515242192755,True,45.31,12.178990297103166
CCL,2025-03-21,-3.8207631983508406,True,485.06,-21.203439767200795
CCL,2024-12-20,2.3828510226119093,True,93.99,-11.04477674213803
CCL,2024-09-30,0.7011886795107225,False,10.0,9.361464979947431
CDNS,2026-04-28,-2.03244671189744,False,3.98,10.061175872848139
CDNS,2026-02-18,6.879277706847131,True,4.07,0.13769479581309252
CDNS,2025-10-28,-3.525891959608063,True,7.85,-6.677403704206419
CDNS,2025-07-29,6.363851154393929,True,6.0,-3.453837185817099
CDNS,2025-04-29,1.3648857518555824,True,4.75,5.439746666336798
CDNS,2025-02-19,-5.062740680319655,False,3.16,-10.706470107217992
CDNS,2024-10-29,8.770818449268326,True,13.73,4.682712685892221
CDW,2026-05-06,-6.798249969704628,False,-0.26,-2.559630840307514
CDW,2026-02-04,5.818001267119599,True,5.13,-10.073873361961938
CDW,2025-11-04,-1.7438400558500322,False,3.35,-1.3059577822246426
CDW,2025-08-06,1.4826849226776462,False,4.36,0.8458719305296958
CDW,2025-05-07,-0.28671928861969675,True,9.54,3.5893502988754156
CDW,2025-02-05,11.824025586552489,False,6.74,-6.466797205134678
CDW,2024-10-30,-8.954073446043665,False,-7.87,-4.639598575428073
CEG,2026-05-11,3.8434851057244535,False,5.3,0.7836607578494581
CEG,2026-02-24,1.2270245822643355,True,2.41,1.5592745066156155
CEG,2025-11-07,-4.503264204373325,True,-2.57,-5.550394895246768
CEG,2025-08-07,-0.9454560666474432,True,4.24,-6.989463182694244
CEG,2025-05-06,4.253416028798673,True,-3.1,6.93135854614042
CEG,2025-02-18,2.0611455680483948,True,14.06,-28.85442298763308
CEG,2024-11-04,-9.918630999728794,False,2.3,2.0762224975775734
CF,2026-05-07,-4.726119332895395,True,45.68,2.9548535973341616
CF,2026-02-19,1.2314754404076034,True,10.41,11.381459452806485
CF,2025-11-06,-2.2104754713595742,False,5.59,-3.9238997682921717
CF,2025-08-07,-6.340379864701761,False,-4.49,4.800800047158926
CF,2025-05-08,4.3623546508765765,False,22.9,9.973103527849748
CF,2025-02-20,-1.1931656097699195,False,24.47,-4.547730602909638
CF,2024-10-31,2.017627244346043,False,40.07,4.268486049423226
CFG,2026-07-16,3.7682823206158345,True,4.39,-2.962745530920019
CFG,2026-04-16,-1.8254316637188794,True,3.73,1.7202079905254353
CFG,2026-01-21,1.5716327420407517,True,2.24,4.69506471546115
CFG,2025-10-15,2.3165994255450073,False,2.27,-1.5744269551185575
CFG,2025-07-17,0.6812875207128588,True,4.13,-1.4026772545726818
CFG,2025-04-16,-0.3323920635710187,False,2.68,6.350287607905947
CFG,2025-01-17,-1.089729142750595,True,2.3,-1.6065605980510989
CFG,2024-10-16,-2.64487438472899,True,-0.24,1.6949802179278217
CHD,2026-05-01,1.4630138821501992,False,2.23,-1.7318717297624464
CHD,2026-01-30,4.893440720063391,False,3.02,5.728229441560551
CHD,2025-10-31,6.320277317606693,True,9.93,-3.7597121606839257
CHD,2025-08-01,-0.8211485277782371,True,9.51,-1.3130903369120706
CHD,2025-05-01,-6.392192532823504,False,1.42,2.684978418292716
CHD,2025-01-31,-0.11202048980506474,False,0.42,-0.2190648297052844
CHD,2024-11-01,5.845253579615672,False,15.86,4.351079961225968
CHRW,2026-04-30,1.5394543582096798,False,9.64,-12.11704069431857
CHRW,2026-01-29,4.6505376173334945,True,9.22,-13.390464752092402
CHRW,2025-10-30,15.636107150038736,True,7.37,-2.079025331078155
CHRW,2025-07-31,13.12852068864232,True,11.61,5.376336137087745
CHRW,2025-05-01,-1.8045317848955023,True,11.38,9.381928629863289
CHRW,2025-01-30,-7.717974622951274,True,9.25,-1.8120280130859867
CHRW,2024-10-31,-5.819031296894794,False,11.45,8.190997361712938
CHTR,2026-04-24,-3.6313999601395808,False,-9.07,-14.028759000423552
CHTR,2026-01-30,6.578942441334501,True,4.09,15.995537551783045
CHTR,2025-10-31,-5.5950105107366195,True,-10.27,-13.145736707058786
CHTR,2025-07-25,-13.421052631578945,False,-4.96,-17.168682058363604
CHTR,2025-04-25,7.207829420446288,True,0.56,7.515058891616899
CHTR,2025-01-31,7.1683219157590905,False,9.49,4.277981764180883
CHTR,2024-11-01,10.072953046466914,True,3.91,6.2975845738880265
CI,2026-04-30,0.4960302936910521,False,2.41,1.4970012757135276
CI,2026-02-05,2.020542966754957,True,2.5,-1.4831484952384622
CI,2025-10-30,-11.406785962890343,False,2.47,9.627696527621898
CI,2025-07-31,-1.5678469895127667,False,0.65,8.590787823807243
CI,2025-05-02,2.640360131116126,False,6.17,-4.125459976217005
CI,2025-01-30,-9.333702696162337,True,-15.1,5.95096707667313
CI,2024-10-31,6.548634029457578,False,3.52,2.8810846020069336
CIEN,2026-06-04,-10.957973629254692,False,12.34,-20.053022176307877
CIEN,2026-03-05,-9.180608105959376,False,15.55,37.84831386550363
CIEN,2025-12-11,6.535947532601938,True,18.24,-0.284689712137276
CIEN,2025-09-04,21.282430257461083,True,27.56,18.063629360197076
CIEN,2025-06-05,-8.391942980984268,False,-18.89,2.02600364915857
CIEN,2025-03-11,-5.72256992195268,True,54.71,8.553553308440076
CIEN,2024-12-12,14.287664547575641,True,-17.47,2.53195350690838
CIEN,2024-09-04,5.149055767636335,False,34.46,2.6943374003529197
CINF,2026-04-28,-1.497219394776239,True,8.24,-0.7092703852921156
CINF,2026-02-10,-2.5370436916330563,False,16.6,0.4046791182736209
CINF,2025-10-28,-0.3425433128209865,False,38.43,9.476107746440142
CINF,2025-07-29,5.010203376101008,False,42.0,-0.6757733256637088
CINF,2025-04-29,6.138240344440993,False,60.66,6.228086930232135
CINF,2025-02-11,4.343004752956192,False,67.09,0.5379043539882167
CINF,2024-10-25,0.9765309797924449,True,262.62,5.267271726770795
CL,2026-05-01,3.2919330273949,False,2.7,0.9970148119774702
CL,2026-01-30,4.059116694362341,True,4.19,7.0661192572073706
CL,2025-10-31,-1.2547388032575602,True,2.36,1.2978519321036996
CL,2025-08-01,0.20273892109494707,False,2.81,1.86804040609867
CL,2025-04-25,3.0097141065987154,False,6.12,-4.365901631543812
CL,2025-01-31,-6.00726311021128,True,2.32,-0.7612332222741491
CL,2024-10-25,-3.208334116608058,False,2.87,-3.1795742493961665
CLX,2026-05-01,-5.651186685678445,False,6.16,3.8342283486262785
CLX,2026-02-04,-0.9827817933067085,True,-3.04,3.778554569219783
CLX,2025-11-04,2.1623650762361724,False,9.23,-9.309911238679348
CLX,2025-08-01,1.3539428790129149,False,29.75,0.25671858144442616
CLX,2025-05-06,-3.1722100459097957,True,-6.9,0.34062190449055674
CLX,2025-02-04,-3.617468750495023,False,10.68,1.9431874973207641
CLX,2024-10-31,3.399127307587113,False,33.57,4.541171077616224
CMCSA,2026-04-23,3.8474587252173453,True,8.29,-17.067005020931237
CMCSA,2026-01-29,-2.7455145103613687,True,10.76,8.8235317725323
CMCSA,2025-10-30,-8.552403303626733,True,1.72,2.3792006748808214
CMCSA,2025-07-31,4.5846274920153585,False,5.87,-0.9930871732254598
CMCSA,2025-04-24,-7.223676158655423,True,9.89,3.10335315173893
CMCSA,2025-01-30,-7.8693652782017125,False,11.38,6.406021364056258
CMCSA,2024-10-31,7.031278513625194,False,5.27,-0.43507636489819035
CME,2026-04-22,-3.284101322842259,True,-0.25,0.9205104567883593
CME,2026-02-04,-0.2251853915019364,True,0.99,3.1532054011514266
CME,2025-10-22,-1.8353716700171163,True,1.98,0.07094066186541514
CME,2025-07-23,-0.15292272045059896,True,1.45,1.7614264981367977
CME,2025-04-23,-3.3551645693660204,True,-0.31,8.926107887157265
CME,2025-02-12,1.7043082985825908,True,3.05,0.35748761775180604
CME,2024-10-23,-2.2814650293561223,True,0.96,-2.62833602858632
CMG,2026-04-30,6.395867500156971,False,1.4,-5.589883589451505
CMG,2026-02-04,-3.7018049936795028,True,4.89,-4.908587702210953
CMG,2025-10-30,-21.353114240881442,True,0.87,-3.5351972385014974
CMG,2025-07-24,-12.466840031338632,False,1.26,-6.668130607423384
CMG,2025-04-24,0.9023840372281988,True,4.72,3.855469947747725
CMG,2025-02-05,-5.083022664743764,True,1.45,-7.755171647784098
CMG,2024-10-30,-5.174410615414892,False,6.57,6.352056243683379
CMI,2026-05-05,4.076260283093536,False,-16.25,-2.284848222027913
CMI,2026-02-05,-6.779710213667545,False,-14.89,10.103493033329558
CMI,2025-11-06,4.975179285361242,True,-19.04,0.5164270804962401
CMI,2025-08-05,3.7086285025423438,False,24.69,7.764647964034266
CMI,2025-05-05,-3.0415264080008275,True,22.97,11.36290703658398
CMI,2025-02-04,3.6730751647246596,True,-34.94,6.206159892993135
CMI,2024-11-05,0.7309222859236852,True,20.79,2.087669857851271
CMS,2026-04-28,1.4990096075383486,False,2.71,-2.687857715411579
CMS,2026-02-05,1.3547507172835704,True,1.49,4.8966294521566756
CMS,2025-10-30,0.7884956955455324,True,8.39,1.7471111930807304
CMS,2025-07-31,-0.02770637017889266,True,3.94,-0.9176963491786538
CMS,2025-04-24,0.1904768169558979,True,1.21,-2.077163858370279
CMS,2025-02-06,0.3426536639797195,True,-0.01,5.444679219094217
CMS,2024-10-31,0.02850459677214978,False,7.83,-2.4225197228196715
CNC,2026-04-28,2.9885039932426416,True,57.91,19.64898474567427
CNC,2026-02-06,-6.7134183702526995,True,2.46,12.688510619558024
CNC,2025-10-29,10.274178934939693,True,404.28,-3.0530245982589466
CNC,2025-07-25,1.3826566843053723,True,-177.27,-9.862625210486907
CNC,2025-04-25,-5.164014632380399,False,15.27,8.840357792030161
CNC,2025-02-04,-7.050292681795744,True,62.18,-5.922664405109512
CNC,2024-10-25,13.599482657210938,False,14.87,-6.337588940300643
CNP,2026-04-23,1.2345694130749152,True,1.1,-2.1769283594411437
CNP,2026-02-19,1.1510756607463257,True,-0.36,1.7823674034510795
CNP,2025-10-23,1.0986334680979537,False,12.59,-1.5403914867478496
CNP,2025-07-24,-1.1045342857329055,True,-4.56,2.721985726851228
CNP,2025-04-24,-0.5624129348077544,True,-0.8,0.13193095689185697
CNP,2025-02-20,0.6495592475087353,False,-0.32,-0.9783561931340778
CNP,2024-10-28,1.740021392031177,False,0.31,1.0420087292705826
COF,2026-04-22,3.7849317013893824e-07,False,-3.34,-3.0236174464985055
COF,2026-01-23,-4.7985810699266445,False,0.81,2.526466522531101
COF,2025-10-22,4.58880222554181,False,36.42,0.4628294134310762
COF,2025-07-23,4.801766269499641,False,47.43,-2.9982689947576024
COF,2025-04-23,3.995303118392779,False,11.19,5.718009419016301
COF,2025-01-22,1.827040011004577,True,10.37,1.4184024885021351
COF,2024-10-25,7.190400291976817,False,19.97,14.844676457259421
COHR,2026-05-07,-4.592803688494584,False,1.12,18.424761774733067
COHR,2026-02-05,-15.113743786563239,True,6.82,18.61020175890282
COHR,2025-11-06,14.164741420034122,True,11.27,-14.871313237645822
COHR,2025-08-14,-20.094731368160335,True,8.7,3.87342647382376
COHR,2025-05-08,4.696921163547274,False,6.24,11.743874976060198
COHR,2025-02-06,14.59489650230783,False,41.04,-17.73840320249268
COHR,2024-11-07,3.590465336283799,True,20.52,-3.407945026533843
COHR,2024-08-16,3.8159389271666733,True,2.18,1.7225626283907225
COIN,2026-05-08,-3.5810548412531618,True,-3458.88,-8.0383763544299
COIN,2026-02-13,8.93755825193474,True,-364.89,12.731254403895086
COIN,2025-10-31,2.2799884361875966,True,32.31,-17.38902757332168
COIN,2025-08-01,-11.282294053208641,False,245.59,0.9088262510325684
COIN,2025-05-09,-0.9588357034087447,False,-87.38,32.02889523982755
COIN,2025-02-14,-3.3846556082284374,False,128.96,-24.993619688961232
COIN,2024-10-31,-3.7829458570990737,False,-33.33,55.5592727129097
COO,2026-06-05,5.191869368331781,True,10.52,-2.8512002871389774
COO,2026-03-06,-3.9900212842992167,False,7.05,-8.608757288787372
COO,2025-12-05,16.396215867793874,False,3.29,1.6584747528437083
COO,2025-08-28,-15.976251592331113,True,3.04,3.251778282098572
COO,2025-05-30,-9.9799847660187,False,3.31,2.079669294569264
COO,2025-03-07,-5.275887969498527,False,0.93,-3.8705893123851087
COO,2024-12-06,-3.7198526033247803,False,4.01,-5.329275247692511
COO,2024-08-29,10.112119172852264,True,5.42,4.5398612219456735
COP,2026-04-30,-2.8927823340623826,True,11.52,-4.7112856882714045
COP,2026-02-05,-0.5948559876056247,False,-6.47,6.106074369125047
COP,2025-11-06,-0.7981738871680188,False,14.05,3.060469782266728
COP,2025-08-07,-1.14918291822671,True,4.71,3.1985941293237508
COP,2025-05-08,1.8812009063297719,False,1.98,-2.203310555083793
COP,2025-02-06,-1.3172399076000652,True,7.92,-1.2059527121045965
COP,2024-10-31,3.8745489993823545,True,8.49,3.8060017286043912
COR,2026-05-06,-12.38313598748977,False,0.48,4.993177819405004
COR,2026-02-04,-4.630274877568674,False,0.99,9.017423248988266
COR,2025-11-05,2.67609749507558,True,1.44,2.068721331577672
COR,2025-08-06,-3.502670226625104,True,4.24,7.21598972654911
COR,2025-05-07,1.6333608923649878,True,7.92,-4.1560724055751175
COR,2025-02-05,1.0971037240742998,False,5.96,-3.660430236342227
COR,2024-11-06,1.200906586516659,True,3.47,-0.6639746146604564
COST,2026-05-29,-0.8671640307617579,False,0.14,2.7218888386371987
COST,2026-03-06,-1.5836081426681803,True,0.78,-2.5819015895905406
COST,2025-12-12,-0.1334089633639568,True,5.26,-1.8802106729803647
COST,2025-09-26,-1.8827412087898066,False,1.13,1.5350129632462073
COST,2025-05-30,-0.6384115561650971,True,1.23,-4.803997207094513
COST,2025-03-07,-3.0654078296108,False,-1.94,-5.708735744518279
COST,2024-12-13,-0.747667211526315,True,6.37,-6.786274186273777
COST,2024-09-27,-0.9074306676628896,False,4.49,0.38504263151157847
CPAY,2026-05-08,6.295993458708105,True,6.03,1.1366620463128418
CPAY,2026-02-05,8.015854343302431,True,1.68,5.283585733442164
CPAY,2025-11-06,3.7334208118475765,True,1.02,-0.2518029521695109
CPAY,2025-08-07,1.0251627872107205,False,0.12,4.321840283122946
CPAY,2025-05-07,-2.945237554774094,True,-0.08,0.6598109118344908
CPAY,2025-02-06,-2.698952939394572,True,0.24,-6.599921001343223
CPAY,2024-11-08,2.7012944737554223,True,0.54,3.7867776786863816
CPRT,2026-05-22,-0.6395384039085572,False,5.71,-8.671205166583384
CPRT,2026-02-20,-8.897748082468782,True,-8.12,3.4539532676573836
CPRT,2025-11-21,-2.218429637388941,True,5.09,-5.696046454452864
CPRT,2025-09-05,-2.4214586143908368,False,13.29,-5.600167259200084
CPRT,2025-05-23,-5.308277660407046,False,0.78,-6.558592813783914
CPRT,2025-02-21,0.8759847317760805,False,7.52,-5.036222771578769
CPRT,2024-11-22,5.131806837680419,True,0.94,-1.4832540571921071
CPRT,2024-09-05,-5.74929176423028,False,-9.87,4.625330222504487
CPT,2026-05-01,0.990293107492124,False,-196.43,-1.7807617055407232
CPT,2026-02-06,0.5254653366469908,False,39.94,1.4723862071663874
CPT,2025-11-07,0.2114913604845059,True,-23.24,3.3896747102152736
CPT,2025-08-01,1.117212974073678,False,-6.86,-0.12154918038568274
CPT,2025-05-02,3.030557616933427,True,29.53,-1.025901787343475
CPT,2025-02-07,5.274420611378616e-06,True,-11.93,1.6951876406406718
CPT,2024-11-01,-5.181785265226613,True,23.36,5.310820729570054
CRH,2026-04-30,1.604373592642916,True,8.1,-9.111635252151217
CRH,2026-02-19,-2.4849704828791452,True,-1.79,-11.467045624745042
CRH,2025-11-06,-2.126737237131182,True,0.93,-5.5845932098885225
CRH,2025-08-07,8.739754606947425,True,0.89,3.554061182571755
CRH,2025-05-06,-3.9389370781260036,False,-38.03,2.9483742608064967
CRH,2025-02-27,-1.8372019871165435,True,-16.82,-6.798040140854955
CRH,2024-11-07,2.110839290705613,False,-5.91,-0.15894981330267788
CRL,2026-05-07,4.1655244055407215,False,5.42,-12.560542154002242
CRL,2026-02-18,-7.3866091876910955,True,1.91,13.658229006996647
CRL,2025-11-05,-8.186681089517823,True,3.86,-3.6135943165604645
CRL,2025-08-06,-6.155598829330511,False,22.45,6.1531297062015655
CRL,2025-05-07,22.199111259190516,False,12.78,-1.4528768894128241
CRL,2025-02-19,3.167303199028515,True,5.24,1.5454563950047406
CRL,2024-11-06,21.364222165648282,False,6.88,-12.278246230840406
CRM,2026-05-28,0.5182790078889665,False,24.07,-5.273540466951577
CRM,2026-02-26,2.6127693738650537,True,24.85,-0.09525395570325612
CRM,2025-12-04,2.0819323485485874,True,13.55,4.366857875560104
CRM,2025-09-04,-6.3911169890594195,True,4.7,0.284980487759956
CRM,2025-05-29,-4.506768311309395,True,1.31,-0.0037416432303927216
CRM,2025-02-27,-3.5759522104992447,False,6.43,-7.853515121383436
CRM,2024-12-04,10.674944859073786,True,-1.47,-8.224413662044261
CRM,2024-08-29,4.677477728711077,False,8.63,-0.9493750360220821
CRWD,2026-06-04,-9.836676805856426,True,3.05,-4.760188603030957
CRWD,2026-03-04,-1.337442054456195,True,1.56,6.900020944904117
CRWD,2025-12-03,-3.5930690150422606,True,1.98,-10.330617101698058
CRWD,2025-08-28,-2.983835164489179,True,12.05,-1.3348402480733879
CRWD,2025-06-04,-6.958427262069544,True,10.62,5.341324959596805
CRWD,2025-03-05,-7.299572154759537,True,19.85,2.629702628984454
CRWD,2024-11-27,-1.3944514802324282,False,14.94,5.152623450273053
CRWD,2024-08-29,-0.8289183725283644,True,7.74,-4.615897200688868
CSCO,2026-05-14,15.39216618463417,False,2.29,4.232664963621646
CSCO,2026-02-12,-6.932426475132969,False,1.75,5.946661008097842
CSCO,2025-11-13,5.394803217087252,False,1.82,-0.5686133285316974
CSCO,2025-08-14,-3.4091024552559746,True,1.3,0.1875936479311946
CSCO,2025-05-15,2.9042227495217565,True,4.64,-1.8985380729559687
CSCO,2025-02-13,5.709263364790007,False,3.41,0.42293611874577586
CSCO,2024-11-14,-0.3210450424118494,False,4.47,2.2271966049963288
CSCO,2024-08-15,7.284331582552617,False,2.49,3.8326811523119453
CSGP,2026-04-29,-0.8620621982373899,False,24.8,-6.356180770618025
CSGP,2026-02-25,-5.208547901963135,False,13.82,1.2505613857897613
CSGP,2025-10-29,-7.52908956448477,False,21.82,-2.113183162702592
CSGP,2025-07-23,3.6167145011884783,True,23.4,5.813187819260812
CSGP,2025-04-30,-1.644498984930698,False,43.86,2.049351907760144
CSGP,2025-02-19,-3.485286622484385,True,15.63,-1.7674555511430934
CSGP,2024-10-23,-5.76297664484311,True,35.5,2.8151648727671175
CSX,2026-04-23,5.303378080465726,True,10.6,-3.7245584963492284
CSX,2026-01-23,3.297941046469788,False,-5.32,10.83514857761334
CSX,2025-10-17,2.4729088845443226,False,3.79,-1.584700379770121
CSX,2025-07-24,4.003419487382187,False,5.7,0.7142949515117403
CSX,2025-04-17,-0.21937119093387025,True,-7.67,3.684962129183411
CSX,2025-01-24,-4.811401472850497,True,0.01,-0.3059126568267012
CSX,2024-10-17,-4.4262692804672765,False,-3.6,1.6621316630138994
CTAS,2026-07-15,1.9855713262911578,True,2.35,12.559133064068352
CTAS,2026-03-25,3.396393665177544,False,0.4,-1.5267228406450783
CTAS,2025-12-18,2.5137446602425007,False,1.3,-2.3329310959437133
CTAS,2025-09-24,-1.7747641485159948,True,0.31,-0.6148682336291844
CTAS,2025-07-17,-1.1914708819439679,True,1.94,0.28388926347464594
CTAS,2025-03-26,5.727273673135436,True,7.08,-0.35172288657008277
CTAS,2024-12-19,-5.739032300499424,False,7.13,1.2637408600437938
CTAS,2024-09-25,1.5865323921694818,False,10.19,0.9314056695369555
CTSH,2026-04-29,-2.775759240176101,True,4.98,-15.959780246668377
CTSH,2026-02-04,-1.8657756283444793,True,2.02,-14.8472006525742
CTSH,2025-10-29,10.852241659787264,False,6.73,3.5011814243737005
CTSH,2025-07-31,-0.23119337882439028,False,3.99,-3.330546126143885
CTSH,2025-05-01,4.2680497137197015,False,2.55,8.148342192678948
CTSH,2025-02-06,0.7057508473124363,True,7.55,-2.214865726941473
CTSH,2024-10-31,4.680584200774596,False,9.03,8.285299998912144
CTVA,2026-05-06,-1.9785499581582267,False,27.11,-3.6321325354115808
CTVA,2026-02-04,-2.5986140173017147,True,-1.6,2.529276628210675
CTVA,2025-11-05,3.519990450680477,False,50.61,1.5863103494618835
CTVA,2025-08-07,-0.9273522747352825,True,17.09,2.716406666916771
CTVA,2025-05-08,3.4411052101303463,True,28.24,2.5874815122969963
CTVA,2025-02-06,-0.3917151889522019,False,2.51,0.6414218495775392
CTVA,2024-11-07,-6.057667807159605,True,-64.42,3.6152750529689692
CVNA,2026-04-30,5.794398024925829,False,11.71,-12.165240572647907
CVNA,2026-02-19,-5.429705025443976,False,258.98,-0.4897929707962878
CVNA,2025-10-30,-11.823707639967163,False,-21.97,4.415380481259312
CVNA,2025-07-31,16.980416614922,False,21.62,-12.19468341638581
CVNA,2025-05-08,6.378052589451899,True,102.14,5.8557801789512975
CVNA,2025-02-20,-6.007376814187615,False,128.48,-24.572097733987842
CVNA,2024-10-31,14.900384257451105,True,184.82,-2.777891106909236
CVS,2026-05-06,5.973477375376723,True,16.48,7.391206823166407
CVS,2026-02-10,-2.639565149161316,True,9.38,0.6472946459653794
CVS,2025-10-29,0.3649684552510468,False,17.93,-0.42182043342933184
CVS,2025-07-31,5.152500018073369,False,23.85,7.455714606226005
CVS,2025-05-01,8.679349309637319,False,34.49,-12.930150755208258
CVS,2025-02-12,10.200005721211092,True,29.56,1.9930407142252138
CVS,2024-11-06,11.492602651497009,False,-25.23,-7.75849731403645
CVX,2026-05-01,-1.039778445932682,False,45.56,0.24654798889152119
CVX,2026-01-30,0.8353305827885293,True,5.2,3.866595234778125
CVX,2025-10-31,1.439545201738568,True,8.39,-0.06341173686352786
CVX,2025-08-01,0.5935038402782977,False,1.71,3.401587770946346
CVX,2025-05-02,1.1889210395650274,True,1.31,2.5992843286232636
CVX,2025-01-31,-1.6376705049428342,False,-2.28,5.277152586764022
CVX,2024-11-01,2.4593353020580633,True,3.86,5.455027667971457
D,2026-05-01,-2.2281622547026814e-06,False,4.37,-3.456367052990561
D,2026-02-23,0.3335390461711496,False,1.4,-1.011318779937842
D,2025-10-31,0.36962536105642485,False,11.84,3.1862416027451657
D,2025-08-01,1.0778475557036593,True,10.69,1.2084093543969665
D,2025-05-01,4.155944775984333,False,23.16,0.3829832756837792
D,2025-02-12,-0.7539005821877387,True,4.6,0.9833673094558071
D,2024-11-01,0.6719373561618225,False,5.45,-2.305477459426575
DAL,2026-07-10,-1.1910084928019704,False,4.54,-2.666211062281665
DAL,2026-04-08,11.246556771145212,False,11.35,0.48472321564343446
DAL,2026-01-13,-4.12502495075212,True,0.27,-5.048314418818423
DAL,2025-10-09,8.36836078784151,False,11.87,-1.0414367800874902
DAL,2025-07-10,10.848139720346772,True,1.89,-3.645655412893556
DAL,2025-04-09,2.87067239951182,True,19.14,-5.082453423337363
DAL,2025-01-10,5.812426825981376,True,6.18,1.2248005845977294
DAL,2024-10-10,-0.6295603918151649,False,-1.16,8.908346823771595
DASH,2026-05-07,8.24552360710975,False,15.4,-7.049898687343459
DASH,2026-02-19,6.702038752993134,False,-17.73,4.137574882296269
DASH,2025-11-06,-11.235296425699183,False,-18.73,-4.44365809222581
DASH,2025-08-07,5.64167267270641,False,49.52,-9.524336133696709
DASH,2025-05-06,-5.671856982797985,False,14.56,7.926985438455225
DASH,2025-02-12,2.542857607971216,True,-0.57,-2.513815056548818
DASH,2024-10-31,5.835747219706122,False,76.88,10.912575900791976
DD,2026-05-05,1.607569733952574,True,13.58,-5.067505379450788
DD,2026-02-10,2.6114703605799594,True,6.6,2.6502214654724687
DD,2025-11-06,-0.9588686326699292,False,11.16,-5.18518538018331
DD,2025-08-05,6.78324985161185,False,5.54,1.625342903259397
DD,2025-05-02,-0.4087832880692255,True,8.14,3.0780690888021045
DD,2025-02-11,4.589581617946958,True,15.33,-0.0368335244528506
DD,2024-11-05,3.7874211885586595,True,14.71,-5.030930304652936
DDOG,2026-05-07,30.81204976036238,True,18.25,15.530121455048018
DDOG,2026-02-10,8.915885207493623,True,6.33,-14.914781068087013
DDOG,2025-11-06,15.427799923381148,True,20.33,-16.37668944583138
DDOG,2025-08-07,7.878207328563391,False,12.84,-5.301371702208602
DDOG,2025-05-06,-0.974454880827702,True,8.45,9.645487075635595
DDOG,2025-02-13,-7.7925542383041835,False,13.16,-14.232096861252819
DDOG,2024-11-07,-1.153099561008164,True,16.43,10.840594847092921
DE,2026-05-21,-2.3694872688836743,False,14.07,9.803340545784621
DE,2026-02-19,6.799603209122718,True,15.42,-10.771901742334645
DE,2025-11-26,-4.21576814218052,False,2.5,1.2918459641110047
DE,2025-08-14,-5.557492443957635,False,1.9,2.631359543185008
DE,2025-05-15,3.989954110690186,False,17.76,-1.9484071727386643
DE,2025-02-13,-4.6290080442527355,True,-1.81,3.1251357325273066
DE,2024-11-21,1.923648019657076,True,15.76,1.476430099865489
DE,2024-08-15,2.254608664928792,True,11.47,2.2933128449780904
DECK,2026-05-22,-0.5554469689811103,True,15.61,2.8686652671933155
DECK,2026-01-30,15.01501478567473,True,20.47,-3.024964883303627
DECK,2025-10-24,-13.69221844175087,False,15.06,-5.946636362040825
DECK,2025-07-25,17.629120992568637,False,36.6,-12.98245474286851
DECK,2025-05-23,-22.32531898965975,True,65.07,9.757546078748035
DECK,2025-01-31,-12.106133491527038,False,14.85,-12.567655169951475
DECK,2024-10-25,11.779797719672036,False,28.24,4.461364566515957
DELL,2026-05-29,31.840403396162987,True,63.99,-6.020287407972258
DELL,2026-02-27,13.1082815283738,True,10.74,2.390586453050081
DELL,2025-11-26,6.0832280989938425,False,4.55,4.007215486094329
DELL,2025-08-29,-7.474825275775698,False,1.24,3.8067957657765827
DELL,2025-05-30,-1.012048945123778,False,-8.38,-1.5368027485796465
DELL,2025-02-28,-6.371129460283543,True,6.42,-6.899583160473344
DELL,2024-11-27,-11.866800460753801,False,4.25,-4.180737576721272
DELL,2024-08-30,4.171934305114511,True,10.22,-0.12115884616523687
DG,2026-06-02,3.0201012830586738,False,6.22,7.038678514165486
DG,2026-03-12,-9.17564942851935,True,17.85,-12.298631544024975
DG,2025-12-04,5.332594417944647,True,37.55,9.090902353786223
DG,2025-08-28,3.3992828640207806,False,18.47,-6.543730755623745
DG,2025-06-03,10.075127635586266,True,19.57,0.6662548344986474
DG,2025-03-13,5.036725206891912,True,-41.96,9.493452580752425
DG,2024-12-05,0.8427426057364684,False,-6.21,-7.173349447767885
DG,2024-08-29,-25.549093025711045,False,-4.79,0.8568267895830983
DGX,2026-04-21,3.535232202041616,True,5.61,-6.925479381141331
DGX,2026-02-10,1.8143777921000082,True,2.63,1.1930885255964974
DGX,2025-10-21,2.452610857281745,False,3.85,-3.579940438696161
DGX,2025-07-22,2.5112662519617857,True,1.87,-2.7883825191429734
DGX,2025-04-22,4.411218034745401,True,2.78,1.8919397191923926
DGX,2025-01-30,-0.9263979151531321,True,2.09,2.771515406451819
DGX,2024-10-22,2.6871205492821293,True,1.9,-2.140082296623913
DHI,2026-04-21,8.895272035393686,False,4.73,-9.6979091651607
DHI,2026-01-20,-3.7381427725547756,True,5.86,0.41778607645590604
DHI,2025-10-28,-6.83620655601479,True,-7.16,-4.396743425983718
DHI,2025-07-22,10.21946523282904,True,15.77,0.8664650482623104
DHI,2025-04-17,3.3010036100693085,False,-2.65,5.333521926149953
DHI,2025-01-21,2.87842122501083,False,10.03,-2.7418165610112677
DHI,2024-10-29,-15.07374260307489,True,-5.83,-3.049539371604093
DHR,2026-04-21,0.7672614348062989,False,6.45,-10.234396381098831
DHR,2026-01-28,-2.8632118916058547,False,1.99,-2.030811225795448
DHR,2025-10-21,7.250819585313173,False,9.78,-3.1435387124562064
DHR,2025-07-22,-0.7018695125456054,True,9.49,4.807533462508529
DHR,2025-04-22,7.179930760006625,False,14.38,-1.0517038636620457
DHR,2025-01-29,-5.172688892762977,False,-1.12,-9.632137421631082
DHR,2024-10-22,-2.962237170588511,False,8.94,-4.290442985031451
DIS,2026-05-06,6.011139226427598,True,4.98,-3.6831340379513633
DIS,2026-02-02,-7.792556470354839,True,3.44,0.9478252645207075
DIS,2025-11-13,-6.652371188219586,False,8.42,-2.917954367210862
DIS,2025-08-06,-2.1467163265687095,False,11.3,1.6236857611671374
DIS,2025-05-07,11.12074846803932,False,19.79,8.198651833561943
DIS,2025-02-05,2.1182591224258918,False,22.94,0.009042806296410966
DIS,2024-11-14,7.408497871494046,False,2.75,7.652115330789266
DLR,2026-04-24,0.9649963378906445,False,2.71,-2.344999242726098
DLR,2026-02-06,1.8038181222693517,True,2.21,2.6045945134446136
DLR,2025-10-24,1.9670484788485876,True,46.53,-5.237621676369009
DLR,2025-07-25,0.8221280591807378,False,26.35,-4.496656211057292
DLR,2025-04-25,4.175607217944655,False,59.04,4.184391300590473
DLR,2025-02-14,1.7595260581870775e-05,False,13.27,-5.460208386766274
DLR,2024-10-25,11.705915530717714,False,-19.46,0.5358858698730762
DLTR,2026-05-28,15.792217540317344,True,12.89,1.6725658315472902
DLTR,2026-03-16,3.973575571226595,True,1.13,-7.537602921105413
DLTR,2025-12-03,-0.10092725250719914,True,11.8,13.664548516450292
DLTR,2025-09-03,-9.474625565275796,True,87.65,-4.165441586638908
DLTR,2025-06-04,-5.9863532283413345,False,4.51,10.054159057288548
DLTR,2025-03-26,0.014897432709859437,True,4.15,4.854790716368296
DLTR,2024-12-04,4.884096470994681,False,4.15,-6.176357950556399
DLTR,2024-09-04,-10.851194665983432,False,-35.55,19.052857983013084
DOC,2026-05-06,2.725611034982567,True,363.12,1.354499079340865
DOC,2026-02-03,-2.4822574723355473,False,59.33,4.729099184510388
DOC,2025-10-24,0.9708397923353207,True,-403.17,-5.010654206807141
DOC,2025-07-25,-2.543743290289191,False,12.22,-3.636365534065933
DOC,2025-04-25,3.780266699671131e-06,False,40.67,-2.0190520868223927
DOC,2025-02-04,-1.8154921578609318,True,-4.74,-1.2831781093793238
DOC,2024-10-25,-1.4782547061264362,False,-8.6,3.521499431505992
DOV,2026-04-23,2.979139093804317,True,0.42,-3.177731601947542
DOV,2026-01-29,1.2330155052945102,False,0.97,13.844860674496173
DOV,2025-10-23,2.9294198274337546,True,4.52,-1.4623103393687331
DOV,2025-07-24,2.1634472818033768,False,2.1,-6.7834708209369765
DOV,2025-04-24,-3.8292741607195424,True,3.45,2.922456875059054
DOV,2025-01-30,6.404537683799427,False,5.94,-1.328970275017427
DOV,2024-10-24,-2.9841282876236996,False,4.33,9.189303444381203
DOW,2026-04-23,1.468694168930762,False,51.7,-3.140406947438157
DOW,2026-01-29,-4.247660077233584,True,33.7,20.21356058537471
DOW,2025-10-23,8.110587588001227,True,36.84,-9.343118605457457
DOW,2025-07-24,-10.470863328356018,False,-146.25,-13.801351342155211
DOW,2025-04-24,-1.6551702414357106,True,249.81,-1.747320747204617
DOW,2024-10-24,1.0293372304972515,False,-0.24,-4.09883992528618
DPZ,2026-04-27,-7.166345394794171,False,-3.32,-6.585147830008109
DPZ,2026-02-23,4.495463103035524,False,-0.68,3.8515393477077
DPZ,2025-10-14,-0.24738188887634127,True,3.16,-3.125676314785164
DPZ,2025-07-21,4.9425863370204715,False,-3.6,1.241788708169489
DPZ,2025-04-28,-2.165796827684441,True,6.29,-1.7385452394972356
DPZ,2025-02-24,-4.62185077106243,True,-0.1,-3.4259573821248335
DPZ,2024-10-10,1.1132597961325041,False,15.2,1.5559552320896453
DRI,2026-06-25,-1.5507119080466314,True,0.64,-3.2233720956209577
DRI,2026-03-19,-2.486174379002859,True,0.29,-3.957534271297125
DRI,2025-12-18,4.468951516635933,False,-0.82,-0.1140537136559594
DRI,2025-09-18,-7.241718561057853,False,-2.05,0.38912632029814986
DRI,2025-06-20,0.3681334236202316,True,0.44,-4.322786785012244
DRI,2025-03-20,5.453092643133184,True,0.17,0.8391541064732166
DRI,2024-12-19,11.165322841945425,True,0.35,0.28347671916746364
DRI,2024-09-19,9.02977481705436,False,-4.52,-6.054441806676014
DTE,2026-04-30,-0.3604785224315399,True,-4.14,-5.201391225843633
DTE,2026-02-17,3.5255975920206684,False,8.29,2.3636785931917093
DTE,2025-10-30,0.6985428412214167,False,6.47,-0.24627804403707376
DTE,2025-07-29,-0.3276393651947762,True,-2.81,2.0350037387524056
DTE,2025-05-01,0.7299254762148655,False,5.24,0.33864767933724504
DTE,2025-02-13,-0.38650861421613003,True,4.93,4.608406815165544
DTE,2024-10-24,0.0076877270148489885,False,18.49,-9.809658361177064
DUK,2026-05-05,1.137698606292581,False,7.24,-1.5234723310703968
DUK,2026-02-10,0.39434459681610967,True,0.49,5.166679660023488
DUK,2025-11-07,0.08064124691438135,False,3.45,0.16770814275830492
DUK,2025-08-05,2.254973350560907,False,6.42,0.6855316444137616
DUK,2025-05-06,1.0434721288003823,True,10.84,-3.711591390589286
DUK,2025-02-13,-0.9194779244912632,False,0.71,4.060941396618722
DUK,2024-11-07,-0.8712528145495835,False,-5.68,4.388538827111921
DVA,2026-05-06,7.794196393566,True,23.18,1.5421859702253737
DVA,2026-02-03,15.118263503458508,True,6.51,9.663775466000125
DVA,2025-10-30,-1.3353309454903428,False,-20.9,3.621055201480261
DVA,2025-08-06,-3.00313200426664,False,7.32,7.518974097426079
DVA,2025-05-13,-1.2947415440124677,True,-0.95,-5.0840340899035
DVA,2025-02-14,-13.023832529401568,True,5.39,-9.096679095410277
DVA,2024-10-30,-6.499901108471862,False,-4.93,11.37232503878447
DVN,2026-05-06,-6.844479115077418,False,-4.91,3.991414086951983
DVN,2026-02-18,1.0445075277711657,False,-0.81,-2.137703706542482
DVN,2025-11-06,3.030300567280242,False,10.56,8.41813918728882
DVN,2025-08-06,2.1355517857835293,False,-2.84,4.0986246616531385
DVN,2025-05-07,-0.5884374710737217,False,-1.46,3.994714796740939
DVN,2025-02-19,3.7844102745580477,True,15.69,-10.407244073955857
DVN,2024-11-06,0.9150888782164746,True,0.39,-4.2978450077140185
DXCM,2026-05-01,2.4181401508903466,True,18.99,0.45640195755221047
DXCM,2026-02-13,-0.9680468117502006,True,4.5,5.369897624242159
DXCM,2025-10-31,-13.211141825081018,False,7.51,-0.2748193817543432
DXCM,2025-07-31,-3.772738269098841,False,8.25,-1.002844610942899
DXCM,2025-05-02,7.116424491854212,True,-2.56,4.729233619773687
DXCM,2025-02-14,2.3070549719266475,True,-9.87,-3.4579564854693268
DXCM,2024-10-25,-1.9372037111577423,True,3.53,-4.738566504964503
EA,2026-05-06,-0.04465745711467184,False,39.62,0.39843177011871234
EA,2026-02-04,0.06455155043989524,False,-76.4,1.5444086812273383
EA,2025-10-29,-0.03993715565305811,False,52.69,0.8991017543001467
EA,2025-07-30,2.7809748772356535,True,25.75,14.168682092722996
EA,2025-05-07,2.245382472445545,False,8.2,-3.215437350496908
EA,2025-02-05,4.775269540782823,True,3.0,-0.36789785136257525
EA,2024-10-30,1.277327459580535,True,24.88,9.105528923242234
EBAY,2026-04-30,-3.584163839623089,True,5.03,9.431773998688286
EBAY,2026-02-19,4.246758847881482,False,4.44,9.78171644613024
EBAY,2025-10-30,-14.004424665657488,False,1.9,0.8360178315387934
EBAY,2025-07-31,13.718404010616347,True,5.63,7.335163810157641
EBAY,2025-05-01,2.7728983351739567,False,3.19,4.329824737600529
EBAY,2025-02-27,-7.014765486604424,False,4.26,1.2129951134351558
EBAY,2024-10-31,-5.971576914599364,False,0.84,8.328991617022986
ECHO,2026-05-11,0.5741216820909667,True,42.09,-4.6616049802683746
ECHO,2026-03-02,1.4108931879471376,True,42.58,-3.6653172084053165
ECHO,2025-11-06,0.11062200137206268,False,1.98,-4.840761634934399
ECHO,2025-08-01,-9.634855400266385,False,-1.75,3.4533987918189624
ECHO,2025-05-09,0.838569611706208,True,17.98,-18.31335348231469
ECHO,2025-02-27,1.103066846947609,True,348.59,-13.219337316457679
ECHO,2024-11-12,-2.2196706556994683,False,-70.63,9.270652852076978
ECL,2026-04-28,-0.014934543609679274,False,0.17,-5.716211279521966
ECL,2026-02-10,2.1585197241661858,True,0.65,2.3029173713877915
ECL,2025-10-28,-1.004609641562837,False,-0.09,-2.3222130037689137
ECL,2025-07-29,-1.0630039876191377,False,-0.29,6.642506677726456
ECL,2025-04-29,2.70676404363952,True,0.05,1.858978448732751
ECL,2025-02-11,8.762288931076956,False,0.66,2.00589376135607
ECL,2024-10-29,-4.234752699596034,True,0.28,-2.147697424583095
ED,2026-05-08,0.8553462286424729,False,-3.83,2.9528498539821424
ED,2026-02-20,1.858469572528132,False,3.44,2.2493431163412625
ED,2025-11-07,0.7114151186108142,True,8.28,2.511352908649167
ED,2025-08-08,1.1047792981815796,False,1.82,-1.9045275809621343
ED,2025-05-02,-1.9545114222601412,False,2.42,-4.408912260698761
ED,2025-02-21,0.3132825340761647,True,2.15,5.475261409066801
ED,2024-11-08,0.5739005558379473,False,6.27,1.0990926296097658
EFX,2026-04-21,-4.006051752198269,True,9.7,-11.64119375141789
EFX,2026-02-04,-0.8854634440143005,True,1.78,7.876711079956378
EFX,2025-10-21,1.860510014527006,False,5.34,-9.3376247493969
EFX,2025-07-22,-5.731012410588487,False,4.13,0.729827156718521
EFX,2025-04-22,12.067448732298125,True,8.98,6.977318858207515
EFX,2025-02-06,-5.698849960436836,False,1.12,-3.662739901122314
EFX,2024-10-17,-4.124707227182778,True,0.84,-5.451301739113412
EG,2026-04-30,-2.4040055631744384,True,15.23,-2.4582431177806563
EG,2026-02-05,0.2189330485559582,False,-4.1,5.090676384516857
EG,2025-10-28,-5.488692569378129,False,-48.07,6.401890936795862
EG,2025-07-31,2.5739736590255857,False,17.11,0.39309376661655904
EG,2025-05-01,-9.427855712616696,True,-16.7,1.9295830660136515
EG,2025-02-04,-1.2656840234346545,True,-5.56,-1.5890168855846931
EG,2024-10-31,-4.460531217114438,False,24.63,3.062343323807859
EIX,2026-04-29,-2.016489104137964,True,7.42,3.9446576189858806
EIX,2026-02-19,1.8651430200503638,True,28.62,-1.9818339771017657
EIX,2025-10-29,-1.8733201769221552,True,7.28,6.084124574810068
EIX,2025-08-01,0.15349609838180012,True,10.12,4.460757100927193
EIX,2025-04-30,-1.242987447541044,False,13.27,5.363486318838651
EIX,2025-02-28,0.7011981168321135,True,-4.42,4.702435027084717
EIX,2024-10-30,-1.1426438222111868,True,8.93,-1.2734237905816403
EL,2026-05-01,12.110553636790101,False,40.2,1.235805452900407
EL,2026-02-05,-12.42371460571502,False,6.6,18.17711850914705
EL,2025-10-30,-2.8451164224628678,True,81.88,-7.878289760858936
EL,2025-08-20,-4.3062130760392225,True,1.07,1.415014534660175
EL,2025-05-01,-1.3508869727622663,False,108.8,8.116810061268342
EL,2025-02-04,-7.575195801832968,False,93.85,2.7781804349147343
EL,2024-10-31,-24.38326362531722,True,46.83,-5.961689180211904
EL,2024-08-19,0.13688103165352405,False,151.03,0.3869021391647687
ELV,2026-07-15,-7.968792400172897,False,19.99,-3.6763702712040436
ELV,2026-04-22,2.9776655842210786,False,16.36,14.171232509015375
ELV,2026-01-28,-2.310169872400192,True,7.65,-3.3933096109801664
ELV,2025-10-21,-2.6463671008084,True,22.01,-9.47248664614283
ELV,2025-07-17,-3.061960195922575,False,-0.91,-6.404370884383148
ELV,2025-04-22,0.9171743858537029,True,4.3,-0.46165171685150774
ELV,2025-01-23,3.5804693043598235,False,-0.29,-2.7132704965796894
ELV,2024-10-17,-18.52262742804228,True,-13.28,-8.684589170553537
EME,2026-04-29,0.17018434094580037,False,15.85,10.756322779887139
EME,2026-02-26,-2.7188798799670177,False,7.61,-4.777663901120599
EME,2025-10-30,-14.414415599061947,False,0.65,-4.481477001987411
EME,2025-07-31,4.428071692736246,False,17.42,-2.8271302205363558
EME,2025-04-30,-6.784173910639901,True,16.97,16.43872032448894
EME,2025-02-26,5.514665076609582,True,9.75,-9.145120968082143
EME,2024-10-31,1.7022962936676267,True,16.82,11.666325541419331
EMR,2026-05-06,2.6159821272552897,True,0.44,-9.86083944795424
EMR,2026-02-04,4.845496574938157,False,3.39,-3.457015788155493
EMR,2025-11-05,-5.98954918435558,True,0.28,-2.8115160349854174
EMR,2025-08-06,-6.957389687234361,True,0.69,-1.8842976278334422
EMR,2025-05-07,7.1688325364589245,False,4.6,6.1917336322514505
EMR,2025-02-05,-0.5168718233476088,False,8.03,0.41511619203891126
EMR,2024-11-05,5.40932949754227,True,0.69,10.557048285019132
EOG,2026-05-06,-3.4228196142688905,False,6.22,5.152580735691337
EOG,2026-02-25,1.2449445828510264,False,3.38,8.171433608161038
EOG,2025-11-07,1.171429584558492,False,10.77,1.4799317910935805
EOG,2025-08-08,0.27593330834050356,False,5.23,4.153775743458521
EOG,2025-05-02,-0.501424641530801,False,3.54,4.1854589731405545
EOG,2025-02-28,-1.921740876657907,False,6.79,-2.379081843835096
EOG,2024-11-08,4.096138966604546,True,4.19,1.6627156899427176
EQIX,2026-04-30,-3.701312954431879,True,-3.8,-0.2908953395342362
EQIX,2026-02-12,10.249899900192894,True,-13.02,2.26544809536533
EQIX,2025-10-30,0.45880714041792725,True,13.15,-5.5955600240416565
EQIX,2025-07-31,1.0815028577319863,False,10.3,-1.248140327121161
EQIX,2025-05-01,0.34271946635979766,False,20.82,0.6114008756328282
EQIX,2025-02-13,-3.8708378652677733,True,8.44,-1.4817072341380633
EQIX,2024-10-31,-2.7312039185115156,True,4.61,-0.6280466302827636
EQR,2026-04-29,-1.3046755937375254,True,-20.08,0.61134279459647
EQR,2026-02-06,-0.5180555858049773,True,-25.46,-0.8921504498486166
EQR,2025-10-29,-2.5382313043953886,False,-11.45,1.2052232702505439
EQR,2025-08-05,2.872194874151268,False,12.63,1.6243561119545502
EQR,2025-04-30,-0.17258813120187844,True,-4.87,-1.7079439662134543
EQR,2025-02-04,0.24170406613925888,True,-35.88,0.7079966047857766
EQR,2024-10-31,-3.610556089881012,False,-4.25,3.836880287426192
EQT,2026-04-22,2.334153576321274,True,11.22,-2.040815794716322
EQT,2026-02-18,-2.545455297713206,True,17.66,4.571033247650647
EQT,2025-10-22,-0.735947827548078,False,42.79,4.983921592181373
EQT,2025-07-23,-1.9138742548874266,False,10.01,-0.6586297785067363
EQT,2025-04-23,3.0059635170277543,False,16.57,11.015344631094193
EQT,2025-02-19,2.2127295171979977,False,31.27,-7.577439734602242
EQT,2024-10-30,-0.08042505718206527,True,77.17,12.763967640064555
ERIE,2026-04-24,-0.06829767320456481,False,-5.26,-7.584964390691251
ERIE,2026-02-24,-2.0017413305354115,False,73.67,-5.065948561773348
ERIE,2025-10-31,1.9377297034633978,False,3.5,-2.070795504901213
ERIE,2025-08-08,1.9058480507193831,False,-5.74,2.5299413209416644
ERIE,2025-04-25,-6.96302733382852,False,-16.85,-2.3904935396845683
ERIE,2025-02-28,1.6198286103601856,True,3.12,-1.5277935064576864
ERIE,2024-11-01,0.5302516924847511,False,1.06,-2.451937694567896
ES,2026-05-07,-1.211313821901261,False,6.21,5.0962910793688865
ES,2026-02-13,1.5358420355508606,True,1.64,1.4449196243585538
ES,2025-11-05,0.23028500287369802,False,3.62,-10.492393002900059
ES,2025-08-01,0.7261896235547294,False,0.96,-0.030527406593960915
ES,2025-05-02,-0.49086641023612376,True,-0.65,8.763122642400646
ES,2025-02-12,-2.2778935644907516,False,1.68,4.50435810898222
ES,2024-11-05,-0.6151486746125978,False,4.28,-0.6444315040170956
ESS,2026-04-29,0.5412815536043114,False,15.55,2.6498552049797564
ESS,2026-02-05,-1.0135821045346272,True,-14.88,1.2048203952362835
ESS,2025-10-30,1.2056067502729917,False,-4.71,1.517079910046415
ESS,2025-07-30,-1.9988479630389744,False,5.1,-3.6243619251770776
ESS,2025-04-30,0.08360120100814328,True,2.57,-0.1827060734541086
ESS,2025-02-05,-1.4418085710672046,True,-52.45,-0.4665404202379375
ESS,2024-10-30,-0.1440783184836758,False,-0.4,4.5098921162193495
ETN,2026-05-05,-5.839890790148861,True,2.9,-9.237278206685751
ETN,2026-02-03,-2.7626294097425896,True,0.34,4.923732961213645
ETN,2025-11-04,-6.710306014401491,True,0.51,-10.191666033047152
ETN,2025-08-05,-6.190866461576672,False,0.95,-1.804920267437804
ETN,2025-05-02,-2.632105288680886,True,0.55,10.178452836800078
ETN,2025-01-31,-1.5530474132476102,True,0.72,-5.290407295907473
ETN,2024-10-31,-5.19529754084862,True,1.18,9.439102618353633
ETR,2026-04-29,2.6422763477244926,False,2.26,-1.4884892709576159
ETR,2026-02-12,-0.528939802539441,True,-2.55,5.051001530143706
ETR,2025-10-29,-1.073450296992906,True,6.7,1.131369301045626
ETR,2025-07-30,2.2212184711186245,False,15.11,2.5698172942812514
ETR,2025-04-29,-2.080151253515372,True,19.63,-2.4585614064320915
ETR,2025-02-18,3.527699459723199,True,4.27,-2.654475110700072
ETR,2024-10-31,5.6547660420397605,True,0.48,-4.230537454171424
EVRG,2026-05-07,0.5062385985263429,True,13.81,1.1120478609092155
EVRG,2026-02-19,1.2415140249188994e-06,False,-24.26,4.237399574407563
EVRG,2025-11-06,-1.6021843269583114,True,-1.41,0.2117718232179877
EVRG,2025-08-07,0.9556137467054082,False,5.95,-0.4528585005077135
EVRG,2025-05-08,-1.4790419233356444,False,-19.57,-0.9615490723001829
EVRG,2025-02-27,-0.7091015170873072,False,-6.53,-1.847789029414748
EVRG,2024-11-07,0.06551665827454478,True,4.36,6.231876595015584
EW,2026-04-24,3.4872036336282886,True,7.33,-4.979206613701237
EW,2026-02-11,2.0246560633434774,True,-6.27,8.28186000652822
EW,2025-10-31,1.197891662419237,False,12.63,4.669504240166877
EW,2025-07-25,7.519784589388623,False,7.64,-2.062501907348635
EW,2025-04-24,5.307973193819859,True,7.46,-0.6655131349379229
EW,2025-02-12,4.357631051063904,True,6.39,-5.82959402101797
EW,2024-10-25,-2.0895540193136997,True,13.97,-4.540204700468175
EXC,2026-05-06,1.234298963673397,False,2.6,-0.33318311369305853
EXC,2026-02-12,3.307083336161898,True,7.98,4.0378641801970705
EXC,2025-11-04,2.683975420604967,False,10.54,0.8731747798121914
EXC,2025-07-31,-0.7003940172824352,True,6.11,0.23941804432667801
EXC,2025-05-01,-0.5757054079109314,False,6.9,-5.970628707961112
EXC,2025-02-12,-3.493868832309033,True,7.95,3.048362335595467
EXC,2024-10-30,-0.05057236764611783,True,5.9,-2.961375460530913
EXE,2026-04-29,2.2380295389051064,True,5.37,-5.287645639669947
EXE,2026-02-18,1.3819903052936011,False,5.85,6.39067795591548
EXE,2025-10-29,2.336639787951955,False,14.22,18.972208781868915
EXE,2025-07-30,0.6339899110723746,True,-4.14,-7.436904761275076
EXE,2025-04-30,-2.7542624838624907,False,8.03,9.056788460784038
EXE,2025-02-27,-0.7614951636404133,False,17.54,4.102443166660863
EXE,2024-10-30,0.32660986785528756,True,371.42,8.38781739582899
EXPD,2026-05-05,6.577904722455941,True,27.77,2.9527041724139336
EXPD,2026-02-24,-4.277220490167455,False,1.94,1.829564490361335
EXPD,2025-11-04,6.067290774072132,True,18.06,3.079649355178393
EXPD,2025-08-05,-1.4201429840614344,True,7.88,4.376242972163724
EXPD,2025-05-06,-4.3034723912379285,False,9.08,9.62516868651868
EXPD,2025-02-18,4.76903223953673,False,16.74,0.08471733366495204
EXPD,2024-11-05,3.995352537898045,False,22.08,-3.2699574511113383
EXPE,2026-05-08,-8.02246951037927,False,42.34,-6.665801420568318
EXPE,2026-02-13,-6.706572573755376,True,12.21,0.26802318275152004
EXPE,2025-11-07,12.426028657819366,True,8.99,-4.006510634761929
EXPE,2025-08-08,12.787164380313886,False,2.62,10.012294639741848
EXPE,2025-05-09,-9.704714083392785,True,11.49,1.4809151216276906
EXPE,2025-02-07,12.835381821893744,True,13.89,-1.1859438489835505
EXPE,2024-11-08,3.979766768925619,False,0.17,2.3013981192272714
EXR,2026-04-29,-0.7445712740223098,True,3.4,1.337788897785619
EXR,2026-02-20,2.8612548032156626,True,17.89,-4.01310225621252
EXR,2025-10-30,-2.9415968701777873,False,-34.22,-2.121667607107103
EXR,2025-07-31,-3.314573812801047,False,-0.22,1.6894885394211467
EXR,2025-04-30,1.4282706238323062,True,24.62,-0.48457477015809713
EXR,2025-02-26,-0.26041048633680397,False,15.59,-3.0472443977059838
EXR,2024-10-30,-0.5917095718039111,True,-17.44,-0.42492662543071047
F,2026-04-30,-5.6372549170774615,True,256.64,21.378482259343578
F,2026-02-11,0.36847106623969506,True,-32.87,5.170135208977689
F,2025-10-24,3.1604484607835603,True,25.41,-3.448154572028095
F,2025-07-31,-0.9199501613705197,True,11.11,4.7301290681955654
F,2025-05-06,-0.7866297881497175,True,556.97,4.180267692501305
F,2025-02-06,-5.194804645057083,False,20.36,3.491003576059981
F,2024-10-29,-7.387865559048223,False,3.47,8.07701279616233
FANG,2026-05-05,-1.6800032362416562,False,12.78,1.3254205274907838
FANG,2026-02-24,0.6788546014643071,False,-13.16,4.008923908888229
FANG,2025-11-04,0.226514517606069,False,4.59,8.026389167092196
FANG,2025-08-05,1.846212371869882e-05,False,-2.01,-3.9265064542640227
FANG,2025-05-06,0.6161667063277365,False,8.11,5.555360498632367
FANG,2025-02-25,1.2755329764121859,False,7.54,-4.113457956599554
FANG,2024-11-05,-2.7035988180692194,True,-13.86,3.0654884868437593
FAST,2026-07-14,-1.0201917702498897,False,1.25,5.736657389819122
FAST,2026-04-13,-0.8745116845279788,False,0.84,-1.1353681421855555
FAST,2026-01-20,-4.092375544173632,True,0.54,9.329838879450625
FAST,2025-10-13,-4.761917530133508,False,-2.2,0.4961032233542717
FAST,2025-07-14,2.357289614453051,True,8.33,3.838473761365613
FAST,2025-04-11,-0.7652792872522629,True,0.05,-0.12194950476138722
FAST,2025-01-17,2.0863941740435044,False,-3.83,-2.5430945777607294
FAST,2024-10-11,5.443655228842648,True,1.0,-0.7508380555184546
FCX,2026-04-23,-11.498007340027328,False,21.95,-1.4150939288786413
FCX,2026-01-22,0.33013619282773465,False,46.66,0.6287246827072046
FCX,2025-10-23,1.642967562965647,False,22.84,-6.257577506870604
FCX,2025-07-23,-2.489069896563667,True,21.81,-11.106160108599505
FCX,2025-04-24,1.0798584367348818,True,4.59,-0.398633561826911
FCX,2025-01-23,-2.50702277529945,True,43.23,-3.5064989460691143
FCX,2024-10-22,4.297044889061774,False,2.76,-3.173304958430656
FDS,2026-07-01,-3.5118227428508786,True,1.76,6.8865763360450805
FDS,2026-03-31,5.450991403997363,True,1.89,6.341300578704545
FDS,2025-12-18,2.2152438310065747,False,3.48,4.744125696414514
FDS,2025-09-18,0.7409822495381357,False,-1.89,-6.423666474891099
FDS,2025-06-23,3.7457816070486816,False,-0.58,1.7252915322742535
FDS,2025-03-20,-0.6021945989442723,False,2.39,1.4433964423246737
FDS,2024-12-19,-2.938386172236107,True,2.18,-4.839392531038111
FDS,2024-09-19,3.972608623950502,True,3.3,-2.2130925813214297
FDX,2026-06-24,-0.7785907504530898,True,6.53,-1.8906007916674072
FDX,2026-03-20,6.938857074761984,False,25.52,-0.0027860697782267074
FDX,2025-12-19,-5.2451973775216265,True,17.16,6.631349886457705
FDX,2025-09-19,0.7947006236228349,True,6.01,5.549084261545345
FDX,2025-06-25,-4.762317373265534,True,4.59,7.5360384806996805
FDX,2025-03-21,-10.72254611442317,True,-2.65,-8.774383691921628
FDX,2024-12-20,6.568083031751781,False,2.12,-0.2647504478871632
FDX,2024-09-20,-13.189518501527143,False,-24.48,2.4348039013113443
FE,2026-04-29,-1.2303338584950474,False,0.63,-8.918987793539923
FE,2026-02-18,0.18236952220977987,False,-0.91,3.800577995989718
FE,2025-10-23,0.7189640987901535,False,7.46,-1.3972544937782883
FE,2025-07-31,0.31107447328646565,True,6.88,3.2823348541264563
FE,2025-04-24,0.07047029306286312,False,13.09,1.5434159800678637
FE,2025-02-27,-5.203267443634618,False,-2.81,1.5568240572757297
FE,2024-10-30,0.5370154872344379,False,-6.04,-1.2433617845279188
FFIV,2026-04-29,3.1962840060430375,True,12.86,8.913606748146696
FFIV,2026-01-28,10.379768548036727,False,21.86,-3.294551750736008
FFIV,2025-10-28,-9.662200752299643,True,10.62,-10.864038240609863
FFIV,2025-07-31,8.0303724371521,False,19.17,1.6208239278366676
FFIV,2025-04-29,-1.9013877110424016,True,10.54,7.806794180240262
FFIV,2025-01-29,13.821740549671691,False,13.67,3.3748302392378804
FFIV,2024-10-29,10.839896548261517,False,6.41,1.5270661760845128
FICO,2026-04-29,7.74666296851807,False,13.91,2.0190374813207512
FICO,2026-01-29,0.8632221578489752,False,3.46,-10.927916454240883
FICO,2025-11-06,3.4249969617288656,False,5.21,2.7316693734283026
FICO,2025-07-31,-1.034169938680407,False,11.28,-8.250732182289811
FICO,2025-04-30,-2.6255416772877904,True,4.92,6.846319255136013
FICO,2025-02-05,-8.861136634706824,True,-4.78,-6.616517292721269
FICO,2024-11-07,1.5885262786662135,True,2.38,7.4321020730130805
FIS,2026-05-08,-5.820112498175877,False,5.68,0.16095748009590238
FIS,2026-02-24,1.7699109455633355,False,-0.5,5.933091834427784
FIS,2025-11-05,0.9026113249711365,True,1.72,-3.227800673390413
FIS,2025-08-05,-5.268481877752629,False,0.09,-4.001666870426779
FIS,2025-05-06,-1.5832477186131677,False,1.05,6.206348671622908
FIS,2025-02-11,-12.89620046391391,True,2.38,-5.809189485886868
FIS,2024-11-04,-1.2345684231095722,True,8.31,-1.426969300956138
FISV,2026-05-05,-7.944597308333634,False,13.49,-2.182262616338948
FISV,2026-02-10,-0.8313934238018295,True,4.6,-1.565744591543683
FISV,2025-10-29,-43.44138729811311,False,-22.9,-8.59773346461079
FISV,2025-07-23,-17.459932807270672,True,1.49,-6.2657389607462814
FISV,2025-04-24,-11.08245607598497,False,3.1,2.5381603437428346
FISV,2025-02-05,4.756793195471909,True,1.18,2.1347945464836204
FISV,2024-10-22,-2.6576079230239524,True,1.6,1.6777713899116309
FITB,2026-07-17,-0.7411127414938878,False,-1.24,-2.6029966647537317
FITB,2026-04-17,2.8069400699923364,False,-0.12,0.1787861498772303
FITB,2026-01-20,-0.6305968661461159,True,4.93,5.247413974861126
FITB,2025-10-17,3.8404386419688796,False,5.86,1.7852674942208102
FITB,2025-07-17,-0.3251904458838495,False,3.85,-2.4407605135995603
FITB,2025-04-17,-3.110468931063348,True,1.42,8.638351576511226
FITB,2025-01-21,1.3757326872429587,False,3.01,-2.2068854827060447
FITB,2024-10-18,0.7493843167176051,False,3.17,-3.4251044823950028
FIX,2026-04-24,0.012962163481877731,False,54.44,13.107431879648267
FIX,2026-02-20,2.9843007265754506,True,38.71,-12.48130903243645
FIX,2025-10-24,15.757572788686879,True,31.26,-2.689320766809211
FIX,2025-07-25,18.2062069092761,True,35.05,0.43848227525840056
FIX,2025-04-25,2.3364538006052094,True,28.12,9.423056671932994
FIX,2025-02-21,7.701569188272983,False,11.07,-10.923096007061094
FIX,2024-10-25,-5.688455176749018,False,2.41,24.71256173408378
FLEX,2026-05-06,24.26127762185002,True,6.07,-2.3825365968017986
FLEX,2026-02-04,-4.682522257796773,False,10.54,10.674823361949715
FLEX,2025-10-29,-7.422969653270983,True,4.35,-4.81089315973402
FLEX,2025-07-24,-6.078067851553248,False,12.34,0.08053335414124341
FLEX,2025-05-07,0.13597834223031402,True,5.23,8.511197568645713
FLEX,2025-01-29,4.1635836914408975,False,21.82,3.613587233565063
FLEX,2024-10-30,-0.490332212066813,True,14.34,5.813308837389397
FOX,2026-05-11,2.4204996175193116,True,22.22,-5.067012845141871
FOX,2026-02-04,-2.057612509923812,False,51.85,-15.345392425331584
FOX,2025-10-30,3.486659955028326,True,38.53,0.2039767413449134
FOX,2025-08-05,0.3844604432249321,False,22.12,6.291194291091751
FOX,2025-05-12,4.730304687592768,False,26.44,4.987683783941588
FOX,2025-02-04,6.46473734180022,False,54.84,3.9961106312993877
FOX,2024-11-04,7.84263651076218,False,26.09,6.981979077575362
FOXA,2026-05-11,3.5907187334671464,True,36.35,-4.075608515179252
FOXA,2026-02-04,2.4619358968474225,False,58.6,-17.082540389750168
FOXA,2025-10-30,3.4862627280501046,True,37.42,-0.10685096058193899
FOXA,2025-08-05,1.6584763535291147,False,27.28,5.93915474119342
FOXA,2025-05-12,6.847129494930093,False,22.62,6.447923976505088
FOXA,2025-02-04,6.698742036433036,False,50.24,5.161055699617179
FOXA,2024-11-04,8.954163683773952,False,27.05,5.53488688948629
FRT,2026-05-01,1.4337166895085351,True,165.2,-1.873043564422805
FRT,2026-02-13,1.0405774678077462,False,104.68,5.286246417125229
FRT,2025-10-31,1.6759745131118775,False,-11.3,0.873271899959227
FRT,2025-08-07,1.770775849601125,False,138.29,4.276735923068409
FRT,2025-05-09,0.020992976065969948,False,2.23,-1.0053447509027036
FRT,2025-02-14,-0.2861713865872084,False,-1.09,0.42844334654645877
FRT,2024-10-31,-2.8358783637990936,False,-5.24,2.282560346658502
FSLR,2026-05-01,-0.8965266056098486,True,8.26,10.230970533478123
FSLR,2026-02-25,-18.77801577525733,True,-6.35,-4.6973136048679365
FSLR,2025-10-31,6.657249306387514,True,0.51,-5.192178198692366
FSLR,2025-08-01,6.644537797880634,False,21.26,8.686196456762719
FSLR,2025-04-30,-12.00816285143217,True,-21.01,53.37783833699816
FSLR,2025-02-26,4.882677756968468,True,-22.11,-13.26192523426678
FSLR,2024-10-30,-6.029946109352647,True,-7.77,-7.782276008702526
FTNT,2026-05-07,17.020573326753706,True,32.63,19.903681809946463
FTNT,2026-02-06,3.636136748366181,True,8.95,-8.651526676284227
FTNT,2025-11-06,-11.559477914814288,True,16.91,-3.1040476428875086
FTNT,2025-08-07,-23.068956675182918,True,8.27,3.2536478737698937
FTNT,2025-05-08,-8.545729612316377,True,9.02,6.015965839295467
FTNT,2025-02-07,4.555000560984879,False,21.86,0.95671441971108
FTNT,2024-11-08,0.9799231498968997,True,21.52,0.7931287704017187
FTV,2026-04-30,0.5829961413881923,False,8.89,-1.4550987755218792
FTV,2026-02-04,0.27599355401690673,True,7.36,-3.7751535933641223
FTV,2025-10-29,11.716838279959196,False,19.48,3.357165951515806
FTV,2025-07-30,3.809902564363399,False,-2.13,-1.8529649839787443
FTV,2025-05-01,-6.328030819483632,True,-0.17,8.535485695425727
FTV,2025-02-07,0.20039173466206428,False,4.44,1.2770288714052835
FTV,2024-10-30,-1.8230662980487033,False,4.15,5.687341807796487
GD,2026-04-29,7.778623675678964,True,11.02,0.77641857848465
GD,2026-01-28,-4.045052990217024,True,1.54,-2.89895875529973
GD,2025-10-24,4.538790041213647,False,4.57,-1.2629299318589693
GD,2025-07-23,4.1666689236116605,True,5.59,-0.6152792719417377
GD,2025-04-23,-1.1535581363982361,False,5.72,1.3999119680773164
GD,2025-01-29,-3.3324281489871876,False,2.71,-0.047728716640527136
GD,2024-10-23,-0.37256797575554446,False,-4.56,1.3337757690560226
GDDY,2026-05-01,8.29588301911639,False,5.44,0.48409193015674923
GDDY,2026-02-25,-16.700975520968598,True,14.05,9.378157117500674
GDDY,2025-10-31,2.303933917908463,True,3.11,-2.5764349198286074
GDDY,2025-08-08,-6.502498683834235,False,5.41,10.288714355252981
GDDY,2025-05-02,-10.220421917097566,True,9.94,7.902644998096009
GDDY,2025-02-14,-8.370186246398791,False,-5.54,-2.4699489212901438
GDDY,2024-10-31,1.6707901276393988,True,6.38,11.08512583698069
GE,2026-07-16,-1.9786332071725532,False,8.62,2.692852012480307
GE,2026-04-21,-3.3004035953319355,False,16.31,-0.01744482448183815
GE,2026-01-22,-3.965468332021671,False,9.81,3.854236748743478
GE,2025-10-21,1.5263592049804764,False,13.01,-0.7924789234275753
GE,2025-07-17,1.359981930171661,False,15.97,4.1493626794343985
GE,2025-04-22,4.569662266558505,True,17.51,10.265356483978682
GE,2025-01-23,6.922921484411271,False,26.9,2.6195184357725942
GE,2024-10-22,-5.0095258799517595,False,1.34,-0.7924964878214702
GEHC,2026-04-29,-9.270067756036948,False,-5.71,4.043033896228976
GEHC,2026-02-04,1.1805142317957262,True,2.99,0.45988109363246377
GEHC,2025-10-29,-3.3501323077647527,True,2.21,-3.101561740941061
GEHC,2025-07-30,-5.62274996337242,False,15.51,5.150754452468331
GEHC,2025-04-30,6.476719754185134,False,10.61,3.5688888096324423
GEHC,2025-02-13,4.7729949231449575,True,14.77,-6.557566378986401
GEHC,2024-10-30,5.230459551854105,False,8.3,-3.4633070527734344
GEN,2026-05-08,4.309056751679141,True,3.4,10.02209433160166
GEN,2026-02-06,5.706638747335169,True,1.43,-10.245249894109975
GEN,2025-11-07,-2.6719054005765464,True,1.59,3.4723946724261268
GEN,2025-08-08,4.987622361010802,True,6.72,4.1245838120846035
GEN,2025-05-07,4.937794521799277,True,1.31,-0.4300538784508201
GEN,2025-01-31,-4.589455558598143,True,1.59,3.4716274550458115
GEN,2024-10-31,2.749892561087486,True,-0.42,3.194797298294194
GEV,2026-04-22,8.560481277410648,True,771.56,-0.7627172343051658
GEV,2026-01-28,-0.1876697136993677,True,316.08,15.750635749948794
GEV,2025-10-22,3.7021847581354184,False,-11.67,-2.829848165467197
GEV,2025-07-23,8.51747348475389,True,13.44,5.6467774594539
GEV,2025-04-23,8.577917101170641,False,49.13,21.041976133690653
GEV,2025-01-22,3.3653942731573405,False,-30.6,-13.853903957022961
GEV,2024-10-23,-0.9803879547175098,True,-232.71,20.158641951313516
GILD,2026-05-08,-3.028494748036459,True,6.24,2.3071704398509363
GILD,2026-02-11,1.134278447975201,True,2.82,-7.721443187766697
GILD,2025-10-31,-2.009460611693492,True,15.68,4.365969655407298
GILD,2025-08-08,4.479502220461629,True,2.72,-3.885778434045728
GILD,2025-04-25,-3.2689736056917384,True,1.94,-6.067651981294231
GILD,2025-02-12,5.824825515575038,True,11.73,8.401886593085695
GILD,2024-11-07,2.5193520737435193,True,30.48,-8.314606135150338
GIS,2026-07-01,8.390805706923343,True,19.21,4.235882165157134
GIS,2026-03-18,-0.23232178886219979,False,-12.14,-1.0109028943648735
GIS,2025-12-17,2.084209505674517,True,7.09,-5.945263672988476
GIS,2025-09-17,-1.7151121102815248,True,5.45,3.0906904074401886
GIS,2025-06-25,-2.546351790824508,False,4.14,2.5637174797594975
GIS,2025-03-19,-1.7869034667576056,False,4.02,-0.016889862974422964
GIS,2024-12-18,-4.292443799340095,True,15.03,-0.046936929875585065
GIS,2024-09-18,-3.020137266934775,True,0.98,-2.279719579425399
GL,2026-04-23,-0.813221156790811,True,-1.35,-0.9872093576243857
GL,2026-02-05,3.003729286246415,False,-3.2,-1.7420903039920055
GL,2025-10-23,-1.3861269431205359,True,3.94,-2.8518784306675538
GL,2025-07-24,-4.029325095800118e-07,True,0.76,6.82785753617432
GL,2025-05-01,-9.899460045444009,True,-5.22,2.420994001062904
GL,2025-02-06,0.8450498658492345,False,0.66,2.183878088670621
GL,2024-10-24,3.7344338064902116,False,14.17,-0.7221888884556549
GLW,2026-04-28,-10.070822630197195,True,1.21,29.526299519038357
GLW,2026-01-28,-1.6858036246447994,False,2.08,27.44533634496582
GLW,2025-10-28,-5.6618621068830866,True,0.8,1.7355150007185571
GLW,2025-07-29,6.244367960465902,True,5.13,6.082598198593492
GLW,2025-04-29,-2.040797094174762,True,5.43,7.107492025449824
GLW,2025-01-29,7.5736746052398995,False,2.1,4.4377625588264635
GLW,2024-10-29,5.5294601945039545,False,3.05,-1.4480979074849576
GM,2026-04-28,0.07696589535854947,True,40.19,-3.1792260747691814
GM,2026-01-27,5.287666140699088,True,10.65,-7.073396503520635
GM,2025-10-21,9.931014616419098,True,20.55,0.37527539618837924
GM,2025-07-22,-2.8002286016203692,False,2.15,7.547558757158557
GM,2025-04-29,-2.815417518606833,True,4.28,7.498931283943455
GM,2025-01-28,-7.17407434779499,False,4.3,-6.67466075419868
GM,2024-10-22,2.227677381710813,True,23.78,-0.05582666837782302
GNRC,2026-04-29,12.27432284202543,True,35.49,5.665823950181492
GNRC,2026-02-11,5.320897852913475,True,-9.02,9.005070057066966
GNRC,2025-10-29,-10.912437899575256,True,-16.72,-10.19573282051114
GNRC,2025-07-30,9.040438814194918,True,24.58,12.071826576527966
GNRC,2025-04-30,-2.8170212576737796,True,30.39,12.353556209755666
GNRC,2025-02-12,0.45858181973594814,True,10.82,-10.632989032188389
GNRC,2024-10-31,-2.815618569988554,True,15.48,12.558135247894263
GOOG,2026-04-30,6.8944150570336316,True,94.3,3.9875416157587606
GOOG,2026-02-05,-6.041874089895016,True,6.78,-4.958796818401656
GOOG,2025-10-30,6.014463730518926,False,26.88,-0.9861670645126663
GOOG,2025-07-24,3.446301584336453,False,5.09,2.1117972180432876
GOOG,2025-04-25,3.4867173962015885,False,39.84,-5.7796786671607485
GOOG,2025-02-05,-7.033837499261741,True,1.18,-3.445431328587989
GOOG,2024-10-30,6.585274288826337,False,14.74,2.4696167906358424
GOOGL,2026-04-30,6.895468111920633,True,91.59,4.228177709828729
GOOGL,2026-02-05,-6.251505489820264,True,7.01,-4.911695166826712
GOOGL,2025-10-30,6.198792973525258,False,26.88,-1.0338246831305464
GOOGL,2025-07-24,3.574627396762975,False,5.67,2.263623498474465
GOOGL,2025-04-25,3.635127203412991,False,40.1,-5.686590573273476
GOOGL,2025-02-05,-7.418345770134938,True,1.18,-3.538394320919358
GOOGL,2024-10-30,6.482805636584121,False,14.83,2.5335309923033122
GPC,2026-04-21,1.9184650305142714,True,1.26,-9.313039352282647
GPC,2026-02-17,-6.64582343876342,False,-14.76,-7.41212433107431
GPC,2025-10-21,0.9028009001949666,True,-0.51,-8.787443301746977
GPC,2025-07-22,-1.2430417921752257,True,1.61,-0.555086574440744
GPC,2025-04-22,3.800739330976377,False,4.17,1.8007883556759863
GPC,2025-02-18,-0.41633428736305156,False,3.6,1.0028698235187594
GPC,2024-10-22,-15.846848844477124,False,-22.51,3.0854920185621193
GPN,2026-05-06,4.073704764077446,False,5.43,1.6515874904046823
GPN,2026-02-18,14.01749193285613,True,0.62,-4.540985383010665
GPN,2025-11-04,4.6692584562260775,False,0.79,-9.917454788671943
GPN,2025-08-06,11.847964799886457,False,1.47,0.268873705172723
GPN,2025-05-06,-1.0347059928439983,True,-0.98,0.5676206889637658
GPN,2025-02-13,-0.2572791841563449,False,-0.22,1.104394977079437
GPN,2024-10-30,-1.0600712879408336,True,-0.63,12.329434775031455
GRMN,2026-04-29,-2.3848927272954956,True,13.14,-8.32148135112173
GRMN,2026-02-18,15.766430363731976,False,16.63,5.777808761961434
GRMN,2025-10-29,-11.052441915337264,False,,-9.562401645395536
GRMN,2025-07-30,0.4930964418978778,False,14.38,6.812942493607599
GRMN,2025-04-30,-8.878007653774311,True,-3.99,7.336650355551844
GRMN,2025-02-19,10.811051692068485,True,19.24,-7.076418051155608
GRMN,2024-10-30,11.926372111688055,True,37.68,3.9332449398995495
GS,2026-07-14,3.737411875101748,True,44.27,-9.356143349095392
GS,2026-04-13,-3.5525436950501366,True,8.09,5.278458025042765
GS,2026-01-15,-0.8330924638740078,True,19.09,-4.145058676669322
GS,2025-10-14,-2.8381533019440686,True,10.49,2.76740341098467
GS,2025-07-16,0.8526473557629588,True,13.39,3.093883788126961
GS,2025-04-14,3.1469917419522986,False,14.88,8.917007139389078
GS,2025-01-15,4.631409436020673,True,32.26,6.565237710300309
GS,2024-10-15,3.070295512317056,False,23.35,0.36372359909917495
GWW,2026-05-07,9.4148050213944,False,14.08,0.6212099857453524
GWW,2026-02-03,-0.837469675096425,True,-0.22,-1.629077361917075
GWW,2025-10-31,1.3364802596043557,True,2.58,-5.167825660290093
GWW,2025-08-01,-9.942868392511572,False,-1.03,4.268643913137304
GWW,2025-05-01,2.090170160285232,True,3.69,3.175216961698646
GWW,2025-01-31,-5.671929978697032,True,-0.32,-3.0961733577831385
GWW,2024-10-31,2.657968771744179,False,-1.13,6.203512874835115
HAL,2026-04-21,3.6804697080778936,True,10.42,9.357802255536708
HAL,2026-01-21,1.372419233603539,True,26.32,2.937655988690646
HAL,2025-10-21,8.620683638002102,True,16.93,6.2202742943743505
HAL,2025-07-22,-2.266273113292383,True,-0.72,1.3557743445370862
HAL,2025-04-22,-8.257300623002873,True,-0.43,-6.086953214909285
HAL,2025-01-22,-1.7947898984062238,False,0.69,-7.689604381175519
HAL,2024-11-07,-2.1639236671025963,False,-3.1,7.851103189830977
HAS,2026-05-14,3.691099609026871,False,29.52,-9.911136883842497
HAS,2026-02-10,2.1599789560788007,True,59.28,-3.4252614577769736
HAS,2025-10-23,-5.534852858239525,True,2.87,-1.7064525682790155
HAS,2025-07-23,-0.0902351358878839,False,68.56,0.2732946766240474
HAS,2025-04-24,7.515658319473761,True,54.3,2.3355993239113637
HAS,2025-02-20,4.841337742132779,True,33.13,-7.0370431705579435
HAS,2024-10-24,0.17063250178566136,False,34.06,-2.9651982640541585
HBAN,2026-04-23,-0.23780713943194476,True,4.99,-3.8027280437828104
HBAN,2026-01-22,-2.5040054627592734,False,-1.34,7.82314207236523
HBAN,2025-10-17,1.6916042425341171,False,7.07,-0.3870995661081067
HBAN,2025-07-18,-0.3533621984310398,False,1.16,-4.009564452882596
HBAN,2025-04-17,3.391112574610733,False,8.48,10.31455051054424
HBAN,2025-01-17,0.9501252073066846,True,5.99,-0.9994197606925437
HBAN,2024-10-17,-1.7676735997060433,False,10.36,1.0369406644132217
HCA,2026-04-24,-9.288444663792085,True,0.29,0.6312743039511126
HCA,2026-01-27,6.90545701043066,True,7.14,-0.7492533438788196
HCA,2025-10-24,3.8554146837899594,False,21.55,6.61461778657586
HCA,2025-07-25,-1.6135689637166273,False,8.21,14.14511750944385
HCA,2025-04-25,2.589253905188693,False,12.09,7.861670911344487
HCA,2025-01-24,-0.43950106977684866,False,1.22,2.8683581604143082
HCA,2024-10-25,-7.244935125791141,False,-1.64,-2.5828585580615293
HD,2026-05-19,-2.6483488173599357,True,0.69,3.481690218737765
HD,2026-02-24,3.2149383774384477,False,7.8,-7.1083095847622735
HD,2025-11-18,-5.041465843741388,False,-2.45,6.368875029464438
HD,2025-08-19,1.6012040496976576,True,-0.31,0.1252543170423781
HD,2025-05-20,1.8424710902160912,False,-0.81,-1.2332562151070148
HD,2025-02-25,0.674649337980382,True,-0.79,-6.38968708801686
HD,2024-11-12,1.4597434450905666,False,0.33,6.559499608921127
HD,2024-08-13,-1.1393531211287389,True,1.16,6.601534778978091
HIG,2026-04-24,-1.203357595707677,False,-8.83,-1.8073646509071506
HIG,2026-01-30,1.6997758322022216,True,26.23,4.583147372003027
HIG,2025-10-28,-2.864685449926596,True,17.59,6.9117190609272905
HIG,2025-07-29,2.0042952674737435,True,20.36,3.514114241519506
HIG,2025-04-25,-0.1509518904684759,False,2.45,7.376210167325148
HIG,2025-01-31,-7.246624023660053,True,11.23,0.38547422951646926
HIG,2024-10-25,-5.586906675731873,False,-1.37,4.605368017947731
HII,2026-05-05,-6.946083200324971,False,1.68,-0.46913394841359146
HII,2026-02-05,-14.167111228296447,True,5.03,18.460661298041913
HII,2025-10-30,5.555930004630705,True,8.31,-2.0058302435171926
HII,2025-07-31,7.794383815007833,True,12.53,-4.088077190845785
HII,2025-05-01,3.2647401013589095,False,34.99,0.29894176317721843
HII,2025-02-06,-12.470586046006005,False,2.03,6.597803233706312
HII,2024-10-31,-14.168233279522013,False,-31.67,5.606620724714051
HLT,2026-04-28,-2.716192270179274,False,1.78,-3.0275794320728577
HLT,2026-02-11,-0.5993222059890613,True,3.16,-2.2452614332570175
HLT,2025-10-22,3.023006207648904,True,2.96,-3.8536981859779607
HLT,2025-07-23,-3.264697678511863,True,7.62,-2.2109716265421575
HLT,2025-04-29,1.3537844539034838,True,7.02,13.073632599840712
HLT,2025-02-06,-0.06592979618396111,True,4.48,-3.9774380667799702
HLT,2024-10-23,-0.26455531321858405,False,4.25,5.53746071500496
HON,2026-04-23,-5.500752441428047,True,5.55,0.8071390354968955
HON,2026-01-29,2.1233268038419073,True,2.14,5.540403775405944
HON,2025-10-23,4.06079064073428,True,9.87,-5.804812983862117
HON,2025-07-24,-5.4958812720148575,False,3.43,-3.519242487781793
HON,2025-04-29,3.3838290554449646,True,13.64,3.1821859537745745
HON,2025-02-06,-3.305594752806218,False,5.28,1.0103802432694486
HON,2024-10-24,-2.7094389010374087,False,3.08,4.017206564570186
HOOD,2026-04-29,-11.9044677463092,False,-1.98,7.794948440506677
HOOD,2026-02-11,-9.024531088580034,True,3.8,1.8981604519278772
HOOD,2025-11-06,-1.7405922248071248,False,12.07,-16.422727766661083
HOOD,2025-07-31,-2.106503904330126,False,35.99,7.433280743201465
HOOD,2025-05-01,4.103032711475296,False,13.48,30.15873379541194
HOOD,2025-02-13,11.053479381223497,True,99.1,-21.473355684589592
HOOD,2024-10-31,-7.763199921244956,False,-3.36,37.16475749105297
HPE,2026-06-02,34.17021770195243,False,48.03,-13.585849490683955
HPE,2026-03-10,0.9628672514658598,False,10.75,14.000508050613082
HPE,2025-12-05,-8.733616606817197,True,6.55,5.344739313680269
HPE,2025-09-04,4.73269287400826,False,5.41,9.556907767773449
HPE,2025-06-04,8.366307991732015,False,16.33,0.3927921842622695
HPE,2025-03-07,-15.03340574876686,True,-1.75,2.337731168012702
HPE,2024-12-06,4.75750316283754,True,3.78,-9.205340307716636
HPE,2024-09-05,-8.63081551109126,True,6.64,7.623953740521405
HPQ,2026-05-28,3.099256950002127,False,20.26,-0.11800336788574395
HPQ,2026-02-25,-2.7472553352305917,True,5.61,3.0176442329395092
HPQ,2025-11-26,-0.9046081852728594,False,0.76,7.225269792101563
HPQ,2025-08-28,4.684602634383772,False,-0.04,-0.3486740681159284
HPQ,2025-05-29,-12.426481022631952,True,-11.63,0.29230517736775763
HPQ,2025-02-28,-5.131305011125498,False,-0.49,-7.030114298741729
HPQ,2024-11-27,-6.496150676284207,False,-0.19,1.7649639387256277
HPQ,2024-08-29,-1.8699634733781667,True,-3.9,-5.253657264825417
HRL,2026-05-28,9.589695043923196,True,12.87,3.603223160911173
HRL,2026-02-26,1.5408923363618543,False,6.12,-8.541498956549255
HRL,2025-12-04,7.8642098586048315,False,5.99,-0.6622548078264567
HRL,2025-08-28,-14.610613775515514,True,-14.55,-0.5550999082726826
HRL,2025-05-29,-2.430084915805941,True,3.28,2.205387510867296
HRL,2025-02-27,-0.5917240565379012,False,-6.61,3.911207055674759
HRL,2024-12-04,-2.514134447480787,True,-1.16,-0.28133821086130384
HRL,2024-09-04,-9.927568121207687,True,1.44,4.482443474487252
HSIC,2026-05-05,-0.722017033190836,True,8.44,-1.949716988148642
HSIC,2026-02-24,4.257168075173912,False,3.48,-8.470303164775428
HSIC,2025-11-04,8.292080230449272,True,7.89,-0.5725508429197057
HSIC,2025-08-05,-5.369886728219752,False,-7.61,5.367878496452683
HSIC,2025-05-05,-0.35222564499926,True,3.59,7.900261883715554
HSIC,2025-02-25,3.760945636141555,False,-1.56,-3.824850352877107
HSIC,2024-11-05,-1.8941002514862748,False,4.49,8.479487831950273
HST,2026-05-07,2.214024088406963,False,116.0,3.4148604417411965
HST,2026-02-18,-0.9994990173757934,True,4.07,-0.6910184007792086
HST,2025-11-06,4.256638580750494,True,428.25,-2.944576591674408
HST,2025-07-31,1.3639278071323702,False,40.66,1.653933118983475
HST,2025-05-01,4.886672023715488,False,25.0,5.987617373666132
HST,2025-02-20,-2.2248280183153613,True,19.05,-5.72792589246226
HST,2024-11-07,2.0011364775653906,False,16.13,-0.6111213333813481
HSY,2026-04-30,-1.0255879197144324,False,14.7,2.465813141753803
HSY,2026-02-05,6.346280827924722,True,21.77,-0.5142098159251929
HSY,2025-10-30,-1.7971215370351734,False,22.22,4.078054381105112
HSY,2025-07-30,4.172256983332789,False,20.42,-4.644378441797292
HSY,2025-05-01,-0.5263716694073661,True,8.03,-2.0582698531969257
HSY,2025-02-06,6.393910210125364,False,13.26,14.444862869496045
HSY,2024-11-07,-1.0292990586729278,False,-8.29,2.03275190649439
HUBB,2026-04-30,-5.848730042499827,False,1.68,-5.143953167070869
HUBB,2026-02-03,0.9019544483862107,True,0.18,3.6597495288864357
HUBB,2025-10-28,-1.9540102010579652,True,3.91,-1.1463971886078395
HUBB,2025-07-29,-3.036670716437029,True,12.13,1.1256063371515301
HUBB,2025-05-01,0.7571961665699511,False,-9.21,12.683604282319205
HUBB,2025-02-04,0.7584551351105695,False,2.07,-2.127666671657258
HUBB,2024-10-29,-5.566300239160982,True,0.68,2.7060838147196176
HUM,2026-04-29,-5.45446581009974,True,1.05,25.390758832155534
HUM,2026-02-11,-5.70325497110471,True,0.68,6.516541748564797
HUM,2025-11-05,-7.496357109489649,True,14.64,-13.603084931446874
HUM,2025-07-30,7.295152588272358,True,6.86,7.847936615510953
HUM,2025-04-30,5.432608526906479,False,14.97,-12.114845490307601
HUM,2025-02-11,2.5599752576781487,False,-1.93,-0.8820992206107547
HUM,2024-10-30,0.8650963032916126,True,22.85,8.673815792008476
HWM,2026-05-07,7.553722092782289,False,10.28,-4.599514779269597
HWM,2026-02-12,2.1485726515449333,True,8.7,7.247030072602079
HWM,2025-10-30,-1.1598177057752457,True,4.48,-0.17472212387932284
HWM,2025-07-31,-2.2691713444186967,False,4.22,-2.0379518531981833
HWM,2025-05-01,5.686248252353465,True,10.7,9.0268732234553
HWM,2025-02-13,-1.912719885760672,True,2.81,6.65208772384791
HWM,2024-11-06,8.702033871275926,True,8.6,2.8948394084255646
IBKR,2026-04-22,-1.9593061725554861,True,0.1,11.432588540406297
IBKR,2026-01-21,0.6852229142754629,True,11.05,-3.1134626704413138
IBKR,2025-10-17,-2.6707556235850527,False,6.05,6.235848172321545
IBKR,2025-07-18,7.370015766580296,True,8.82,-0.6869638769425479
IBKR,2025-04-16,-8.089718830827364,False,-2.73,10.411654905496114
IBKR,2025-01-22,7.348435224318228,True,9.37,11.283249177153554
IBKR,2024-10-16,-3.104983295933461,False,-3.77,5.082453217857652
IBM,2026-04-23,-7.778128692158715,False,5.45,0.0995316233246557
IBM,2026-01-29,8.056835709169242,False,5.3,-15.599652233517835
IBM,2025-10-23,-7.846692093840035,True,8.31,9.621060995180386
IBM,2025-07-24,-7.361447138401744,False,5.47,-3.9729844530010716
IBM,2025-04-24,-5.825320702231096,False,12.12,10.818474453451765
IBM,2025-01-30,9.346979034477766,True,3.81,1.0248206080399669
IBM,2024-10-24,-5.134265821231909,False,3.33,-2.1521196359573835
ICE,2026-04-30,-0.7234833578824484,True,3.86,-1.4991403520686286
ICE,2026-02-05,2.3233107399236674,False,2.23,-8.485345380110765
ICE,2025-10-30,-2.7021714660725116,True,6.44,2.814426021575489
ICE,2025-07-31,-5.938777003500206e-06,False,2.26,-1.1632309197821877
ICE,2025-05-01,-1.0299369554055304,True,0.99,2.347216552145981
ICE,2025-02-06,3.0055933185666683,True,1.98,0.11332664438314932
ICE,2024-10-31,-4.329535204781898,False,-0.06,0.3849370544281916
IDXX,2026-05-05,1.0814794197107735,False,1.74,-2.9273285124190918
IDXX,2026-02-02,-2.006087129171108,False,4.81,-2.099748778676558
IDXX,2025-11-03,10.08562044279695,True,8.08,-7.461200412101698
IDXX,2025-08-04,23.65836677099804,True,9.97,-6.5789920644824695
IDXX,2025-05-01,8.21218058026778,True,4.07,8.615126846896782
IDXX,2025-02-03,10.176522556399137,True,9.21,-4.259766890315186
IDXX,2024-10-31,-4.67322585789084,False,4.26,4.1113683074526675
IEX,2026-04-29,7.128945010955334,False,12.8,-2.3557525511899158
IEX,2026-02-04,-0.8432037833112083,True,2.89,-2.0683188636352323
IEX,2025-10-29,3.623849404159274,True,5.17,-2.2087600064416124
IEX,2025-07-30,-5.497356095587335,False,4.02,3.1775015541702034
IEX,2025-05-01,5.765337966924378,False,6.65,8.16549333363248
IEX,2025-02-05,-4.797633287175973,False,0.53,-0.7642465748881055
IEX,2024-10-30,2.790857460818952,True,0.82,5.65312683499497
IFF,2026-05-06,14.158549886449311,True,16.51,-10.249607195437848
IFF,2026-02-12,2.481477769138829,True,-3.81,0.8957198521667431
IFF,2025-11-05,2.0003218774675258,True,3.32,1.76560499109375
IFF,2025-08-06,4.70119390196122,False,2.53,-0.07556502513322849
IFF,2025-05-07,-2.03283095109581,False,5.68,4.728901890901027
IFF,2025-02-19,-6.315792770203965,True,17.6,-0.9025417987606144
IFF,2024-11-06,-4.1473306568326045,False,-3.31,1.4502812414935784
INCY,2026-04-28,-1.0133735983418712,True,35.12,1.4221397790348034
INCY,2026-02-10,-5.5305868539016085,False,-6.08,-0.06996471033390295
INCY,2025-10-28,-1.0098865738232377,False,38.04,18.014186428102352
INCY,2025-07-29,2.622571610389368,True,6.59,5.4665333510938385
INCY,2025-04-29,-0.21841577136324508,True,12.32,0.6288285060337628
INCY,2025-02-10,-1.5108527703821761,False,-8.01,8.931183311219627
INCY,2024-10-29,2.801029486232487,True,-2.03,9.483700409841544
INTC,2026-04-24,23.090743412420988,True,2108.68,51.344798622900775
INTC,2026-01-23,-13.733429908659344,False,81.51,12.247615919992082
INTC,2025-10-24,4.874215455421971,False,3162.41,-0.39184356312665924
INTC,2025-07-25,-8.616875509971356,True,-1169.52,-3.623188272257327
INTC,2025-04-25,-8.189856899148118,True,2769.76,6.832922151443688
INTC,2025-01-31,0.4497758698572385,False,8.71,21.461657286660653
INTC,2024-11-01,6.87732114662849,True,-1533.52,4.956894744449003
INTU,2026-05-21,-18.659648467699807,False,1.84,-3.357538835031415
INTU,2026-02-27,-2.4694561196122122,True,12.69,7.5617939731073225
INTU,2025-11-21,5.045179357807861,False,7.99,-1.0420026636977497
INTU,2025-08-22,-6.128180683668649,True,3.4,1.3611909459095628
INTU,2025-05-23,8.096738587557306,True,6.77,6.144732186159896
INTU,2025-02-26,14.374643824640621,False,28.93,-5.494696164893343
INTU,2024-11-22,-1.5500191155111698,False,6.02,1.0092069669673354
INTU,2024-08-23,-0.7951258007193318,False,7.41,1.1518993697279267
INVH,2026-04-30,0.6056263186235311,True,-14.31,-1.0079970016936501
INVH,2026-02-19,-0.6706400201348051,False,-9.22,2.881609574621269
INVH,2025-10-30,0.25482707691628637,True,0.84,-0.5279830678922459
INVH,2025-07-31,-4.461441882509298,True,-2.03,-1.305055845324632
INVH,2025-05-01,1.8133965925559714,True,23.07,-3.0760585938161777
INVH,2025-02-27,0.22172286561052967,True,-11.29,-1.2905095165512748
INVH,2024-10-31,-3.430632725280336,False,-26.64,6.7812765518658225
IP,2026-04-30,-5.926148711161627,False,5.41,3.879023462464626
IP,2026-01-29,0.8917838739072037,False,-131.89,26.07691503280032
IP,2025-10-30,-3.5043969272938513,False,-173.0,-1.915623455832427
IP,2025-07-31,-4.82938769244321,False,-51.08,2.1822868800402073
IP,2025-04-30,-7.4952729444412665,True,-38.04,10.15762596546599
IP,2025-01-30,-4.777499822774889,True,-174.99,-2.8220910187271464
IP,2024-10-31,7.097707697146216,True,74.83,2.502690371833882
IQV,2026-05-05,-0.7083381212594886,True,2.96,-1.8365296036684797
IQV,2026-02-05,-1.313315143425764,False,0.69,-8.477017588165337
IQV,2025-10-28,-3.311409276906152,True,0.81,0.1833740831295838
IQV,2025-07-22,7.7818285069991555,True,1.43,-1.8411848207544268
IQV,2025-05-06,-1.6217998497765729,False,2.57,-0.8549931779017195
IQV,2025-02-06,6.1623848869064135,False,0.36,-9.011246343461266
IQV,2024-10-31,-7.285683541717325,True,1.04,-1.399283247656169
IR,2026-04-29,-1.9953224808869185,False,4.03,-7.836300970847965
IR,2026-02-13,2.38827894829563,True,6.58,-4.618342275149468
IR,2025-10-31,-2.9213784225885275,False,-0.3,-1.1012423123197723
IR,2025-08-01,-6.416155440479709,False,0.16,4.480378736025559
IR,2025-05-02,-0.28868022628883994,True,-2.28,9.514128464990979
IR,2025-02-14,-4.916253119879377,False,-0.06,-3.63975794846636
IR,2024-11-01,-2.0833252137055447,False,3.21,9.023762404903124
IRM,2026-04-30,2.0520457251948176,True,15.76,1.3969406815555585
IRM,2026-02-12,3.382559985946676,True,3.81,2.198112655474471
IRM,2025-11-05,0.3000302194301696,False,2.44,-13.705580316669487
IRM,2025-08-06,2.616433353396963,False,-4.22,1.3882765190413426
IRM,2025-05-01,0.35684795658186275,True,6.99,8.32879672536686
IRM,2025-02-13,-1.0123634209029286,False,-6.23,-2.1837311402491677
IRM,2024-11-06,-3.141663745983736,False,-8.96,1.625314255953314
ISRG,2026-07-17,-9.270993721038245,False,11.86,2.289957974941159
ISRG,2026-04-22,2.231375970212346,True,18.67,-6.59401688367579
ISRG,2026-01-23,0.7968662560356332,False,11.57,-6.839824616088519
ISRG,2025-10-22,17.34451559394592,False,20.7,4.0832509154751895
ISRG,2025-07-23,2.2504892367906093,False,14.08,-5.556333094964472
ISRG,2025-04-23,4.44082595966484,False,4.41,9.88257177507068
ISRG,2025-01-24,-4.396534996743473,True,23.73,-0.18320475072042264
ISRG,2024-10-18,4.700987587276706,True,12.25,-2.8417974445694494
IT,2026-05-05,-1.8076049735117339,True,13.64,3.110571761064662
IT,2026-02-03,-26.907111214109612,True,12.21,0.6805671284762171
IT,2025-11-04,2.6228029425289234,False,13.73,-0.3741650973181909
IT,2025-08-05,-27.982533442131118,True,6.8,-0.43044636760365407
IT,2025-05-06,-2.208539732709247,True,9.71,3.460218979054086
IT,2025-02-04,4.93611530942919,False,67.22,-5.693026702937942
IT,2024-11-05,1.0177037724792726,True,5.61,0.8276856278058187
ITW,2026-04-30,-5.898298135357994,True,3.71,-2.806101017399487
ITW,2026-02-03,1.0484201456549158,True,1.24,6.184782670104116
ITW,2025-10-24,-3.278430284956668,False,3.95,-0.10579649921269585
ITW,2025-07-30,-0.6589531639041191,False,0.52,5.3810034691959885
ITW,2025-04-30,-0.77352924968489,True,1.14,2.1799869062881116
ITW,2025-02-05,-2.6229026355732765,True,1.86,4.444630476706224
ITW,2024-10-30,2.718314944969724,True,54.97,3.264869633919143
IVZ,2026-04-28,-1.3343828280766634,True,-1.21,9.744771562676725
IVZ,2026-01-27,2.2004928136050594,False,7.1,0.47864828946806437
IVZ,2025-10-28,0.4262557862132921,True,37.73,-0.33388082652515694
IVZ,2025-07-22,-0.7920878844513757,True,-10.7,-0.37647280912036507
IVZ,2025-04-22,6.902088008127105,True,13.91,5.114901063927313
IVZ,2025-01-28,5.633812929962034,True,9.63,-3.102390370467556
IVZ,2024-10-22,-0.9988939005742159,True,1.76,-0.9977749799525815
J,2026-05-06,-7.272059978313338,False,7.09,-10.108990926348527
J,2026-02-04,3.5061329553744303,True,1.78,-2.80471228153768
J,2025-11-20,3.757314026517,False,4.18,8.81675416364953
J,2025-08-05,-2.1512176422013085,True,5.44,1.7560618144970563
J,2025-05-06,-6.870408851440257,True,3.54,8.312699799228929
J,2025-02-04,1.2105487009623772,False,5.74,-2.679295557771022
J,2024-11-19,-2.500900373645898,False,-0.34,3.6249407229792308
JBHT,2026-07-16,7.137686878468608,True,9.55,-9.785198836730192
JBHT,2026-04-16,4.028192612640491,True,3.09,5.542960912202566
JBHT,2026-01-16,-3.2490850139366367,True,4.77,3.586468686020483
JBHT,2025-10-16,17.402585384478165,True,20.66,-1.7279010697548225
JBHT,2025-07-16,6.032516414758149,False,0.52,-4.9986841150869825
JBHT,2025-04-16,-5.2623843236786705,False,2.19,4.064771771460696
JBHT,2025-01-17,-6.015046965819892,False,-5.83,-2.9863693757905208
JBHT,2024-10-16,7.575162481447695,False,7.21,0.9603289068311982
JBL,2026-06-17,9.813313793935198,False,1.35,-8.981818285398512
JBL,2026-03-18,-5.5841492030819895,True,7.22,5.137815612946839
JBL,2025-12-17,4.676322954294498,False,4.36,11.137310615217633
JBL,2025-09-25,-8.243078667440084,True,11.69,-2.6117921593120874
JBL,2025-06-17,2.416781835088644,True,9.78,12.69743629061033
JBL,2025-03-20,4.889619800028933,False,6.17,-14.141707695476423
JBL,2024-12-18,10.607646167941276,False,6.53,4.154762666259093
JBL,2024-09-26,9.318530302133654,True,3.63,-2.9530230211005537
JCI,2026-05-06,-4.136170671598061,True,6.46,-3.7655514125267353
JCI,2026-02-04,6.846215752496154,False,5.7,10.201554327501139
JCI,2025-11-05,8.906695018512023,False,4.66,-5.3284759129093135
JCI,2025-07-29,-4.447630429592541,False,3.63,3.293294864767593
JCI,2025-05-07,-0.3490586360334391,True,2.62,8.31197165953581
JCI,2025-02-05,12.705404373932305,False,8.46,3.278687492382404
JCI,2024-11-06,3.5933698077435627,True,2.68,1.85345598186335
JKHY,2026-05-06,-0.3214160503494434,False,10.37,-2.141648849272193
JKHY,2026-02-04,2.7684210303661416,True,17.07,-7.273576586406339
JKHY,2025-11-05,2.8146147588218318,True,12.81,3.7352145824748773
JKHY,2025-08-20,-1.0147603198032318,True,4.08,-1.178278698213775
JKHY,2025-05-07,-4.557624853021325,True,8.66,6.600641930128592
JKHY,2025-02-05,0.05168884253254902,False,2.09,-2.361385881763778
JKHY,2024-11-06,2.0698651045523153,False,-0.17,-5.144135970902763
JKHY,2024-08-21,-2.1443572525714827,True,1.56,4.690225072238707
JNJ,2026-07-15,-1.4811934903368629,False,1.58,7.493318025539164
JNJ,2026-04-14,-1.2397094983237156,True,0.85,-5.127030197152271
JNJ,2026-01-21,-3.304158645862365,True,-0.11,7.550108151161816
JNJ,2025-10-14,1.0581446174848574,False,1.49,-2.053974311226825
JNJ,2025-07-16,3.306041403225657,True,3.21,1.5050438159592172
JNJ,2025-04-15,0.8681148307205788,False,7.38,1.7510594037232652
JNJ,2025-01-22,-2.801211840791662,True,1.38,6.484497853660098
JNJ,2024-10-15,-0.9901054930765985,True,9.71,-2.443636176106123
JPM,2026-07-14,-2.2509188433844196,True,5.86,4.205425149210296
JPM,2026-04-14,-1.2305507911550495,True,7.78,0.1060788000148527
JPM,2026-01-13,-0.05855738145308376,False,-3.91,-3.2582958350660274
JPM,2025-10-14,-0.691620148806471,False,4.01,1.0858029628382004
JPM,2025-07-15,-0.24247577411989907,False,10.62,3.660804885400215
JPM,2025-04-11,-0.352251642789847,True,9.15,2.9720496571856936
JPM,2025-01-15,1.1839785879578235,True,19.18,6.292839122055183
JPM,2024-10-11,1.3296442752466442,True,9.63,0.008993150347480494
KDP,2026-04-23,2.825923348021986,True,4.25,-0.03505217360507684
KDP,2026-02-24,3.0567677273222627,True,2.01,-9.635834447902369
KDP,2025-10-27,9.536078684522487,False,0.44,-10.639753862970569
KDP,2025-07-24,1.5522234845092298,False,0.96,0.9830295813311851
KDP,2025-04-24,-2.756467771280424,True,9.85,-0.9286217255540796
KDP,2025-02-25,2.3446700596363446,True,1.54,-4.865459441499709
KDP,2024-10-24,-3.7329632797281076,False,0.79,-5.781333986710568
KEY,2026-04-16,0.23180208624158372,True,8.02,2.0304657417740124
KEY,2026-01-20,-2.881444030919733,True,6.28,5.926982366542588
KEY,2025-10-16,-3.1584879237026575,False,7.6,4.350426356552806
KEY,2025-07-22,1.2034893632905996,True,1.9,-4.810256105115407
KEY,2025-04-17,3.0561550572240526,False,4.05,8.549401574922078
KEY,2025-01-21,-4.699445566360105,True,16.71,1.7573757151468694
KEY,2024-10-17,-2.8248626137843846,True,-309.38,0.0
KEYS,2026-05-20,-4.100428918721121,True,23.69,0.30109881306350506
KEYS,2026-02-24,13.355102539062491,True,8.75,-5.287250185926629
KEYS,2025-11-25,12.849666272493444,False,3.01,8.861143697178075
KEYS,2025-08-20,-4.6550041651791,True,2.89,5.324586924417729
KEYS,2025-05-21,5.4054071786227675,False,3.26,-1.6249149811122354
KEYS,2025-02-26,-6.069580681523801,False,7.62,-6.497878603944507
KEYS,2024-11-20,8.597910610158955,True,5.01,2.5078615315571984
KEYS,2024-08-21,12.975387729806798,True,16.56,-6.80564628384036
KHC,2026-05-06,2.7950320056054245,False,15.38,1.9939378833803811
KHC,2026-02-11,-4.417671661145917,True,9.12,-1.680675522349384
KHC,2025-10-29,-1.998435585708369,False,5.77,1.5176378295458814
KHC,2025-07-30,0.7878139367323955,False,8.43,-1.6496940819844874
KHC,2025-04-29,0.29504855375892536,False,3.1,-4.433676644612106
KHC,2025-02-12,-6.930360248807044,True,7.83,7.092939101451856
KHC,2024-10-30,-2.614936163753867,False,1.16,-4.7435370321829655
KIM,2026-04-30,1.1844360993009007,False,7.45,-1.9458474314014595
KIM,2026-02-12,0.27285076303569245,True,-3.69,5.510748097271212
KIM,2025-10-30,0.7476579505627745,False,-2.59,-2.6679332846370363
KIM,2025-07-31,-2.0091353210214047,False,2.94,-0.32972204264376526
KIM,2025-05-01,1.2012076737922817,True,5.1,2.100212547981517
KIM,2025-02-07,2.320405677930437,False,18.89,-2.679773060626378
KIM,2024-10-31,-0.9991564967610445,False,5.32,4.215848591855287
KKR,2026-05-05,-0.3096901046091949,False,10.28,-8.723202845262822
KKR,2026-02-05,-1.689409427769284,False,-1.63,2.2127036065560546
KKR,2025-11-07,-5.883829245177752,True,8.64,-2.0331773998364944
KKR,2025-07-31,0.6514910538217622,False,3.63,-0.22539350337729136
KKR,2025-05-01,1.12890741331515,False,1.66,9.9110429336563
KKR,2025-02-04,-0.8271038970443234,False,3.52,-7.137190036941865
KKR,2024-10-24,3.2407142258457533,True,15.41,5.319629097349732
KLAC,2026-04-30,-7.059206547155339,True,2.5,8.146373508354054
KLAC,2026-01-30,-8.589605704402903,False,0.59,2.53441953098803
KLAC,2025-10-30,-0.0858142028792086,False,2.24,-4.338737622872224
KLAC,2025-08-01,-2.597188250906357,True,9.67,-1.3195783543111794
KLAC,2025-05-01,-1.9197453928744945,False,4.03,19.176094267050825
KLAC,2025-01-31,2.2224187599159784,False,5.73,1.693228590405349
KLAC,2024-10-31,-2.045376108498409,False,4.03,-3.1865885004977224
KMB,2026-04-28,1.2620798112009668,False,2.24,-1.1174344874509967
KMB,2026-01-27,1.3446734525984105,False,2.66,5.2066842321831786
KMB,2025-10-30,3.409862740940728,False,3.93,-13.110390065016775
KMB,2025-08-01,6.4756818699011065,False,15.97,1.760560058466032
KMB,2025-04-22,-4.990350571831947,True,2.04,-3.7340653661167456
KMB,2025-01-28,0.1445798624736483,False,-0.94,2.89710680336428
KMB,2024-10-22,-4.9649915116733006,True,7.22,-2.1197926267501166
KMI,2026-04-23,1.4460878723736803,False,22.1,0.25659361256324953
KMI,2026-01-22,1.9244227664933167,True,6.82,3.146812379908237
KMI,2025-10-23,1.5965142064687354,False,-2.84,0.6305660702317972
KMI,2025-07-17,-2.5438910482637134,True,0.81,3.1525141718364624
KMI,2025-04-17,-0.667897284582808,True,-4.83,0.08136692883746743
KMI,2025-01-23,1.6894188678510558,False,-2.69,-11.208552871350197
KMI,2024-10-17,-0.7220217971648846,True,-5.33,-0.0906204560520929
KO,2026-04-28,5.408261185409957,False,5.88,2.1442306759380303
KO,2026-02-10,-1.718614765437665,True,2.69,4.765013619875136
KO,2025-10-21,3.1122087711747737,True,5.32,-3.59448918963976
KO,2025-07-22,-0.8848335721618805,True,3.93,-0.8756714568001089
KO,2025-04-29,-0.8357534204044503,True,1.95,-4.685553867553704
KO,2025-02-11,4.570111612424821,True,6.38,4.733720564812716
KO,2024-10-23,-3.5421133812307937,True,3.18,-6.337307760929633
KR,2026-06-18,-3.882241245109297,False,-0.83,2.897013552316685
KR,2026-03-05,-1.0883924501448816,True,6.47,3.0599472934301986
KR,2025-12-04,-4.003025815921857,False,1.69,-0.5543166601903904
KR,2025-09-11,2.9389745145691926,False,4.25,-2.5881370625363
KR,2025-06-20,4.105625456744821,True,2.23,-0.7225256809640812
KR,2025-03-06,0.12794645410154626,True,2.48,1.473803805198548
KR,2024-12-05,-2.003019559652519,True,0.23,0.41180200703037073
KR,2024-09-12,1.708742351627679,True,1.69,0.489131174394708
KVUE,2026-05-07,-0.961542287341588,True,23.03,-0.27998522838807993
KVUE,2026-02-18,0.7061423117063592,True,21.24,-3.6546554986896185
KVUE,2025-11-03,18.754344715075312,False,5.72,1.8870785864112172
KVUE,2025-08-07,-0.279859395758264,True,2.22,-0.5258076515053167
KVUE,2025-05-08,6.014709742602187,False,5.42,-1.473837612408846
KVUE,2025-02-06,-0.9884240295287228,False,1.49,18.94389579942779
KVUE,2024-11-07,-1.4666859231900031,True,2.98,5.792962859706008
LDOS,2026-05-05,2.3788834221233124,False,7.56,-8.185736129092247
LDOS,2026-02-17,1.1174160244799891,False,5.91,11.836806181848392
LDOS,2025-11-04,-1.7611989784058424,True,12.3,-5.2317797770606305
LDOS,2025-08-05,4.3864649454994575,True,20.83,3.3537678644633973
LDOS,2025-05-06,-1.3992339631744843,True,18.73,3.586443805886441
LDOS,2025-02-11,3.3200185921693937,False,4.45,-5.821229965712826
LDOS,2024-10-29,7.229134633280809,True,45.29,8.291181776674517
LEN,2026-06-12,-1.853600119045573,False,6.15,0.6090784838533647
LEN,2026-03-13,3.0041058037237445,False,-7.23,-4.959981123807822
LEN,2025-12-17,-3.33418544822196,False,-6.84,-7.137125598980864
LEN,2025-09-19,-4.794159475460013,True,-4.52,2.159921944864429
LEN,2025-06-17,4.109972401531592,False,-1.96,10.22844572943724
LEN,2025-03-21,-5.913224107542114,True,24.86,-3.636509373043406
LEN,2024-12-19,-6.119376701425572,True,-2.29,-2.4132759475583354
LEN,2024-09-20,-3.6165137266267577,False,7.73,0.03293033853086769
LH,2026-04-30,2.862241649976638,False,3.26,-1.0825436800348198
LH,2026-02-17,-1.6771085644072037,False,3.25,2.5409918137790255
LH,2025-10-28,-3.9033672267096198,False,1.01,3.2808311122950906
LH,2025-07-24,6.434872034541539,True,4.47,-2.8876681535306314
LH,2025-04-29,-3.371081177724,True,2.82,3.988847873224488
LH,2025-02-06,1.1960529862078406,False,1.71,0.851689380720666
LH,2024-10-24,2.5693497560609346,True,0.23,3.9031637356365723
LHX,2026-04-30,0.059113404952326754,False,12.99,-4.033686511114476
LHX,2026-01-29,-0.08326728838580211,False,3.63,-4.527822572844375
LHX,2025-10-30,-0.9725615535095988,True,5.09,-2.5447902598434546
LHX,2025-07-24,2.1884169452083935,False,11.34,0.21594656102972287
LHX,2025-04-24,-0.115564366753651,True,4.0,0.9802474843167985
LHX,2025-01-30,-2.146737817815225,True,1.52,-5.6870625656901925
LHX,2024-10-25,5.586280325282522,False,2.3,3.081362335010862
LII,2026-04-29,5.511390277934325,False,5.28,-1.9551002847379761
LII,2026-01-28,-2.902960925760767,True,-5.74,14.363373406624124
LII,2025-10-22,0.18397670285259515,False,2.02,-0.6246692672353227
LII,2025-07-23,9.592390125417527,False,13.91,-9.96821039326653
LII,2025-04-23,-9.999453035802762,True,3.61,11.878621902318386
LII,2025-01-29,-4.918584705669648,False,32.03,0.7264188109268099
LII,2024-10-23,0.19011484102737786,True,11.08,-0.8134586733432925
LIN,2026-05-01,0.4429800249956539,True,1.4,-0.3563606371576822
LIN,2026-02-05,-0.4774668866348253,False,0.54,8.009751311878599
LIN,2025-10-31,-1.1420982401091129,False,0.75,1.2168320959061063
LIN,2025-08-01,-0.4193329013543967,True,1.36,4.499253635233669
LIN,2025-05-01,-3.4838905609896886,True,0.67,1.3770856847698187
LIN,2025-02-06,-0.8089053169466176,True,1.18,-0.5817476038869729
LIN,2024-10-31,-3.897320533107551,True,0.88,-0.5831459997316601
LITE,2026-05-06,0.14478789061906916,False,4.62,-8.070701445354445
LITE,2026-02-04,8.738218451007441,False,18.56,36.538214327738494
LITE,2025-11-05,16.00127377998748,True,7.04,15.540285038768786
LITE,2025-08-13,3.041951594725756,False,8.86,4.666050756317719
LITE,2025-05-07,2.7165477332217858,True,13.66,14.658815515728785
LITE,2025-02-07,-5.999781664457792,False,16.97,-15.634458750422443
LITE,2024-11-08,17.463336117516715,False,48.05,6.249252187388854
LITE,2024-08-15,12.563148196929209,True,131.84,8.170686174714747
LLY,2026-04-30,5.5885149351850405,True,25.9,7.714534417118957
LLY,2026-02-04,7.141286056469576,True,9.14,-7.423965756724716
LLY,2025-10-30,2.9464269213985705,True,19.15,21.12136623024814
LLY,2025-08-07,-9.473863073891508,False,12.89,11.003832211388831
LLY,2025-05-01,-6.112696371048576,False,-3.39,-7.657719288938036
LLY,2025-02-06,-0.31583751958049744,True,5.0,0.5532903981704473
LLY,2024-10-30,-11.629303582939254,True,-19.52,-4.135421394371663
LMT,2026-04-23,-3.87448162344487,False,-3.78,-3.2805407564151734
LMT,2026-01-29,2.0041184719721272,True,-2.71,2.396746664375593
LMT,2025-10-21,-4.583910676321922,True,9.31,-0.9233933258685934
LMT,2025-07-22,-8.20358311951579,False,-77.27,4.260597528546839
LMT,2025-04-22,-0.06109268034827364,True,14.69,1.3266145422440534
LMT,2025-01-28,-5.954061012408252,False,-66.39,-1.768508979341521
LMT,2024-10-22,-1.254437295534594,False,5.0,-5.239363380131135
LNT,2026-05-01,1.921109826774625e-06,True,2.85,-4.266803599319202
LNT,2026-02-20,2.0140009250354973,False,2.67,0.7604588034915816
LNT,2025-11-07,0.05992749129020147,True,-5.8,1.3810566016383863
LNT,2025-08-08,0.877184247503382,False,6.0,2.0262076652977745
LNT,2025-05-09,1.276751289136513e-05,True,16.9,-0.06477203178201218
LNT,2025-02-21,-0.21095655130146662,True,2.77,-0.5094840890509933
LNT,2024-11-01,-1.9333254784694165,False,4.37,5.611360104109009
LOW,2026-05-20,-2.010343711905749,True,2.12,-6.116266892479683
LOW,2026-02-25,-4.429448271854453,False,1.93,-6.136409838563594
LOW,2025-11-19,4.754734789373383,False,3.61,7.7754913104366
LOW,2025-08-20,3.52629498764101,False,2.18,2.8894733010922824
LOW,2025-05-21,0.6270339186384977,False,1.4,0.09675206512160806
LOW,2025-02-26,3.935798498300924,False,4.84,-7.584890997977611
LOW,2024-11-19,-3.1938662804377627,False,2.77,5.018119564740253
LOW,2024-08-20,-1.3198458150322612,True,2.58,2.1303850018972614
LRCX,2026-04-23,-0.18829113655725038,False,7.87,10.81373360751099
LRCX,2026-01-29,2.5169006751764478,True,8.7,-6.8017887571072855
LRCX,2025-10-23,-2.3008812292315883,True,3.27,9.929517018770206
LRCX,2025-07-31,-8.144119254864501,True,10.36,13.222277110672342
LRCX,2025-04-24,4.4058132156614915,True,4.06,5.641758749076353
LRCX,2025-01-30,6.121069129740464,True,3.51,3.1834707117560423
LRCX,2024-10-24,4.556681115356187,True,6.51,3.4478284423640204
LULU,2026-06-05,-11.599422091067312,True,0.38,-7.703758026041996
LULU,2026-03-18,-0.7722803750441098,True,4.83,-3.978476241210094
LULU,2025-12-12,9.395223699435217,True,17.1,3.693219505462486
LULU,2025-09-05,-19.869958598622837,True,8.74,1.084619804725695
LULU,2025-06-06,-18.018019929700145,False,0.38,-14.969650959284165
LULU,2025-03-28,-11.852549155568347,False,4.63,-10.929502165471384
LULU,2024-12-06,9.335576888525733,True,5.46,-5.050048140027719
LULU,2024-08-30,3.8801542079639484,False,8.0,2.246882701213182
LUV,2026-04-23,-2.7954277354752644,False,-5.03,9.642389913233762
LUV,2026-01-29,6.167405474146759,True,1.76,4.8041297148741835
LUV,2025-10-23,-2.7843628894831274,False,400.96,-0.4423375074683489
LUV,2025-07-24,-3.579053098461793,False,-16.17,-11.124480478834077
LUV,2025-04-24,-3.4091014182897728,True,32.18,17.422540981820568
LUV,2025-01-30,-1.137444913110297,False,21.53,-4.254632703413586
LUV,2024-10-24,-0.5857412701119613,False,237.76,7.718803036559119
LVS,2026-04-23,-9.727354703380175,True,20.05,4.124959073757051
LVS,2026-01-29,-9.402541599094105,False,10.53,8.378878817535739
LVS,2025-10-23,7.78348626927623,True,25.37,10.819707037388415
LVS,2025-07-24,5.298829836791552,False,48.88,4.871281821954643
LVS,2025-04-24,0.26180315600330406,True,3.78,9.317575164944024
LVS,2025-01-30,9.371403701680592,True,-6.34,-11.98806904911648
LVS,2024-10-24,2.1747683576978982,True,-17.22,-1.5415884096057209
LYB,2026-05-01,-0.3485262169595549,True,76.13,0.09334522559731884
LYB,2026-01-30,2.502505140956379,False,-204.95,17.571425932578656
LYB,2025-10-31,6.349559552792927,False,25.86,-2.412751871960428
LYB,2025-08-01,-0.6559687621486399,False,-20.83,-0.07487304929474359
LYB,2025-04-25,-2.8691953974459006,True,-24.02,-4.222753157090353
LYB,2025-01-31,2.2595708323017716,False,6.81,1.3209973667691166
LYB,2024-11-01,0.4029990398732197,False,-4.28,-4.517091348834368
LYV,2026-05-06,2.6516586001559705,True,-485.68,-2.0140655078643377
LYV,2026-02-20,2.406956131419391,True,-1.22,-4.020405335801702
LYV,2025-11-05,-5.140961857379766,False,-51.15,-3.553671284755233
LYV,2025-08-08,-0.7014288223872733,True,-59.8,8.22176969662185
LYV,2025-05-02,0.2588673270676356,True,-100.0,10.39843609109008
LYV,2025-02-21,2.92147894844188,False,232.41,-14.651936181082414
LYV,2024-11-12,4.927294583487463,False,13.07,7.094931038909746
MA,2026-04-30,-3.9468411582914587,False,4.23,-2.580928250879033
MA,2026-01-29,1.99857172732254,True,12.26,-2.992293800191159
MA,2025-10-30,-0.5445594740505211,True,1.52,0.34135666426466926
MA,2025-07-31,1.6919874609923724,False,3.12,3.0522356480958024
MA,2025-05-01,0.35398130131483185,False,4.8,6.507141365648361
MA,2025-01-30,1.1297177098942957,True,3.54,0.05300874987173021
MA,2024-10-31,1.4717184107362113,False,3.85,4.165420082656701
MAA,2026-04-30,0.22356989045926312,False,26.45,-1.5095150337036678
MAA,2026-02-05,-0.9403899262349746,False,2.61,2.1037303716745503
MAA,2025-10-30,0.14254285972459257,True,0.42,1.3508327901786243
MAA,2025-07-31,-1.653332872856772,False,3.67,-1.6850224367419453
MAA,2025-05-01,-1.0710884550448774,True,77.85,-0.7219197426869606
MAA,2025-02-06,0.5291018535575231,True,41.29,1.1393661586969417
MAA,2024-10-31,0.8215427575236411,False,15.43,3.9844022760117337
MAR,2026-05-06,2.637371225373597,False,6.49,2.977219501809669
MAR,2026-02-10,5.6459699067521685,True,-1.51,-3.3143262671107454
MAR,2025-11-04,0.19324456319405048,True,3.46,3.9156721640488223
MAR,2025-08-05,0.06944302978295624,True,1.06,2.7183200503753557
MAR,2025-05-06,3.5871788368393442,False,2.96,6.104150664172425
MAR,2025-02-11,-4.312708232349394,False,2.74,-2.0277779269674667
MAR,2024-11-04,-1.9726055930619824,True,-2.05,9.757045547332343
MAS,2026-04-22,11.099445174309874,False,18.62,-2.7176828752572546
MAS,2026-02-10,7.792210056141546,True,3.21,-7.263391505244831
MAS,2025-10-29,-5.743099442187671,True,-5.71,-3.6589018940417217
MAS,2025-07-31,9.021747497621568,False,20.71,8.469616213082464
MAS,2025-04-23,-3.9720054573116004,True,-4.81,1.8543529966178252
MAS,2025-02-11,0.5929239365042083,True,1.94,-2.9367464698525136
MAS,2024-10-29,-1.0773642770351421,True,-0.97,-2.4518974768079738
MCD,2026-05-07,1.3129078543056671,False,3.11,0.16918538676653494
MCD,2026-02-12,2.0482093321727124,True,2.22,2.704160639330011
MCD,2025-11-05,0.11697909879548885,True,-3.36,-0.9585498471239684
MCD,2025-08-06,2.7546180212780103,True,1.39,1.7616916694140894
MCD,2025-05-01,-2.0334596065599286,True,-0.02,0.26780765557048447
MCD,2025-02-10,2.7081279200146025,True,-0.97,0.7457150905818777
MCD,2024-10-29,0.2728994988566047,False,0.88,1.2373040107794608
MCHP,2026-05-08,3.4160288976929687,False,12.93,-5.238742548883346
MCHP,2026-02-06,-4.651452566472281,True,2.75,1.3695887631478998
MCHP,2025-11-07,-5.307497952117634,True,4.93,-9.559335979092054
MCHP,2025-08-08,-7.006949807120677,True,13.17,12.525009456619141
MCHP,2025-05-09,13.451364524275021,False,5.3,2.3402085743754464
MCHP,2025-02-07,-1.600457098256669,False,-28.22,18.10871349005494
MCHP,2024-11-06,1.61139891570794,False,5.96,-11.701701018855937
MCK,2026-05-08,-1.9887116799529037,False,1.06,4.074225981899393
MCK,2026-02-05,4.866173194206147,True,0.71,-1.0774700561764883
MCK,2025-11-06,-1.4107062964215489,True,8.94,-1.0656729396964826
MCK,2025-08-07,-2.8788188237618195,False,1.39,6.445525901769433
MCK,2025-05-09,3.223459527716299,False,2.98,3.2633678171717806
MCK,2025-02-06,-2.78464960524345,True,0.47,-0.3401401990359765
MCK,2024-11-07,10.373011889254101,True,2.9,3.41722128289228
MCO,2026-04-22,3.194150897870829,False,2.58,-3.873842135533845
MCO,2026-02-18,3.6907568639343857,True,5.96,4.718250622774178
MCO,2025-10-22,-0.323773808950234,False,6.41,2.8913460701342597
MCO,2025-07-23,-2.971231599908164,True,5.04,1.8902145750180122
MCO,2025-04-22,1.8606400750487584,True,8.23,7.6883705547773795
MCO,2025-02-13,2.506740367963478,True,1.58,-4.283130864984141
MCO,2024-10-22,-2.365695181992189,False,11.97,-1.1823107057727267
MDLZ,2026-04-29,2.4940175462221603,True,10.22,0.7863685612895521
MDLZ,2026-02-04,0.8912053221424188,False,3.34,-1.279464881929493
MDLZ,2025-10-29,-2.8898791288694547,False,2.94,-1.4520301286047865
MDLZ,2025-07-30,-3.1559288743725045,False,7.87,-4.47004855856502
MDLZ,2025-04-30,3.686205348171878,True,12.24,-6.737113814659034
MDLZ,2025-02-05,-3.332140987132748,True,-0.54,8.253513470189944
MDLZ,2024-10-30,-1.2147452128811742,True,16.57,-5.43058339469602
MDT,2026-06-03,4.56949019262749,True,0.56,0.24374606323591674
MDT,2026-02-17,-3.6285061274268338,True,1.86,0.3111678874482493
MDT,2025-11-18,3.8325633362079836,True,3.49,1.160724057018836
MDT,2025-08-19,-5.355037450179633,True,2.54,2.6140205681498996
MDT,2025-05-21,0.2547120954514037,False,2.69,3.0683435615843413
MDT,2025-02-18,-5.225738396646184,False,2.24,8.086442685533779
MDT,2024-11-19,-1.8152764778313402,False,0.85,0.37647318122593365
MDT,2024-08-20,-0.966757780564742,True,2.65,6.617497412642059
MET,2026-05-07,0.4989978793722871,False,6.65,7.772109367715219
MET,2026-02-05,1.9100062109252747,False,6.3,5.018592938357913
MET,2025-11-06,1.0421930240572808,False,-44.33,-2.6984335841578666
MET,2025-08-07,-5.069122627085032,True,-49.21,7.34218241061273
MET,2025-05-01,1.3134969918946693,False,-2.45,6.9747169891752225
MET,2025-02-06,-2.047071109725762,True,-0.16,-3.1791440445063657
MET,2024-10-31,-7.946614954107112,True,-10.7,6.066078656512297
META,2026-04-30,-7.442608630527348,False,56.79,1.0655185323848793
META,2026-01-29,10.27321547536777,True,8.0,-11.98683354904193
META,2025-10-30,-10.97822475597805,False,-84.34,-8.48949575241036
META,2025-07-31,11.505875337682902,False,20.96,1.1235452444071647
META,2025-05-01,7.8470059834088834,False,23.11,12.525127772783451
META,2025-01-30,3.0052294172673077,False,18.67,6.049490703362115
META,2024-10-31,-1.14904546948702,False,13.94,1.6878696314549524
MGM,2026-04-30,1.0440535844991272,False,1.31,-5.46994691457694
MGM,2026-02-06,-0.13781488076862747,True,189.62,-8.642308704743973
MGM,2025-10-30,-6.3120774467904095,True,-19.85,6.83593889455858
MGM,2025-07-31,-3.088706311118361,False,44.03,-0.329215169747743
MGM,2025-05-01,5.022256443213036,False,54.32,11.438751488918598
MGM,2025-02-13,12.161770250443716,True,32.96,-13.896459645235982
MGM,2024-10-31,-6.3752702230773455,False,-11.03,1.76295509820803
MKC,2026-06-25,4.264708181924104,False,14.8,9.462855148449867
MKC,2026-03-31,-6.422196705298077,True,10.66,5.749409706430431
MKC,2026-01-22,-4.912847289071365,False,-1.83,9.444443704111372
MKC,2025-10-07,-1.2300470289290377,False,4.15,2.672751380777827
MKC,2025-06-26,4.562746748844693,True,5.7,-6.686317073688919
MKC,2025-03-25,-5.153093757865634,True,-6.85,-9.4634229304015
MKC,2025-01-23,-1.010374202087816,True,4.3,3.4109155224257615
MKC,2024-10-01,1.239375074089355,True,23.25,-2.5843548294195884
MLM,2026-04-30,-0.7114335274831074,True,5.28,-7.081594282356818
MLM,2026-02-11,-3.9979637231074117,False,-7.18,2.540621408702126
MLM,2025-11-04,2.000644966055942,False,2.21,-5.1306685901924665
MLM,2025-08-07,0.6989388071568126,False,3.19,0.0733007958620302
MLM,2025-04-30,-1.7430603503996944,True,1.06,3.2520437712064476
MLM,2025-02-12,-5.211760280632982,True,5.51,-6.729303544365961
MLM,2024-10-30,-0.15070750570638225,True,-5.53,0.06778159165279352
MMM,2026-04-21,0.24439287939341803,False,7.88,-3.805479858765437
MMM,2026-01-20,-4.976167219100613,False,1.79,-0.28183127268248676
MMM,2025-10-21,2.080352766012261,True,5.6,-3.630566512258171
MMM,2025-07-18,2.200717163718191,False,7.37,-5.7560573298903295
MMM,2025-04-22,5.710217068935508,True,6.42,1.2396366106653955
MMM,2025-01-21,3.169536471663248,True,9.32,3.2609322903308646
MMM,2024-10-22,3.9676625240217422,False,4.13,-3.955051126755693
MNST,2026-05-08,11.22811457448325,True,10.16,0.5794414123247771
MNST,2026-02-27,-1.050084956905284,False,-4.5,-9.6014093181647
MNST,2025-11-07,6.198161305495198,False,9.22,3.3127741967390323
MNST,2025-08-08,7.730264509731399,False,4.1,-2.859796288451255
MNST,2025-05-09,-2.2115032089380926,True,-2.15,3.868853459592736
MNST,2025-02-28,5.932207125725442,False,-29.89,0.8051209779026847
MNST,2024-11-08,-2.7772710953352986,True,-10.65,-0.14776139131748023
MO,2026-04-30,8.284450690159417,False,5.92,-0.3303427717946783
MO,2026-01-29,-3.231424106640024,False,-1.33,12.13186891366771
MO,2025-10-30,-4.518324906902849,False,0.13,1.1902713683717758
MO,2025-07-30,0.8591679645213901,True,3.99,6.50406073268579
MO,2025-04-29,-2.0450132450218206,True,3.52,-3.9135700972116716
MO,2025-01-30,-3.114307767782243,True,0.85,4.0356910566576865
MO,2024-10-31,1.7425786461322534,True,2.25,1.707680324618699
MOS,2026-05-11,-1.3519618760488905,False,-77.32,4.8644465041131735
MOS,2026-02-25,-3.2643022773777397,False,-50.5,8.954048948133565
MOS,2025-11-05,4.708099929258247,False,9.4,-6.559885337064298
MOS,2025-08-06,-10.454027411215616,False,-28.86,4.914332458001103
MOS,2025-05-07,-0.2627196912574181,True,10.06,12.6108991155508
MOS,2025-02-28,-2.3515240189752262,False,-21.07,9.27385290266618
MOS,2024-11-12,-1.5697379609552198,False,-34.49,-1.7788287644318612
MPC,2026-05-05,1.3700879075481565,True,120.63,0.9634831490402673
MPC,2026-02-03,2.1366728850128247,True,50.13,6.925135875318711
MPC,2025-11-04,-8.524432875477428,True,-4.86,8.613565676053781
MPC,2025-08-05,0.8990170542270137,False,22.98,-2.687661139294528
MPC,2025-05-06,0.96978436059032,False,55.78,11.746790224918314
MPC,2025-02-04,0.0136048312979975,True,3730.85,0.4024306494327501
MPC,2024-11-05,5.11937008860337,False,71.91,6.178105896690789
MPWR,2026-05-01,-3.087814004843703,True,4.05,-2.113061930859883
MPWR,2026-02-06,8.132417717937068,False,1.13,-3.2329860037548563
MPWR,2025-10-31,-6.197369767494942,False,2.04,-8.438806922329078
MPWR,2025-08-01,4.043634434717691,True,2.25,5.1997170743560694
MPWR,2025-05-02,2.1690971971421336,True,0.89,12.327096977718522
MPWR,2025-02-07,3.903762585797499,True,2.86,-9.373131261960566
MPWR,2024-10-31,-10.164074639741028,False,2.27,-24.03659953090357
MRK,2026-04-30,-1.451107649584371,False,13.15,3.8743432872104133
MRK,2026-02-03,-1.4995202100417493,True,1.47,5.024178808306812
MRK,2025-10-30,-2.2637943071740607,True,9.85,7.7074665864818925
MRK,2025-07-29,-5.008331289845014,True,5.04,-2.81978964338917
MRK,2025-04-24,-0.5841973678274992,True,3.98,-2.742975020811167
MRK,2025-02-04,-10.812710141305171,True,3.3,-5.6645409165876455
MRK,2024-10-31,-3.7203180982948614,True,0.03,-3.8702066726762574
MRNA,2026-05-01,1.5128422194165214,False,12.37,8.089050187443148
MRNA,2026-02-13,4.338064914714734,True,18.88,25.136163375635846
MRNA,2025-11-06,7.130731507886234,False,76.6,-8.096996792157874
MRNA,2025-08-01,-6.732069712690447,True,28.28,1.5033541836955377
MRNA,2025-05-01,-3.013316688030221,False,20.69,-12.504628125241457
MRNA,2025-02-14,-4.3546346689414595,True,-5.44,-8.24492598458557
MRNA,2024-11-07,9.245313595570392,False,101.55,-23.9260124728768
MRSH,2026-04-16,1.88108535986804,True,2.14,-8.139346063181474
MRSH,2026-01-29,2.944495858626328,True,7.45,-7.763940182981067
MRSH,2025-10-16,-4.856513613075819,False,4.07,-4.188117724586327
MRSH,2025-07-17,1.419949681776056,False,2.11,-5.2036423421459315
MRSH,2025-04-17,-5.42538258627292,True,2.08,3.2807754803136246
MRSH,2025-01-30,2.290684279229427,False,6.03,4.6506334967602925
MRSH,2024-10-17,0.9389603267524471,False,0.79,-3.8251202271369245
MRVL,2026-05-28,0.02516578493809707,True,0.64,37.045346094774324
MRVL,2026-03-06,11.945040677039543,True,1.05,-1.8532989081990636
MRVL,2025-12-03,7.697286263388503,True,3.01,-18.463074674188306
MRVL,2025-08-29,-16.444387790851465,False,-0.51,7.253047937927604
MRVL,2025-05-30,-4.597528815790186,False,1.11,11.629844958283808
MRVL,2025-03-06,-17.816745227823972,False,1.57,-2.476479522778796
MRVL,2024-12-04,17.120209778964444,True,5.53,-10.89292591754798
MRVL,2024-08-30,12.113399546036607,False,2.28,-3.7250745602499746
MS,2026-07-15,-2.182979876452973,True,17.94,-11.122293639883807
MS,2026-04-15,2.808997392627144,True,13.66,-2.369273686397555
MS,2026-01-15,0.12168839926363084,True,9.41,-3.8813235000220603
MS,2025-10-15,4.88605867159384,False,35.32,0.848448414413161
MS,2025-07-16,-1.4760657707781233,True,7.46,3.6840877681352913
MS,2025-04-11,-3.4621730038780885,True,17.68,7.1309647808195376
MS,2025-01-16,1.378785530719151,True,32.23,2.607391962318162
MS,2024-10-16,4.152563477854532,True,18.96,-1.3304366470793805
MSCI,2026-04-21,1.0441876834525798,True,2.13,-2.7636940910449104
MSCI,2026-01-28,-0.5672607125178364,True,1.56,-16.756382912223234
MSCI,2025-10-28,1.2909950977273654,True,2.33,-1.578070138436205
MSCI,2025-07-22,-2.24234384223011,False,0.57,5.935663138136471
MSCI,2025-04-22,-2.2175060941215463,True,2.46,1.2423851867924274
MSCI,2025-01-29,-5.154860193917877,False,5.79,-3.4600886830643662
MSCI,2024-10-29,2.3737155327899995,False,2.32,4.095493565703601
MSFT,2026-04-30,-3.215844034019877,False,4.9,0.4046273164913794
MSFT,2026-01-29,-8.645645132240553,False,5.69,-7.303349255230007
MSFT,2025-10-30,-2.0441354388439525,False,12.73,-4.273806519748035
MSFT,2025-07-31,8.181341915750128,False,8.09,-2.065593907835672
MSFT,2025-05-01,9.069978786256927,False,7.4,6.714124939644828
MSFT,2025-01-30,-5.326340729929324,False,3.47,-1.0723146408734174
MSFT,2024-10-31,-3.9696640140733375,False,6.13,5.054754542471751
MSI,2026-05-08,-3.739618157253255,False,3.83,5.231907411607106
MSI,2026-02-12,6.762755174318258,True,5.44,6.35585319276597
MSI,2025-10-31,-2.854315215916714,False,5.45,-6.5722404439765185
MSI,2025-08-08,1.5097743282315834,True,6.21,1.8746802588586187
MSI,2025-05-02,-4.966306503851792,False,5.66,4.36987070352719
MSI,2025-02-14,1.0728512324375883,False,3.94,-2.4627005497357413
MSI,2024-11-08,3.4280249124605033,True,10.62,-0.7332591335386773
MTB,2026-07-15,0.7897408952318941,True,14.12,0.7242598722886129
MTB,2026-04-15,0.4217522905115789,False,2.65,-0.7185731134412454
MTB,2026-01-16,-0.03293666252042193,False,4.5,6.246468180957132
MTB,2025-10-16,0.021618823996982783,False,9.79,2.334435390573786
MTB,2025-07-16,0.9174923744674102,False,5.7,-0.5038497134546516
MTB,2025-04-14,-0.6014640632916013,True,-2.26,7.198735337466711
MTB,2025-01-16,-2.5688340759823736,True,0.97,2.6211221326014833
MTB,2024-10-17,4.66329923387554,True,11.45,-2.1068885765732293
MTD,2026-05-08,-9.56878218561268,False,2.33,-1.9004674118739295
MTD,2026-02-06,0.08533490485382877,False,4.31,1.432038026054272
MTD,2025-11-07,-1.331604451892321,True,4.64,0.9031854809812945
MTD,2025-08-01,0.0,False,5.12,9.614692851785556
MTD,2025-05-02,1.7187562640784693,True,3.87,5.220855367749011
MTD,2025-02-07,5.982637857715778,False,5.84,-5.757556064523383
MTD,2024-11-08,-4.866389603129662,False,1.95,-7.027324300585757
MU,2026-06-25,17.595443204153383,False,21.25,-19.291128581568028
MU,2026-03-19,-7.9613658335535025,True,33.21,-17.52901545401461
MU,2025-12-18,13.750440111710827,False,20.58,25.63915011655771
MU,2025-09-24,-0.7992188777766973,False,5.94,21.61465365006292
MU,2025-06-26,1.791751427753896,False,19.75,-1.0736411393555412
MU,2025-03-21,-4.660201476826032,False,9.49,-31.583336210500967
MU,2024-12-19,-13.301251419050386,False,1.36,14.122136329094648
MU,2024-09-26,18.095435427502537,False,5.88,-3.704949211091535
NCLH,2026-05-04,-6.858049148350053,False,61.25,-11.279072372122812
NCLH,2026-03-02,-8.793869401635746,False,5.51,-10.55004562845675
NCLH,2025-11-04,-8.025250956512108,False,3.31,-5.055884601657512
NCLH,2025-07-31,11.623937030106513,False,-1.09,-4.694831301502056
NCLH,2025-04-30,-10.01150115916979,True,-22.93,21.272611985930602
NCLH,2025-02-27,3.113775291024856,False,142.88,-21.88026465830033
NCLH,2024-10-31,5.704700510263749,True,5.28,5.2880826539815295
NDAQ,2026-04-23,1.3430529829816518,False,2.84,2.2518384050858264
NDAQ,2026-01-29,1.053591872647086,False,4.83,-19.451520234741704
NDAQ,2025-10-21,1.8455988111716781,False,3.73,-4.937453790022028
NDAQ,2025-07-24,1.6651638553455417,True,4.55,3.1550846590724158
NDAQ,2025-04-24,-1.9047455500943222,True,2.46,5.6997698366687555
NDAQ,2025-01-29,-2.3894496340894134,True,1.36,-2.2146148827189127
NDAQ,2024-10-24,-0.9065264219771607,True,6.56,3.907510180169771
NDSN,2026-05-21,1.010136288007324,True,1.48,-1.4087872474915275
NDSN,2026-02-19,2.001399650283875,False,-0.09,-4.392205036340524
NDSN,2025-12-11,5.788759818960387,False,3.42,4.440299821501026
NDSN,2025-08-21,6.144635351913852,False,3.54,2.318916310922514
NDSN,2025-05-29,7.2136366455020084,False,2.6,4.335555735731611
NDSN,2025-02-20,-2.7419161793254654,True,-0.89,-3.1631998258172978
NDSN,2024-12-12,-6.215199422639783,False,7.34,-7.786638443054395
NDSN,2024-08-22,2.4780095402354263,True,3.12,-4.302969617912023
NEE,2026-04-23,2.8888838844988607,True,5.67,-3.0441518920391597
NEE,2026-01-27,-1.1349061225288337,True,2.42,4.222606506735693
NEE,2025-10-28,1.731954446946582,False,10.62,2.6205580982336274
NEE,2025-07-23,-0.05158823260261736,False,4.01,-3.131005714602353
NEE,2025-04-23,1.3655508458627175,False,1.19,0.13378346630701365
NEE,2025-01-24,-1.6322436250590044,True,0.79,-6.261155652160577
NEE,2024-10-23,1.0633047432251574,True,5.92,-12.288137115550468
NEM,2026-04-24,3.5566433509018225,True,33.45,-3.4714147704291376
NEM,2026-02-20,-2.432225903203822,False,24.25,-4.58908479185578
NEM,2025-10-24,-7.164558248435416,True,18.84,0.02399416913114738
NEM,2025-07-25,3.8530277090210507,True,22.9,4.9125651128016035
NEM,2025-04-24,2.9915252662385594,True,37.08,-5.152595740893206
NEM,2025-02-21,-1.3100399748602332,False,35.75,-2.6462612703058053
NEM,2024-10-24,-3.463819872460261,False,-5.32,-8.304551913118862
NFLX,2026-07-17,-11.93005420205202,True,1.45,4.002903928048451
NFLX,2026-04-17,-10.594673041978087,True,-1.4,-5.3951291046316125
NFLX,2026-01-21,-5.432048335002282,True,1.43,-6.091842679311776
NFLX,2025-10-22,-7.930882548258911,False,-15.79,-1.6043071289668198
NFLX,2025-07-18,-2.527920666799155,False,2.24,-4.1877566404671
NFLX,2025-04-21,1.1685158948788077,True,16.82,14.793855522864252
NFLX,2025-01-22,14.758300457844364,False,1.41,5.987481903990499
NFLX,2024-10-18,7.269687477186149,True,5.56,-1.0197794567748053
NI,2026-05-06,0.24902378184776808,False,1.36,-1.0313573202282211
NI,2026-02-11,1.0954685526487706,False,2.94,4.567841979210718
NI,2025-10-29,2.5581756237592845,False,-3.21,3.4667471563994523
NI,2025-08-06,0.41958169633542486,False,7.11,1.6730454557411845
NI,2025-05-07,-1.676835055305581,True,8.74,-4.0266731238111975
NI,2025-02-12,-1.1969769660580054,True,-2.3,3.324736990069499
NI,2024-10-30,0.9006446992323003,True,24.4,3.972470160055974
NKE,2026-07-01,0.8526243491433938,True,466.13,3.5067307788564372
NKE,2026-04-01,-11.851566281631687,False,24.27,2.3974863846409677
NKE,2025-12-19,-9.797340156445289,False,41.9,11.309831456966757
NKE,2025-10-01,6.625543639666676,False,84.49,-7.735841461829196
NKE,2025-06-27,11.592580036834587,True,13.48,0.2914940831782564
NKE,2025-03-21,-7.333731914445685,True,94.87,-15.734463139037791
NKE,2024-12-20,-1.478597977020002,True,23.3,-6.303613197056601
NKE,2024-10-02,-7.001014782460002,True,34.9,1.010834875227662
NOC,2026-04-21,-2.5845481044678875,False,1.28,-8.595560243032342
NOC,2026-01-27,-1.712624721109779,True,3.84,0.9223025624297776
NOC,2025-10-21,-2.000008438141798,True,18.82,-3.705674577237894
NOC,2025-07-22,4.021038328054516,True,19.93,4.640033197915194
NOC,2025-04-22,-8.76667771637626,False,-46.99,5.042250169402673
NOC,2025-01-30,-1.9811384669289334,True,0.71,-5.856805033817192
NOC,2024-10-24,-0.09490125774462843,True,15.36,-0.591963253704797
NOW,2026-04-23,-15.348791832410026,False,0.39,10.391599062802936
NOW,2026-01-29,-8.555775926286934,False,3.95,-11.513751439130694
NOW,2025-10-30,1.6485668336480686,True,13.0,-9.092951960478779
NOW,2025-07-24,8.179381513529037,False,14.63,-12.252799811290839
NOW,2025-04-24,10.780118061763844,True,5.36,3.827093506963286
NOW,2025-01-30,-10.187736490184951,False,0.2,-2.297707671136673
NOW,2024-10-24,4.485059984569406,True,7.78,6.1364474718427875
NRG,2026-05-06,-2.699612651797967,False,-14.04,-11.059482029747148
NRG,2026-02-24,-1.8411540629262313,True,16.38,-15.693092215352122
NRG,2025-11-06,-2.263413985485696,True,30.73,-5.667244814809069
NRG,2025-08-06,-3.4252139146627836,False,5.05,-0.24905391218862372
NRG,2025-05-12,14.807676371087597,True,58.83,4.182992605101776
NRG,2025-02-26,3.006642780772717,True,61.77,-18.40642600702037
NRG,2024-11-08,3.4751119513265927,False,-4.95,-0.686499559626963
NSC,2026-04-24,0.5973048413945525,False,6.28,-1.9862089699215657
NSC,2026-01-29,-0.16522216801008183,True,16.51,8.881207957848192
NSC,2025-10-24,-0.1233111613298532,False,3.04,1.8241789507464246
NSC,2025-07-29,-3.8405115137744916,True,-0.48,0.6833778512461031
NSC,2025-04-23,2.2727308127592716,False,0.53,-0.28055353470962663
NSC,2025-01-29,4.922313835376291,False,3.31,-0.5685037217677102
NSC,2024-10-22,3.783832149045474,True,4.53,-2.670027632005245
NTAP,2026-05-29,24.080068747101112,False,7.22,-7.275229497978608
NTAP,2026-02-27,-0.4841665342633972,True,2.78,-0.3736133095256
NTAP,2025-11-26,4.520985165020885,False,8.76,9.0251713268247
NTAP,2025-08-28,-3.1392107756002208,True,0.74,5.783987521057954
NTAP,2025-05-30,-4.747510641179964,True,1.76,1.3412548801993607
NTAP,2025-02-28,-15.9786806133131,True,-0.13,-7.844898681532609
NTAP,2024-11-22,6.646675447169326,False,4.88,4.299492469551791
NTAP,2024-08-29,-5.177771058679259,False,7.34,-1.5771964824098261
NTRS,2026-04-21,1.8932035937252234,True,16.14,-5.904272772487385
NTRS,2026-01-22,3.8637276721334324,True,2.78,-3.6833927677384803
NTRS,2025-10-22,-3.1279309841522718,True,1.73,2.159703485095732
NTRS,2025-07-23,-4.37049197398821,True,3.17,1.1591304834993599
NTRS,2025-04-22,6.6490097782908375,False,3.36,8.426576559662834
NTRS,2025-01-23,-0.9311836932602069,True,11.14,3.888994085355768
NTRS,2024-10-23,5.3867672259849675,True,26.67,3.9605821937974683
NUE,2026-04-28,2.3953476883313174,True,14.67,2.096752076863062
NUE,2026-01-27,-2.938194839701813,True,-4.37,10.606061543878464
NUE,2025-10-28,1.4289624258306377,True,21.26,-5.230606701456453
NUE,2025-07-29,-6.760306987967479,True,0.32,0.561697810162487
NUE,2025-04-29,-1.2524537490470777,True,16.87,0.1599695736838047
NUE,2025-01-28,3.1222721741386295e-06,True,96.99,9.134738230146544
NUE,2024-10-22,-1.7167422671376942,False,5.48,-0.9656035532046858
NVDA,2026-05-21,-0.5280394428041291,False,5.54,-6.455718049754122
NVDA,2026-02-26,-0.6596395644337782,False,5.32,-0.9411437103532538
NVDA,2025-11-20,5.0557551852341565,False,3.46,0.985474243621276
NVDA,2025-08-28,-0.42950342620935444,False,4.1,-1.2987626438315858
NVDA,2025-05-29,5.518876960777996,False,8.02,4.181381659620675
NVDA,2025-02-27,2.8336359066654992,False,5.25,-3.794734386717147
NVDA,2024-11-21,2.371662465841351,False,8.52,-2.877348218276843
NVDA,2024-08-29,-3.3834993493614407,False,5.66,1.2927920928516023
NVR,2026-04-22,-4.229606484820081,False,-14.44,-7.729360019091713
NVR,2026-01-28,1.3181802437942647,True,14.76,6.178402495753033
NVR,2025-10-22,-0.8208277056389934,False,2.72,-6.694547451297228
NVR,2025-07-23,1.1439376883214836,False,2.2,-0.37519302952641054
NVR,2025-04-22,-1.876126275350265,True,-10.6,-2.8719461130961133
NVR,2025-01-28,1.0928593155512534,False,8.18,-7.065025210629495
NVR,2024-10-22,-0.5765516253707026,False,-0.38,0.18498955495520608
NWS,2026-05-08,-1.7504081324151266,True,5.46,-5.206001879813638
NWS,2026-02-06,-2.4461448115576934,False,6.92,0.7407425651460686
NWS,2025-11-07,5.161523126658585,True,16.76,-4.258838546152022
NWS,2025-08-06,6.050671968173527,False,5.56,0.9142007250362294
NWS,2025-05-09,2.2153974732992188,False,27.5,-0.30703562983516175
NWS,2025-02-06,5.204570548146026,False,5.74,-2.00240960644108
NWS,2024-11-08,-0.25543399666871913,True,40.0,-0.49658316175944517
NWSA,2026-05-08,-0.850597048067725,True,5.46,-4.1820912249117
NWSA,2026-02-06,-0.8260995448243547,False,6.92,2.2222214655529093
NWSA,2025-11-07,1.1164314817041054,True,16.76,-3.8547878357444554
NWSA,2025-08-06,1.7411955325112416,False,5.56,0.6116294821331136
NWSA,2025-05-09,1.1235963321442277,False,27.5,-0.5702132707491869
NWSA,2025-02-06,1.9805366003466496,False,5.74,0.10526991923394124
NWSA,2024-11-08,-1.0287996384642284,True,40.0,-0.10162600297847213
NXPI,2026-04-29,22.1450649025019,True,2.2,3.1668089122899534
NXPI,2026-02-03,-4.894403798459757,True,1.18,7.55460571705322
NXPI,2025-10-28,-1.534570860693929,False,-0.27,-4.742674664329849
NXPI,2025-07-22,-2.6898036121607127,True,2.31,-8.565783279787754
NXPI,2025-04-29,-7.501011316362305,True,1.39,16.3070746416347
NXPI,2025-02-04,1.519081381622045,False,1.4,21.333990660358015
NXPI,2024-11-05,-6.9227553068234915,True,0.71,-2.1099328148156515
O,2026-05-07,-0.6405297078618144,False,-17.72,0.7120889644034234
O,2026-02-25,-0.7817379280712022,False,-18.46,-1.5405214448537818
O,2025-11-04,-0.6872757019970921,False,-10.79,2.137495074089779
O,2025-08-07,0.08785814586049767,True,-45.1,4.361552586106998
O,2025-05-06,-0.1053825732144964,False,-14.99,-1.038907723846838
O,2025-02-25,-2.8267281695215196,True,-44.38,1.311785439370028
O,2024-11-05,-0.4891171072259337,False,-8.52,-2.788156078087589
ODFL,2026-04-29,1.3527497428127422,False,8.46,-9.634585220476154
ODFL,2026-02-04,0.8852829576799115,True,2.8,-6.411242694713493
ODFL,2025-10-29,4.364762260546451,False,5.24,1.998089207264253
ODFL,2025-07-30,-5.93387169515217,False,-1.21,4.77946462118799
ODFL,2025-04-23,4.636006700395745,False,4.14,1.5401588312640824
ODFL,2025-02-05,6.648144857538196,False,5.91,1.859024450021729
ODFL,2024-10-23,-2.886492613623004,False,0.87,22.001368700170687
OKE,2026-04-29,1.2362142791057185,False,-5.66,0.5978622696136249
OKE,2026-02-24,-0.3893349903732579,False,3.85,2.1594919105562216
OKE,2025-10-29,1.2300861994111623,False,2.45,4.130580787775173
OKE,2025-08-05,-1.0397123295344146,False,0.95,-2.9062044186126346
OKE,2025-04-30,-4.10880234190868,False,-15.33,6.744436773236706
OKE,2025-02-25,0.04076725097901246,False,1.86,-3.2891415237552457
OKE,2024-10-30,0.05233176545684781,True,-4.45,13.650971715849725
OMC,2026-04-29,0.1170742692755633,False,3.13,-2.5593928067345506
OMC,2026-02-19,6.157352892960177,True,-11.8,4.731892492397094
OMC,2025-10-22,-0.27950441875764787,True,3.06,-9.639298822068632
OMC,2025-07-16,1.6671505414181276,True,0.83,-1.8906327429607073
OMC,2025-04-16,-2.1736265822219547,False,2.28,6.330712945154082
OMC,2025-02-05,0.26466107761191626,False,0.8,-1.5660012299973158
OMC,2024-10-16,-0.9998048224252987,True,0.08,-2.98606227331929
ON,2026-05-05,-4.302233781125353,True,4.06,3.262879647283734
ON,2026-02-10,-0.5529963422267525,True,2.55,3.413480477162145
ON,2025-11-03,-1.0982488651123723,True,6.63,-8.799046189589099
ON,2025-08-04,-4.963040672246066,False,-0.39,5.336663526055729
ON,2025-05-05,-3.316629431422602,False,9.59,14.136944354977988
ON,2025-02-10,-0.6048807283727142,False,-2.44,8.886054897579765
ON,2024-10-28,-5.5438553659539425,True,2.44,-3.1561445829448975
ORCL,2026-06-11,-10.72741497818227,True,7.52,-19.32102278657968
ORCL,2026-03-11,11.36546858408467,False,5.69,-10.483066650138294
ORCL,2025-12-11,-14.524008486822204,True,38.04,-0.43249048448107397
ORCL,2025-09-10,32.16429811515393,True,-0.62,-6.051822077308955
ORCL,2025-06-12,7.699277242623026,True,3.37,5.193647585382921
ORCL,2025-03-11,-3.609131041469349,True,-1.35,6.762380915625976
ORCL,2024-12-10,-8.92097585438144,True,-0.77,-3.5613797073497655
ORCL,2024-09-10,10.250894426140267,True,4.29,6.357065631442138
ORLY,2026-04-30,4.722427839858767,True,3.35,-9.778673110153335
ORLY,2026-02-05,-4.5379362069353,True,-1.9,0.6892089009711722
ORLY,2025-10-23,-1.6895554786493405,False,2.37,-3.3275636051394164
ORLY,2025-07-24,0.37728004324015796,True,-0.25,5.409532763336133
ORLY,2025-04-24,-1.5660955784356334,False,-5.59,0.5901598941453035
ORLY,2025-02-06,-0.8425782955260308,False,-2.69,-2.053751471424947
ORLY,2024-10-24,-1.4467317466609564,True,-1.12,1.228568021938714
OTIS,2026-04-22,0.5959043726640578,False,-0.85,-1.5023047560664304
OTIS,2026-01-28,-6.305909404323806,True,-0.35,0.9255016513636249
OTIS,2025-10-29,3.001092778592862,False,4.73,-2.570135694052289
OTIS,2025-07-23,-11.872463393455623,False,2.15,-1.7177013395144658
OTIS,2025-04-23,-3.041925003221735,False,1.1,5.43878832743685
OTIS,2025-01-29,-1.8775319706902827,True,-2.79,2.2081168476309365
OTIS,2024-10-30,-4.15309856602184,True,-0.98,2.1469276070384957
OXY,2026-05-06,-6.43747963700646,False,80.35,6.803336424263096
OXY,2026-02-19,5.62513194762968,True,83.77,3.318465306376206
OXY,2025-11-11,1.483250301906347,False,22.73,-1.051369890269227
OXY,2025-08-07,3.196990990608617,False,24.79,2.2252834170795044
OXY,2025-05-08,2.7428799384709324,True,14.0,-0.8687014913823843
OXY,2025-02-19,1.3513589506791268,True,19.42,-10.747215666159782
OXY,2024-11-13,0.9345737158297451,True,33.24,-1.564939793173592
PANW,2026-06-03,-4.098523782208119,False,6.62,0.6062162576870644
PANW,2026-02-18,-8.532108225224578,True,9.94,4.076134693987932
PANW,2025-11-20,-0.8854372524835785,False,4.36,7.440421715415302
PANW,2025-08-19,6.607254078805069,False,7.31,5.4912983888345535
PANW,2025-05-21,-4.997943970710783,False,3.59,8.744348771850952
PANW,2025-02-14,-4.8939987338258994,True,3.94,-8.173777035091323
PANW,2024-11-21,-1.7027672356072832,True,5.76,2.06185100270615
PANW,2024-08-20,1.552311660424377,True,6.95,-5.940060131261826
PAYX,2026-06-24,0.7959933390141005,False,0.91,10.342683621508652
PAYX,2026-03-25,5.0766954966411815,False,2.31,-5.891172787534926
PAYX,2025-12-19,-0.14879725296483848,False,2.4,-0.9440732740600533
PAYX,2025-09-30,-5.383950522789105,True,1.42,1.4436676959008965
PAYX,2025-06-25,-4.584568429303837,False,-0.66,5.342897013597736
PAYX,2025-03-26,3.247058711369477,True,0.7,-2.689932808461215
PAYX,2024-12-19,3.73915498993036,False,1.51,-1.2698624499693278
PAYX,2024-10-01,2.6082383119888863,True,1.97,1.0725316704011778
PCAR,2026-04-28,0.8647813873045473,False,-0.87,-5.5012113397576385
PCAR,2026-01-27,-4.594217404590461,True,0.48,5.181691963939805
PCAR,2025-10-21,1.2617864668702294,True,-2.72,-2.9343906109995155
PCAR,2025-07-22,3.8316733497426814,True,4.31,-0.38549008343027324
PCAR,2025-04-29,-5.845296016051793,True,-39.79,6.612041135716318
PCAR,2025-01-28,-3.4118813341848298,True,-1.53,-1.0815962641158139
PCAR,2024-10-22,-3.0927906329141774,False,1.64,3.1300873461023837
PCG,2026-04-23,0.35545808584394045,False,8.83,-3.802731384323299
PCG,2026-02-12,0.8187133230125987,True,-1.13,8.200457571706155
PCG,2025-10-23,1.2062855317221954,False,17.33,0.18404274221206496
PCG,2025-07-31,-0.9985758826792868,True,-1.86,9.201144276637008
PCG,2025-04-24,0.969191773784317,False,-3.04,-1.2075915781838642
PCG,2025-02-13,0.12475278630965647,False,0.05,3.0914767379273567
PCG,2024-11-07,0.39504539952746054,True,15.01,4.273092004349177
PEG,2026-05-05,0.7706748942627462,False,8.48,-3.010162345606615
PEG,2026-02-26,0.6164938149248345,False,1.44,-3.165087065918526
PEG,2025-11-03,0.3227381699951737,True,11.57,1.364308797624414
PEG,2025-08-05,-0.7321829004843905,False,10.25,-4.060335932430559
PEG,2025-04-30,-1.1640822013730623,False,-0.23,-3.3028732537483285
PEG,2025-02-25,1.1261174221822046,False,1.47,-4.865155114961583
PEG,2024-11-04,-3.562040815225187,False,2.67,9.234161747106363
PEP,2026-07-09,-3.80324073950149,True,-0.37,-2.110839728148728
PEP,2026-04-16,0.4455805813114777,True,3.75,0.06945415305459335
PEP,2026-02-03,0.9020685869639111,True,1.02,0.945652991111201
PEP,2025-10-09,1.1668196466896097,True,1.33,4.699042127729847
PEP,2025-07-17,4.691530791311971,True,4.48,-5.170523147062511
PEP,2025-04-24,-0.5693875366911572,False,-0.77,-2.8674857840840007
PEP,2025-02-04,-2.7749963984256,False,0.9,1.6168168070653133
PEP,2024-10-08,0.3049975882210454,True,0.74,2.3178146305520064
PFE,2026-05-05,1.1026670309038922,False,3.93,-1.3854003195333586
PFE,2026-02-03,-4.8762200912117475,True,16.18,6.208774720622712
PFE,2025-11-04,-1.0948967330466464,False,37.43,6.576700240633215
PFE,2025-08-05,3.1449192445992757,True,35.94,2.3030294933316986
PFE,2025-04-29,-0.9544455396883755,True,36.49,-2.033220260532609
PFE,2025-02-04,-0.3816761362767318,False,37.2,0.07730931520812945
PFE,2024-10-29,0.519754514359394,False,73.28,-6.5467456384271205
PFG,2026-04-24,3.701020176636094,False,2.94,1.167712212714811
PFG,2026-02-10,-1.511509068079997,False,-1.57,1.1106328908755847
PFG,2025-10-28,2.325000805422639,True,-4.54,2.6520664966252605
PFG,2025-07-29,3.4457056449404,False,9.57,-3.67876587538436
PFG,2025-04-25,-0.9466715728187691,False,-1.04,7.405415938048643
PFG,2025-02-07,3.637505385222073,False,0.36,3.3766501292709084
PFG,2024-10-25,-3.089790495861011,False,-12.25,2.078612946450731
PG,2026-04-24,5.109213799689893,False,2.22,-1.1877477392239655
PG,2026-01-22,1.3829886572785277,True,1.25,6.5404865588575944
PG,2025-10-24,3.4713115173048648,False,4.92,-3.6133530837647254
PG,2025-07-29,0.9802100266713243,False,4.14,-0.9705632554614652
PG,2025-04-24,-3.155725779574181,False,0.93,-0.5516236634695137
PG,2025-01-22,3.3267499748331097,False,1.1,3.2175496594773145
PG,2024-10-18,-0.568079774910013,True,1.75,-3.608137516350085
PGR,2026-07-15,-8.191366143792633,False,0.33,7.197156312545094
PGR,2026-04-15,1.3072928956945784,True,1.61,-0.28325085315493714
PGR,2026-01-28,-1.0380679780401803,True,5.33,-2.0541424732703595
PGR,2025-10-15,-5.931772900034293,True,-15.78,-8.181022074115285
PGR,2025-07-16,1.1560584804949592,True,10.04,-1.9272855592836313
PGR,2025-04-16,1.7638020840512025,False,-2.63,0.9195632939970722
PGR,2025-01-29,-2.7055771977565035,True,14.63,4.216728314509854
PGR,2024-10-15,0.8416591828473985,False,-2.3,-3.9427650095399946
PH,2026-04-30,-5.435356273155789,True,4.36,-2.9689227371776594
PH,2026-01-29,2.2122270534987276,True,6.75,3.7579655002102363
PH,2025-11-06,7.1058518099314405,True,9.01,-1.5558394619839877
PH,2025-08-07,4.62753675741201,False,8.57,1.0601682037130855
PH,2025-05-01,1.5486049701957993,False,3.26,10.55739004148033
PH,2025-01-30,3.543044783400129,True,4.88,-1.1977525665718192
PH,2024-10-31,-0.8890068776326587,True,0.95,10.284754710040712
PHM,2026-04-23,-2.0068941922265604,True,-1.15,-10.578688926391077
PHM,2026-01-29,0.7868950073422587,True,-9.5,9.138766711450286
PHM,2025-10-21,-5.9787420442037,True,2.14,-2.9447480512957758
PHM,2025-07-22,8.357113194219522,True,2.14,-0.1238036685920485
PHM,2025-04-22,3.1038569085182655,True,6.0,-0.04956039214125685
PHM,2025-01-30,3.000266187965739,True,35.51,-9.965415084158579
PHM,2024-10-22,-3.9373261860598974,False,7.14,-0.4110600278558141
PKG,2026-04-23,3.7517073641778476,True,12.54,3.91126126219441
PKG,2026-01-28,-1.614344216838215,False,-3.88,12.379944338660742
PKG,2025-10-23,-4.498420808627246,True,-3.09,-7.113381614824088
PKG,2025-07-24,6.109485362060241e-07,False,1.47,-5.375616742083267
PKG,2025-04-23,-3.6905897706405177,True,4.34,-2.5393929359889267
PKG,2025-01-29,-7.6800484596593055,False,-2.53,-4.848452582818396
PKG,2024-10-23,4.112432504845853,True,5.86,5.659314701084361
PLD,2026-07-16,1.1016607524938715,True,48.33,-2.5789652006867336
PLD,2026-04-16,2.0533732041343677,False,41.3,-0.1055013454421494
PLD,2026-01-21,2.8361699363238513,False,113.52,2.8214156095292653
PLD,2025-10-15,1.0567341106211048,True,8.84,0.5783659281703102
PLD,2025-07-16,3.802229438429583,False,-18.54,-1.5249149661383798
PLD,2025-04-16,1.2388255083513933,True,-1.33,2.7819361861023184
PLD,2025-01-21,0.7124600215863586,True,100.81,0.886837778274141
PLD,2024-10-16,1.3592458051792988,True,68.27,-8.742226223090377
PLTR,2026-05-05,-3.927275668213337,False,18.08,-0.478264393906902
PLTR,2026-02-03,11.701413906131396,False,8.6,-14.251329683388835
PLTR,2025-11-04,-7.293168204329614,False,25.46,-12.273253113096072
PLTR,2025-08-05,6.940118039542931,True,15.57,-8.957121192226836
PLTR,2025-05-06,-8.935927816568567,False,1.11,15.368359024194422
PLTR,2025-02-04,22.76093345380257,True,23.72,7.926413928924281
PLTR,2024-11-05,15.575949738484574,True,10.06,23.176214016374775
PM,2026-04-22,3.0016338501469564,True,7.07,4.013426824370225
PM,2026-02-06,-1.1923125824350622,True,,2.4123473273400586
PM,2025-10-21,-2.144765967809781,False,6.88,-2.8552569678713557
PM,2025-07-22,-6.0172940265655335,False,2.8,-0.6837354333824375
PM,2025-04-23,2.9431537650537853,False,4.79,4.312639294272991
PM,2025-02-06,11.421583718285522,False,3.42,6.248274091089501
PM,2024-10-22,3.6651038445946416,True,4.9,0.5935640378701867
PNC,2026-07-15,-0.11116557362040869,True,8.02,-1.4475225567201822
PNC,2026-04-15,0.7640141083346208,False,3.84,-1.5085937160721707
PNC,2026-01-16,4.631704575361195,False,15.36,2.776779822439379
PNC,2025-10-15,-3.1044154915756295,False,7.58,-0.7239113878124481
PNC,2025-07-16,2.472157356445215,False,8.01,-0.7115930881894994
PNC,2025-04-15,-1.809179277084616,True,3.67,4.48663830028293
PNC,2025-01-16,-7.45360784916429,True,9.78,2.243815103554758
PNC,2024-10-15,1.050295223636133,True,14.61,-1.5151485561880618
PNR,2026-04-28,-3.543944814725941,False,4.5,-9.172097205842055
PNR,2026-02-03,-2.634824559055715,False,1.83,7.384749662521339
PNR,2025-10-21,-1.4638584662316823,True,5.02,-1.4652406727740153
PNR,2025-07-22,-4.053017014326388,True,4.01,-0.6102824102620419
PNR,2025-04-22,7.814087145260351,True,9.74,6.192034472269037
PNR,2025-02-04,-3.001068853091804,False,5.96,-2.127008208228487
PNR,2024-10-22,-0.8641778507291975,True,1.72,4.037835455147398
PNW,2026-05-04,-0.7892405537083591,False,814.01,-2.0231757658298877
PNW,2026-02-25,-1.5892132285961424,True,162.15,0.8217301123148113
PNW,2025-11-03,1.8262895795714051,True,9.67,-0.3241917667856087
PNW,2025-08-06,0.2707421552245348,False,-0.52,-0.2700913591467624
PNW,2025-05-01,-2.2904068780459474,True,-339.95,-2.165542051177949
PNW,2025-02-25,1.237648321995466,False,60.72,-2.3507874122685957
PNW,2024-11-06,1.3377838059063896,True,-4.28,1.8757048732712
PODD,2026-05-06,-0.29248820911745854,False,19.26,3.510046008356027
PODD,2026-02-18,7.980841095387059,False,5.97,-5.882127912485135
PODD,2025-11-06,2.878128648614031,False,8.07,-3.2498390372298402
PODD,2025-08-07,14.316629626637823,False,26.81,8.005277314364555
PODD,2025-05-09,14.019454777936534,True,29.7,3.440941018375665
PODD,2025-02-21,-4.141663632975245,True,12.63,-10.958271418689748
PODD,2024-11-08,4.865702660147986,True,18.29,-1.8917937776935623
PPG,2026-04-29,-0.39003982519121294,False,3.65,1.3922716012652714
PPG,2026-01-28,4.18026764121191,False,-4.37,14.97893416576932
PPG,2025-10-29,-1.29142863704107,False,2.26,-0.9235389727104582
PPG,2025-07-30,-1.9869936608314376,False,-0.01,6.703668288464026
PPG,2025-04-30,6.059136404452903,False,6.05,3.2226590852568293
PPG,2025-01-31,-6.3136523575225585,True,-1.48,2.054091972636929
PPG,2024-10-17,0.9205106929198958,False,-0.86,-5.214664739437569
PPL,2026-05-08,-2.4684369437366627e-06,False,2.08,1.1417409091308173
PPL,2026-02-20,0.8385161156608811,True,-1.25,2.9647466741501205
PPL,2025-11-05,1.434485173346034,False,5.33,-2.254600335932744
PPL,2025-07-31,-1.5260902600082171,True,-17.18,3.894658835517184
PPL,2025-04-30,0.8244128829331787,False,11.02,-8.16439339570525
PPL,2025-02-13,-0.927001426081564,True,-8.9,2.324902885429392
PPL,2024-11-01,-2.4570033023954108,False,-1.12,6.780741198769946
PRU,2026-05-06,1.6156417339958873,False,16.48,3.0551088085301936
PRU,2026-02-04,-1.9313280440042546,False,-24.33,1.8921573568992711
PRU,2025-10-30,2.193886025510272,False,7.65,4.617332494131632
PRU,2025-07-31,0.7663667053544376,True,-51.84,3.1280133315203074
PRU,2025-05-01,-0.3407584835713351,False,-35.06,5.180366559828986
PRU,2025-02-05,-2.6367133996307746,False,-9.21,-1.3753551213376403
PRU,2024-10-31,-0.7659544231826243,False,-62.95,2.6698227701234645
PSA,2026-04-28,1.6138474742592113,False,2.19,4.758690362437656
PSA,2026-02-13,-1.0534505526902826,True,4.62,3.5258795585714875
PSA,2025-10-30,1.5284577588390968,False,3.14,-2.3427932294117992
PSA,2025-07-31,-1.1848220580907731,False,0.95,3.291177115140176
PSA,2025-05-01,-0.3894321641391696,True,1.25,1.6599938444231466
PSA,2025-02-25,2.340523661768912,False,-2.08,-0.12638152299612182
PSA,2024-10-31,-2.0337759764499364,True,-1.62,0.8296485539613707
PSKY,2026-05-05,-2.6954239039104877,False,51.38,-7.129455505175986
PSKY,2026-02-26,1.5748034887021367,True,-732.18,-12.34347484466377
PSKY,2025-11-11,6.295075710101949,True,-129.59,-6.571084159199314
PSX,2026-04-29,0.012104480525754191,True,225.68,-0.9625890257090486
PSX,2026-02-04,1.289760009935459,True,14.7,0.46544867052016325
PSX,2025-10-29,-0.8379543380939936,True,16.81,0.01448392386371733
PSX,2025-07-25,1.1985230756944798,False,38.89,-4.673126575013087
PSX,2025-04-25,-1.346834753225612,True,-25.57,6.684621528378298
PSX,2025-01-31,-0.7282307368721264,False,32.18,8.628140524277939
PSX,2024-10-29,-0.9620582934231403,False,22.54,3.593735320488034
PTC,2026-05-07,12.583162182837926,False,27.86,-1.2258703917473301
PTC,2026-02-05,1.162950844597277,True,22.76,0.7925173452998369
PTC,2025-11-06,-2.705690033489494,False,52.71,-2.012303885117883
PTC,2025-07-31,4.933092570316,True,35.26,-3.1655896508741344
PTC,2025-05-01,3.3813031244036784,False,27.58,9.888708632469312
PTC,2025-02-06,-3.6888702585559097,False,23.76,-5.80386147569677
PTC,2024-11-07,-2.1157277947204345,False,5.7,1.4206771401665597
PWR,2026-04-30,11.296526142834118,True,31.8,7.187717927636417
PWR,2026-02-19,4.921920529648527,True,4.69,-0.862824950760821
PWR,2025-10-30,-1.845373865488864,True,2.18,-5.9273246178820465
PWR,2025-07-31,-1.2210806004578356,True,1.13,-7.04700285671418
PWR,2025-05-01,9.402428757276926,True,6.92,5.727952075491505
PWR,2025-02-20,5.310357089074769,False,12.05,-14.326361788396946
PWR,2024-10-31,-4.007951318743808,True,1.01,7.373258110202818
PYPL,2026-05-05,-9.96229569298822,True,5.59,-5.721660589874089
PYPL,2026-02-03,-18.0489233911278,False,-4.4,-0.5995157697052278
PYPL,2025-10-28,8.483976920943736,False,11.14,-7.6965021551951285
PYPL,2025-07-29,-8.297116687497653,False,8.0,-4.870537327926295
PYPL,2025-04-29,2.2177684398728914,False,14.53,9.001819203351836
PYPL,2025-02-04,-8.099660481637482,False,5.96,0.8169820909676329
PYPL,2024-10-29,-6.639545573221217,True,12.16,7.623326166041333
Q,2026-05-12,5.096575622803301,True,17.39,-5.494179952136758
Q,2026-02-26,16.752878038288376,False,28.63,-14.161984856810717
Q,2025-11-19,0.18990814964436886,True,44.05,4.902343674996068
QCOM,2026-04-30,10.288470176950447,True,3.34,11.4155235954144
QCOM,2026-02-05,-10.726036322026044,True,2.87,4.8275844911251475
QCOM,2025-11-06,-1.0683248629917097,False,4.32,-7.857961617364184
QCOM,2025-07-31,-3.7407181496148634,False,2.05,7.720078967863353
QCOM,2025-05-01,-6.513543130893873,False,1.19,12.868878104672476
QCOM,2025-02-06,-4.560452147245964,True,14.2,-2.297435920345281
QCOM,2024-11-07,4.208328423532581,False,4.74,-10.091945426035242
RCL,2026-04-30,5.511593723402064,False,12.59,0.6142023789337037
RCL,2026-01-29,8.419059139531427,True,0.13,-3.8094716862530853
RCL,2025-10-28,-7.687498936903325,False,1.24,-10.035854144204793
RCL,2025-07-29,-7.571014797025555,True,7.33,-6.367203458673709
RCL,2025-04-29,2.4964241714254154,False,7.02,14.405770759037594
RCL,2025-01-28,4.193062293080141,True,9.0,-3.2346847151853098
RCL,2024-10-29,-2.7810640399107966,True,3.3,13.003333383749972
REG,2026-04-30,-1.6250900174737404,False,9.38,-1.1946109795548887
REG,2026-02-06,0.8611473254828361,False,89.07,3.4033524873615217
REG,2025-10-29,-1.411795193529919,False,4.6,0.9372741948579622
REG,2025-07-30,2.0066741845403024,False,4.35,-0.4010472588861891
REG,2025-04-30,0.47321291923949627,False,3.98,0.027709965765865263
REG,2025-02-07,0.123379603499707,True,-3.06,0.4188249033613589
REG,2024-10-29,1.686386381655658,False,15.81,1.449699768323387
REGN,2026-04-29,-3.6432304770008694,False,6.38,4.883737892805584
REGN,2026-01-30,0.6031173558219916,False,6.38,8.324218770312775
REGN,2025-10-28,4.563398204688118,True,22.66,3.0665631034219265
REGN,2025-08-01,6.8840885333985025,False,52.72,3.8541953317047684
REGN,2025-04-29,-8.039466704147625,True,-3.03,0.9228172149741365
REGN,2025-02-04,-2.5267991295187864,True,7.82,-1.634028618388783
REGN,2024-10-31,-5.17885838888712,False,6.54,-6.643994587304746
RF,2026-07-17,-1.4814858857385205,False,7.91,-2.2116867741792556
RF,2026-04-17,1.9340939692854109,False,4.36,0.2132984316130626
RF,2026-01-16,-3.0504958944293503,True,-6.81,4.8613665381391336
RF,2025-10-17,1.2847976060679223,False,5.78,2.629351617500797
RF,2025-07-18,4.039166285528384,True,7.46,-4.306035811532983
RF,2025-04-17,5.842457981026072,False,6.16,9.010883446114848
RF,2025-01-17,2.4469822763441895,False,6.34,-0.6198320782736189
RF,2024-10-18,1.4178363761570667,False,6.75,-1.0915077013627372
RJF,2026-04-23,-1.4626039028247217,True,0.54,0.07821790153828001
RJF,2026-01-29,-0.18418642642574756,False,0.9,-6.0855501015117275
RJF,2025-10-23,3.878582308520051,False,9.97,-2.574510908884353
RJF,2025-07-24,1.6348553558879209,True,-7.54,-2.3075790629882187
RJF,2025-04-24,-1.174893506011665,True,-0.71,6.0323453602565635
RJF,2025-01-30,-1.0987016294183194,True,8.8,-6.012314494536797
RJF,2024-10-24,5.387309685688169,True,22.19,6.126199579908542
RL,2026-05-21,10.253914152376243,True,10.07,-2.227255546575835
RL,2026-02-05,-8.23795095046762,True,7.1,13.692205099014853
RL,2025-11-06,2.85263645894287,False,9.86,3.7836508640911815
RL,2025-08-07,-2.7231309002995085,False,7.79,0.748219675476447
RL,2025-05-22,-3.691414023997852,True,11.28,-0.9444228258182363
RL,2025-02-06,14.658626336676361,False,6.51,1.662136276545878
RL,2024-11-07,10.526815597655737,False,5.15,-6.576449591849243
RMD,2026-05-01,-3.6527741908342293,False,2.15,-1.2387474055442715
RMD,2026-01-30,-2.5542336320662717,True,3.15,-2.003413659197517
RMD,2025-10-31,0.8919430918691962,False,2.05,-0.7447144036579756
RMD,2025-08-01,3.6625739051026285,False,2.77,2.250784729444799
RMD,2025-04-24,8.743709440889713,True,0.41,3.184092090355617
RMD,2025-01-31,0.13582817686175197,False,4.98,-1.1334224944088644
RMD,2024-10-25,8.763864737263315,False,7.69,-1.2278968542172808
ROK,2026-05-05,13.537013454495717,False,14.55,-2.830114549045426
ROK,2026-02-05,-5.71375141804652,True,10.73,-1.944925549028853
ROK,2025-11-06,5.670168831478328,False,13.64,-0.6566098284059296
ROK,2025-08-06,-3.9768823946643606,False,5.66,3.728603778360684
ROK,2025-05-07,10.650065798412566,True,15.77,7.022137262309758
ROK,2025-02-10,8.297343198876872,True,16.03,-4.068082905823955
ROK,2024-11-07,-0.5612188392930095,False,0.13,0.8985846058697788
ROL,2026-04-23,-0.7592206487604614,True,1.32,-4.562208446914251
ROL,2026-02-12,-15.167672294812562,True,-6.64,4.063230462113254
ROL,2025-10-30,2.431780156461949,True,6.35,0.0007664039433974423
ROL,2025-07-24,1.939811661387103,True,-0.7,0.8271513288930166
ROL,2025-04-24,-1.8022879248212997,True,1.29,2.1993720728488153
ROL,2025-02-13,0.9381207588847751,True,-0.79,1.2300772946592264
ROL,2024-10-24,-4.301513884110975,False,-3.78,5.507762547426043
ROP,2026-04-23,4.027641660099968,False,3.49,-3.1119434537083657
ROP,2026-01-27,-9.829452861990596,True,1.38,-5.532533224378843
ROP,2025-10-23,-8.230679718045264,True,0.58,-7.392272746134376
ROP,2025-07-21,0.886594980639055,True,0.75,-0.9947278220565736
ROP,2025-04-28,-3.5413245349295686,True,0.76,4.328304385022763
ROP,2025-01-30,4.230052248830485,True,1.73,0.49596727633234305
ROP,2024-10-23,-0.3803824023002611,False,1.94,4.002279667805508
ROST,2026-05-22,5.419217027225676,True,17.42,-3.1472231865879774
ROST,2026-03-04,8.657155437058739,False,4.91,-2.7443037218982003
ROST,2025-11-21,3.881630984750384,True,10.9,2.4080390404945584
ROST,2025-08-22,3.165769626948056,False,1.36,2.933788624591971
ROST,2025-05-23,-11.592772403153562,True,2.55,3.569876525266036
ROST,2025-03-05,-4.831961165557375,True,7.92,-8.859163635616019
ROST,2024-11-22,7.22579300903281,False,6.0,6.947770261127961
ROST,2024-08-23,7.238387543295466,False,6.44,-2.8477504149684862
RSG,2026-05-08,1.3892358633366353,False,3.77,4.454554517387566
RSG,2026-02-18,-0.8544617316569969,False,7.94,6.793020898025914
RSG,2025-10-31,-0.25723965837901597,False,6.49,0.7491352606399326
RSG,2025-07-30,-2.914516879579243,False,0.81,0.4531931165328906
RSG,2025-04-25,1.175456366990435,False,3.07,2.061090988181058
RSG,2025-02-14,1.7996388331206647,True,13.64,3.565718042335164
RSG,2024-10-30,-0.1517356971018069,False,12.27,7.982489134526594
RTX,2026-04-21,-0.6026780413764254,False,16.95,-7.640119225671671
RTX,2026-01-27,2.7713295938144977,True,5.34,-3.0256291969375737
RTX,2025-10-21,6.906838549432881,True,20.64,1.485210552740468
RTX,2025-07-22,-4.011615126834145,True,9.47,4.799896494155198
RTX,2025-04-22,-9.189660804740797,False,7.52,12.668142124762394
RTX,2025-01-28,4.902023408056122,False,11.8,0.5921280997155387
RTX,2024-10-22,1.6600484702351759,False,8.31,-5.217875730828492
RVTY,2026-05-05,3.063227922391132,True,4.47,3.86782399603518
RVTY,2026-02-02,-3.95220570597572,True,7.8,-11.242873430528089
RVTY,2025-10-27,-4.075231783926736,True,3.63,-5.022650331969347
RVTY,2025-07-28,-9.39519454288006,True,3.36,-9.722215737695095
RVTY,2025-04-28,7.360273936686523,False,6.39,3.6187740758098608
RVTY,2025-01-31,-1.0801019494728337,True,3.1,-10.996582402870681
RVTY,2024-11-04,1.239256919410292,True,13.6,-12.297703799121374
SBAC,2026-04-30,-0.4491360720418447,True,-0.28,-9.037061938351254
SBAC,2026-02-27,0.6244394356488714,True,-14.33,-5.885334488072235
SBAC,2025-11-04,1.1936824204597185,True,1.78,1.3223206090229978
SBAC,2025-08-05,-3.1032960126401,False,-7.52,0.501904725117952
SBAC,2025-04-29,4.836978089110855,True,-23.6,-5.316547868914878
SBAC,2025-02-25,3.598957866224395,False,0.9,0.5703186425726869
SBAC,2024-10-29,0.44176982858381564,False,-4.29,-5.242713653770769
SBUX,2026-04-29,4.851976100569,True,14.51,0.4265351442685805
SBUX,2026-01-28,6.874215840852682,False,-4.59,4.161410935454279
SBUX,2025-10-30,-2.3048615484899226,True,-6.51,3.956716406180716
SBUX,2025-07-30,5.238824377922202,False,-22.49,1.5308334147275726
SBUX,2025-04-30,-9.994110687060342,True,-15.23,8.107439560149432
SBUX,2025-01-29,2.2806505821511225,True,3.46,4.107574752315246
SBUX,2024-10-31,4.595491276404573e-06,True,-10.61,1.5660215018994172
SCHW,2026-04-16,-4.497843584248329,False,2.48,-1.0580925829356658
SCHW,2026-01-21,0.33667518711950617,True,-0.27,2.0532441759135267
SCHW,2025-10-16,0.4664371004698742,False,5.21,1.0705553161349135
SCHW,2025-07-18,2.792702447246387,True,3.81,-0.28184403275284264
SCHW,2025-04-17,2.6023818857980885,False,3.17,9.139864295277778
SCHW,2025-01-22,0.18535282909382111,False,10.46,1.575683065671707
SCHW,2024-10-15,7.048064861707393,False,2.61,-0.0972820136281527
SHW,2026-04-28,1.764358370835195,False,3.56,-3.913409824309788
SHW,2026-01-29,-0.02860476128850875,True,3.12,5.082078929298484
SHW,2025-10-28,6.055099745942383,False,4.38,-2.643523439978823
SHW,2025-07-22,-2.8918907582369924,True,-11.19,3.5345668860989887
SHW,2025-04-29,3.943402158915843,True,4.13,2.272145450792129
SHW,2025-01-30,0.5327152066916474,True,1.62,-1.2091236204428202
SHW,2024-10-22,-0.7491720063464546,False,-4.84,4.657153533941227
SJM,2026-06-09,5.099737263045134,True,5.01,-0.6762186496643618
SJM,2026-02-26,10.403379318295913,False,5.18,-8.620690572423307
SJM,2025-11-25,-3.730693088838277,False,-0.03,-0.6973502104647977
SJM,2025-08-27,-9.341660892892744,True,-1.36,4.911526361936502
SJM,2025-06-10,-6.124283820239174,False,2.8,1.3875757842609193
SJM,2025-02-27,-4.204835542173591,True,10.34,2.400585129435706
SJM,2024-11-26,5.61520315011943,True,10.17,-5.695723612582004
SJM,2024-08-28,-6.43745021939065,True,12.24,2.8327457443153348
SLB,2026-04-24,-0.7489960251813255,True,1.13,-5.129118339116223
SLB,2026-01-23,1.378757003546771,False,4.96,3.153608798969887
SLB,2025-10-17,-0.6682688764939049,False,3.95,10.511805497802085
SLB,2025-07-18,-1.0671979737287174,False,1.68,-0.8103247156036275
SLB,2025-04-25,-1.8322440145859153,True,-1.34,0.0869146711323765
SLB,2025-01-17,2.5797237607013246,True,2.01,-7.847648306108146
SLB,2024-10-18,6.9370100330701234e-06,False,0.63,-5.15268433518925
SMCI,2026-05-06,12.97161559557356,True,34.51,-3.4622064865042157
SMCI,2026-02-04,11.054939933303864,True,41.43,-4.739332208735814
SMCI,2025-11-05,-5.105489252613915,False,-10.08,-19.747797949375524
SMCI,2025-08-06,-17.341943383788472,False,-6.58,-8.933533283579486
SMCI,2025-05-07,-5.58590868837292,True,3.78,28.232765125867985
SMCI,2025-02-26,20.81686287143667,False,1.92,-16.904713923831448
SMCI,2025-02-26,20.81686287143667,False,-1.93,-16.904713923831448
SNA,2026-04-23,4.838120584549532,False,-1.24,-5.138834096951861
SNA,2026-02-05,1.5800075241043876,False,0.33,4.0668798102938775
SNA,2025-10-16,4.032004795781652,False,8.07,-1.6154921283610513
SNA,2025-07-17,5.380008016542126,True,1.98,-4.917096549988498
SNA,2025-04-17,-4.927702082543273,False,-6.41,3.7683431564091263
SNA,2025-02-06,-2.76326449358949,False,0.54,-1.1652453557168818
SNA,2024-10-17,2.4892593688548015,True,2.52,0.7138885880286328
SNDK,2026-05-01,-3.419028545155589,True,59.67,18.58550845421756
SNDK,2026-01-30,20.754681106862915,False,74.97,8.730585259625823
SNDK,2025-11-07,0.35148332560928086,True,36.89,-16.372971502675348
SNDK,2025-08-15,-7.754924824804233,True,771.13,17.80422124421479
SNDK,2025-05-08,0.0,True,22.38,3.2187678944005205
SNPS,2026-05-28,-3.027073210275011,False,5.95,-5.066162899759052
SNPS,2026-02-26,-4.294589569262374,False,5.98,-1.7089199012433998
SNPS,2025-12-11,0.16602748191909544,True,4.18,-0.02514250402970708
SNPS,2025-09-10,-29.215548215622743,False,-9.48,20.710195938780696
SNPS,2025-05-29,2.285752977019717,False,7.99,8.791402197528608
SNPS,2025-02-27,2.34664131816531,False,8.57,-5.746520941665723
SNPS,2024-12-05,-7.394554501488093,False,3.0,-4.257791313508507
SNPS,2024-08-22,2.2278134966731145,False,4.3,-15.343209997533247
SO,2026-04-30,1.0587039705052037,True,8.87,-3.1230539879623653
SO,2026-02-19,4.898945532724852,False,-1.37,2.2619618766068994
SO,2025-10-30,-0.4812336597902034,True,6.04,-4.102254234042491
SO,2025-07-31,-0.02107327620184396,False,4.65,-0.30693594172594985
SO,2025-05-01,0.5985534612748866,False,3.02,-4.460966704217173
SO,2025-02-20,-2.2895377083767654,True,-1.7,1.0248103308828194
SO,2024-10-31,1.4883621163920502,True,6.71,-4.668796698350308
SOLV,2026-05-06,-1.4918869722454264,True,9.33,7.24045576041874
SOLV,2026-02-27,-5.1208764184882405,True,5.0,-10.026947598396063
SOLV,2025-11-07,3.530482815905045,True,4.73,15.91164068366291
SOLV,2025-08-08,3.377345946135102,False,16.25,0.21801834506069984
SOLV,2025-05-09,1.9961006841951567,True,9.71,0.82584959979628
SOLV,2025-02-28,-2.984186745335504,False,7.75,-7.009399796728055
SOLV,2024-11-08,2.0380961576084378,False,17.67,-2.2366460579267278
SPG,2026-05-12,2.099503839503636,True,-17.98,0.5397216130096583
SPG,2026-02-03,-0.3556104625295542,False,-47.1,5.390144595632673
SPG,2025-11-04,0.786773289470899,True,-4.66,-0.36147165324467156
SPG,2025-08-05,-2.4094237610111757,True,-15.48,3.289830203164823
SPG,2025-05-13,-2.1523626184170475,False,1.13,0.20511533094413892
SPG,2025-02-05,3.005477823123015,True,-3.13,4.243190113850903
SPG,2024-11-01,-1.1885121115070452,True,-4.56,7.4955429941960805
SPGI,2026-04-28,1.1275739748077607,False,3.18,-2.1454754358468997
SPGI,2026-02-10,-5.677743743763841,False,-0.83,5.862842557276204
SPGI,2025-10-30,3.111723280232126,True,7.28,2.3170649620928963
SPGI,2025-07-31,1.0957316773769321,True,4.88,2.3679835981857744
SPGI,2025-04-29,1.4748586324430546,True,3.9,4.841786993101649
SPGI,2025-02-11,4.79332165747357,True,8.58,-1.908521504819427
SPGI,2024-10-24,-2.3330497428564856,False,6.76,0.7887156883047197
SRE,2026-05-07,-1.5906897392684693,False,-0.29,-0.021834178393798087
SRE,2026-02-26,1.3439180909959214,False,9.2,-2.1113346566172475
SRE,2025-11-05,0.9191156245692778,False,21.74,-1.4828455977256794
SRE,2025-08-07,0.4189615528540358,True,4.77,-1.7677637050590445
SRE,2025-05-08,0.052746713567008996,False,9.33,1.2933850238671774
SRE,2025-02-25,-16.976375420459423,False,-3.27,-2.618914595604238
SRE,2024-11-06,-0.9118616278456226,True,-16.63,5.506468868740111
STE,2026-05-12,2.02625438353079,True,-0.65,0.9580199850913962
STE,2026-02-05,-9.111890584280768,True,-0.1,3.0669112989730074
STE,2025-11-06,1.9985195618253737,True,5.05,-1.1843390961757128
STE,2025-08-07,2.6897567000105704,True,3.37,4.766333913476539
STE,2025-05-15,5.626370035163997,True,5.44,-0.6764305994409026
STE,2025-02-06,0.2852947140638218,True,-0.06,-1.9121173728635754
STE,2024-11-07,-1.0856105429508434,False,0.4,0.3888686860084922
STLD,2026-04-21,1.2610493298223835,True,-0.19,7.833425133517702
STLD,2026-01-26,1.6986440596117758,False,7.92,16.980153444436464
STLD,2025-10-21,-0.11621240958743506,True,4.16,-1.4302644076693682
STLD,2025-07-22,-4.794476824884796,True,-3.46,-6.5865071252536485
STLD,2025-04-23,2.95596126353308,True,4.0,6.70260176852735
STLD,2025-01-23,-1.5379531051247786,True,5.5,5.385312531954223
STLD,2024-10-17,4.720490132557842,False,3.44,-3.369142105242451
STT,2026-07-16,0.3805170308173844,False,9.21,-1.5296759031952045
STT,2026-04-17,2.029599624710743,True,7.46,4.517637903791716
STT,2026-01-16,-3.1403646165546695,False,-1.32,3.5619448337809168
STT,2025-10-17,-3.8069851049953973,True,4.98,3.8520145014554474
STT,2025-07-15,-4.117049090045222,False,7.06,11.018515144413055
STT,2025-04-17,-5.186485006705388,True,1.7,11.407827379581104
STT,2025-01-17,-4.806453742545469,True,6.51,0.5531219892556116
STT,2024-10-15,1.0007707629542173,False,6.6,1.0890839181054046
STX,2026-04-29,15.361880607803657,False,16.76,27.05580358054167
STX,2026-01-28,6.302457404590234,True,9.58,-8.055443952007458
STX,2025-10-29,7.85651305740267,True,8.76,6.641065524834966
STX,2025-07-30,-7.649991703660208,True,6.01,6.444189527288002
STX,2025-04-30,6.789218273673359,True,9.21,15.555308060270146
STX,2025-01-22,7.28889500115526,False,8.14,-11.785916597359058
STX,2024-10-23,-6.125702260535181,False,8.58,-0.521634318636699
STZ,2026-07-01,2.6385747119801684,False,7.13,-0.8474527711392121
STZ,2026-04-09,0.4858360099536885,True,10.79,-2.305773890611551
STZ,2026-01-08,2.3987430574062385,True,16.21,7.312785824776147
STZ,2025-10-07,4.174170414140987,False,6.51,1.0204133090781164
STZ,2025-07-02,2.7520919265229704,True,-2.27,-1.3515874422627916
STZ,2025-04-10,-4.073072981268899,True,15.94,0.32477251910023597
STZ,2025-01-10,-7.374159202389974,False,-1.92,3.371680352782147
STZ,2024-10-03,-0.9269751255893133,False,6.03,-1.4816363624389983
SW,2026-04-30,-4.485878077358096,True,-17.35,4.245900395425339
SW,2026-02-11,6.393448485587228,True,-43.0,-6.760182239710311
SW,2025-10-29,-3.7827878644940194,False,-19.83,-6.501053282116365
SW,2025-07-30,-5.352709091604879,True,-13.89,-4.729723840810641
SW,2025-05-01,-1.3802897477246057,False,24.18,15.221142751199746
SW,2025-02-12,-4.996271035191924,False,-28.25,2.2990269439330246
SW,2024-10-30,5.256097375426361,True,-1.78,1.837426651236651
SWK,2026-04-29,-1.0468562733392694,False,34.6,2.3323349442086805
SWK,2026-02-04,-0.3334906383235303,True,9.92,5.884432793322492
SWK,2025-11-04,-0.8891018725290967,True,20.02,-5.70312901402662
SWK,2025-07-29,-7.723522474088595,True,159.66,4.110186311052333
SWK,2025-04-30,0.03265980636100174,False,13.85,19.726741811927884
SWK,2025-02-05,-4.223396369820465,True,17.3,5.033858646702538
SWK,2024-10-29,-7.93819467727489,False,16.52,-6.8271399705486235
SWKS,2026-05-06,-6.229322124123615,False,10.1,14.437428263797347
SWKS,2026-02-04,4.970494289899974,True,10.08,0.37288258647032446
SWKS,2025-11-05,2.611472342613519,False,14.82,-13.828476353876573
SWKS,2025-08-06,2.2327412221150533,False,7.01,11.255931941353104
SWKS,2025-05-08,0.059794450165506774,True,3.09,4.562354441097383
SWKS,2025-02-06,-28.169491368633892,True,1.75,2.4542610073533533
SWKS,2024-11-13,-2.5965169400240518,False,1.9,4.352015682067556
SYF,2026-04-21,-1.5143849844159951,True,5.09,-4.5738100308249425
SYF,2026-01-27,-1.4449872152275778,False,7.83,1.6450088463201507
SYF,2025-10-15,0.8374598586504689,False,28.94,1.2306304678461055
SYF,2025-07-22,-0.9576577407435782,True,39.29,-0.5172299475008968
SYF,2025-04-22,0.42345410582627085,True,9.81,10.579346888614705
SYF,2025-01-28,-4.8096044433888485,True,-0.29,-1.789272188133051
SYF,2024-10-16,3.602930877807542,True,6.57,-0.3715382771315001
SYK,2026-05-01,-0.5680198138024783,False,-12.86,4.081696428571435
SYK,2026-01-30,4.1772485591477615,True,1.7,-0.9497789439321558
SYK,2025-10-31,-1.4309706841583614,False,1.87,1.6786419387041285
SYK,2025-08-01,-5.196948651289446,True,1.95,1.0905407855660298
SYK,2025-05-02,-0.026724892777818532,True,4.01,4.227703439231556
SYK,2025-01-29,-0.037961056542068494,False,3.49,-1.3910564883953702
SYK,2024-10-30,1.8606656688591405,False,3.49,6.854141204484376
SYY,2026-04-28,-1.8046661147940624,False,-0.39,-0.5315576643032616
SYY,2026-01-27,4.350130145149045,True,1.39,4.40897617648075
SYY,2025-10-28,-1.282050724697914,False,2.57,-0.5270882544140654
SYY,2025-07-29,-2.725560182631359,True,6.48,3.0237297772367944
SYY,2025-04-29,-2.9253064289629482,True,-6.25,0.7972773787391585
SYY,2025-01-28,-3.9812604581897837,False,0.75,-2.4073172460333803
SYY,2024-10-29,-1.7443353509911441,True,-3.13,4.2065783968363135
T,2026-04-22,-2.820711188011238,True,3.42,-1.5781381023729613
T,2026-01-28,1.8260791600081872,True,11.58,18.28001181770005
T,2025-10-22,-4.337813081919539,True,0.45,-3.8747622013760474
T,2025-07-23,-4.084604874893493,True,1.92,-0.9369340112746483
T,2025-04-23,-1.5578530967303883,True,-0.9,3.3468269018968932
T,2025-01-27,3.4331039364447147,True,6.81,2.9826138126752166
T,2024-10-23,-1.2093216906951754,True,5.07,-0.7559004463029262
TAP,2026-04-30,3.4661713111997505,False,70.58,-4.515676139297053
TAP,2026-02-19,-6.316412222541567,True,4.95,-2.585306099138651
TAP,2025-11-04,-0.046279048625996744,True,-1.48,6.365941492452398
TAP,2025-08-05,0.8845849132439909,True,12.87,4.733844505257445
TAP,2025-05-08,-7.899359733864342,True,-37.22,0.09213769439422315
TAP,2025-02-13,7.072021427661723,True,15.31,5.496604835151464
TAP,2024-11-07,-7.024061513857438,True,7.92,6.592645836376776
TDG,2026-05-05,6.112795383896352,False,4.03,-1.0282625680435475
TDG,2026-02-03,-4.006911693926252,False,2.35,1.0292336600999263
TDG,2025-11-12,-1.1491495453777034,True,7.64,3.5964158288139148
TDG,2025-08-05,-9.570043013717688,False,-3.02,-1.3521965701704608
TDG,2025-05-06,-3.815640707814283,False,1.8,2.70932181235346
TDG,2025-02-04,-7.341927667891735,True,1.12,2.6604715404781043
TDG,2024-11-07,-2.57485089428513,False,5.9,-6.714363159376113
TDY,2026-04-22,3.456810544319966,False,5.97,-1.9126220152429374
TDY,2026-01-21,7.272662009470188,True,8.1,1.276958896410041
TDY,2025-10-22,-2.43485328159041,False,1.8,-5.708711886842099
TDY,2025-07-23,1.9390175420491484,False,3.04,0.43543576574283094
TDY,2025-04-23,-3.138148130376439,True,0.56,7.3909803857263645
TDY,2025-01-22,2.7351603902280974,True,5.64,0.7446140952236391
TDY,2024-10-23,0.5411676626104089,True,2.57,2.2655223424132176
TECH,2026-05-06,1.8700346826605596e-06,False,-0.82,-1.315245881090199
TECH,2026-02-04,3.1873883318114693,True,5.84,-15.059896250719184
TECH,2025-11-05,-10.965625545669866,True,-0.36,-3.4234311412982166
TECH,2025-08-06,-2.7086402594851733,False,5.79,9.106107882639769
TECH,2025-05-07,4.756912829470772,False,10.41,-4.131133207968752
TECH,2025-02-05,9.276364670703696,False,7.77,-12.865710808148789
TECH,2024-10-30,4.608440954197368,True,10.24,-0.013703868920467155
TEL,2026-04-22,-10.856153664180768,True,1.13,-2.203218533671303
TEL,2026-01-21,-2.777898764506026,True,6.46,-6.584423562628028
TEL,2025-10-29,3.187622382260291,False,6.58,2.309358976412601
TEL,2025-07-23,3.67928488957332,True,9.25,-0.9849574929470362
TEL,2025-04-23,5.642551331849011,False,6.94,10.017659770269315
TEL,2025-01-22,2.043154522410373,True,3.36,-5.719246211307228
TEL,2024-10-30,-0.09170274800635037,False,0.42,1.9434746964986482
TER,2026-04-29,-17.254622727721515,False,20.93,18.623721612978873
TER,2026-02-03,3.458501060869845,True,30.11,11.298192376426751
TER,2025-10-29,17.75174049090826,True,7.45,3.064279528898406
TER,2025-07-30,16.764219799687652,True,4.94,5.908040090175604
TER,2025-04-29,-2.329816647423122,False,21.74,13.36626827094236
TER,2025-01-30,-16.427700304604087,True,4.54,-1.9464608968897679
TER,2024-10-24,-5.006844502277607,False,14.24,0.8309261080054808
TFC,2026-07-17,-0.6572741298048745,False,13.78,-1.2571425664992586
TFC,2026-04-17,-1.395908999468276,True,9.4,0.7118826427712222
TFC,2026-01-21,-2.6658449331921186,True,2.66,10.175923894707228
TFC,2025-10-17,2.214654568122265,True,4.95,4.765260414754735
TFC,2025-07-18,0.644303623397291,False,-2.23,-2.915262344324554
TFC,2025-04-17,-2.4722360148025535,True,-0.38,9.944289612080205
TFC,2025-01-17,4.535333500494643,True,3.78,-1.5949640207565619
TFC,2024-10-17,-0.9431656636074037,False,7.55,0.23283345234650366
TGT,2026-05-20,-5.524991274224633,True,17.31,1.2425379059223918
TGT,2026-03-03,2.5095048714417034,True,12.97,-3.3443727545460877
TGT,2025-11-19,-2.383377385408325,False,4.09,6.401012748286283
TGT,2025-08-20,-10.392925836138478,True,0.82,-6.059381361005789
TGT,2025-05-21,-6.746838257548216,True,-21.27,0.5483214307608009
TGT,2025-03-04,-2.699567807652037,False,7.05,-10.713680887404752
TGT,2024-11-20,-17.355374589931817,False,-19.56,6.120600137741783
TGT,2024-08-21,16.842424306159167,False,17.72,-4.615390622527482
TJX,2026-05-20,1.466688891220258,True,18.21,-0.36429985967971756
TJX,2026-02-25,-0.0697675838791878,False,14.11,1.322034071485323
TJX,2025-11-19,3.3795790600097186,False,4.95,3.079359280166738
TJX,2025-08-20,6.626052288722684,False,8.45,1.9888678895055634
TJX,2025-05-21,-2.801449055439731,False,1.49,-2.7932539436964166
TJX,2025-02-26,2.59168703020074,False,5.31,-7.6467289348566165
TJX,2024-11-20,-0.1003675973315743,True,4.02,5.161191171520985
TJX,2024-08-21,5.807076671393374,True,3.87,-1.8464495210648968
TKO,2026-05-07,0.5197731245228931,False,-32.11,2.1972210088508914
TKO,2026-02-26,5.048017900641333,True,-113.67,-10.071040796214358
TKO,2025-11-06,-0.72633313517243,False,-8.04,-2.4917088318468172
TKO,2025-08-07,1.375236900004495,True,7.47,14.619883322817318
TKO,2025-05-09,1.550657009501455,False,24.4,-1.2150996654891055
TKO,2025-02-27,-3.7355033117062675,False,141.28,-6.243761178563323
TKO,2024-11-07,-1.513891899865949,False,-51.33,16.126566789046404
TMO,2026-04-23,-8.041169432438256,False,3.79,1.6627381253399243
TMO,2026-01-29,-3.6544962056493713,True,1.87,-13.905011639363563
TMO,2025-10-22,-0.4462411546515055,True,5.32,0.07758244051483398
TMO,2025-07-23,10.673029078954643,False,2.55,-3.8075085567925937
TMO,2025-04-23,5.01920748942597,False,0.94,-5.511544846563221
TMO,2025-01-30,3.9367893920705166,True,2.66,-12.21280900949454
TMO,2024-10-23,-2.012331659922284,True,0.5,-2.915928307387017
TMUS,2026-04-29,3.7757126021300547,True,31.07,-3.981433103487042
TMUS,2026-02-11,-4.0615775105588,True,-8.92,1.722827540315941
TMUS,2025-10-23,-0.725589177654129,False,0.39,-8.627674723032431
TMUS,2025-07-24,4.304718635836258,True,6.07,-1.8464759533884156
TMUS,2025-04-25,-7.258380787694363,False,4.51,4.742876441232502
TMUS,2025-01-29,7.624140783841682,False,12.61,8.560493583862527
TMUS,2024-10-24,1.1088436127492551,True,7.64,-0.8862830569204005
TPL,2026-05-07,1.255506094969916,False,2.47,-0.526204617752446
TPL,2026-02-19,-2.430164477242691,True,-50.22,7.676246816324395
TPL,2025-11-06,-0.22306507676860265,True,-8.7,-12.616582459885805
TPL,2025-08-07,0.8110461670576274,False,-27.41,1.4778957103227075
TPR,2026-05-07,-9.050595924918369,False,27.77,6.581364857860472
TPR,2026-02-05,6.088366767177167,True,20.67,9.707375134987316
TPR,2025-11-06,-13.457136372947065,True,8.91,3.410585928923626
TPR,2025-08-14,-15.484901352613022,False,2.1,7.231689628263505
TPR,2025-05-08,5.939809840168264,False,17.05,1.8700080672745978
TPR,2025-02-06,19.582978340102407,False,14.42,2.907543390143652
TPR,2024-08-15,7.32349861975532,False,4.45,3.3673566005652633
TRGP,2026-05-08,-0.11091591767840026,False,7.4,11.538769277440997
TRGP,2026-02-20,1.8558239853704972,True,12.12,2.52863117455695
TRGP,2025-11-05,1.093347639511344,True,10.4,4.591549121510474
TRGP,2025-08-07,2.0177867803401695,True,2.2,-2.8701508200003945
TRGP,2025-05-01,-1.1117509457673869,False,-7.56,2.5317185630963523
TRGP,2025-02-20,-4.051543023560134,True,-0.65,-11.099168072753363
TRGP,2024-11-06,3.3089157017716087,True,19.13,9.030313187495631
TRMB,2026-05-06,2.0769315663312637,False,9.79,-11.747078466316019
TRMB,2026-02-10,-2.2710244077928987,True,4.1,-2.5261294035304083
TRMB,2025-11-05,-2.8880364976263895,True,12.95,-5.969960998898626
TRMB,2025-08-06,4.195890385431111,False,13.6,-4.671342486007413
TRMB,2025-05-07,0.20530806813294777,True,4.43,6.726996801177987
TRMB,2025-02-19,1.038060667597418,False,0.57,-8.045523164758073
TRMB,2024-11-06,5.501465860285126,True,13.27,-2.973562845352462
TROW,2026-04-30,0.8261146160432498,True,7.39,-0.45683240700291616
TROW,2026-02-04,-4.685378368863258,False,-0.99,-2.7417029165211826
TROW,2025-10-31,0.7147622454114266,False,10.5,-0.7899932130024157
TROW,2025-08-01,0.4041514089702103,True,4.94,3.8618296426264243
TROW,2025-05-02,3.1774778181399066,True,4.68,6.993997237690475
TROW,2025-02-05,-2.5097495643620515,False,-4.07,-1.9963773382380867
TROW,2024-11-01,-0.6735741994248756,True,9.54,5.987865176129636
TRV,2026-07-17,1.432714532282131,True,86.12,1.458066617444409
TRV,2026-04-16,-1.0657025235445428,True,8.93,2.1081623250124304
TRV,2026-01-21,1.7952029570427408,False,24.02,8.278015743529888
TRV,2025-10-16,-6.253486234035988,True,27.6,3.6089753185115647
TRV,2025-07-17,-0.18637349193821873,True,80.1,-0.5996702524121544
TRV,2025-04-16,2.4553379507256112,False,147.67,3.5527507101814626
TRV,2025-01-22,4.741588451139767,False,34.29,-0.15401749501405826
TRV,2024-10-17,4.136653386586153,True,50.41,-7.12937687499926
TSCO,2026-04-21,-4.9319487597352385,False,-8.95,-17.412174512726374
TSCO,2026-01-29,-4.062387621435537,False,-7.21,6.770025804536517
TSCO,2025-10-23,-2.9728235904479483,True,1.69,-5.767523405265518
TSCO,2025-07-24,7.2794378501329415,False,0.95,1.1459359976878414
TSCO,2025-04-24,-5.184319256331538,True,-7.95,4.938772326402496
TSCO,2025-01-30,-5.458365865712289,True,-3.28,4.973297116910547
TSCO,2024-10-24,-2.9340299610803644,False,0.29,5.4686705351896014
TSLA,2026-04-23,-3.1560503414415297,False,17.15,10.186772771023357
TSLA,2026-01-29,1.4694285596468237,False,10.96,0.12243368749138561
TSLA,2025-10-23,-4.321480093844842,True,-10.53,-0.6837737202318839
TSLA,2025-07-24,-6.783737588468952,False,-1.11,5.5584677036446095
TSLA,2025-04-23,7.0975330096266775,False,-34.89,10.161918788118452
TSLA,2025-01-30,5.571830464071881,False,-5.11,-11.077245046744999
TSLA,2024-10-24,14.52375364650431,True,20.49,13.985715271523613
TSN,2026-05-04,2.4183448493763082,True,11.6,-3.0109049075721095
TSN,2026-02-02,-2.2041930947547694,True,3.08,-4.320046086972528
TSN,2025-11-10,5.182228852858772,False,37.77,6.066784553812732
TSN,2025-08-04,4.03578695872675,False,16.17,4.199956967233098
TSN,2025-05-05,-5.247578508299644,False,12.24,-0.053501606646211286
TSN,2025-02-03,1.646299833961562,True,29.91,0.259780996920278
TSN,2024-11-12,6.478489260617426,True,33.64,1.8352966283481154
TT,2026-04-30,2.505374146094863,True,3.94,-2.20692901513444
TT,2026-01-29,6.047687465122653,True,1.63,8.0690927599389
TT,2025-10-30,-1.6094294655426333,True,2.69,-7.06140501510466
TT,2025-07-30,-7.745549469351309,False,2.29,0.7950092097559258
TT,2025-04-30,5.819954754777634,True,11.33,9.483185428308571
TT,2025-01-30,-0.2719691583170536,True,2.66,-1.3758520302540878
TT,2024-10-30,-3.3513431038440955,False,4.01,10.513434779631314
TTD,2026-05-08,-10.706681201166823,True,-12.39,-3.0329322584635943
TTD,2026-02-26,-16.136722935473248,True,1.67,10.751560641181301
TTD,2025-11-07,0.21786159214987055,False,1.85,-7.790694125863007
TTD,2025-08-08,-35.87682756083088,False,-0.92,-1.8993154858772843
TTD,2025-05-09,16.44407048948997,True,33.23,4.011822124706876
TTD,2025-02-13,-30.381249379327578,False,3.61,-14.160154703858973
TTD,2024-11-08,-12.389646359455298,True,4.27,3.6522015464995894
TTWO,2026-05-22,2.3815516319463104,False,38.21,-6.591957723062802
TTWO,2026-02-04,-2.10208393909056,False,-87.12,0.3038456998616823
TTWO,2025-11-07,-8.070521240005156,False,-17.1,1.49569018133755
TTWO,2025-08-08,4.869971527123207,False,90.25,5.364127489547621
TTWO,2025-05-16,1.8249141602799446,False,-42929.19,0.3792893135382336
TTWO,2025-02-07,8.149441784861589,True,21.08,1.556737047223744
TTWO,2024-11-07,4.4292432475598,True,1.58,4.13573909573981
TXN,2026-04-23,10.15614636051727,True,22.76,1.580033749566323
TXN,2026-01-28,3.6769569969113958,True,-2.89,5.490500092014705
TXN,2025-10-22,-9.3342168017866,True,-0.4,-3.32728211225487
TXN,2025-07-23,-9.315103031526196,False,5.81,0.5389255875326793
TXN,2025-04-24,8.202437048259736,False,20.21,3.036527205988726
TXN,2025-01-24,-5.288865730183067,False,8.29,-2.2579453565048757
TXN,2024-10-23,3.644891663446992,True,7.08,7.259495999925836
TXT,2026-04-30,8.186675029439483,False,11.26,-4.606088627056925
TXT,2026-01-28,-3.926567984772311,False,1.53,12.086640663867287
TXT,2025-10-23,0.605475040522685,False,6.43,1.2079950452461352
TXT,2025-07-24,-0.5847965788476572,False,7.18,-4.3865206248163595
TXT,2025-04-24,-0.06040975225286571,True,12.56,6.315340765981325
TXT,2025-01-22,-4.1994963059103,True,6.81,-4.922862851538579
TXT,2024-10-24,-5.606086279223376,False,-6.42,7.829183630616865
TYL,2026-04-30,0.5589703041454008,False,2.73,-12.329256689373402
TYL,2026-02-12,-5.674281503316136,False,-3.28,23.5681409847426
TYL,2025-10-30,-1.8807510950575312,True,3.9,-2.4493791382141583
TYL,2025-07-31,1.6315986211272282,True,4.78,-1.9365005083304743
TYL,2025-04-24,-2.122018844377349,False,8.72,6.0904802183965545
TYL,2025-02-13,1.745123148452632,True,-0.23,-5.923554772716377
TYL,2024-10-24,1.9992468884879155,True,3.68,0.6016304181337917
UAL,2026-07-16,-3.5794013287268167,True,7.58,3.997980050169958
UAL,2026-04-22,-1.1530887973417392,False,9.98,9.082981042647331
UAL,2026-01-21,3.1131963368505877,False,5.41,-1.33381014757612
UAL,2025-10-16,-1.0667953654930784,False,3.8,-4.89867101374053
UAL,2025-07-17,3.8657150692397613,False,1.47,-3.190093864468102
UAL,2025-04-16,3.9402975964901943,False,23.79,3.239298205013763
UAL,2025-01-22,4.82265833600084,False,7.56,-0.13892889152820054
UAL,2024-10-16,2.1077258544861976,True,5.05,11.66342948821506
UBER,2026-05-06,6.182319842220552,True,-81.74,-5.772388279044849
UBER,2026-02-04,-2.9577830054527743,False,-81.94,-1.325751828753119
UBER,2025-11-04,-7.771760835469188,True,353.17,-4.024503678340141
UBER,2025-08-06,1.7451589319223082,False,1.05,5.054922746609347
UBER,2025-05-07,-3.14575849940133,True,65.04,6.001191334722655
UBER,2025-02-05,-4.659498207885305,False,573.42,26.023569953013205
UBER,2024-10-31,-6.20672326102778,False,197.24,-0.8466350930108391
UDR,2026-04-30,1.880528023192607,False,269.69,2.7517879030979353
UDR,2026-02-10,1.3245112529514325,True,331.65,-4.342318402099121
UDR,2025-10-30,1.8772259071720532,False,-6.35,2.6464404208310643
UDR,2025-07-31,2.010557066529639,False,-49.38,-3.1051223340066714
UDR,2025-05-01,0.19102823635817057,True,67.28,-1.643183004938753
UDR,2025-02-06,1.1369132619770683,True,-8.33,-0.3721766591500808
UDR,2024-10-31,-2.296221276285082,False,-15.5,5.593753310242833
UHS,2026-04-28,2.5068220366872174,False,2.95,4.36201209959628
UHS,2026-02-26,-4.897502703535572,False,-0.51,-6.682794960457117
UHS,2025-10-28,2.836058389697871,False,14.91,2.3208013091703172
UHS,2025-07-29,-0.7486395378533905,True,7.95,7.609640402538331
UHS,2025-04-29,-2.608311402134744,True,11.11,11.804752245813809
UHS,2025-02-27,5.535199596630469,False,17.84,-11.76106917700135
UHS,2024-10-25,-7.415649993561779,False,0.33,2.3427868139973773
ULTA,2026-06-03,-3.2594428924697327,False,12.0,-4.342011380509669
ULTA,2026-03-13,-9.351685892203143,False,-0.21,-4.737544940115546
ULTA,2025-12-05,8.427755215136479,True,11.73,-0.6018279496571077
ULTA,2025-08-29,-0.7123662932912778,False,14.65,6.768413808762497
ULTA,2025-05-30,10.993621038381928,True,15.5,-2.6067912972663754
ULTA,2025-03-14,8.818014716407397,True,18.37,0.5566717503684648
ULTA,2024-12-06,9.00552481037884,False,13.63,0.42973498381180253
ULTA,2024-08-30,-6.390443193989537,True,-2.72,10.330464965804387
UNH,2026-07-16,7.375997908132703,False,29.8,-0.4511322311118726
UNH,2026-04-21,9.128844016094483,False,9.52,5.161692286990549
UNH,2026-01-27,-16.400299209611813,False,0.19,-3.3533701318949394
UNH,2025-10-28,4.0166010828989185,False,3.99,-10.980306608395507
UNH,2025-07-29,-5.820210727650954,False,-8.23,0.1915176862949508
UNH,2025-04-17,-17.62102122601451,False,-1.28,-11.933233069247128
UNH,2025-01-16,-2.4051266777724845,False,1.08,6.247675099567651
UNH,2024-10-15,-8.817284780948853,True,1.7,1.0497869303803364
UNP,2026-04-23,5.356866123206605,True,2.42,-2.348308046393488
UNP,2026-01-27,1.7800682481748265,False,-0.35,12.37153831797202
UNP,2025-10-23,-0.8701810933845588,False,2.8,-0.9316464846108041
UNP,2025-07-24,-2.1645026789302135,False,4.18,0.9704391609785201
UNP,2025-04-24,-5.24615068476696,True,-1.14,0.6451533451567126
UNP,2025-01-23,4.601361823108019,True,6.78,-1.8302807652412212
UNP,2024-10-24,-4.94302780572049,True,-1.11,5.118092438501853
UPS,2026-04-28,-3.9264609045510213,False,4.84,-5.2915109816701005
UPS,2026-01-27,-0.27110864236467025,True,8.14,10.727614685153108
UPS,2025-10-28,10.34521499950829,False,33.94,-1.3802408189638737
UPS,2025-07-29,-3.337266066600031,False,-1.02,-3.7538456732686187
UPS,2025-04-29,-1.1226554899234076,True,7.91,3.1841094934034864
UPS,2025-01-30,-12.25146084431329,False,8.6,0.6440357966923882
UPS,2024-10-24,10.34168316386641,False,8.45,-3.035785146533587
URI,2026-04-23,17.466593525772844,True,8.63,-4.3231532259664025
URI,2026-01-29,-6.436079942655793,False,-6.05,10.720990541276043
URI,2025-10-23,-4.184570577482405,False,-4.79,-7.57519118269907
URI,2025-07-24,3.2331210325875936,True,-0.62,-2.3581868956816465
URI,2025-04-24,4.200528953308691,True,0.53,3.4972859155831593
URI,2025-01-30,1.0034268738881247,True,-0.3,-5.551356007483921
URI,2024-10-24,0.17623846640870688,False,-5.5,4.538242047287033
USB,2026-07-16,-0.015867833359051176,True,5.05,-1.7341049418951537
USB,2026-04-16,-1.099879126533898,False,3.41,2.12689218891986
USB,2026-01-20,-1.0110323010248057,True,6.03,7.925699626232219
USB,2025-10-16,1.7007532607056453,False,8.46,2.6067914718993945
USB,2025-07-17,-3.34939158549058,True,4.06,-0.5529675977465454
USB,2025-04-16,-1.0613669459884068,False,5.69,7.086192670235469
USB,2025-01-16,-5.913557886462151,True,1.71,-0.5205105563137247
USB,2024-10-16,3.7021430859830895,True,4.05,-1.0770178521246843
V,2026-04-29,8.761729860977741,False,6.79,-4.146797550171721
V,2026-01-30,0.12658831725977926,False,0.88,-2.206860224536622
V,2025-10-29,-0.2594364464909682,False,0.28,-0.5065521685845398
V,2025-07-30,0.11671736941600841,False,4.68,-2.2106224951803477
V,2025-04-30,-2.07307584244969,True,3.0,3.34355389461527
V,2025-01-31,0.996938341187259,False,3.34,3.6879197866814595
V,2024-10-30,3.710797894250528,False,5.24,6.861176955009651
VEEV,2026-06-04,2.3164723373831686,False,4.91,-14.165734707250833
VEEV,2026-03-05,6.907897160228216,False,6.45,-5.340202668101179
VEEV,2025-11-21,-7.670979667282807,False,4.55,-2.05277167784661
VEEV,2025-08-28,-2.8100412489889925,False,4.75,1.5055286988851835
VEEV,2025-05-29,14.542193716533758,True,12.98,1.118117481954295
VEEV,2025-03-06,5.865233133259173,True,10.05,-0.12280566057523146
VEEV,2024-12-06,7.916772877479827,True,10.7,-10.501099370024324
VEEV,2024-08-29,7.444191564350744,True,5.61,0.42852854919939176
VICI,2026-04-30,1.2237747421550926,True,15.01,-4.520552712727477
VICI,2026-02-26,-1.4384898711271799,False,-19.11,-3.6937540285429504
VICI,2025-10-31,-0.7791271594324023,True,3.37,1.233747387314077
VICI,2025-07-31,1.045192665673067,False,17.89,0.030668032348257768
VICI,2025-05-01,0.24983413057833026,False,-24.88,0.38082826243879264
VICI,2025-02-21,0.3575924095444494,True,-0.16,4.379803616367406
VICI,2024-11-01,0.34635431165990216,False,0.77,0.7315431530574568
VLO,2026-04-30,-2.1567894628367723,True,33.47,-3.092091252505502
VLO,2026-01-29,4.21150194253761,False,16.95,8.561713489898493
VLO,2025-10-23,1.1614280116196918,True,19.88,1.6634896931141618
VLO,2025-07-24,-1.9926714901133624,False,29.09,-4.750023115638868
VLO,2025-04-24,1.3100401808191275,False,117.31,7.383575586118263
VLO,2025-01-30,4.004341025842906,False,970.77,-3.271279623203993
VLO,2024-10-24,-0.0677442488700164,False,16.08,3.616021303944028
VLTO,2026-04-29,3.6331840856531628,True,6.41,-4.046055291867434
VLTO,2026-02-04,-0.13339184932062986,False,6.04,2.8115099366510243
VLTO,2025-10-29,-0.6534717033834236,False,4.38,-1.7788779963079038
VLTO,2025-07-29,1.8428749022528557,True,5.21,3.5989708400293363
VLTO,2025-04-30,-1.4394662056471885,True,9.65,3.71219999314627
VLTO,2025-02-05,-0.287177825220597,False,6.54,1.9935275184769008
VLTO,2024-10-24,3.263319431024936,False,4.59,-1.408443020064154
VMC,2026-04-29,4.000543510293619,False,22.32,-7.275048000562656
VMC,2026-02-17,-9.674951881112337,True,-19.94,-0.7345708841541398
VMC,2025-10-30,-3.210498017809571,True,4.45,-1.8705606803624208
VMC,2025-07-31,-2.4819469220948687,True,-2.82,6.887030914502268
VMC,2025-04-30,3.1179752663262894,True,31.63,1.5210036031801488
VMC,2025-02-18,3.582781828431325,False,23.66,-13.895000380192347
VMC,2024-10-30,4.026215779947706,True,-4.06,4.333442232913698
VRSK,2026-04-29,4.9982990996860766,True,4.67,-14.198414607742693
VRSK,2026-02-18,9.655948018667004,False,12.92,17.118475522921916
VRSK,2025-10-29,-10.179647194353302,False,0.96,2.3605782479298565
VRSK,2025-07-30,0.5917474818151636,False,6.13,-4.094829369067432
VRSK,2025-05-07,2.1573939165129064,True,2.79,0.7841218802207006
VRSK,2025-02-26,-11.927801842732134,True,0.8,0.0
VRSK,2024-10-30,6.201395459101522,False,4.21,5.228026876870517
VRSN,2026-04-24,-0.15165399596557272,False,4.2,7.061652062352808
VRSN,2026-02-06,0.8160932429256418,False,-2.12,-5.305459872239371
VRSN,2025-10-24,1.4885519316486073,False,1.34,-2.0681593152049094
VRSN,2025-07-25,2.905770617652159,True,1.38,-11.086026844072517
VRSN,2025-04-25,-0.23358590952573532,True,0.48,3.1599377867977063
VRSN,2025-02-07,-1.1445130795462832,True,-0.5,5.31189814190931
VRSN,2024-10-25,1.0155578515006036,False,4.02,1.2689014667216059
VRT,2026-04-22,-2.278833671435332,False,15.67,17.624691549691953
VRT,2026-02-11,16.847018177190964,True,4.9,4.313711903657502
VRT,2025-10-22,4.462241876714734,False,25.02,11.142855973159405
VRT,2025-07-30,3.0658835667971784,False,13.89,-4.69585011711785
VRT,2025-04-23,19.012812449888482,False,3.92,22.46153589966373
VRT,2025-02-12,-9.874238248873478,True,20.6,-16.927360620421283
VRT,2024-10-23,-4.863508997791232,True,10.19,11.138781897247041
VRTX,2026-05-05,0.4978443876871852,False,3.81,2.3447102814814436
VRTX,2026-02-13,1.4257462129477538,True,-2.3,-1.1068839253452922
VRTX,2025-11-04,-1.7488291565801006,True,4.87,3.2845531208993917
VRTX,2025-08-05,-13.562154971298535,False,6.33,4.2082239898041385
VRTX,2025-05-06,-6.923370062133372,False,-5.44,-0.6332924718899235
VRTX,2025-02-11,-2.1575876379555603,False,-1.0,5.245816268787973
VRTX,2024-11-05,2.1573630436508617,True,5.96,-10.376489279531686
VST,2026-05-08,0.6820420546390649,False,53.35,5.787974893043035
VST,2026-02-27,-1.029305911608469,False,-76.52,-8.591641687817841
VST,2025-11-07,-3.314914099694277,True,-10.54,-11.73298577036409
VST,2025-08-08,0.2529350044346179,False,-9.77,-5.768841104669087
VST,2025-05-08,1.1756219415791858,False,-251.65,9.800585513021453
VST,2025-02-28,-1.546025603807788,True,-21.21,-6.883137930720928
VST,2024-11-08,-0.3610019760792005,True,317.01,14.10852935420892
VTR,2026-04-28,0.023622357121788617,True,-1.4,1.0962622658669208
VTR,2026-02-06,1.2274612999444656,True,40.89,4.930347283087477
VTR,2025-10-30,0.9888240576751528,True,141.94,3.873036766297955
VTR,2025-07-31,-0.9927969528396696,True,10.44,0.5209860869261451
VTR,2025-05-01,-2.0405230304759825,False,35.81,-1.0833050757378726
VTR,2025-02-13,0.23357567423172299,True,156.61,6.529106550296682
VTR,2024-10-31,-2.7226338793007843,True,360.28,-3.0386158255134132
VTRS,2026-05-07,5.203774220140289,True,17.54,-5.347910743452111
VTRS,2026-02-26,0.06219164833629609,False,7.39,-8.734759931858827
VTRS,2025-11-06,-1.5813988849912586,False,8.52,0.7913002153579152
VTRS,2025-08-07,2.8571457602354577,True,11.55,13.844513519519342
VTRS,2025-05-08,4.651156969071946,True,1.64,-6.490640802532644
VTRS,2025-02-27,-17.615654425459827,True,-5.6,-4.584737427042596
VTRS,2024-11-07,1.7226686239048883,True,10.73,0.531086103783518
VZ,2026-04-27,2.263910173550232,False,5.81,0.2760124974979572
VZ,2026-01-30,5.526253247952462,True,3.28,10.085333923042894
VZ,2025-10-29,4.0945982992297125,False,1.53,1.4673050479020011
VZ,2025-07-21,2.7179349308973366,True,2.59,1.0825901559816442
VZ,2025-04-22,-2.1896060021087016,True,3.66,2.22274978944188
VZ,2025-01-24,2.3736616537938016,False,0.32,0.8598826701355478
VZ,2024-10-22,-4.119004110187152,False,0.71,-0.5783194889622867
WAB,2026-04-22,-1.614721823279286,True,7.55,3.4299496814843122
WAB,2026-02-11,3.3313146051729747,False,0.88,3.6590261278447667
WAB,2025-10-22,-2.0858627199680013,False,1.96,6.508818398354177
WAB,2025-07-24,-3.097306058329885,False,4.08,-6.372694446700445
WAB,2025-04-23,6.904966716124972,False,12.53,4.247968331973961
WAB,2025-02-12,-7.745534842442392,False,-3.03,-4.144299274629248
WAB,2024-10-23,-1.275624432132827,True,6.19,6.971271156903924
WAT,2026-05-05,11.99482935914704,True,16.99,-2.7687790618161956
WAT,2026-02-09,-12.851110415138777,False,0.46,-0.5607444302213827
WAT,2025-11-04,1.7737796081397805,True,5.46,2.52899456567115
WAT,2025-08-04,-3.620271383696916,True,0.26,1.3340794871841366
WAT,2025-05-06,-1.842819145115382,False,1.2,6.807863205055131
WAT,2025-02-12,-4.182193453987537,False,1.68,-2.317301463343069
WAT,2024-11-01,16.059551546195074,True,9.38,-7.424911710558324
WBD,2026-05-07,-0.18382773164222765,False,-1104.45,-0.0737479983213607
WBD,2026-02-26,-0.3806183545151387,True,-2790.17,-4.756940861726888
WBD,2025-11-06,-0.8348002291164835,False,28.65,2.0517354277756805
WBD,2025-08-07,2.814696307669795,False,376.26,-2.2765557496230104
WBD,2025-05-08,-4.672903651825999,True,-38.95,0.11099032883239435
WBD,2025-02-27,7.428568885439923,False,-879.42,-10.090905969793152
WBD,2024-11-07,7.63723549621278,True,173.29,9.178224836508964
WDAY,2026-05-22,5.654499060585794,False,5.68,12.189788662079026
WDAY,2026-02-25,-8.193195514855557,True,6.41,3.5223452169681924
WDAY,2025-11-26,-7.852285468701881,False,6.74,4.040121248349515
WDAY,2025-08-22,-6.019859758333446,True,4.44,4.76340809084741
WDAY,2025-05-23,-11.199323850641429,False,10.99,6.256039550146197
WDAY,2025-02-26,9.705347894051553,False,8.06,-10.852483885932774
WDAY,2024-11-27,-12.09889416559573,True,7.49,8.45304417666426
WDAY,2024-08-23,14.674566442193605,False,6.05,-2.4735555424591715
WDC,2026-05-01,-6.51293527668495,True,13.57,11.70282083203733
WDC,2026-01-30,-0.06106350807421057,False,10.47,12.528464713031507
WDC,2025-10-31,12.575101767935593,False,12.93,5.072904272414691
WDC,2025-07-31,3.9479291656894677,True,12.13,-3.1134878921535547
WDC,2025-04-30,5.80997534459593,True,22.73,12.175090825991642
WDC,2025-01-30,5.812100486936034,False,-2.68,2.7059954436730704
WDC,2024-10-25,9.439078935360179,False,3.95,0.2303706597264643
WEC,2026-05-05,-1.6403343426554695,True,5.33,-2.4083665367912954
WEC,2026-02-05,2.81478269918245,False,-29.94,3.0048599067364234
WEC,2025-10-30,0.7767485693844112,False,2.24,-0.7637677393037556
WEC,2025-07-30,-0.07363393812702679,False,7.6,1.458104857411735
WEC,2025-05-06,0.6715754119268613,True,4.33,-1.1428162260104124
WEC,2025-02-04,-2.9168803334329585,True,-0.31,5.300355871540763
WEC,2024-10-31,0.6352068269600775,False,8.21,1.4961466419405545
WELL,2026-04-29,0.13537138529688963,False,9.38,4.149906441124318
WELL,2026-02-11,2.250553006033984,True,-7.07,0.6299749084743622
WELL,2025-10-28,3.7895003605924016,False,3.09,7.435128519759848
WELL,2025-07-29,2.6470398643648974,True,3.39,-0.26577646937679944
WELL,2025-04-29,2.401860502929587,False,5.27,-4.092919899317216
WELL,2025-02-12,0.8019745959727764,True,-17.63,3.8886788246376813
WELL,2024-10-29,2.3358898425843044,True,17.03,-1.0047723454507662
WM,2026-04-29,-0.6025994938506307,True,3.98,-6.022316711036901
WM,2026-01-29,-1.2867064440848952,False,-0.92,3.531574020014916
WM,2025-10-28,-6.918650588784359,True,-1.62,-0.47006074904639705
WM,2025-07-29,0.7108349971872485,True,1.79,-1.0952578490956322
WM,2025-04-29,-2.2175593698421814,True,5.31,-2.805953538314798
WM,2025-01-30,2.8346509685574173,True,-5.66,2.324339487775795
WM,2024-10-29,2.458462617808399,True,3.98,2.5877306761982855
WMB,2026-05-05,-0.27848485592721905,True,16.43,4.308978182190848
WMB,2026-02-10,3.168757108679321,False,-1.37,7.452062287035011
WMB,2025-11-04,-3.4389269756423535,False,-5.28,4.707131268513476
WMB,2025-08-05,-1.510131696151873,False,-5.99,-4.118634398695109
WMB,2025-05-06,-1.6287136006311043,False,8.45,0.11925128743792701
WMB,2025-02-13,-3.0098624480677794,True,4.11,1.2530561559132014
WMB,2024-11-07,-1.3735716300781964,True,3.51,7.7561368036863865
WMT,2026-05-21,-4.921667666038587,False,0.19,-2.0273604406764623
WMT,2026-02-19,1.4847565440624155,False,1.79,-1.2493000999611814
WMT,2025-11-20,3.3098096391569687,True,3.11,7.468953407090595
WMT,2025-08-21,-3.0808149731740953,False,-7.97,2.6030994211199365
WMT,2025-05-15,-2.6128226377276187,True,5.64,2.4597822625796795
WMT,2025-02-20,-5.019219775309058,False,2.04,-2.643771928184735
WMT,2024-11-19,2.5570907412381105,True,8.84,9.064664863502149
WMT,2024-08-15,7.952231156975298,False,3.76,4.725091093233513
WRB,2026-04-22,2.8746110267640734,True,14.13,-2.044433952096736
WRB,2026-01-27,2.990425272818742,False,0.45,4.001185485484404
WRB,2025-10-21,-2.7082399353682285,True,14.04,-1.2666493756653852
WRB,2025-07-22,-0.05898978772207464,True,2.49,2.21767562747488
WRB,2025-04-22,0.4010109133561812,True,2.39,2.5546881763230056
WRB,2025-01-28,2.567558704483175,False,18.49,3.1344796293432564
WRB,2024-10-22,-0.8684258415804114,False,-5.45,-0.5467222364766711
WSM,2026-05-21,1.109573998446134,True,7.34,6.793785175542699
WSM,2026-03-18,2.0969483957978374,False,4.46,-2.026073647291582
WSM,2025-11-19,-0.4149406059367644,False,4.87,1.168263436411432
WSM,2025-08-27,3.07181050501224,False,11.59,5.906233961282092
WSM,2025-05-22,-6.800855648430481,True,5.49,-1.6148130614562994
WSM,2025-03-19,-8.404912170437317,True,12.78,-0.7578324941135084
WSM,2024-11-20,25.34246096218904,True,11.14,4.507546202127233
WSM,2024-08-22,-7.897098225269028,False,8.56,-0.053658835904946134
WST,2026-04-23,12.244444476699945,True,27.07,4.053182622002582
WST,2026-02-12,1.6452734623265242,False,11.54,4.404574657832749
WST,2025-10-23,8.6859268503515,True,14.55,-10.385688144400262
WST,2025-07-24,23.998057767624225,False,19.71,-13.744222126766703
WST,2025-04-24,-0.03208748283070051,False,15.28,2.071073950012803
WST,2025-02-13,-24.339086685491264,False,5.32,16.68926633296637
WST,2024-10-24,14.334578580940004,True,23.75,-2.186594485379101
WTW,2026-04-30,-10.520148550238561,False,1.8,-3.341142127444996
WTW,2026-02-03,3.35428014093182,True,2.37,-9.901517541414172
WTW,2025-10-30,2.3304124845815233,False,0.69,2.3028395245706657
WTW,2025-07-31,1.8984252365887855,True,10.21,4.493218727292181
WTW,2025-04-24,-5.99667942902502,True,-1.84,0.68716535359159
WTW,2025-02-04,-5.63098817686919,True,1.2,1.6608929128263172
WTW,2024-10-31,2.1291828249613953,True,7.73,4.172875458704639
WY,2026-05-01,1.876020053567884,False,119.91,-5.460608814204527
WY,2026-01-30,-0.3470914507329059,False,30.79,3.7626011129803905
WY,2025-10-31,-0.5104244648211242,False,177.36,-3.782615057284422
WY,2025-07-25,-0.4283496036893708,True,31.84,-3.7400773518914243
WY,2025-04-25,-1.0980452135726515,False,13.6,5.6428909949183925
WY,2025-01-31,-1.2273772843431563,True,59.84,-3.29850786432635
WY,2024-10-25,-0.49797774391046046,False,1198.7,0.28302318880701893
WYNN,2026-05-08,-0.795508464680339,False,5.5,-4.808203195077354
WYNN,2026-02-13,-3.4214095094597052,True,-20.7,-8.5760549196795
WYNN,2025-11-07,-1.983026846990632,True,-25.44,-4.98797665915861
WYNN,2025-08-08,-3.0122211631574247,True,-8.79,7.670048703442434
WYNN,2025-05-07,3.208817728768043,False,-13.98,9.052064542332673
WYNN,2025-02-14,5.182058238519716,True,91.11,0.4004115231717176
WYNN,2024-11-05,-4.255082745640049,False,-17.88,5.506659875359654
XEL,2026-04-30,0.36792933222811186,True,0.23,-3.5201902764479653
XEL,2026-02-05,1.6253918877495721e-06,False,0.06,7.13345866573889
XEL,2025-10-30,1.756809640931678,True,-5.94,-1.7771830901049057
XEL,2025-07-31,0.7045267295596291,True,16.29,-1.4297491047870814
XEL,2025-04-24,-1.691146162673507,False,-8.64,-0.1707184468998757
XEL,2025-02-06,-1.3833477921703752,True,-7.48,4.201414867305564
XEL,2024-10-31,2.1094481532661247,True,-0.95,3.143243029441911
XOM,2026-05-01,-1.1144965446662214,True,15.14,4.086336955095149
XOM,2026-01-30,-1.2596910358713242,True,1.12,5.685626703146274
XOM,2025-10-31,-0.6190600791315504,True,3.03,5.223318561333534
XOM,2025-08-01,0.3224654028010532,False,4.93,-1.9692319843754524
XOM,2025-05-02,1.833986277684918,False,1.16,2.802425794752983
XOM,2025-01-31,0.894401431454539,False,7.87,2.2261347998896452
XOM,2024-11-01,2.69739075548614,False,2.6,4.645830415504459
XYL,2026-04-28,1.2144785450151963,False,3.3,-5.402426774877855
XYL,2026-02-10,-9.950778977324482,True,0.83,-0.17464748296476262
XYL,2025-10-28,2.235606682415381,False,11.09,-0.4783980884560224
XYL,2025-07-31,5.44411872421966,True,9.89,-1.9222749228497205
XYL,2025-04-29,2.657008132206684,False,7.99,7.005573360134654
XYL,2025-02-04,1.7915344394535682,True,4.86,1.1017937666596644
XYL,2024-10-31,-3.7321526983171593,False,0.15,-0.12316326189496518
XYZ,2026-05-08,7.827199759827441,False,25.55,-9.044751878528212
XYZ,2026-02-27,15.697783907783514,True,0.15,-6.1381472536605415
XYZ,2025-11-07,-13.49217489588237,True,-18.09,-5.347588003816917
XYZ,2025-08-08,6.864022941594783,False,-8.01,7.807607854731513
XYZ,2025-05-02,-22.49486812973702,True,-39.71,23.920054502703824
XYZ,2025-02-21,-9.718207617836427,False,-18.79,-12.216530593314644
XYZ,2024-11-08,-4.4904974148545,True,-1.33,23.73927730312355
YUM,2026-04-29,1.323014000478917,True,7.95,-6.300043715329073
YUM,2026-02-04,-0.33388595601669957,True,-1.49,2.4503350255963285
YUM,2025-11-04,4.914607335699883,True,6.68,-0.4881255991481481
YUM,2025-08-05,-1.7006733389048567,False,-1.34,8.967725881592736
YUM,2025-04-30,-0.13541272625035017,True,1.53,-3.5097110888981375
YUM,2025-02-06,5.699032635529644,True,0.88,3.7795547580866673
YUM,2024-11-05,0.33143170611544814,True,-2.83,-1.9150852705406618
ZBH,2026-04-28,-5.3893466342927905,False,12.21,0.6884053954175906
ZBH,2026-02-10,4.925889415178952,False,0.93,9.245062510731472
ZBH,2025-11-05,-12.134123451288614,False,1.83,2.1701754299661147
ZBH,2025-08-07,5.200215206337178,True,4.75,6.085537317540868
ZBH,2025-05-05,-2.7251371024801796,False,2.27,5.846580651257094
ZBH,2025-02-06,-3.926096227627418,False,0.76,2.0839331824020757
ZBH,2024-10-30,3.5040386733949047,True,0.2,0.14571416875510668
ZBRA,2026-05-12,14.740041822415307,False,11.88,4.433600032412066
ZBRA,2026-02-12,16.293075108292076,False,-0.11,-18.30749162867693
ZBRA,2025-10-28,-5.49634765806557,False,3.4,-6.977507039480047
ZBRA,2025-08-05,2.718546313305481,False,8.45,3.126236372857827
ZBRA,2025-04-29,7.647122854461963,False,10.82,18.094129778793146
ZBRA,2025-02-13,-6.641732276315338,False,1.49,-2.587973930882248
ZBRA,2024-10-29,8.523577175993303,False,8.41,4.681816083116219
ZTS,2026-05-07,-18.476895696678074,False,-5.28,-8.29229241419508
ZTS,2026-02-12,2.968838523392159,False,5.48,4.3457556503507355
ZTS,2025-11-04,-13.522696297530645,False,4.83,-5.077929609017717
ZTS,2025-08-05,5.427831286167928,False,9.15,6.535735404869558
ZTS,2025-05-06,1.0249305912674478,False,5.79,9.194641654418302
ZTS,2025-02-13,-6.8380385614738355,True,2.84,1.4005988069426767
ZTS,2024-11-04,-2.918390402965876,False,8.03,0.7078470332538833
