year,symbol,bm,per,roe,debt,profit2y,rev_yoy,op_yoy,fwd
2021,000080,0.48478506019554957,25.58036619574741,8.063879234726663,206.97670904267952,False,10.87233533880001,124.9136384719987,6.910322024516158
2021,000100,0.4381526269751798,22.1336503557355,10.31149261288979,29.62465513954045,True,9.424214261061437,572.1180286182635,-1.2077979268969252
2021,000120,1.0072976312108033,28.12075932231029,3.5303287048868106,138.70388078098327,True,3.514303475228342,5.908861296757828,-29.916903218467215
2021,000150,10.297777707255047,,-9.702290749432654,290.6545265052639,False,-7.403813682142202,-51.950490415359226,111.23539226975323
2021,000210,1.9693903792769298,2.847459822344929,17.832432266270118,332.9012016474329,True,-83.8542672777017,-89.46575042992859,-25.886170886743177
2021,000240,2.5625372791524383,9.371910993225853,4.163913054127917,8.340312153939376,True,-3.1462077835733515,-8.398803149515356,-17.275215699432998
2021,000270,1.1750770491450835,17.10023479854389,4.976586789792154,102.3655384683734,True,1.7578814032459311,2.825176147446351,-7.866728896378838
2021,000500,0.6784645571493758,40.86748385786811,3.6065747274901145,105.81909909897887,True,3.27014593221584,77.71416726021808,-10.852706388916333
2021,000640,1.4417165226004864,3.7966667800979046,18.269120570275767,70.03107384028837,True,1.7708603736274142,-4.189892932794126,6.040925752745796
2021,000660,0.533403883539293,20.449346986488457,9.16778421323723,37.11248531254551,True,18.190261820603393,84.78234744636191,-16.21887814660896
2021,000670,3.9124923386324735,11.116518337991026,2.299205084141429,34.71638143195142,True,3.2196834348741765,-44.685662138465176,18.950849877134736
2021,000720,1.9404217043697558,19.841146363524636,2.5973897087257702,104.63724014638657,True,-1.782144261010843,-36.14131983663442,10.429255641593848
2021,000880,9.3442208297671,2.674680604948481,4.001151335820798,932.9945030036422,True,1.0196935876826574,40.53665352837348,1.7377627553452069
2021,000990,0.3452178521472854,13.863465776050418,20.89464222484592,48.32672655028478,True,15.915374015008199,32.01626832708682,28.015386716774394
2021,001040,6.392616144827556,11.805622284207367,1.3250506780441647,159.96607788184872,True,-5.271223150806481,-7.872908712163129,-7.19469794424763
2021,001060,0.35054927692866444,,-7.362847951286026,164.6615420789749,False,7.040460936962467,,-4.7390143932675155
2021,001120,1.9992294012933254,2.4322139504459312,20.56532583580356,206.87863726961643,False,7.13878528478511,18.586006868610404,22.069576291844385
2021,001430,3.296124458762556,,-14.324181198956692,91.42181344163795,False,-14.351488466093098,-107.57487377507611,5.068197903351224
2021,001440,0.19335560429073054,693.0081651662381,0.7462852946785272,233.5229374135862,False,2.707962007442588,70.50187236336055,77.4146338351174
2021,001530,1.7802998768450946,12.068447590320753,4.654311322171069,70.81758478332388,True,-27.65685380315588,-45.707961997901336,55.01664337505006
2021,001570,0.2874234004376776,,-4.965636351665464,175.5247959466174,False,1.9950615574721775,-34.78663440467149,6.105990783410142
2021,001680,1.5070702736618953,5.7547995133173,11.530185600420628,129.52525656396193,True,5.034366828010395,34.340345984704456,-6.312840513902751
2021,001740,2.4467599813097634,21.821085613519358,1.87297628326467,290.75746576105115,False,-18.601879542585397,13.32790842263103,-14.650530188652056
2021,001800,5.177045287293809,3.0889748149904706,6.2532194276115325,28.69597386773603,True,8.409242329287725,15.738843017455029,1.2831624396586694
2021,001820,0.2614914495836144,28.49575043774557,13.42030570200766,34.4035166953575,True,-4.723610989172733,-27.310318354514184,-18.66902993008783
2021,002350,2.3011030890823148,,-1.0728393968837948,128.9068813221321,False,-16.03146224895352,-80.98791255004096,-13.594691883633903
2021,002380,3.025645682418693,3.091329128446067,10.691451869316714,135.3714085503308,False,86.9281812310079,0.47742967418178406,46.84338770510603
2021,002790,1.3192910411314263,215.6281510879311,0.3515231470503714,24.181927253310867,True,-21.548647981970916,-69.76194609788958,-28.260851811017197
2021,002840,0.31532951591289726,16.366081249199013,19.377184437386937,22.939695433988998,True,17.99770226709454,32.93052157397298,-10.618889582347968
2021,002960,0.44463962161323056,10.502480558481498,21.4141062845599,51.461486336131976,True,-5.433298462177949,20.689128146446656,6.985379502472844
2021,003090,0.606949426095693,15.545051193414235,10.598766839308423,64.51816364455134,True,,-8.822830458886454,-5.549140866751268
2021,003160,0.7561109346662963,31.348743777105096,4.218852472868743,67.69921211432857,True,48.12701328070388,,17.554442469202257
2021,003230,0.5389038589603335,9.48029334105533,19.573429725799553,60.16805257339621,True,19.302672656635387,21.782803579895436,10.543533205567801
2021,003240,3.3253504766767814,6.529939102251051,4.605252470546342,20.032151212832986,True,-40.35002468857108,-81.62787263441096,12.535995069514371
2021,003300,6.206223417613267,2.707942473383886,5.950221874753486,82.08505091428567,True,-7.169866134798342,87.81635856252299,5.648437844269161
2021,003490,0.3748115595194436,,-6.945585653422369,660.6328366958645,False,-40.030120298504265,-57.697377332911984,14.70588738027121
2021,003550,1.6649418566617697,8.132720469714664,7.385247988019916,16.398688671697677,True,0.8638033719630345,66.2182720794299,-21.284690088349567
2021,003570,3.109073673788246,23.03653905036235,1.3962132471822153,39.48716642136977,True,-19.556941019224183,-29.217598598519167,14.649107182991905
2021,003670,0.07442278649943218,462.3608886428792,2.906116254892469,103.98769104335184,True,5.557920439019104,-32.92560994428916,-22.992600053473133
2021,003850,0.2444886514493404,51.81854432036387,7.893254143572262,90.42540566388435,True,7.171498984666003,2.361578678860865,-23.243647990446405
2021,004000,1.3321657211544202,6.229430813712993,12.050175689441323,13.632115605216944,True,-3.632796024191265,-26.59063057969726,47.582180409518536
2021,004020,3.068949648437336,,-2.636547795290344,108.74003885316338,False,-12.13494751227595,-77.95563307716694,-9.937637006629984
2021,004170,2.1238047071213355,,-1.3670985265519218,152.4909595440876,False,-25.412689578453616,-81.08518268167295,-4.589850310839094
2021,004370,1.2655954243573684,10.862065973089878,7.274324452707513,33.01981882705672,True,12.62200862841043,103.38179104747232,6.062621944332447
2021,004490,1.1082468236139096,15.366332493799296,5.872097779444453,33.28357575312708,True,9.989700977168226,-18.29081915702314,-17.000784434338556
2021,004800,1.8479209556170293,1115.0339603940524,0.048532036410054734,76.18060121922512,True,-17.515986312573506,-41.39489273098867,4.228555379109422
2021,004990,2.986048555689948,,-3.050385987847906,112.99701393689985,False,2.6025699879250297,-10.640777069582397,1.9405645375820013
2021,005070,0.2770150230873979,54.38169903960172,6.638101757567115,104.92944231468108,False,-16.257102959115787,,88.46154080711035
2021,005090,1.5141536991497717,16.831568539880774,3.923787218735697,299.0062849635672,True,-62.51528487405296,525.7563004263498,30.820888601262
2021,005180,0.5471677905402234,30.892739079501105,5.915930444915854,29.617994325621904,True,9.198688223669382,-12.962982888892283,-7.612547772494349
2021,005300,1.1877545425042642,,-1.2876098932874676,165.62570780527102,False,-7.061207666312319,-9.692462668844604,38.49151964619806
2021,005380,2.107325839298507,,,174.22262515134403,False,-1.6537873971754768,,-16.828183009149612
2021,005440,2.515943972011645,10.67302739945958,3.724014901821514,40.101207578166175,True,3.653570186441324,-12.588004903199657,-7.134363106420194
2021,005490,2.2615087941267644,11.789195518039127,3.750745084612006,65.889145071731,True,-10.21341311408156,-37.88768338170281,-4.210863939336518
2021,005690,0.06424968804180946,169.56031823829463,9.17919833297709,22.13311711641845,True,16.224634604313515,268.37618612643456,-23.154361088680652
2021,005810,2.597033734594806,21.41281526599605,1.7982440780065647,33.9936698418916,True,0.5771165362898456,-12.804082821725249,32.032224403764744
2021,005850,1.5932538614151732,13.932382427272149,4.504946455790186,64.1179316583007,True,10.733063127852516,113.67141314810283,11.145577904542915
2021,005880,0.9125122864541603,33.97106156115159,3.225909362446212,292.06586142769396,True,-12.089504638860127,13.320168025664625,-5.260691257414674
2021,005930,0.632134013840368,16.530476328643346,9.56985753432632,37.06774322305691,True,2.780417753697728,29.62120508522801,-15.062865193897125
2021,006040,0.654371629774062,8.123353138151261,18.812226734712286,139.82132034694675,True,6.513700960560698,58.33455190134871,-3.4934465099815792
2021,006110,0.7924103471591084,39.672415648713915,3.1809820375860594,88.00131471318272,True,3.081390346217061,14.587883550476178,179.64488121362464
2021,006120,3.0329395288064376,2.4269200788067082,13.585661010332947,114.86457719878385,True,-9.989978411595002,-0.5639417979864558,-31.16413398642561
2021,006260,2.302450828674289,9.922045753626909,4.3773211491431825,162.12313956826316,True,2.634302266563404,19.08824624056411,-20.65560306530957
2021,006280,0.3248342023252529,43.77189540148081,7.0330369109937525,69.49419827022317,False,9.812703320944237,24.836914802863987,-42.88975147355618
2021,006340,0.7457805076458501,49.47389242558495,2.7102720818108295,124.8900716964136,False,-8.47202146979632,325.4693565645735,48.28767123287672
2021,006360,1.371675622075457,9.535689443552766,7.6453343175345205,219.34850419242156,True,-2.8191412628585155,-2.1985632156522716,15.377944529966259
2021,006380,0.18684692621476845,,-49.59199603206424,152.1461098374266,False,-42.1392964981609,,5.35714285714286
2021,006400,0.2508498647304796,84.40176709366348,4.72318100705606,61.19732106615308,True,11.857915694954002,45.25520298635708,-11.861707686494928
2021,006650,0.9535704695134115,15.610620564438214,6.717799519705306,12.32396478504553,True,-9.235087730981684,49.46191320253999,-47.48743931850199
2021,007070,0.7602276160911554,22.704849717625,5.793456181612116,169.1146067716068,True,-1.6055401004658076,5.749243059365572,-22.951839602429867
2021,007310,0.7018454071847288,18.61272158633969,7.655061015104427,62.234548025252224,True,10.011212020443594,33.83277713112278,-20.667188622174628
2021,007340,2.1674248817613635,6.237233701370018,7.397141535093821,46.90522772230136,True,-11.389035954500548,-10.995899982195345,144.53845377519525
2021,007660,0.3044856214394289,,-20.741620221456753,498.0522244390677,False,-0.00971888827792089,,150.68513507204796
2021,007700,0.05680064519692907,113.79478616528355,15.471213061859448,48.23164887032906,True,-7.9883337917349255,-18.679836283897156,-89.84514657599657
2021,007810,1.886354793486791,,-2.0792737741687772,62.7541458055101,False,66.00701359120839,-3.3115855009544615,146.21514746061206
2021,008770,0.18657161510622083,,,363.7895438715221,False,-44.23833348515248,-162.62427630898497,-2.7781340777215946
2021,008930,0.17784606049122242,163.9164049289062,3.4303096900032846,40.1506594978861,True,4.991875566717074,-14.436493776547476,-21.910913980452907
2021,009150,0.4367241435793955,21.694828488268094,10.55447357887311,56.08934782905812,True,2.0883530708096787,12.965378134860828,-14.964938114035753
2021,009240,0.3145088328740492,29.916419148701415,10.628146782104979,95.50111466211382,False,21.73235991671103,66.94258372049605,-28.370229569839978
2021,009410,0.24868896897520312,4.8841541262356705,82.32924219282403,487.22814897701136,True,-41.86299400698827,-35.86114245015685,-5.225367946242121
2021,009420,0.14734482782689756,62.24630485215927,10.903138503614507,21.436642193002285,True,-18.30281096444255,-65.27018455547184,-17.409766454352436
2021,009450,0.4937885199201442,16.93401193925648,11.959117958379386,111.01810142505435,True,12.80117584177496,49.69175691414751,-5.463653957256209
2021,009540,1.4383058894829068,,-6.723794535713923,103.23430555330182,False,-1.8369468491278629,-74.37097373657971,-32.996112825754274
2021,009830,0.6432908123912582,30.746327221605036,5.055910836388935,153.65351022106566,False,-3.2439104825354836,57.05598888820131,-28.356720635805733
2021,009970,5.885900146820513,1.8963949636069475,8.95897483376212,42.619989925000475,True,4.127055502373644,13.97287819479558,27.38360653946723
2021,010060,1.3588312583358666,,-10.527770949011488,85.99081094236584,False,-23.13215090810452,,-9.011391691121261
2021,010120,0.8500090872524452,19.45227063328717,6.047921258326217,79.72763833339896,True,2.378678416243618,-20.667630761933808,-26.321773589845364
2021,010130,0.9740293561717814,12.657668662782937,8.110996812278088,19.932428015514468,True,13.250799512463708,11.431222637734217,51.36957515666043
2021,010140,0.5955542424843759,,-40.14542366538738,247.5353755464623,False,-6.657976791659747,,-20.644701237648476
2021,010780,0.9439362800034103,10.399827707158602,10.186645132874713,160.5322657637189,True,24.50969041430937,215.55120580525457,0.9777764609933959
2021,010950,0.7147183487958232,,-14.009876326820153,176.12095922253624,False,-31.0094217992141,-361.65345877065397,27.586771854796478
2021,011070,0.5177498305635938,19.857548547233925,9.726450962915463,148.73874554013494,True,14.932680331812787,68.93315531991891,85.5194405024361
2021,011170,1.2459648694237688,62.76319969989024,1.2787602463410623,41.3801318522718,True,-19.1784350559835,-67.76623080897525,-29.10542029689279
2021,011200,0.07692829895172115,177.06172594887533,7.341573944003961,455.11362424994724,False,16.32806943620899,,6.461821658711098
2021,011210,1.8021993425849636,36.451420570643506,1.5222385460568486,118.95100769741282,True,-9.875884289914483,-29.408244550395356,-16.93769242046621
2021,011780,0.5479082666853459,9.859199411757137,18.511878716937414,59.63509866012985,True,-3.3828453689640603,101.80613726919509,-38.51514348667512
2021,011790,0.2945546344876856,88.31363270251035,3.844203681483158,182.30209915372296,True,6.3949981475745155,23.025059661405045,16.464492040871505
2021,012330,1.3661812249588159,15.97740225446092,4.5812660977037325,45.515773570566814,True,-3.7380027652932135,-22.420829947733544,-25.216250905561377
2021,012450,1.379088937501281,13.159537077913614,5.5101968375984915,216.57807984833335,True,1.0890700978921197,47.64453227360852,31.62396862911825
2021,012630,7.457311604025728,3.0452331794317686,4.403491440551472,121.32559522091077,True,144.44126603709103,325.1205442635432,-35.58754584006596
2021,012750,0.5454267407634416,17.8605717612259,10.265218926159516,37.74821807297829,True,3.3380559938858134,3.8820260442068433,-10.510327577671486
2021,014680,0.23440538691936014,20.407919492168514,20.904206149132545,60.573326371820436,True,5.398001529649066,36.36655504393007,-8.231346540780216
2021,014820,0.46550837553574087,21.485740516730555,9.998208156002342,103.71410356179653,True,3.4716620317260416,29.90392147594172,18.18588021201233
2021,015760,4.889085622908256,6.907629452200041,2.9610335234149265,187.46452190607178,False,-1.02002116171781,,-2.3404332283727847
2021,016380,0.7730055317064819,18.811203442553442,6.877028400559788,132.10769748353746,False,-3.533680615176349,219.80156471780384,-23.338518989607316
2021,017670,2.4311569436838165,6.687487091678426,6.15069295710819,96.37022389062119,True,4.964854572061683,21.562911043442234,-2.214667303672224
2021,017800,0.8554270430748849,12.23997182126057,9.550730848882733,156.1221626108709,True,-2.7424692865166134,10.142202549652657,-14.098746348074886
2021,017940,5.741142601618439,3.8449466682495017,4.530137098043594,200.08525122051947,False,-14.77160870750398,-62.81545751139834,14.31038991174296
2021,017960,0.644540220242686,10.289237060787682,15.078800784625837,25.697954072792335,True,50.57113974159768,199.47675088745012,-3.1752940520805795
2021,018260,0.5116235140073495,29.600991010556452,6.603029730405852,33.47098247081984,True,2.7780778928924166,-11.965719583144896,-25.86161339157519
2021,018670,2.430721755712509,2.943780574963032,13.975241346925632,136.94547191779222,True,-10.520115576127198,0.3209774780879915,11.361876170349671
2021,018880,0.13009394025887266,151.71918698493863,5.06643441986557,248.63301317652505,True,-3.932261835720763,-34.72644582211165,-34.25355536050344
2021,020150,0.23859095272506312,83.72210081750991,5.0061736638762175,26.63730954774105,True,-2.4166960491735945,8.58057630736393,38.32497844576221
2021,020560,0.35138086535971286,,-46.172293141624365,1171.5495399161532,False,-44.0793506376538,,50.830564784053166
2021,021240,0.3628944356462079,10.145271944934114,27.161640580710266,103.28892601777267,True,7.237671585084904,32.33061003205599,2.696291235351822
2021,022100,0.33991702042651567,120.97399425740335,2.4318403969860714,85.00358712673068,True,-0.57586555976753,-45.7654820952055,-16.26701461228357
2021,023530,3.9137397192482752,,-6.191580025369785,196.06012390597033,False,-8.158089255519506,-19.12230018823634,-19.81614945049047
2021,023590,3.4265430213659966,1.39388512370788,20.937114495626883,1090.1424783658663,True,77.9804578637072,100.06088608316412,-15.72624708118634
2021,025540,1.0992066399474358,12.044396459872583,7.553280521948776,28.915273327772102,True,3.932388204615367,135.6229860876042,-15.66514416863628
2021,026960,0.5162915037995599,22.44266182590409,8.630394665392984,9.197572016317759,True,-1.8308552752858476,17.266340056470717,-14.435177482303718
2021,028050,0.6248200358571547,10.040256617432526,15.940437599200436,200.6555677514084,True,5.586865238189875,-14.55696174896557,85.61149980349055
2021,028260,1.8211379757956525,15.58660163210768,3.5229437875651435,64.9140840175892,True,-1.7729373511496616,-1.1179733702937678,-6.303603926258894
2021,028670,1.0109917262725856,30.600487830711714,3.2323921882727182,66.01014304587814,True,1.1859518917164413,7.234107390283739,14.125668643277045
2021,030000,0.5519172991126722,11.624971398654134,15.58597948578981,120.8172645014475,True,-19.69069252154696,-0.4352902998506103,17.681347688066396
2021,030190,0.20291922943511645,27.03474398249688,18.228651176395918,42.504498421402054,True,8.539690206498896,22.160768379409745,-21.527426371223836
2021,030200,2.917079215456073,7.57922441166523,4.523004407375192,116.45944139038504,True,-1.7475798272488352,2.870559004052775,37.422819679311736
2021,032350,0.14543541968032214,,-36.29734849714142,430.05175068568747,False,-81.04065253736168,,-6.666666666666665
2021,032640,1.908379473075857,8.386459676688693,6.2482241380256776,139.83370482122183,True,8.364243199122857,29.130600777565995,18.706144744543952
2021,033240,0.7439736457696016,,-2.3268635314325454,30.660361478097848,False,-17.172450057914357,,43.952802359882014
2021,033780,1.4005522613692278,5.540440662936914,12.887134847638784,26.14302109451415,True,6.818488078783691,7.354397452436512,5.547051849466023
2021,034020,0.9137977356681446,,-8.760360231783158,259.77184594365065,False,-2.0975927325964205,-55.43790124980268,67.20572774854791
2021,034220,1.2446690444221136,,-0.5545759463871186,175.35283791498097,False,3.2142226852284406,,-8.11774069334341
2021,034230,0.9403948173687778,,-11.640778614656003,131.14031353241714,False,-53.65877773274648,-266.0952132576266,1.4706065608226515
2021,034310,2.3288299392058196,10.137830378578425,4.235622081605451,118.4987499366054,True,,-0.7045011972692139,-0.285451397868941
2021,034730,2.9483174597256943,,-0.2090863313744538,165.40415470768775,False,-17.573676385293304,-104.163966151746,-12.899126352093305
2021,035250,0.7299699072382213,,-8.496355901458195,12.15276092619438,False,-68.51621460444012,-186.1181600253858,10.236221507979337
2021,035420,0.1427937725504839,68.41630274174427,10.236020133228521,106.10498525274036,True,-19.553707527229946,71.1580774137036,-11.242682462920694
2021,035720,0.168584562857585,260.17827072374365,2.2798757175952957,61.28621326263595,False,,117.86730802946633,6.262053628077102
2021,036460,2.8929215630477225,,-2.077308648170343,364.24115039871367,False,-16.607204042518653,-32.645517836527404,24.762408055108498
2021,036530,6.981053787136752,2.97476485329166,4.815333537098764,40.367538876309176,True,-5.049873025335161,0.6407430386047075,-6.3559322616240195
2021,036570,0.17565672174851477,30.518367440983507,18.65408404196932,29.781075001411484,True,42.029444868942,72.19347808726812,-46.14750799459999
2021,042660,0.5302301135055741,84.28504334435037,2.2376136176916153,166.75764068084538,False,-15.89436752117619,-47.58962916822465,-11.496349317294197
2021,042700,0.21735022005684695,23.594753488138686,19.499544719703714,27.179656036023047,True,113.81558353997336,385.59348258687834,36.580839420308834
2021,047040,1.0116205717765987,9.363801568507876,10.55674778550325,247.62533033564574,True,-5.954175724025335,53.34172210188337,6.987577639751552
2021,047050,1.031512257230758,13.350706702923913,7.261416569846892,163.472680007873,True,-12.079760248879701,-21.61500432865221,9.747619213143356
2021,047810,0.36081027920063424,47.305613363513864,5.858796593013751,317.98222390185515,True,-9.164216120782353,-49.367832250826126,16.338267273344307
2021,051600,0.9003588255771767,13.417094190894836,8.278009212117402,28.353382182203053,True,4.511173427614845,-30.183392596105506,32.59309455595154
2021,051900,0.2145161480612398,27.801303017207083,16.767752644305816,40.25863681480077,True,2.0699160133135885,3.7787367745751865,-42.610905236484385
2021,051910,0.3425338744556394,80.38764635325998,3.631676533386126,120.26569894052508,True,5.07062312781934,100.76626085247776,-34.90566143960756
2021,052690,0.5967955932608325,41.48083214833331,4.039493672214291,40.318005509009446,True,-3.7696779417326964,-32.897422379926034,260.9978606763462
2021,058650,8.919950576939174,,-9.59070468214304,86.4649103079845,False,-13.655524809786234,-85.39499100859402,40.52246110529867
2021,064350,0.6254588141123523,96.0424429189179,1.6647080695773209,211.80546859726655,False,13.254738069687,,0.7537738959596973
2021,064960,1.1312799601371948,12.351806745324346,7.156479274975068,43.66935792722767,True,-3.639182744781655,0.18784320296174606,-22.263705878113182
2021,066570,0.709769720723819,11.975653712366961,11.764766241262105,174.79126388621674,True,1.5341513100427084,31.14961830995686,-25.642641437856028
2021,066970,0.06233374369798745,,-7.600043450475689,135.9329994815434,False,13.675905718013738,,190.91393621817775
2021,068270,0.05616466955916916,116.0871251245399,15.337435021336171,46.462540198609204,True,63.86187655825568,88.33976436297834,-46.689463868031545
2021,069260,0.9621926634582694,14.344086685537253,7.245444893633913,26.114003315148565,True,-10.043046123175337,-10.445030850292802,4.8178652020038015
2021,069620,0.46377920808028256,62.07925703335569,3.4732993472059692,96.60706810375402,True,-5.209347995150093,-62.003071184159396,24.84243452330741
2021,069960,2.2821571709724506,16.725423884563586,2.619855366536526,65.46404296324592,True,-10.119591461343324,-54.9486657084566,-12.512595187390385
2021,071320,4.821925931107492,13.390039087762608,1.5488081320713922,236.69800512968018,False,-11.36024738651673,214.71911260235856,-2.70685047383592
2021,071970,1.2295275867932645,128.19868444697073,0.6344218821714996,168.723304805113,False,-2.3713838494887063,,17.14628297362111
2021,073240,1.0682228139651602,,-7.103432620952077,229.41242932513825,False,-8.379269529615097,-107.78941953032073,9.592641261498036
2021,075580,0.5191511160454365,94.53214921439276,2.0376363344284547,178.05362894184336,True,-3.4783288912502486,-87.35025062837359,8.995063824064541
2021,077970,0.8255201459126595,15.633768902019664,7.748339400307727,203.6968514279281,True,-3.9162605141105256,-52.25192237275723,57.33830845771144
2021,078930,3.892532894642836,,-1.7456906469502986,127.55302004500516,False,-13.166764336773129,-54.721854154800795,17.794160923060076
2021,079160,0.09073068891014506,,-261.0931950075335,1412.7065380811944,False,-69.96087103801692,-418.63828178271615,1.6304395464836974
2021,079550,0.8066514926945565,14.403587349373051,8.606833220900665,285.9588263398776,True,10.167130780419974,252.03297445986922,80.81573531915981
2021,081660,0.997856147456302,9.413018387246273,10.646409231281,102.35745325436531,True,-9.321054669658446,-27.534540260644004,-23.19100150351544
2021,082740,0.31345334743411407,102.39795356172895,3.115557784724251,272.5896870612392,False,23.09382175016548,,-2.2364208003818997
2021,086280,0.8363910684178517,9.993383149617234,11.964046017948894,115.11866156483205,True,-9.579425277514142,-24.45839153380228,3.9065911265149245
2021,090430,0.30322070127845674,673.2476954393477,0.4898535691053961,27.71976204766101,True,-20.57229213019004,-66.57373656184372,-36.235992266423764
2021,090460,0.556270034739316,21.997747981280394,8.172145904539233,77.02228423853488,True,10.15562309066036,-45.58610106616302,36.48678847532878
2021,093050,3.56497978138656,13.874450127275168,2.0217485891908002,75.297204065357,True,-13.028818925397513,-11.95658162570209,8.51078315810141
2021,093370,0.21364752127024741,,-0.5531996324893937,122.28759245172176,False,5.083865080367755,-79.11053069535464,80.21232028449413
2021,096770,0.4070232461754082,,,149.04248836669575,False,-31.50179759045989,-302.3801543734313,-10.973077383977381
2021,097230,0.4841474088697319,8.436447528654941,24.482895472854942,585.5732602506852,True,4.117510902525923,-38.41887427092403,10.245901639344268
2021,097950,1.7964161193262018,7.196217938900005,7.7355063875567955,151.9258925623591,True,8.470043849884057,51.590511822378794,-7.346678365494719
2021,100090,0.17198060681105032,110.97146009550562,5.23973379004888,182.42713971093664,False,11.106360693296002,,-15.402298850574713
2021,100840,2.330076117661322,10.338317087614929,4.151261035537006,42.23514520954139,True,11.284572760004652,32.34845949778049,10.655060645594983
2021,103140,1.8188705154278697,11.058991804589297,4.971445477854017,76.43962721368732,True,5.806313752187542,194.6060776328336,2.9569140339382516
2021,103590,1.9585620724198658,32.727919845742605,1.5600706161323579,155.88196650892712,True,5.92944037075358,20.599090238923857,48.85625523882779
2021,108320,0.5141349771321517,14.274322969390767,13.625966936673384,41.015252711513334,True,33.99454973347973,99.40192903876452,95.61113117783573
2021,111770,1.31839792636296,8.290707749435413,9.148752573974813,52.37156055073498,True,3.2704870512119344,9.314302236026272,23.97079034910059
2021,112610,0.1517888466811219,86.96781851490655,7.575330102892335,98.55707538365202,True,21.22567685466379,62.25648859442037,-15.873014978154764
2021,114090,0.5179692447177996,,-13.225380112371626,45.65380380189223,False,-62.41234727479953,-191.74420201395858,-7.854982775912667
2021,120110,1.4700650437741434,7.586628786397602,8.966327851421644,120.0519667135665,True,-8.420446496163025,-11.856715572847698,4.247307628910568
2021,128940,0.21818585031834445,220.5216410533171,2.0783668261032675,126.23517308370009,True,-3.3939017031411445,-52.85198543709928,-12.827161003276766
2021,139480,2.5272824653551123,11.45510178753448,3.4541982772003985,112.83528598197353,True,15.58070024513938,57.416349242601704,-14.904054736582017
2021,161390,1.4706541867048188,13.084018334707029,5.196947054343193,43.79837768573138,True,-6.249891127062623,15.498377644887684,-26.57246840018641
2021,161890,0.7836724612111794,7.9411218857314525,16.068803962796142,149.1487921366306,True,-14.190717459855728,3.284168520080688,-17.47698334994051
2021,178920,0.22437999180096663,30.216473731219754,14.749323169937103,42.824485595402685,True,17.035975951388128,78.58658537804743,0.8815313250475354
2021,180640,0.44153434993045937,,-20.521533963832226,109.61619239061073,False,-66.03008540675962,,9.407661672141998
2021,181710,1.6671548914828578,39.56837479614317,1.515918441502605,38.32443982542327,True,12.533644560327728,17.901222176114274,2.7932969940013264
2021,185750,0.3637612691932517,16.77297871392004,16.38978843867181,71.56372565186771,True,20.72269598987184,66.18821389889442,-26.688818171648897
2021,192080,0.8538404008965305,8.708113026542513,13.449286414190789,10.268358579558008,True,,25.597650740632005,-23.063382787375275
2021,192400,1.1382985319259122,6.26426551743692,14.024056952942576,21.573069773258204,True,11.259174967377096,37.34507466565926,-24.455579017543293
2021,192820,0.21008698570012382,,-10.685314122741477,337.30871408982466,False,3.924972350557865,23.421164915336345,-26.53811455934897
2021,195870,0.4527165106278072,17.07604723690388,12.935592293417372,65.29243658919238,True,20.279440378654833,61.03488642003938,56.683885497798684
2021,204320,0.5912558028783308,208.59601236499813,0.8108090395124403,188.86295371520504,True,-6.994003353756495,-59.416697453273095,-22.277456695068764
2021,207940,0.08741514958525691,218.31551464156024,5.239968725012255,39.6934998711767,True,66.0191545049777,219.13989053947662,10.937663093302152
2021,214320,0.8417257718633242,11.051530546963775,10.749962444030372,160.7198535318665,True,-4.175053534827134,-8.490331239736182,-13.685727430917439
2021,229640,0.6771067577487098,26.547447478353458,5.563141180243832,179.77084751160507,True,11.399015706787118,-38.03793230943686,5.729423378019471
2021,241560,1.2415104911461272,13.260379480603367,6.07426386186877,70.86258826062058,True,-5.0446817754712825,-17.431507495025933,-1.5955656227355952
2021,248070,0.09670724309446704,31.01259263241959,33.342865673040365,289.4118632480861,False,,,-0.7889524978335727
2021,251270,0.5649867143303591,29.5855003293941,5.982501915498785,45.53205751053999,True,14.049230184566742,34.24290076712582,-13.567062506796335
2021,267250,3.3839554032800185,,-7.11596591807281,139.31610383959958,False,-28.98706422847035,-189.576110022438,4.573133555431452
2021,267260,0.9310605258173051,,-5.925782456726822,234.61555977395386,False,2.2703621095269355,,0.0
2021,267270,0.6590892433446115,283.2179804071763,0.5357164159289445,111.38844684833775,True,-8.225531700677402,-41.96838141790846,-27.37488898138929
2021,268280,0.31489949058207334,23.917581752640746,13.277330773888401,25.284331404295497,True,-1.5511847600411022,5.624147411562275,10.228416509324001
2021,271560,0.4039938440717774,17.10677192430606,14.469622046348341,40.46876535652138,True,10.207298909161944,14.815303677820001,-30.970810628275082
2021,272210,0.2984846703640402,36.97082727477947,9.061890288446229,160.97764188907735,True,6.2659574428824305,8.280392345985588,-16.557556361452164
2021,280360,1.1579641157776723,26.489701114243903,3.2600768710092125,106.50392240957349,True,-0.809764487878073,15.639035412522606,-10.720199437582167
2021,281820,0.669003500367708,12.206608938832272,12.245501575895332,17.104439859211183,True,20.566254358447257,14.4324610471118,-21.20396462025309
2021,282330,0.28575757314748934,19.872080905120132,17.609981692298195,240.2805144761646,True,3.9555751977329745,-17.505072524144815,12.71586774305904
2021,285130,0.34938948530603886,10.7563193361229,26.60887306971756,121.07565533772548,True,-14.887790361877041,32.29509669758257,-19.797730797711
2021,293940,0.5912854698518129,238.93386531946572,0.7078236743573213,286.3140794410654,True,,11.341908393313528,8.476422341872736
2021,294870,1.7548261877799292,7.0985492012081455,8.027795417322807,122.96830437103222,True,-12.955434198635995,6.207542325420579,-46.2132823550416
2021,298020,0.3754520772378782,11.322845790276741,23.522847660359073,294.7864372981585,True,-13.730701806842905,-17.451703154227804,-8.708486644845436
2021,298040,1.4153502945575334,,-1.9889499123601555,282.4892845437188,False,-21.08914528113034,-66.16206035449713,-20.052773581327322
2021,298050,0.25950461353589627,215.6456355296233,1.7869575835086113,523.5965280346928,False,-21.580753288715304,-78.39374445320664,42.93404330485655
2021,300720,1.4656047499371025,9.268945030128657,7.361271395206368,76.67380511460206,True,2.9692484792227747,125.2670900282919,35.551479651569885
2021,302440,0.02825416943639039,283.86778878472137,12.468130520385944,113.13592283764977,False,,,28.57142857142858
2021,307950,0.18488877230944567,50.039905359445285,10.808688021421435,91.51190495479452,True,-0.5869208042466156,8.230229849415105,8.314069426699234
2021,322000,0.8285148726917556,63.75369749202426,1.8931904878967514,39.39182824481943,True,-11.590729222462247,-60.1962166046783,-35.98326507462002
2021,326030,0.046319509392571484,,-65.26917211600461,31.966641492195873,False,,,-15.023923444976074
2021,330590,0.7552680920718005,72.00142936727875,1.8388984406254434,85.36438775615818,True,70.40434736988901,66.51925128816538,16.874509605319
2021,336260,0.15195827918373833,237.69262779151492,2.7685981296951505,54.16972011542301,True,108.81526255563196,,-21.94174757281553
2021,352820,0.11839350050529111,116.31752018258024,7.261511071689602,60.51208442635145,False,,,36.75630821752349
2021,353200,0.9681328741062526,,-1.3703157840493978,26.873832412199732,False,,,96.83034469926308
2021,365550,0.22540142031350233,,-0.5722395873092061,49.75431127472896,False,,,20.440855197453487
2022,000080,0.4614198929547805,33.009146569432204,6.5655239488456045,232.1612270458416,True,-2.3675287961459457,-12.277120774506734,-37.30842029088408
2022,000100,0.4649790627146441,42.00069941619144,5.120472991339485,27.270297700818645,True,4.194485489429112,-42.32263531675369,-9.850951225224359
2022,000120,1.4288998176950392,17.75846490493434,3.9408762528533288,123.93244459614472,True,5.217679278323439,5.6996813713608985,-37.93351846150023
2022,000150,5.373005929860585,2.4080389656807046,7.728926369259384,206.10439132400785,False,-22.695701513922863,78.42996686418711,-3.717485293642353
2022,000210,3.6298528283997595,1.6586366611735521,16.609620990233996,86.4879210369774,True,50.6098768636634,62.25322603140007,-12.557464010082796
2022,000240,3.3055962022389034,5.622090621637173,5.380868236855279,9.256147850324977,True,17.34082747641437,45.859134851495,-13.889768097350775
2022,000270,1.4896398800272237,4.9233989405003,13.63495414085408,91.47838101570106,True,18.074385898778967,145.13866003502613,15.754419879184955
2022,000500,0.7742076069837672,59.15338624833107,2.1835490639004482,145.7772654534537,True,24.838368103143395,30.993029571283735,-23.932046869196867
2022,000640,1.5069323523572231,10.8024194991739,6.143066328634216,71.70747885730702,True,12.591146365199002,21.644502512803964,-22.818545798585134
2022,000660,0.7627715267095064,8.478724555399038,15.462332221458588,54.98445773345744,True,34.78755043272474,147.58170570942485,-23.75128293628076
2022,000670,3.4576548144448807,6.636311353045114,4.358044013793105,41.481038163538855,True,12.522395696713584,-157.3742899854183,-14.179865959985538
2022,000720,1.8900392562538426,8.999181485446092,5.8793073625578,108.25811824027916,True,6.450321695560612,37.25727359501032,-19.423167767899972
2022,000880,10.445175541560863,0.9319929379407677,10.272393214944826,861.4858696313728,True,3.7497566834178153,85.0698305041892,-15.032680497918506
2022,000990,0.3753752396434078,9.29818000578728,28.650778556856345,40.132752387308976,True,29.78484734233526,66.75641922560477,6.253009182519742
2022,001040,7.3657083990708,2.7698454720779853,4.901510504212935,154.8420387874486,True,7.765603964322909,35.34817917358506,30.765386844076726
2022,001060,0.33441647192100693,,-0.7645364716401384,235.7667951203738,False,10.82502678688584,,-18.642732376094006
2022,001120,2.2207788949382556,1.9869413613855582,22.662594502305588,182.97808657306203,True,47.89573973070793,310.55785874921025,-8.976647478470479
2022,001430,3.4897761400635923,2.9742168979293155,9.63451360329842,84.95949191116334,False,43.98365915723501,,36.29598476737552
2022,001440,0.11750871926090174,114.03423028400287,7.462677460149278,266.42967914943046,True,25.103790482121212,-30.33420077828365,-19.56873132757965
2022,001530,1.27479713918108,9.709364030213925,8.079195839585568,73.17081269038945,True,19.62975389941597,84.26819877569345,-1.8495699865573312
2022,001570,0.39857385022178077,22.094532806970584,11.355502972082567,168.1533548645937,False,23.584802794221083,102.03257925619695,1611.183496199783
2022,001680,1.8213492803968092,4.724259167332548,11.621790624518159,130.15380342210338,True,11.460504764391866,-12.125769878985071,-12.630047295675395
2022,001740,3.0502896193634226,7.56425225489422,4.334040046128183,293.92782320599247,True,3.6912993583794185,-1.5901701506264687,0.07754884132575857
2022,001800,5.661605083400405,3.034244694783813,5.821163883755826,28.18353424427198,True,5.901009252175626,2.290378544702376,26.663041796194342
2022,001820,0.37322848798451835,18.999514977859576,14.10206461396525,32.69739165307201,True,8.100590871042112,22.405883531816073,-12.406713352805143
2022,002350,2.754348746186074,125.34382966614231,0.2896530540813241,138.97422182366913,False,22.452916851951233,-88.86012751397556,28.697765629240955
2022,002380,2.1115455928268103,,-0.9897787685067679,139.55920779560665,False,15.565010965951686,190.46158165498036,-31.407073203067004
2022,002790,1.8987031112181687,11.68081715476508,4.50889074665484,24.129226249868996,True,8.032255144336142,136.4056782478985,-16.48047652533029
2022,002840,0.39025410813976397,13.134862003320114,19.50864033689658,25.82094449686506,True,21.971074039413075,33.27772575733654,-2.494557701161104
2022,002960,0.4640617392934935,8.127742517940906,26.512720875261426,51.259142565162804,True,20.49224467175501,22.7827678888727,-2.547774536881686
2022,003090,0.6656894618102477,17.38842017538909,8.63909385322228,67.12629234549384,True,,86.24911131510495,-52.18953887743023
2022,003160,0.7165721441640005,14.016582321807647,9.956299364598587,63.198073134134404,True,39.63441365206384,198.37816766315743,-22.450903781961873
2022,003230,0.5554698061578434,12.572982085294289,14.318622731860254,90.32008923496528,True,-0.9986478436233015,-31.440265179618756,23.99795608727029
2022,003240,3.470063972774818,3.595588426468822,8.014797329433723,23.95488150745057,True,48.90634149988025,563.553010390185,-30.184779513695126
2022,003300,6.218273218071598,3.3892750813899135,4.7448597643760175,69.09886228223891,True,15.239070632397711,-16.725570104372256,-5.44297287345511
2022,003490,0.6774188135287261,17.511036038793957,8.430064631872108,288.4810771376013,False,18.5453458524403,1201.8666220277025,-23.428185773148748
2022,003550,2.224537336869551,3.67470934662699,12.233121990886053,16.998803248153244,True,3.42081292952785,44.52174137811515,13.33793816649196
2022,003570,2.963733678603198,3.7342061541469067,9.035715211556244,34.71563935098037,True,11.333589161066149,51.095904098177854,11.002262238017856
2022,003670,0.23022162970504156,79.1830782458409,5.4855666374356575,60.860898726447175,True,27.026996334447915,101.8858129989066,141.7965847894039
2022,003850,0.4439809190553997,24.77595426307548,9.090866988463748,74.70305184006098,True,11.642051419475452,3.6560449906857695,-32.78274884049779
2022,004000,1.2030159913979863,3.121653110830791,26.628331725535485,23.8704929153469,True,40.88658179277795,75.6147763892715,-26.976397445107914
2022,004020,3.727533905306015,3.2546754055009792,8.242723189664806,102.855851608961,False,26.779204091253316,3251.2547079242618,-11.527535846346204
2022,004170,2.536368974663462,5.842438675303461,6.748284835762823,136.78309964824317,False,32.44004838653798,484.7445771611212,-17.203654145237422
2022,004370,1.2816585327472425,17.233741145240938,4.527392023147992,31.768034397402563,True,0.8783768933154468,-33.78578806642272,26.400907636536243
2022,004490,1.4243549252909606,9.983404442808709,7.032392675708417,38.97770748996957,True,7.919649404745455,15.467441139612404,-15.350417518203585
2022,004800,2.109972952319123,2.6233681743125308,18.066077391318995,75.7149861028623,True,27.183226045255495,361.522630522097,-16.753322482566237
2022,004990,3.6018139302406786,17.77165982671305,1.5622507251419777,106.88824181186757,False,9.224685177710024,38.49760737339807,-8.728436530459804
2022,005070,0.17080182016956913,66.8304787411619,8.760581481202712,69.62040534708767,True,49.762067923709516,75.21295444607325,417.8231239685467
2022,005090,1.281018508098014,5.8608157533547836,13.319457206994265,250.48569679885156,True,1681.7136672311112,2069.491928147988,-37.45508107615264
2022,005180,0.5604518256165177,,-3.4644119449975808,36.27501076600711,False,19.632972509139158,-34.138968596306896,-21.466609117607195
2022,005300,0.9497635676110991,11.09953713361254,9.485923660011178,148.9059849632256,False,10.988613955613058,87.40902995222828,-5.976675329150238
2022,005380,2.7419585420316523,,,183.17397658696933,False,13.08974906065381,178.90883549347697,7.797160921433233
2022,005440,2.7343326657793146,19.55557734185472,1.8701567408680995,40.693400770810754,True,7.645273234859706,-25.398069635268072,-12.879184391542042
2022,005490,2.7140308003161273,2.806211806783645,13.130001644987349,66.90394792486552,True,32.07934325050235,284.43420471498183,41.61491513459996
2022,005690,0.09568481786132821,71.7944822541347,14.55679940997337,46.610633162809165,True,34.81002751133397,5.21523990063828,-20.087334745958294
2022,005810,2.4220569285259588,2.129748916966586,19.385957096688124,17.36990094559265,True,83.41856791701447,929.1016958218613,24.846436089090428
2022,005850,1.5273340725564553,10.333363333043206,6.336132633550391,69.0837414270034,True,19.805268077220116,18.651763664850463,18.938601593172532
2022,005880,1.713560634352364,2.889667215394072,20.195410849185798,154.24530482585814,True,30.51367729048302,39.73150988173828,-20.947176684881608
2022,005930,0.8223214196252208,9.290984704108833,13.08870417553489,39.921697128885214,True,18.072866582805403,43.45178051955283,-6.37599052913197
2022,006040,0.7784450703284712,11.139625196388273,11.531915420812222,105.25479213345119,True,-1.9288082735641088,-14.933153178444991,7.08225206859443
2022,006110,0.31322521817755683,32.05665746528338,9.959213506476337,86.2177165110542,True,28.400111842275756,109.29634637416439,185.32890004640882
2022,006120,5.168823697109152,2.1807679982021773,8.87153592252636,124.21576718184933,True,46.35204703563265,-57.00537771552747,-18.288602213011718
2022,006260,3.0726014558840036,4.353488565270114,7.475777376479376,168.0513372280886,True,25.322730564643958,39.2415451561188,53.16090089849437
2022,006280,0.6720511955536949,16.295094788379256,9.131471140344722,64.16957568740325,True,2.2412159546892463,46.58292196301461,-39.023432788655356
2022,006340,0.5162651640183654,130.15152067032804,1.488256993777876,174.48691726993513,True,29.311607425680997,-46.24825760959206,-49.33025404157044
2022,006360,1.343414365169068,8.458702350537386,8.800072883441675,211.6065624597493,True,-10.731629328415494,-13.847628577271365,-51.46490651214468
2022,006380,0.18053216965111887,356.48299482046747,1.5538410146089316,213.71368434034355,False,128.6522109760936,,-81.38014527845037
2022,006400,0.32376279224173193,37.53814665428925,8.22811279169493,69.99213093387765,True,19.995535221823157,59.02269813453558,27.121549997843196
2022,006650,1.9453285695321496,6.956840768721873,7.389158320410235,22.164070339386775,True,33.57449514673696,5.437661853121645,4.686168342578245
2022,007070,1.6330503745075404,3.3735630852846463,18.151460821170453,114.20811155106665,True,10.19345388725592,-17.45995836074402,4.342809485064114
2022,007310,0.9439090531505563,12.539624477764288,8.448611063395612,69.38054756385432,True,5.514734783326536,-16.05978181036054,1.42835363300029
2022,007340,0.9666102656195085,8.681540623268743,11.916584450558263,107.9858315289131,True,12.971819761141123,25.539798041822024,11.084406207498931
2022,007660,0.2341068643349162,,-2.8716741999855167,258.33287307451263,False,-8.667507920419915,2287.2887146916896,35.699795871709775
2022,007700,2.34630619753166,0.48879631671468565,87.19415787355247,25.837526925352865,True,-13.190951126797113,81.96467674109125,-10.742659161607337
2022,007810,0.8819984664340976,10.239043076110848,11.073191225049685,63.28877695154178,False,57.86885010040965,535.0068620102877,-48.67313924470452
2022,008770,0.17743191742246636,,,360.4660059628641,False,18.539887514348873,,-0.7208610913436497
2022,008930,0.23865947463247836,67.35885135581601,6.220519373844321,37.607063379105895,True,10.821459353292928,81.07112784295734,-9.310668486622898
2022,009150,0.59706344751037,12.571326364603172,13.322889149215056,44.683339459063525,True,17.86264544801024,79.32913022755845,-2.296310103581911
2022,009240,0.4340407257607335,25.032796207977555,9.203651280619958,100.47811554324318,True,7.9204241186120905,-25.607812102984752,-38.300718456009854
2022,009410,0.28772043445434803,37.6752829209478,9.225135848875741,426.59899890374453,True,20.609097918228137,-30.438580150892104,-54.4859860793951
2022,009420,0.1609047298272528,114.21591068100679,5.441323952442787,21.398986413237722,True,14.66347711836602,70.15667420471969,-2.930591259640103
2022,009450,0.6757278153548256,8.264104638750782,17.907394288303365,107.33847001139087,True,26.280698486151934,-4.178586965899345,-25.79963006552186
2022,009540,2.145309701213472,,-9.19306354163657,119.8617042918957,False,3.956908092800937,-1962.1341209680072,-8.362356020462137
2022,009830,1.2339673824159245,10.78360979391889,7.515054862212718,143.9576798906793,True,16.64146714283461,24.26264443237858,27.588778924633985
2022,009970,5.570425276464563,1.267593548172139,14.16222947525701,37.09885137981856,True,13.664093555604673,67.41509834996636,27.838394075249884
2022,010060,1.9554180830310657,2.449877863730383,20.874493154660527,82.60051765648521,False,61.99598363614809,,2.022463723389456
2022,010120,1.2026082662755335,14.361521684657475,5.789957248125777,89.81233819245243,True,11.05404289128038,16.01807182243167,30.257107327062037
2022,010130,0.7022416712990671,13.578540964168912,10.487218005126794,28.830444467943224,True,31.58629237548891,22.148571811550767,-2.48016828368105
2022,010140,0.8269956212284031,,-35.439953711036345,196.26079159040907,False,-3.4738355800576715,,-7.992895204262873
2022,010780,0.9797355117077531,13.435920588583235,7.596678059915949,140.91175294736254,True,33.9906602795005,48.67484421048347,-25.225220081483258
2022,010950,0.6888855934307347,7.358490216499364,19.72714245277862,167.50318615715244,False,63.187394936362715,,-11.414199884367681
2022,011070,0.38099319763998407,9.792897926841881,26.80226830965924,133.58090560179053,True,56.633188727837066,85.63699750848185,-28.290680050084937
2022,011170,1.9803539696288113,5.472945171525393,9.226480737547487,48.0141943361904,True,48.24851221864868,330.25843396242294,-3.9856582435331633
2022,011200,0.4432686927962183,4.378362185660968,51.52538632326906,72.57764647344437,True,115.08759182133295,652.2089029049298,-26.774309667672046
2022,011210,2.2739412597200435,28.981971671441677,1.5173746720126084,109.71456978445924,True,14.190877701395067,42.75886988062314,-10.052096652645925
2022,011780,1.4382920839988043,1.797939999756395,38.67031549169083,59.66596664035255,True,75.93883614907351,224.30144207174328,-5.046930432175978
2022,011790,0.3014130602272254,22.11893221574679,14.999396166068365,170.77808190167352,True,25.67819560036204,143.59118173240168,-28.407962444474265
2022,012330,1.9380789041680984,7.7222301099559125,6.681682068125115,45.605811659509385,True,13.857942871096851,11.463744582831591,0.5335993274096396
2022,012450,1.3778143973730934,9.456043331922158,7.675378968025338,180.95297463555684,True,20.551632339761163,57.020497884286044,99.17947723208493
2022,012630,12.801888496651635,1.6302154763656052,4.791604322495779,121.68407784128894,True,20.945142234856462,-32.3082789132275,0.17667065926345593
2022,012750,0.635337440667766,17.606436331943037,8.939723575357572,36.737004577858826,True,4.009666953374769,-12.12824906189638,-20.132788058381834
2022,014680,0.3151965977071164,15.353548874479399,20.66377685029385,55.90858277465718,True,24.126576325607086,30.112289462268894,-1.0429861579715483
2022,014820,0.4251294571348631,32.51509347945056,7.234254696222401,124.23758311531662,True,15.979268195325158,-7.857784574269122,-25.818235625898367
2022,015760,4.626889421843787,,-8.006548704508427,223.23211367052247,False,3.4241565472322266,-243.41039210527927,-22.047931688177545
2022,016380,1.192296592270146,5.058322311535409,16.580941940420132,140.93080163342003,True,43.217501559644504,168.02243366220338,-6.71280090446108
2022,017670,1.257072541224057,4.056484109551741,19.610554823140202,150.59530748662883,True,-10.073026334829038,2.8042190015148405,-11.219059978970947
2022,017800,1.10345565573583,9.165139933696565,9.887944380412955,162.9280109163471,True,8.359489699322364,-14.008792520535396,-17.36606856843199
2022,017940,5.54726707289778,1.7867181184794634,10.089389379585384,191.19747238450907,True,31.183443615983265,-85.89629816398373,12.049341747449871
2022,017960,0.6804917302508825,39.839711800720735,3.688594888981741,28.112274703539104,True,-10.648974711680559,-56.77623896474486,9.402733460740409
2022,018260,0.7489082461178904,15.692601906377032,8.508958976440988,41.29305697669925,True,23.71306694628541,-7.287630481368767,-14.012413718525597
2022,018670,2.4340764312956247,3.4897823741909972,11.772465977019566,141.88268728231085,True,47.19047309703947,-44.5480266707034,12.645135597349167
2022,018880,0.21883274158045474,36.42312927739669,12.54614906985676,232.45336389531008,True,6.9635225891798935,3.1573854779788135,-24.916421174760572
2022,020150,0.27263892596686756,78.33629399774958,4.682190894521792,29.963008054879648,True,28.305234052563065,37.45932326321997,-27.561549122120322
2022,020560,0.11144089676273976,,-99.17741734888934,2410.603466688163,False,11.408375917671032,,-39.779735682819386
2022,021240,0.45165149836654295,9.058506458412854,24.442180466318945,99.56693876328279,True,13.184857253327875,5.570314946167154,-21.95846294555228
2022,022100,0.3941479884845709,,-3.8760833550500613,80.11216284006937,False,-9.845256802531688,-174.66137852371259,62.65577525549146
2022,023530,5.192706456993521,,-2.3138424981539143,183.34758752280175,False,-3.774206014153225,-40.013866506736775,-12.626377102815379
2022,023590,5.784094512522778,0.8730490175665298,19.80277218471845,903.417187196083,True,17.8574796904835,23.81822630890649,-2.2733062726351005
2022,025540,1.436349810779768,9.324449581485272,7.4664914733931305,33.60328397565191,True,19.904264150471953,-3.4715286013102697,-1.2094672369466375
2022,026960,0.6255675128861387,20.11077825425908,7.948715185492508,9.248242391246594,True,8.576694587548527,-14.939723986737263,-26.168585339600902
2022,028050,0.417240994726569,13.38407206142777,17.907079497050038,209.03686001978414,True,10.92758847520534,39.344671227757935,20.54264156397332
2022,028260,1.955856403009931,9.267065754490325,5.517226191936344,66.64160242589864,True,14.029144435659436,39.54158265338212,-1.934771533538071
2022,028670,1.1352629280183997,5.767807384299094,15.27189027470525,80.40236463314852,True,84.85434848161451,154.40296254196048,-9.958212508368291
2022,030000,0.5205960529898437,,,125.51095182095486,False,21.026450223711922,21.112137727022983,-16.860365995072122
2022,030190,0.3012941039316329,18.30376869254381,18.132966036719452,44.01506328729822,True,8.697534861651569,15.762821197848108,-36.632846767021164
2022,030200,2.2613461537253037,5.020051725550329,8.808962501179291,124.29516439177479,True,4.103155343510023,41.18859190934603,-13.696256494068205
2022,032350,0.03631119567979028,,-380.91593988758746,2371.972387908195,False,538.4937796310949,,-23.351648351648347
2022,032640,1.6722283140701846,6.5715754468798915,9.09986457345665,143.3922703082644,True,3.23088426888003,10.479365254905758,-18.33151287589717
2022,033240,0.5666902343865018,24.483610638117494,7.20740301422203,46.59478087808736,False,15.686652872333283,,27.663934426229496
2022,033780,1.3440648330726035,7.050619804501001,10.552430132032542,26.370348483750266,True,-1.3819566440900655,-9.632865982217176,8.937390492013852
2022,034020,0.6773306644429266,20.134663182916533,7.332547640479898,169.31919431222255,False,-25.979136754129918,114.51741989192308,-15.96059113300493
2022,034220,1.5700630540719718,7.050752924397321,9.033320302569328,158.45563024856017,False,23.30949276198504,,-19.502492119721037
2022,034230,0.9790599198682806,,-5.1876611167516105,129.24613289883024,False,-8.683992654204909,,-2.0869744318131933
2022,034310,2.4679102000364193,5.294587425898522,7.653120001216992,133.5412118184508,True,,-5.798048339342376,-25.921460038063593
2022,034730,4.279499302649844,2.6791913909307277,8.721743315187158,152.23897683813698,False,20.17214490432484,,-27.124268209560732
2022,035250,0.663362476152839,,-0.32532311569923184,17.661158307339374,False,64.7445980958175,,-27.505317008581688
2022,035420,0.46826039414898374,3.114040775398208,68.57854690465275,40.21924935660564,True,28.533412075898234,9.062113578350894,-40.65345359088499
2022,035720,0.29043222133016433,28.47801189953024,12.090535494227266,67.92451972056287,True,,30.49029878175078,-43.144847680443355
2022,036460,2.7336762139273865,3.4586286417246375,10.576670929332515,378.8715236955627,False,32.09716902584114,37.91981922019452,-30.025774240611682
2022,036530,8.204279219952697,1.4292157922812194,8.52828609771771,33.26689250638326,True,-2.206686190890572,-1.1953076160574838,-3.5165039017067246
2022,036570,0.32685953766041725,24.362084661765905,12.558113093765144,45.40018117783009,True,-4.443651377772751,-54.50824024738559,-19.417769160743237
2022,042660,0.34339007593094517,,-76.65233195705657,379.04440941009983,False,-36.181025998083484,-1243.564024586687,4.536077888427381
2022,042700,0.21467346907554033,15.46877714887082,30.113805616237734,23.780500990830074,True,44.98440097364891,83.67658777854086,20.248948187397797
2022,047040,1.1360661845573377,5.838314907270784,15.076788781868808,225.14764507169141,True,6.741081228450141,32.2532087504779,-39.47750362844702
2022,047050,1.044344895003723,9.43372024564879,10.150163982874204,206.67155545631778,True,58.10475938251558,23.374624418273427,6.906849071819421
2022,047810,0.32601026251501325,74.70575204264027,4.105959738038691,351.2891469032277,True,-9.304059573728395,-58.24421974519394,15.136956675026392
2022,051600,0.717981466023958,15.694919457490267,8.874168590610248,28.320727172631262,True,5.9355093654955615,-8.428735550557054,-7.299041464288003
2022,051900,0.4237916867460281,15.0650806024338,15.663041809880157,37.42213844901471,True,3.148767290522536,5.6325398326608545,-32.66317192482029
2022,051910,0.6499774276345653,9.031305236411255,17.035355640855997,120.31593467433072,True,41.820716565851555,179.4783998522934,38.34053896871823
2022,052690,0.17008050249334986,183.49047080036962,3.204291035161206,37.405398266914105,True,0.32521197553410097,-65.75161449043651,-10.28463866325523
2022,058650,6.663749344714552,3.215269008139113,4.667281900844443,93.43951068447994,False,41.062292148733405,2257.099987873191,-2.8064636626115136
2022,064350,0.5848529182641498,42.178914989749906,4.05375908485374,223.84770646947683,True,3.130186423768677,-2.246315289026357,31.421439127761808
2022,064960,1.6405599422805013,6.524486351187707,9.342466944820533,34.074981749648956,True,0.10620943700287988,2.4757563890429823,4.988636789591094
2022,066570,1.0936160316261705,12.987956965740013,7.040350665162108,166.1030460045518,True,18.114467875414597,20.932385640379756,-2.3871762527795326
2022,066970,0.06887518706356971,,-17.673941525723087,141.21893771447816,False,172.6045037940319,2910.3442838160854,44.6933214299549
2022,068270,0.12449666370302782,54.60745995423141,14.709242598082481,40.08883057092792,True,3.3792226517974644,5.32715745731287,-7.488467115979313
2022,069260,0.9612963649491288,9.65042870456231,10.779437364528345,31.924902381841274,True,45.10331411053403,-1.9449817802623004,0.5447483350793592
2022,069620,0.37531680864301475,61.85362885339416,4.307614211581927,101.47561110401979,True,9.242923870163434,423.5784432991641,-36.453615381884475
2022,069960,2.6872574479804676,9.804759380183224,3.7953670657811585,66.24821742002625,True,21.444539860248526,71.27724384148178,-26.474862649950047
2022,071320,5.009505528516507,16.95995538780575,1.1770107630817093,257.4724710996198,True,20.862851767809822,-70.12766981991084,-26.22950697433497
2022,071970,0.9291202172694212,,-5.0846800235253,179.55521029999267,False,-33.9204219534134,-569.8200396962518,23.84851586489254
2022,073240,1.069867426799377,,-5.606466461059461,238.8198231716748,False,19.834634539988972,,-13.06954436450839
2022,075580,0.6005225739379302,24.065662994230575,6.919470018213252,180.71805338513207,True,-12.320800262190135,213.96756855346126,-7.488413821573348
2022,077970,0.5591456952927097,505.34626562189055,0.3539043929923409,194.913284620125,True,-15.89241428681001,-74.59564974902399,2.8458498023715473
2022,078930,4.363290260780642,2.015938440092301,11.368643008097475,119.61141999855805,False,31.05286549383477,186.8087020093008,-2.259286534288385
2022,079160,0.09343062200513169,,-112.4475475217933,1156.4474692191257,False,26.201594078233747,,-45.66845178822887
2022,079550,0.5063485858782012,14.34921352965069,13.763291249717227,237.59101691524117,True,13.862641828947053,52.49216717879133,3.3326097138617117
2022,081660,1.613313270593617,4.23215033313436,14.646039721047885,85.94740213250279,True,21.25899843109107,44.49812693307322,20.52426594216663
2022,082740,0.34535420355432206,,-19.004291108517197,280.49723147032836,False,-27.83097577704079,-298.68672735535074,5.296225042255176
2022,086280,0.9234766147272256,8.036578750251014,13.47419701153558,109.39547918041328,True,31.838583711198744,70.08905977501078,-14.188957901397458
2022,089860,0.7681914717492351,14.501199530988332,8.976904194984,408.42975767454874,False,,,-39.55408687840878
2022,090430,0.505350260759107,51.90899837363906,3.812105023758571,28.92764139474884,True,9.723196050399686,140.0950447872546,-17.18511352008395
2022,090460,0.5245687941360143,9.515292902430316,20.034356020887895,94.47192028681557,True,43.751420718952815,108.79410267021244,1.89108932014046
2022,093050,3.4803626934091745,3.1620049115674167,9.08684154753498,69.59354076919281,True,11.341108179495873,106.13947964004771,8.995088701572818
2022,093370,0.13933277794766125,65.03940283115345,11.03494464636988,117.43370368592119,False,45.74046525969313,1971.3928626755023,-14.328576475595023
2022,096770,0.5806607248027289,,,152.41659073386316,False,37.10983297851218,,-13.43643678278552
2022,097230,0.592856904024837,,-32.37092163285148,452.1315725512436,False,0.6319675200419761,-311.1042243700246,-55.51425030978934
2022,097950,2.060982109018335,5.875795205216896,8.257700507854423,148.5083765613779,True,8.428298423243398,12.127378718380811,-13.496006428186401
2022,100090,0.15664613599093977,,-48.207250490053234,310.59091342660366,False,17.74677268822913,-9.010456706854386,6.902173913043486
2022,100840,2.186774903285472,8.955177568144228,5.106480963927212,35.652234893758106,True,-27.932483777886052,-42.57123296427403,12.058272488901189
2022,103140,2.0588324821579764,3.363915469554863,14.438893545397963,86.76999778015771,True,35.311903586283066,159.16028427769362,20.944560278686765
2022,103590,1.3761139470147783,,,159.3787342457992,False,31.702496081102673,48.09556370807342,17.336725731124993
2022,108320,0.3951939875894582,6.831984051946855,37.03759917675601,46.50544327848857,True,63.42643821785268,292.26906047456526,-20.38911692826413
2022,111770,1.2982576735654037,5.608627385425965,13.733540531191068,45.73999706678457,True,13.223622102912458,70.40226889967688,-3.0361928141682704
2022,112610,0.3851666230552993,37.967509401669595,6.838159790115197,87.3545071728725,True,24.183186872689568,3.475793767917712,14.02093333948069
2022,114090,0.44326895065812916,,-29.53268462954756,38.52390070168165,False,-53.87304295236595,,34.09836463842477
2022,120110,1.5692252788586392,7.9743349031563735,7.991351495940875,119.60949863570427,True,15.509212859067322,65.77683514723955,-26.405186865378095
2022,128940,0.27928597215828016,40.79234618759521,8.777527375715206,108.64088949776604,True,11.835443708259286,156.07440159010727,-4.940978122258599
2022,137310,0.35753368286796633,5.789734370140692,48.30859408899959,36.38575405573838,False,,,-61.770004668712744
2022,139480,3.5085502406668323,2.2241225962819526,12.814851497667416,151.94713051643348,True,13.1605756877325,33.58155553682811,-25.053529102135442
2022,161390,2.2171412137856725,6.123705370809388,7.365332504264916,42.64136965501958,True,10.662597059183355,2.215980175983434,-0.09548234799102717
2022,161890,1.292073167316174,24.169870047508336,3.2021271811912366,91.68244103566242,True,19.987529440360575,-30.74609000305285,-9.911056129918572
2022,178920,0.25622975716480334,19.872840483275517,19.638598371384813,45.12908220687938,True,15.310029841462436,26.41007134248008,-17.512245185286133
2022,180640,0.4423550404424387,,-1.956770464358094,105.82749118295163,False,-3.3141471872953687,,-27.713583453524436
2022,181710,1.8456216706278166,8.766913664373,6.180314694654849,44.24666344580302,True,14.834616044414073,-4.231441862211849,-29.07609386663258
2022,185750,0.5089768266233835,26.24536113834665,7.4859933550885644,84.99155756669975,True,3.112330513020889,-23.542161565105168,-15.695877216186549
2022,192080,1.4171080487835432,5.349865155829751,13.190285614035508,16.633439806213758,True,,-1.9670308773406808,-12.946929637387438
2022,192400,1.7559607492677647,3.4867101282838924,16.333127517540767,20.76716494405116,True,16.555893410374622,4.54309619267621,-7.5346188834975125
2022,192820,0.489485317146549,27.689589483804102,7.378087712017423,203.38968285596843,False,15.0849552474416,83.96951556291641,-7.603691449357186
2022,195870,0.3667990484999623,11.293016505998105,24.141365798363775,61.37402056348474,True,42.861795736340305,98.3699412023225,5.647334563159334
2022,204320,0.9096493066176279,12.581757305953138,8.737450000199374,179.04362137886173,True,10.495697849734654,161.90367495086332,-7.997618635045944
2022,207940,0.08551872471976033,148.28313980053497,7.885822741375042,59.68438557695287,True,34.618652166189975,83.51573888243415,-5.121950348970616
2022,214320,1.0383628123402049,9.225236096980641,10.439348218790395,163.7376330473129,True,23.009445125802873,21.725575876615387,-15.369503922274797
2022,229640,0.7414489727779601,14.648178000492733,9.20735998698214,187.30010097511592,True,29.503272036883388,75.34840875112734,-10.546839650246653
2022,241560,1.3382785684551106,8.367630185138275,8.929990543178361,98.57374774572072,True,35.827222528748926,51.15325478319222,16.582198115039958
2022,248070,0.2241353817221567,89.84667276374506,4.96578122457472,164.9726883281614,True,7.132160665045473,-53.01172098450164,-10.337975144921385
2022,251270,0.6949762445376483,34.69166716964847,4.1476764322515915,77.50313850099002,True,0.8910858108412745,-44.48572730896445,-39.2592587930219
2022,259960,0.3623316108542223,24.46403820286914,11.28146834017681,22.283028996478237,False,,,-34.244604349169705
2022,267250,3.4662190520317977,18.437113473793925,1.5647720003550036,201.28838999125165,False,48.90155950239126,,17.314922716364677
2022,267260,0.8858883145673503,,-5.2128731920871845,242.75680136302188,False,-0.2955256058875144,-86.6073154997977,84.50840067796486
2022,267270,0.8848133464213155,13.83569054703091,8.16859746449709,129.63372848109682,True,25.474499113890168,75.50465406854971,45.42483236982344
2022,268280,0.35727342865758077,11.437870455998038,24.471134764233156,34.180887584234824,True,42.83816209319426,93.12260007541913,-29.039788152584777
2022,271560,0.7070940836815763,12.296866426911196,11.500807675230647,36.111666834779456,True,5.636319327957229,-0.8540062226408907,55.814112975584564
2022,272210,0.7758361703111484,29.49473649004217,4.370040446030603,73.87131053392645,True,27.187340574986727,20.660776957975237,-10.795451495373044
2022,280360,1.3447111345547558,27.148407130390694,2.739218307380627,100.95742382204082,True,3.3409257447708507,-3.624208476394164,-7.410263721751786
2022,281820,0.9402272759206906,9.765971164052385,10.890597726514455,17.61908579767544,True,7.706140224261748,-7.190616022842422,-4.993247852065563
2022,282330,0.2944469684201093,18.616602279768305,18.24284180258965,220.81015910665624,True,9.70499421788833,22.95714295905309,2.6877899099307934
2022,285130,1.166048042713453,8.19081824015143,10.47023108503993,54.11130024944505,True,72.02733470497289,422.3657054675679,-44.05930658239532
2022,293940,0.5251121118314921,222.68181002725103,0.8551911969941121,454.2085509414464,True,,65.33792439392666,-18.9404579626685
2022,294870,3.4317514756947745,4.7694350013406694,6.109662725787508,127.58194824977778,True,-8.34606532996598,-53.31649753692862,-18.558415894337433
2022,298020,1.0139143423204315,1.7257562709964174,57.15039986854595,156.66124953520776,True,66.53754368048202,434.08350175043336,-2.6991423259907665
2022,298040,1.8963187748057382,7.147778320881353,7.377642049316184,287.8638173336576,False,3.710752780092541,172.4146382089172,16.666667776631925
2022,298050,0.34375408717040773,6.360589121541328,45.735642799247,303.0941412956858,True,50.243994659456924,1178.3691434741775,-14.706209737771259
2022,300720,1.160925922206116,14.604610982987214,5.8980099114299165,62.53184924429055,True,30.5422096195175,-9.336254501912123,-36.85990403899089
2022,302440,0.1333998342576617,33.800408436495935,22.178019540352583,31.774616061694022,True,311.77150750919697,1157.5291226485067,-52.74509803921569
2022,307950,0.4175965428400379,46.16366938978759,5.187316934447282,70.5252528430451,True,32.49660727328916,10.703668641683105,-6.545157652824329
2022,322000,1.2610504520116428,,-2.077792437141297,89.04840656910075,False,50.39769931900162,8.133126959458536,133.2506135091899
2022,326030,0.06387311065045055,107.24262364390073,14.598710713375471,44.905567355185426,False,1510.2315428898307,,-30.067567567567565
2022,329180,0.4559224235006632,,-14.555315169725032,169.54959315466579,False,-0.008829380807140463,-2561.660695152038,-15.630256975656454
2022,330590,0.8776047769590352,71.38392844103649,1.5962487745680118,108.47651258028068,True,46.579889530217876,35.66847476006818,-32.27348876169203
2022,336260,0.19681664105341992,302.79455752453896,1.6779929022612712,34.86506698141144,True,-17.41443172859484,,-16.16915422885572
2022,352820,0.20843354453156906,98.33482669928031,4.878934966476233,63.82386912409426,True,57.72355517290786,30.74034188584074,-43.03405426699673
2022,353200,0.5258733559526688,20.573112327720374,9.243125194090306,38.00234917133347,False,61.28499361639068,2602.8317348788532,-13.337678351818772
2022,361610,0.21764820208903735,106.79040275836864,4.302418889120679,43.69289550445079,False,,,-39.03614457831325
2022,365550,0.5509698204379366,134.77497074786825,1.3466754497413014,104.88835718279239,False,,,-39.9796541965358
2022,373220,0.0872910476076364,107.70560982849179,10.636334093729472,171.8270771562824,False,1121.8395037055086,,36.915887850467286
2022,375500,1.870373491592703,3.7814962968453165,14.138651241815067,93.49356117278424,False,,,-49.25976744322005
2022,377300,0.09250494246065075,,-1.8858653554289586,91.16934487984257,False,,,-61.18466898954704
2022,383220,0.10124838188761111,23.312326466275785,42.36686144237568,109.43489394272538,False,,,-8.879993437455058
2022,383800,2.235238332795173,4.429983562126453,10.098899459873651,1.970637654461927,False,,,-7.987013002298959
2022,395400,0.5264310374013305,168.10924050828112,1.1299700363404466,142.62729035246028,False,,,-17.753096538100444
2023,000080,0.7817114427366921,17.10784463751934,7.47753118879981,187.1108392873068,True,13.375571113890272,9.45381642856946,-5.110964756505421
2023,000100,0.534950508960012,41.43008768297228,4.512015080368361,23.155704144482947,True,5.216025999809837,-25.860404050217454,66.4532028688049
2023,000120,2.3124978192996584,8.863690664690894,4.878699591149173,140.2716650428072,True,6.938339519111891,19.74699615527711,53.13645861075602
2023,000150,6.763113705279455,,-5.643611528763323,155.54305127452346,False,28.71526106378912,19.039174767098665,52.532975985989275
2023,000210,4.369759413414724,10.3759560707409,2.205537005742084,160.27729782089216,True,119.39145831872544,48.81774332172566,3.3152494456393455
2023,000240,3.9631142107046027,5.938511293048592,4.248991136216799,11.548926294432508,True,13.76470125146989,7.421510901232153,37.23056208901492
2023,000270,1.4502084437141218,5.0155998775084605,13.748226784780785,87.35432794396554,True,23.89936664899095,42.78661227454925,39.99162182924969
2023,000500,1.1504768054493564,25.175189027948207,3.4526248538803124,148.2367325248542,True,32.33152369977501,71.75325956794526,72.55516998067759
2023,000640,1.9794506498926743,64.39074865630717,0.7845702690469376,73.37739550565286,True,15.070888997785637,-38.51161146062142,43.7077821397861
2023,000660,1.0180586586189635,27.732851546639765,3.541870442506244,64.11853764816865,True,3.7764171704444793,-45.1311003566381,114.64917815237428
2023,000670,4.546316277183335,2.3307140569991716,9.43737819014298,33.35039936062082,True,23.657053001798147,,-16.693906912017965
2023,000720,2.4687691035289347,8.537129089249346,4.744688202475606,110.71265947131464,True,17.56686516988648,-23.702860236972867,-10.120674327127166
2023,000880,12.194792562090997,0.7631978868694593,10.744554758751534,911.4328932367705,True,17.87098506514555,-14.064643183072578,6.942960113655561
2023,000990,0.5232858001137647,5.602287220477879,34.11109645679797,29.56852250497155,True,37.91984060458346,92.61679518666834,-37.190239475258345
2023,001040,6.067314183928527,4.2554164335970155,3.873124424640754,172.02777332487068,True,18.677787551618998,14.475591277987277,20.22472637418875
2023,001060,0.4921914079490084,15.364892662014455,13.223196182261802,178.1606297205955,False,12.820323870626416,101.79863740325756,62.16732543276733
2023,001120,3.107216269964569,1.2539712147835,25.66498119863284,154.20945800182395,True,12.423292579085231,47.13781309143974,-5.633841768510961
2023,001430,2.648255845960175,8.430977920823619,4.478804525754868,93.65610370328827,True,20.137197089460667,-46.37559593037008,3.3193499929255355
2023,001440,0.3323919177387109,121.57686366852525,2.474563536559853,83.66095761380569,True,22.667780591024012,22.07588020543143,-20.321271795084805
2023,001530,1.402294700254296,7.680439294777197,9.2848447505208,61.545431334944865,True,12.377251519061328,-7.899447974606799,15.622606157412132
2023,001570,0.02336164152239329,,-28.287347518171106,136.5883588330577,False,-6.835780421606719,-34.701355210701415,50.0
2023,001680,2.210672498328613,7.276812364415901,6.216335060802571,141.20161247561347,True,17.697379769779474,-8.643797474382398,5.904598080388324
2023,001740,3.1266657293496882,8.635597896481405,3.703617560937393,287.6122122876943,True,-12.267896396306455,26.425257013559822,32.52470617755658
2023,001800,4.763243565375441,2.6763428474221542,7.844322918637261,23.690307303688744,True,21.513519090647005,26.648116510596264,-11.829653135943607
2023,001820,0.4733133183188171,16.23492596062773,13.013705145669933,27.512140705509065,True,0.49963678275697365,-8.000750228457399,-25.099408735316963
2023,002350,2.1352251744698276,,-1.7231641999707896,147.1030003965506,False,24.911787328339386,-1335.314692883167,3.925974436565638
2023,002380,3.178619404434097,60.93155186134817,0.5163203357012047,136.32064476581164,False,15.317613359968263,20.292668687266247,18.973347385033712
2023,002790,2.2936835273176945,19.08879720562573,2.2839570896891206,17.10415380802862,True,-15.604782494809832,-23.660122925991654,-23.76897928883959
2023,002840,0.4622529143759952,10.240555262975256,21.12500578142693,21.57995290784856,True,21.78824745475807,34.749218934469894,6.703944077608459
2023,002960,0.49097696139872415,8.60972355362475,23.656455789037924,52.57342578362078,True,24.961516806405193,-7.817849572452163,24.096064078035063
2023,003090,1.539718267429682,6.90951166548709,9.399643518005588,68.73092545820055,True,,13.528702242967938,38.736248681801634
2023,003160,0.9928168298572408,10.85118102528141,9.282262815888108,68.06653623789956,True,1.958361210566384,-32.305478695327814,105.80158233064397
2023,003230,0.5148433351574654,11.004029159430575,17.651156780635066,103.38681529647242,True,41.58779601890814,38.266456183113796,84.30574074069139
2023,003240,5.265110493975512,,,16.687625510682103,False,4.321438409832479,-134.36073910139578,-0.8191442713015307
2023,003300,6.974949861636586,2.270036591244014,6.315766308248212,59.63763508633977,True,,1.3129769719754547,15.714278533354253
2023,003490,1.1973879685671052,4.487190807943062,18.611894094448083,212.05623028857485,True,56.331029841071015,99.62266359063693,-1.6790908709274355
2023,003550,2.3468805579035843,5.283384972876492,8.06485857804012,12.958248447274103,True,4.7671165372262125,-21.08545004601432,7.873722873780986
2023,003570,2.6949431511475708,10.629740457734759,3.4908222144679897,41.26194248788529,True,21.452544984044096,25.148076310544255,115.95161676474959
2023,003670,0.10349924654534949,210.04330789367745,4.5999590189243,74.95653971242054,True,65.96359882014453,36.32254214302599,2.6798185930214435
2023,003850,0.7191470673859638,17.122671379258197,8.12102344916692,72.80350687733775,True,21.23399186266044,36.56283902219579,49.437220295955456
2023,004000,1.7190590704722644,9.130997080949427,6.370756350979101,18.11629253190718,True,38.39065982369334,65.35306332012753,-14.65474529586005
2023,004020,4.413518835808575,4.174638168059681,5.427454310213093,92.38765792675485,True,19.652935624139566,-33.954846363226956,-3.624533806984276
2023,004170,3.3235150248019782,3.4348749749895795,8.759744107884778,129.50925596482801,True,23.689296942607598,24.748392999950354,-14.766886248384992
2023,004370,1.0667504319447665,18.70545714462732,5.011512825944816,31.070093436468433,True,17.50226050774606,5.684145172162602,3.277141856512533
2023,004490,1.7298861767412408,16.877260126762785,3.425157349798771,34.586646455639375,True,8.959646306909995,-18.669651458930247,42.983323040769974
2023,004800,2.4541596134202495,47.589790675272404,0.8562161209604541,81.79947932658416,True,5.097073868117485,-89.87029081214996,-6.645798508911927
2023,004990,4.002390237698836,7.249901395691341,3.4462634141247097,127.0615316300769,True,42.18685806671425,126.35312942667154,1.7896384290589928
2023,005070,0.040330601473636325,224.88415133496514,11.025707104547593,79.66311937827251,True,58.74998552452204,49.017625280622966,-14.572216173087249
2023,005090,2.4001383532471197,2.4325286636344647,17.127964599923136,252.49938376156487,True,48.72280251601777,37.54772862508153,-20.947685938829387
2023,005180,0.7365372058339585,30.43443572900884,4.461080457257523,33.60681478861663,False,10.479956739697794,50.159184437868795,41.13136596455283
2023,005300,0.9871453896572078,10.912416616805869,9.283204982832522,161.7210135684394,True,13.393507083645485,22.302940511351377,-20.223990142581105
2023,005380,2.7985810058322302,,,181.35553667083826,False,21.18593348869684,47.02566227111482,31.467736071358175
2023,005440,3.1179063464015986,16.638312812932387,1.9276476309172323,45.04713584969032,True,12.538362120590897,2.4130002751808766,6.782129184260688
2023,005490,2.037216312922202,8.031653712080907,6.111641615798425,68.91721848195988,True,,-47.499391990008334,9.093787167862466
2023,005690,0.14604396919800694,50.14420030216418,13.655124453334421,41.376843361061155,True,18.250371601830228,16.591953223729927,-29.61748646786395
2023,005810,2.0878361519584514,6.308255740105588,7.59266598850911,18.47701555417224,True,-20.5240647409604,-17.213786936767605,-18.18533284019882
2023,005850,1.4427302126043944,7.127165510817563,9.7251885277982,71.84180647572018,True,39.09830530312326,79.04266035790243,16.019704019287893
2023,005880,2.5474293296541837,4.0649154246465145,9.657091387455441,151.67898241274514,True,39.70829490122991,31.2624562347656,-13.594470046082952
2023,005930,1.0219248503329093,6.237434164004084,15.688270366610475,26.405921794911997,True,8.092336426600454,-15.991883310051447,32.50492378834808
2023,006040,1.4219955409631497,6.897252905534374,10.195901111030096,142.7794116895049,True,222.11111288326072,89.63630773098184,-28.40106688103875
2023,006110,0.12409033007085503,64.60296408566005,12.47411132766971,108.8991696027813,True,23.359056133644017,46.117968711569965,13.270074527310083
2023,006120,12.269529948644172,0.9085723232008218,8.970415750935341,97.87437591356387,True,31.79139191428415,387.0863689272999,45.16793335307694
2023,006260,2.3657595496657877,4.644917255374036,9.100210039744985,202.70023581988684,True,33.63283439918185,14.954870677248234,43.06566145279711
2023,006280,1.1512992723848086,19.603315779662807,4.430800887331579,61.20703979328928,True,11.281316446527434,10.320225082757407,3.9236129399336184
2023,006340,1.064848076754875,63.52763442959055,1.4782560506647537,168.51694804951197,True,18.411269986450797,-41.363980064297365,33.27256153144942
2023,006360,3.042561261667854,3.9899807297645125,8.237394592962863,216.39236418973402,True,36.104615291718424,-14.176760846696656,-29.461358729637865
2023,006380,0.20469786325628941,,-699.9529839641966,1035.9943002757893,False,-26.65419910974427,-3493.83280157542,-4.811443433029905
2023,006400,0.2885550191319765,29.25818004256846,11.844699826334313,75.73701978807557,True,48.48183049074053,69.35690665469463,-38.92690167176336
2023,006650,1.7051455260462598,,-8.005203808804326,17.931720471873504,False,-11.64206362790512,-219.63408573398544,-19.61726497672536
2023,007070,1.5670741375875745,59.24297430351613,1.0771435929848354,122.45274109789945,True,14.957800133900644,17.586726690595466,-27.12025639642097
2023,007310,1.1780633057459986,5.936041999592947,14.299946284603832,83.29778685414355,True,16.220226936971628,11.454926441121426,-6.367845854729836
2023,007340,1.3790322827458803,4.437606786766886,16.340929259763364,305.793726620949,True,239.120812701083,370.21793862968036,8.076338938793427
2023,007660,0.3056423569366087,7.098574815034609,46.09091141051714,145.58938505512685,False,36.90197082281368,148.78229373785504,315.38668651392794
2023,007700,3.2814548795954286,2.1084655929495195,14.453300911780257,24.440243844610464,True,149.86234497733713,117.99173615370479,-34.546606327617155
2023,007810,1.9809733264598768,4.424633359039212,11.4089081250606,72.08978508670191,True,12.12684096329828,16.545097336299698,16.70870745561459
2023,008770,0.16722055213114909,,,444.39280564068434,False,30.241879596624543,-34.05830886693108,-23.521528140785286
2023,008930,0.2762961733802941,37.99625421771553,9.52542463381852,53.11404521922224,True,10.09186950987524,14.908041276466122,-4.596703278124526
2023,009150,0.6842341121628251,11.317281404420898,12.913773453596239,42.94135046829041,True,-2.58897492879826,-20.448077510109265,-0.13996013357453485
2023,009240,0.5040271118858543,,-16.01171039027836,146.8815780977594,False,-10.322370075005349,-131.31520535080907,11.158971104910155
2023,009410,0.6603555811186628,22.86310564574266,6.623490597663451,483.55064463709743,True,-5.328100249025547,-47.55143835564647,-38.726790450928384
2023,009420,0.17059303150821437,3922.093916776797,0.14945853613251436,26.860645887743246,True,8.269128689312577,-85.08991110706346,102.86016949152543
2023,009450,1.0467294556571698,9.230513659065586,10.34998415768038,96.64099149934843,True,5.250821527285643,-7.037314038536325,53.42150343044372
2023,009540,2.321913769802591,,-2.397449511621093,142.71573449240626,False,11.673619345983433,,51.711013215124055
2023,009830,1.1671078500003116,23.167551848396734,3.6983572998264833,140.7993369456837,True,27.307255804834753,30.86618115254538,-42.08051450786827
2023,009970,5.505876529141514,0.8061889786067249,22.52872819585951,37.7146541490234,True,39.912354860498844,75.67249830152822,39.54868392584299
2023,010060,2.4612591265784527,1.8567967527223486,21.881560586336587,68.1592133248661,True,43.99878939829469,56.021771035112856,3.5755974655220735
2023,010120,0.9707992028497135,17.496901002721504,5.8872090069864695,114.47261784558107,True,26.564274569079437,20.88035845108662,80.15074405957066
2023,010130,0.8595269813688133,13.454790034987274,8.646962209660533,31.047112353794624,True,12.45474591408351,-16.145217642633114,-16.18440366693894
2023,010140,0.7835945500408038,,-17.56502809025886,305.7097416493542,False,-10.228539458007745,,65.25096525096525
2023,010780,1.4444971114207419,5.427547155229973,12.754978090038676,132.71944753246714,True,41.6553674456102,11.040878297586865,-28.145918878880394
2023,010950,0.9440629653820324,4.270187116453152,24.805736898431526,131.19239311182724,True,54.55197616013856,59.04989485936565,-2.764073630065922
2023,011070,0.6838515982729639,6.366179976707346,22.96990618524606,129.5849310967862,True,31.071334706125086,0.5954874822387879,-23.246613155023898
2023,011170,2.304581764407033,269.2719665825263,0.16114496362402495,55.144879025970916,True,22.93330183294493,-149.66050262345158,-31.542615383997706
2023,011200,1.2090158963248083,1.6966405485974747,48.75039588335449,25.54894375034078,True,34.71488054209655,34.890211103403004,-17.676490417235215
2023,011210,2.5543267199644655,33.616133677130314,1.1645973338161495,102.11988212074455,True,9.03159633988373,106.48819664151863,2.645499338536128
2023,011780,1.6847547126531568,3.2715374414626357,18.143097110977795,36.541753632615105,True,-5.745977624992582,-52.31308912164889,0.27409908332194366
2023,011790,0.4135421324616959,,-1.0989503568794508,185.17030105354303,False,-7.571919089902934,-52.60697506030665,7.868252516010976
2023,012330,2.0613819512475637,7.373991217655899,6.578682314724181,46.54897720121694,True,24.469003829631554,-0.6656987459512043,19.37033450172809
2023,012450,0.6903771803143055,37.38480863600799,3.8745244895173845,286.29301975370754,True,1.9410160318635628,-1.5224661832851427,106.6910057843029
2023,012630,12.853867714879417,10.173154408870161,0.7647342435612454,139.8660853345455,True,5.551907311056192,-57.001151816983594,27.28545266817306
2023,012750,0.8396490404699415,12.009735100391463,9.916736547862286,36.28845892212498,True,6.72311148732363,13.622000807778978,15.90105255232892
2023,014680,0.35362263642776176,14.43756569590537,19.58691185280071,47.01649480774607,True,15.192455700526297,-5.915724185469584,-11.523207246089973
2023,014820,0.6284370381940506,16.050722369971375,9.913879686556866,98.95985393332916,True,14.878872749929272,2.046716172090446,2.330720440057754
2023,015760,3.8169936381614047,,-58.164188332566354,459.0561019437596,False,17.63611377856531,,23.53271092146969
2023,016380,1.878156198927537,1.6828118452112732,31.639727297426052,80.54495469062444,True,13.857795994908484,14.630476192280796,-27.663290508954532
2023,017670,1.3952709576292393,9.191206061799981,7.797743450619802,157.5710173657422,True,3.3220000376151138,16.213535261202374,17.817421915811305
2023,017800,1.3712587859446788,10.876076158941549,6.705147512913613,158.364331171059,True,7.898682426120374,-66.65464866061913,47.00898510062865
2023,017940,5.444396757623403,1.9610057804116807,9.36637107327547,187.32669882189842,True,55.091250621172996,4899.371650388286,44.461532101128796
2023,017960,0.646260421474045,30.86711718823007,5.012984591644388,44.82439858989061,True,0.39250278554177065,-24.239919026320113,-12.686841883568245
2023,018260,0.9906767562096336,7.563325017913451,13.346127295921214,41.165316298130946,True,26.447149330243057,13.361780653382604,43.65037790915214
2023,018670,2.388956985491303,3.8116160257477594,10.982027468601295,149.1259337660081,True,24.199749654979243,270.24676259307233,34.1468597332331
2023,018880,0.2788849686284471,317.75636360589635,1.128445622011893,283.93659725830196,True,17.361313655028198,-21.23614818064573,-28.50404291210442
2023,020150,0.5551220932104716,73.18150641280121,2.4615583949099484,22.119308615067236,True,5.874690411228012,21.23306969585663,-29.81328581183972
2023,020560,0.2541451560748964,106.1571150857091,3.7065431103996413,1780.1683345730887,False,43.020489089760304,542.4255847282209,-17.117776152158015
2023,021240,0.7025752204308617,7.188156023478407,19.801116388288843,88.80337106708276,True,5.236346806834602,5.804150355462823,14.153421063507988
2023,022100,0.2792809002978756,32.329799735666676,11.075306397117227,105.70270372138877,False,32.602609640966705,,387.81569232963494
2023,023530,5.559279858531591,,-2.887984306946892,187.29714861999335,False,-0.6261538688600354,86.04074375621495,-4.9181789871467485
2023,023590,6.651916442241752,1.1461568027977003,13.116234672834148,849.4233888836309,True,51.316575788736316,-42.83581401455009,2.743979206675129
2023,025540,1.5024761762336565,11.911136348389196,5.587778849644638,48.201748499076906,True,21.39892997899753,-15.701908298253663,1.3778237538954352
2023,026960,0.9039938927451632,10.080068797072716,10.974152913336738,5.325123526560642,True,3.9525891381448686,2.0857465446379564,-6.198372475130287
2023,028050,0.45498462839941833,9.514253851512793,23.10088089497292,204.56345199445116,True,34.296149629288465,39.66990402457837,-18.97106191906648
2023,028260,1.922966958087193,6.531463524189666,7.961917483082205,84.52405359372969,True,25.268975640501612,111.41813645096077,48.605177463694616
2023,028670,1.574815681254824,4.213352373970454,15.071014494043988,68.03043402000264,True,39.08499088084396,37.817176487836555,-28.05866426042327
2023,030000,0.6784756228454584,,,125.26433001482941,False,27.89342151987406,25.478820942009772,8.758978050789935
2023,030190,0.5387028423930271,12.034683713584103,15.424676059475354,40.816284053223285,True,-1.0166546249132713,-1.3609515640200076,-14.070211265893562
2023,030200,2.9124233906148778,4.556450656262255,7.535617016883718,122.5430216897642,True,3.020346409280572,1.0924594933438003,35.669179008124004
2023,032350,0.20832074289594635,,-96.98735031291417,678.1049261804136,False,71.54001031384834,,-25.87813620071685
2023,032640,2.173933576194344,5.86610398752546,7.841587130001691,134.0305245165283,True,0.39603252729829563,10.443773020610525,-2.086429156945313
2023,033240,0.5098840062731878,,-11.126808254503064,47.39247043246249,False,-15.960988837011026,-171.95673839845395,-19.74317817014446
2023,033780,1.2538547708724144,7.424296448650544,10.742304495904035,31.448528970556193,True,11.916849121122608,-5.284995891046773,16.146980032480542
2023,034020,0.9224300009529172,,-4.4954049217625585,128.66188523168276,False,36.66776191388126,25.998695460221242,1.230949589683461
2023,034220,1.4955174620214131,,-28.231477290807934,215.26904619900282,False,-12.471573188377839,-193.47438007933263,-28.456006255144885
2023,034230,1.1126523943542574,95.78867407825312,0.9382667612862063,108.3784005013219,False,41.78175432524485,,-8.663749516142548
2023,034310,3.33104852687353,5.74299445827018,5.227338730841813,155.8985128245578,True,,0.6749947023622749,5.1781410687114615
2023,034730,6.431534260194849,2.8150819306106736,5.523245831046589,170.86636608136692,True,36.84375195016496,62.185123043298816,6.0794583455512585
2023,035250,0.9607870385966891,30.747218180544493,3.385065174280842,22.029034321332507,False,61.16602085555907,,-12.504023044847223
2023,035420,0.7700775168019272,45.23587310574273,2.870665427514638,44.556830369370886,True,20.57144833640745,-1.5702831647887439,-1.3855618206039755
2023,035720,0.5088460865420783,24.893701013512835,7.894490238834048,69.90375001768085,True,,-3.1517574827985784,-10.535143878199293
2023,036460,4.459923170233397,1.559301552488891,14.379457826363351,499.62098011280364,True,87.9464569345053,98.71124277165721,-1.2891326460111596
2023,036530,8.676051517796894,1.8113460453153607,6.363212849014416,40.85961398324115,True,16.05678415746665,15.231601290120267,58.33725902979905
2023,036570,0.41171359847051514,17.81890198758954,13.63087858673642,38.73893034780517,True,11.390024690790801,48.9836081828263,-43.669377971357115
2023,042660,0.11035232204348014,,-234.2072731614494,1542.4330608962891,False,8.326255078990563,,26.861874240933314
2023,042700,0.20080533996686317,21.056545648111026,23.6503523914492,16.748719190795388,True,-12.213579935909591,-8.626114627170956,590.4988075944071
2023,047040,2.1737088369915227,3.37293369123443,13.639260544832926,199.10063958722282,True,19.96504305278839,2.9381868232877695,-9.2326139088729
2023,047050,1.2233039605074778,5.9434815516082855,13.753863162022986,184.58333988593313,True,11.902381922312056,54.17302541467323,143.37137026318754
2023,047810,0.3171453285293558,39.52901480262323,7.976744671320564,434.8415016315458,True,8.765797859469092,143.08107994699267,9.77269756580208
2023,051600,0.846768009978893,14.3312652425678,8.240451801936226,28.483960909273325,True,3.5146345258359357,5.293981262489922,4.364157060313656
2023,051900,0.6260415360592312,33.81427003663711,4.72385800993302,33.53718538816952,True,-11.193855885169967,-44.85839343172867,-31.817192678767004
2023,051910,0.7587287424516321,22.500341126057155,5.857662711155937,81.35480024386673,True,21.592371414353618,-40.38964744761978,-39.10197773264527
2023,052690,0.20064089260506557,150.85184399350769,3.3039230624209823,50.254425208590845,True,16.66120877198143,37.64225199945326,-9.938388079578985
2023,058650,7.195761820089137,2.6753509090994436,5.194484640584113,97.03034356852734,True,12.326643518109815,-36.364844083006446,6.616813169159097
2023,064350,0.5233496569904188,14.649630440896148,13.043116910480792,223.43043234472302,True,10.12464587997648,83.85740525828598,44.77585570582501
2023,064960,1.6016907910564464,6.271529405638763,9.955151153216748,39.41405005798166,True,10.949456802743773,22.195272054494296,-0.12550807013679277
2023,066570,1.2538120914251494,9.628398044285069,8.283493013092611,145.22562847576407,True,11.704360728002872,-8.095763365041542,-14.518252803193421
2023,066970,0.09632193153599533,49.23800524925329,21.085036969905307,135.2650354099454,False,300.4378231072887,501.82533490099866,-47.256097560975604
2023,068270,0.14201097518336717,55.47286574635997,12.693970597169994,37.842085669477065,True,19.479282869575943,-14.488723378963464,25.732973111582382
2023,069260,0.9834740938341651,9.199778873214198,11.052478705309,27.177052385080724,True,43.50106700936085,25.418864456364588,-2.6652677875733444
2023,069620,0.6232566922638764,30.367154875850638,5.283587999686098,110.91366826677901,True,11.025050488467226,7.755684050285039,20.86956316562909
2023,069960,3.8191610500185083,6.814437190206914,3.842395230710352,85.0521417901866,True,9.500436949700397,35.41249640080808,1.2146541953010015
2023,071320,6.20896639796648,,-11.036507323245806,348.59723857565325,False,64.49977966074817,-1117.7193302845021,38.51851327744913
2023,071970,0.9362215714415139,14.509753936442605,7.361415122473793,116.66462666123134,False,9.445995766181658,,97.5206611570248
2023,073240,1.1951728150608076,,-6.224688991168118,277.24191357541395,False,36.8263377022896,,61.37931034482757
2023,075580,0.6687811233116367,23.434297702774135,6.3806371890661255,163.60713146175038,True,63.771975543925976,570.1973413589891,11.924378378752266
2023,077970,0.49824219110611434,,-10.253030797901976,227.91715498856848,False,10.247337649836364,-341.9319429198683,0.5380476556495095
2023,078930,5.18230774250537,1.2814888473879564,15.057815440619462,105.74134466615033,True,42.17849381561392,89.56861262778986,24.92016139260429
2023,079160,0.22436256006966904,,-54.569660733801854,816.1958907663175,False,74.01593146138892,,-47.07488215660995
2023,079550,0.6003565091750392,12.670501439452892,13.146101276521414,222.15511732821597,True,21.872395804382784,84.26942652374152,149.06122883127892
2023,081660,1.4941574304623406,3.6854021147194866,18.160121940909914,87.28618218898183,True,11.275597002240234,-11.723373567506655,9.716512916356068
2023,082740,0.34762863685029605,,-18.17134430103643,331.4615780688147,False,27.586645133177612,,27.48691099476439
2023,086280,1.2737678668778316,4.527974934454278,17.33826742141958,101.72335183172352,True,23.88612902029392,59.69131669065446,14.871492832916156
2023,089860,1.3264304212054816,10.638708625038358,7.0864154822281975,449.3334952990537,True,,12.796740436073971,11.532788086427747
2023,090430,0.6147152413152227,60.14639956440578,2.7046830773189203,21.394626838526037,True,-14.973817473305218,-37.606412286431144,-4.72224906351324
2023,090460,0.7293566507139643,5.633575167578049,24.33749969820175,74.28348390348151,True,62.11325533810184,84.66169602642812,-26.591296810642994
2023,093050,3.5308668963464935,2.646588879806225,10.701192349941799,55.96121130677314,True,9.783949335854757,16.551587332607998,-10.34840422489306
2023,093370,0.2382789395057426,15.501027716464153,27.074088777499135,124.840854437126,True,60.14517498417777,81.23848095931916,-49.723076923076924
2023,096770,0.7941008723412009,15.443771863812355,8.154004547360643,189.2092923643458,False,66.63547933356762,123.31582553894935,-33.397650242781296
2023,097230,1.1876532007846246,,-13.028909841814073,566.9516091327047,False,4.783443849866287,,-6.824512534818938
2023,097950,2.54175347050341,5.650928675000596,6.962204073964573,160.32772056727197,True,14.417636712622727,9.20205414144888,-2.036018905045278
2023,100090,0.4279748775525926,43.86910737914028,5.326266908574057,131.95865369540104,False,37.52426927812391,172.17310131576505,-27.961362480935435
2023,100840,2.035800260738949,8.30957649591024,5.911340067554118,68.25385761708768,True,18.581387742253884,-73.18382871680305,50.53525716271088
2023,103140,1.8604474008349123,5.649906342130311,9.513522625024724,84.30262828473893,True,24.604207045469884,-26.265172436607997,34.10282506137281
2023,103590,1.2520933468276194,,,143.4060501965508,False,24.91987445907464,54.34685074355481,236.82320322670324
2023,108320,0.5894619366055576,6.899026752817711,24.589879717283107,35.697805230445375,True,11.612299289182925,-15.961711430659642,-23.440466781816347
2023,111770,1.7129862240883271,2.4464014519616333,23.86263529848109,44.93201618120624,True,40.051389275802116,85.9885014289944,-4.711215178742634
2023,112610,0.3299015954025485,,-1.0631030118980456,92.45161331115254,False,14.249018159345983,-58.28104350487807,-18.044766994708915
2023,114090,0.3296131580837148,,-5.946933104077854,59.36842656053534,False,208.0505603309145,,-31.55047279755927
2023,120110,2.2848478997275548,6.323664949766533,6.92107975439547,119.6575132639951,True,15.131178361194287,-4.042961240286125,-11.251227771516948
2023,128940,0.31942959107355723,31.109900040939532,10.062971409989707,90.69905354322765,True,10.668424030323486,26.05287151157829,31.911818549341774
2023,137310,1.2507399836567554,2.5924952064395588,30.840045091179302,10.694417091374213,True,0.06964599656851256,-15.939128705277794,-41.519612597876296
2023,139480,5.090309009300104,2.6285229725478954,7.473844812042213,146.24215912471124,True,17.646449339159997,-57.17942627888031,-33.55769183029961
2023,161390,2.4006316091462496,5.238555723349672,7.95175355860947,41.75052164839422,True,17.547153050789866,9.9074876036094,65.39200294004168
2023,161890,1.5501686417139164,,-0.27907994260964886,99.61641217933335,False,17.612875973749542,-13.0383655618592,25.374466068081247
2023,178920,0.32546303795889964,22.951638749833357,13.3870420144238,46.1390877509082,True,-8.423625023641367,-31.272757955321506,-37.83784360036445
2023,180640,0.8641577769994934,4.519627682575598,25.603792402334896,51.97945299551516,False,-49.31767627389294,,36.65267243122203
2023,181710,2.4705832523511218,,-1.5935922589124345,51.83461812878032,False,9.938901072072959,-60.09619965690413,-2.8970838150912614
2023,185750,0.6629371804444695,11.717954422668624,12.872882900725738,81.05634515294804,True,10.776253712971794,15.985200803592825,53.295356428151955
2023,192080,1.3825800564420188,,-21.968071385300057,22.790371274162638,False,,-3.4181711988343966,16.09883879888536
2023,192400,2.072590015558841,4.001564853094107,12.057485226340331,18.781074312695072,True,10.296045692574518,-17.86334347380022,23.977862608705223
2023,192820,0.5057048670718927,,-3.702184465244552,214.34132607160987,False,0.5427719684581778,-56.68768942285804,62.751025672418905
2023,195870,0.5276569873998063,5.3180897892793695,35.63630283183554,47.46719456532857,True,28.07331958157682,136.78463107141613,0.7666126298806031
2023,204320,1.0997187281302814,17.479175953039963,5.2023243377103086,157.10176592503493,True,22.265077197825423,6.796884006467074,-25.247976280934658
2023,207940,0.16225260755601517,69.3853061469986,8.882614329806371,84.5633871183873,True,91.40828678840829,83.06535854387886,4.884319383917268
2023,214320,1.2845593183784074,7.581778850215567,10.267736705314361,162.03996677211632,True,16.53578794992483,0.8543041459811107,12.503305621801953
2023,229640,0.7600127809495797,,-5.777834804837459,220.59019796520488,False,9.042939621693137,-2.6525119260359276,176.30720824621298
2023,241560,1.3347085521204054,5.844845588657551,12.818597602054819,84.06991639484892,True,48.23960520536221,79.9996464530973,27.828461644433112
2023,248070,0.27018127017778165,23.61871925085789,15.670700740842014,256.66332121164663,True,46.93636355086892,185.1238440095578,15.299337049494355
2023,251270,1.070682369725657,,-15.766413379996974,58.94482688139882,False,6.641727965652944,-171.96746627439543,-2.439024687587066
2023,259960,0.6113675694543528,16.720793809570274,9.782293999643445,17.944228336924763,True,,17.504760639884932,37.03501863683854
2023,267250,5.782163278246363,1.8001926344234873,9.607063656237663,181.85955989595953,True,116.09508893180328,212.04829015016878,28.796500238403276
2023,267260,0.6175473808608597,8.307220527682512,19.4927887514686,192.9645520990855,False,16.528743332698003,1266.4345461184776,374.3160670341873
2023,267270,0.655400057159296,25.5910709887307,5.962179727766488,106.83822827350988,True,7.041668175252536,6.160948735886551,14.54979245677186
2023,268280,0.5841828933846817,10.004324680125258,17.11052703279,25.571195480008445,True,15.113921413420094,-14.919869618660176,3.9815074876617063
2023,271560,0.5224305355897828,12.683215831057877,15.091835540593138,27.752617448130835,True,21.980349417971357,25.138671235125585,-29.93841265696068
2023,272210,0.7839840876273589,,-4.000104664601466,95.42949369226785,False,4.714006363218681,-78.56112198270917,31.64952670788854
2023,280360,2.3111203727713976,20.822304412530894,2.0780148303203014,94.4117066454931,True,49.307991237580275,3.6079659052274726,17.121162656790645
2023,281820,1.0945310190695126,7.026953604746619,13.001840674556684,13.457731081321944,True,9.76551377126218,15.805197250268034,110.64508840702425
2023,282330,0.3410567702500233,14.58355717771017,20.105267522447846,206.06177691637524,True,12.307747550002524,26.55706852071895,-30.423930605286277
2023,285130,2.1998905109062226,5.319699700539597,8.544995074417916,45.655963277739204,True,-12.463465763103244,-58.48585689345882,-14.20845674027439
2023,293940,0.9152479262717378,85.99687329300065,1.2705114554012522,297.08327202507314,True,,19.8566829742723,31.103529934829123
2023,294870,4.237989288199529,13.634590467162871,1.7306053719293157,152.81355592783922,True,-1.9502914691797102,-57.43791117994225,59.07047963525294
2023,298020,0.8954638417786488,88.22517313755311,1.2657834897739586,185.04202419567704,True,3.335254696637735,-91.31855146984125,-23.760603702349115
2023,298040,1.7289587309967487,21.904848434608006,2.6404328082932014,325.4372312592018,True,13.42441770706655,19.308207764337215,313.69219638743226
2023,298050,0.446570910866653,11.173590589837081,20.04088128408932,267.04220051372846,True,6.770728662040115,-27.952627090159343,-17.23897530305557
2023,300720,1.9857037186942885,9.052663095638424,5.563001703461674,56.241965688775764,True,16.961156670439003,-2.0041830831593943,1.5152563325003365
2023,302440,0.30704803955959054,46.32354801288444,7.030591353043998,22.979211621258493,True,-50.83687685428491,-75.74677308231068,-14.522821576763489
2023,307950,0.48405007725413185,26.50409150212614,7.79465296118301,75.75617464698996,True,33.04346027055849,48.129964150604486,27.994992130321506
2023,322000,0.643959541029233,9.775263236881642,15.885941412605955,71.10596077069802,False,66.0271202103561,849.6345833744307,-53.02457466918715
2023,326030,0.06509233055162005,,-44.04557584031784,109.83073454677393,False,-41.19614544198205,-238.03760797878408,48.14814814814814
2023,329180,0.5108065390519854,,-6.658030268725018,208.05510840616185,False,8.833836954923836,,20.816739442673416
2023,330590,1.244839002302623,63.04383801873909,1.2742192701008828,113.39822773708951,True,3.0976368971431967,4.096657595997355,-5.505504132559014
2023,336260,0.23698757922505645,571.266230169468,0.7386451716646344,96.32948931750134,True,-18.159775737125205,,-37.68545994065282
2023,352820,0.3712272664218859,164.24806202326957,1.6400605364190344,66.3013475929406,True,41.42180940060645,24.52606972184683,23.479435861486174
2023,353200,0.7608545780164786,6.109671219486785,21.511985762822672,39.38855233914239,True,31.493853031515084,220.8668932760192,15.360063820324621
2023,361610,0.35032201516412137,,-1.364850640509966,60.821187241283724,False,-2.976110895523132,-158.64315665674306,-3.9525691699604737
2023,365550,1.4789492644544848,60.12224972185317,1.1246347565434227,98.61605379075567,True,63.01327565732782,53.08184758152434,21.551996572284438
2023,373220,0.15018349814766196,175.83922567341946,3.7867097813405826,85.97595232964235,True,43.394262775078474,57.93967233594024,-32.508532423208194
2023,375500,3.8462799653606714,2.8269763656999194,9.19680396962937,91.25758916966839,True,-1.7666848353748987,-48.084503973820894,13.692793533903892
2023,377300,0.25326342618180026,281.19176608093574,1.4041869184983091,74.58790176690103,False,,,-29.80251346499102
2023,383220,0.1914442678509554,11.129456423214153,46.93357963728532,66.47849433861762,True,66.07977457507647,62.6616253023526,-44.5234714268497
2023,383800,2.7665624701646037,3.4227383507296896,10.56053250805509,1.4864442958910504,True,27.504143973478577,7.9655397325796296,-15.10482981261232
2023,395400,0.7984035541098834,325.0571891637541,0.38531663849378534,222.83510356540637,True,56.11661090239708,40.09865182278107,-7.389682656495777
2024,000080,0.7917779384348284,39.68697764688681,3.182354648587803,200.9607092611144,True,0.9059552962237483,-34.97446024000478,-3.3088768079846065
2024,000100,0.33641634710528906,46.61153919596794,6.3771915919409174,33.89288740785266,True,4.68153053733853,57.53933419626493,39.493805384831674
2024,000120,1.5133790720584461,10.999720643219256,6.0071796537926065,131.44606768257842,True,-2.9909140808234036,16.62218444434689,-27.27765838468089
2024,000150,4.825219426184012,8.536418514479283,2.4277682826483367,152.4089282195391,False,12.55824844524016,27.551115770800894,104.48274081380657
2024,000210,4.152268461677932,,-2.6685961409556067,167.33931369850274,False,-3.036446554224148,-47.576470926803594,-37.13939406844503
2024,000240,3.0079285271390366,7.132068403773832,4.661406609139463,15.542754743434978,True,-0.5682760636486872,4.6134995894242525,3.544059573664504
2024,000270,1.2259041791177843,4.3266668891128575,18.85341443892794,73.17629416149474,True,15.306769441695089,60.48224002919902,-8.221359237335879
2024,000370,6.513718131577087,2.4142639066812417,6.3589629834846475,441.43630226285006,False,,,-5.681818181818176
2024,000400,1.2995083900623021,3.2048491336345735,24.011169969134937,1081.5482238498562,False,,,-42.921348314606746
2024,000500,0.7281974496170105,25.396919668639242,5.407167226844179,142.22894681468762,True,5.799843597115495,53.60538772041501,50.18182695192009
2024,000640,1.4169274492207176,12.978635724846125,5.43780141243322,90.50799472162615,True,11.542661923085795,103.09622011945314,-12.865600083108896
2024,000660,0.40094887153371844,,-17.078329385199005,87.5198677655354,False,-26.56977226797588,-213.5238596784424,7.19929636037735
2024,000670,5.307875022679698,,-1.9466183340444532,30.012084164721436,False,-15.075230121912863,-346.5626307897806,-8.698336549901942
2024,000720,2.8937913895225136,5.522222492808035,6.257759660810587,126.81326553498322,True,39.60752635165681,36.61980650615235,11.59638773604339
2024,000810,1.2977630358104622,6.829203054228818,11.283259439538924,426.6162820523127,False,,,24.40594895019681
2024,000880,1.856784790522994,20.19034003440949,2.667440843970918,209.0397260024155,True,-88.4609245308907,-93.17250449208713,64.71455556228281
2024,000990,0.8848963943793506,7.444371104785782,15.180272224401708,17.42999353396715,True,-31.102953030741276,-65.47140152968745,-3.202975222153004
2024,001040,5.091945155505171,6.697465303330415,2.932282512283411,163.81401397313468,True,1.0453503794585206,-5.345084269008982,-4.235365656441681
2024,001060,0.35685570889754015,19.35535536764785,14.477920970732455,143.00696430182225,True,9.377585370787834,59.31128167323729,-34.25339793412551
2024,001120,3.3344499900457625,4.769255561329607,6.288183358911857,160.01489473569484,True,-22.62953892698043,-55.14343917154445,1.1427821814047778
2024,001270,3.2954422992871133,4.013149519994259,7.5613779649125785,133.60961214962367,False,,,10.309276353113761
2024,001430,2.650668529728295,6.105646852725781,6.178924615582945,79.74896637024143,True,-6.904436803646297,53.83669445348633,-21.32579877027656
2024,001440,0.4507772541734519,29.423568929739094,7.539501932933529,97.06211785671536,True,16.054954325025463,65.70002233997472,6.672845227062085
2024,001450,2.325121044023524,4.284651971063027,10.037807941401388,628.078170661957,False,,,-27.495908346972175
2024,001510,2.2874443816922576,88.76147492409125,0.49252122010698823,896.4014792810913,False,,,-25.777006200403406
2024,001530,1.1860615103375451,85.14985661904544,0.9901679535641712,61.12273158524669,True,-25.264852946319692,-85.91303270297311,79.74668055540586
2024,001570,0.032606507097492764,,-24.48179504497638,185.3414671135607,False,-25.04746820677172,-284.34097600098704,-91.6243654822335
2024,001680,2.1207513474718285,9.241279531890356,5.102442758750411,148.13979183159717,True,0.5730447820043061,-11.630329269171868,23.04089206466926
2024,001740,2.075434602747801,190.2806295244874,0.2532190453748676,322.58956017628384,True,-5.509563701074827,53.86904954899456,-24.718850875973786
2024,001800,5.65751959325735,2.629195287110368,6.7228138820930265,18.947279223291165,True,0.6536752033770243,1.410188995153927,20.590056704587955
2024,001820,0.6874019449858728,17.04796784908455,8.533292368056028,25.611867720077463,True,6.566012135147203,-22.355911133892825,-27.067550300254673
2024,002350,2.1944118587717285,7.534461661815132,6.048248565000978,148.2670088085681,False,4.0153492557490456,,-34.36753836735864
2024,002380,2.6218411138965125,22.461520737307993,1.6980656394504474,145.1289396448815,True,-7.178831748210013,-33.171709753693776,5.729246701121138
2024,002790,3.005003254900743,9.251333737644009,3.5970850381955044,16.95442704234789,True,-10.536558816518726,-44.09669769977368,-28.974650689721503
2024,002840,0.47898242011843545,12.932802305599873,16.14313159825204,18.414013475104216,True,-3.8386841172817543,-12.694519053724163,4.17496634758765
2024,002960,0.44185818597222626,7.63793958458935,29.630629350276642,49.323214742049856,True,6.247138447029221,20.600674546699473,41.9476390352546
2024,003090,1.246259263858092,6.022227968237687,13.323993401415956,64.2037292338592,True,,-5.65654754480549,-4.481985300780822
2024,003160,0.4761258012337339,172.73210982580224,1.215920570541271,74.00960885156874,True,-7.126459808443486,-44.95306568460341,15.53144310248915
2024,003230,0.3542977232886863,12.860151452875382,21.94752513982903,102.89917118957383,True,31.22845056631278,63.223222312330975,290.50363423985203
2024,003240,5.083625695199131,,-0.36467178233422215,17.590101403903876,False,-16.212480800566198,,-5.6063986841070275
2024,003300,6.47135210783903,1.8833625030352117,8.204857635790267,61.968760999516256,True,,97.74727055652941,18.62989946783975
2024,003470,3.4668314934646043,7.1700354517689515,4.022962310386367,927.9053404033649,False,,,4.672204358062859
2024,003490,1.2863460359762255,6.757827347726733,11.503635052455552,209.639645756508,True,14.299714302880373,-36.759076949398896,0.6783031769954206
2024,003530,1.9068687196727483,88.71729282560705,0.5911135631141351,742.3270403209688,False,,,-14.434330299089726
2024,003540,4.525494827026291,4.915244151609165,4.49561210646609,649.429826449554,False,,,12.660657227791262
2024,003550,2.240457113742293,8.526359287625782,5.2347956834805585,11.980076315615992,True,3.6090936429470366,-18.150336358672693,-21.448582934085103
2024,003570,1.3267872674130183,10.662574173366012,7.068652623408256,50.83623200475329,True,19.099229873977652,61.44483931251163,86.62314221410729
2024,003620,0.16771054882735428,723.3939871480321,0.8242609499314627,143.41021801738634,False,,,-40.59561128526645
2024,003670,0.09930816616206142,5929.038216288267,0.16983640490983518,142.56847770281198,True,44.154841227793895,-78.36750180948289,-59.72972844417996
2024,003690,3.161525061159009,3.6245643868033244,8.726649883361809,270.9410068823756,False,,,28.23757329344676
2024,003850,0.5118360743114335,26.685371606311918,7.321428968548423,66.68315398669282,True,13.037855411965937,20.606979463461485,-31.84021267378562
2024,004000,2.0923684256654997,6.257150115228482,7.63809873323527,12.576538269172316,True,-28.214533379349017,-61.71796782410386,-19.49633931048933
2024,004020,4.667476338227824,9.429222559207158,2.2721761056512233,80.64649844831628,True,-5.215103973878921,-50.61266670278863,-22.531062407853575
2024,004170,3.954341215868602,5.139303729476619,4.920639784191886,132.6815354758518,True,-18.63192458614695,-0.8782072666788321,-21.13838575010698
2024,004370,1.0888707122602672,13.072841834451093,7.025118860669551,32.52823223538411,True,8.996110354123799,89.05174537179433,8.40931666474174
2024,004490,1.303239173503688,8.698563660935294,8.821213389621734,37.160273219481766,True,14.368774770960012,60.210942255659106,-14.172178955087755
2024,004800,2.5190137733471683,,-0.015781871019384153,83.30089815245329,False,-7.599160066543853,45.43177673395722,-28.889882265490407
2024,004990,3.8944103380019297,15.176419396338321,1.6919556340826092,139.4377131999947,True,7.425840091755198,0.7877582991011378,-17.021029977429958
2024,005070,0.08998020014313717,196.8086112148255,5.6468850662442245,40.49669368931387,True,29.64826501458131,-0.4638267503496052,-76.49812734082397
2024,005090,3.04422976648528,16.62183882274189,1.9762573814493298,241.5657958780506,True,7.109239102017728,-48.9862214075356,3.0120500937413697
2024,005180,0.581548015735198,12.796072122622336,13.438096099624412,38.82803463316362,True,9.9891122441514,184.830999044863,65.9454475676684
2024,005300,1.3466365897792156,6.853734916759326,10.834834607815996,177.04133164250538,True,13.475282114216402,-5.469249854493885,-16.222804416020065
2024,005380,2.384291610676191,3.479386542378394,12.054187705973042,177.4431869971979,False,14.127827300177476,54.0453853853385,-8.740940620732275
2024,005440,4.681729885288802,0.6831292223015877,31.26732898333478,43.474823442557756,True,-32.97541985892065,-118.38039910249465,18.493142121551553
2024,005490,1.9124832625665196,16.901205420465786,3.093746156116988,69.1900774087388,True,,-27.187960730337302,-31.622993495300467
2024,005690,0.20928358525177734,107.36581790562445,4.450397433563211,15.077446428993396,True,-6.570803125568947,-85.39453482863006,62.05109235750159
2024,005810,2.708916164441736,4.532773080657605,8.144050487403934,16.636992909294978,True,4.915836945893992,-15.372651279160088,1.5144511125108728
2024,005830,1.8873786867089795,3.1332385907312434,16.91015103731643,482.7047874644491,False,,,2.7289832036975437
2024,005850,1.4644608481399193,3.928000348148056,17.38404017315684,61.05237257866089,True,15.913348291222462,95.12667198913863,23.267396197978307
2024,005880,3.0518231863426046,13.05491678035666,2.5099584026495307,155.99774204431253,True,-13.315579796528388,-6.618014322208177,-14.293333333333337
2024,005930,0.7906456628960359,29.70057609383327,4.258466486542974,25.35983733846436,True,-14.325404881875926,-84.86056662308712,-26.641567123437838
2024,005940,2.030670707406989,6.779191696882505,7.264112828019126,644.7091244574717,False,,,30.738074729238086
2024,006040,2.141232058421884,5.380295091191364,8.68020869906585,146.35935876315293,True,-0.8606845312325362,-6.006706339392476,2.6009161641296297
2024,006110,0.2025148034898073,369.64951986711526,1.3358358012764762,58.555594205560745,True,-14.110441534151441,-83.29457226696505,-70.36202924955812
2024,006120,8.616997218178206,2.842247205195655,4.083026504892725,101.83811634551955,True,2.54788078651762,-29.132656725080984,-6.031757436413276
2024,006260,2.0096476454264147,5.886996776177891,8.452521486605415,170.28636413261574,True,39.95923582289702,34.09137316097839,-4.119669891175548
2024,006280,1.088896039861482,,-1.286395413473369,71.65899734097896,False,-4.947600853839562,-57.62414951531958,5.710195589427602
2024,006340,0.8751081824322138,11.92609473895142,9.581643327797433,134.11303321007213,True,-8.361273799811197,875.4294214395659,82.62653898768811
2024,006360,3.933996857572166,,-8.587242932317707,262.47121982758887,False,9.248479899480454,-169.92088090628835,14.512858426904284
2024,006400,0.5462856642464642,17.638082158854434,10.378362478664046,70.98725454998312,True,12.841493022786011,-9.659446428690499,-57.97522039278733
2024,006650,2.0789456182281936,,-1.5914549733006316,20.36957620053005,False,12.50642543740923,,-33.78881411193571
2024,006800,2.6153134366005153,12.719346318662117,3.006155644913718,1040.4825966104531,False,,,20.338519883754678
2024,007070,2.1569001652675612,92.8142935143854,0.4995225438136834,126.4909075300346,True,3.439378751396771,60.71152803887587,-44.55146931896077
2024,007310,1.3331369678669405,9.573666868208168,7.835142815919603,69.4409207038736,True,8.520477433426056,37.2932971760755,3.0745028916869144
2024,007340,1.5724573202123218,3.128561288822672,20.327148790124234,227.5479321921572,True,3.575836134589272,16.33607540105142,31.186969985033652
2024,007660,0.08829110064737787,63.31478581488831,17.88866483489696,134.81544020577837,True,5.041404149809647,-46.690063423997245,-12.10669233840419
2024,007700,5.544475082093231,1.464062996410847,12.319123237739188,20.202092691065374,True,9.328499172147819,5.791505731627589,-20.08017889119673
2024,007810,1.6031440784704452,,-3.9817924041541644,74.17578221527367,False,-16.572410656786374,-132.36178842696827,-42.67963768289944
2024,008770,0.24648240021793671,28.713072707594186,14.129747950642892,394.0960465115005,False,-27.499799797460334,16.445080101275455,-39.586645468998405
2024,008930,0.3146732747957251,21.73828471708566,14.618905796220114,55.709576405882814,True,19.296530346003294,84.05443812266115,-28.821310798130085
2024,009150,0.7151926036669539,24.924849421983172,5.609762077503822,45.173098691409116,True,-5.465547766355872,-45.941467958534766,-15.161322142449684
2024,009240,0.3489274790112696,,-18.13319931025549,206.7702343120879,False,-1.6971827157069685,,-7.4743106891078215
2024,009420,0.09307119160722584,570.2593982811402,1.884136115144296,28.745081872892904,True,22.650414782549788,46.85733956597156,-27.415143603133163
2024,009450,0.7704092388171443,9.12595403034859,14.223295762701103,81.41748030983685,True,3.743091641705676,77.19432285145909,40.71908161089628
2024,009540,1.5376911184353161,55.506656028635376,1.171617445680928,160.64915030409546,False,23.08508108470919,,73.99658240813073
2024,009830,1.8345845049524108,,-1.7230666774950751,171.82491552652175,False,-2.6747087301787764,-37.43538400743929,-30.31891819989263
2024,009970,4.532596381558964,1.4058502703609808,15.69328578136367,39.2900421694733,True,-3.934841117391097,-12.933221007916973,12.380189093382764
2024,010060,2.2599096715101297,2.3764390922681318,18.620109531402015,56.13779703246,True,-43.27740054255644,-45.6094910403677,-27.962414940843416
2024,010120,0.5996644030343733,13.843957718695057,12.045684016453368,116.51974127209527,True,25.270792671340136,73.24592788877393,82.91973790054269
2024,010130,1.0710721759347437,16.87768433774647,5.531824615444339,24.93328902174187,True,-13.501995177055425,-28.203203683319522,75.57922481352597
2024,010140,0.452581722343219,,-4.562830842516,357.39042589355245,False,34.73301873310592,,64.1355140186916
2024,010780,2.218190558987456,4.985412146382764,9.042740749089226,139.1009512066419,True,-10.928640995606088,-1.319955581039145,-40.19037681883263
2024,010950,1.0343134247609354,9.208791196525352,10.498934170874566,138.73823314133838,True,-15.83030101191094,-60.21979545196916,-27.170387160684417
2024,011070,0.9847071553413669,8.470958101175816,11.988376470837775,137.65251374726247,True,5.185865952114788,-34.67088664126666,-21.962159206669206
2024,011170,3.94525170183957,,-0.19396024486948105,65.45776884725875,False,-10.458239711638972,,-46.02959520173056
2024,011200,1.5220633306723894,14.541955550509925,4.5179816642214075,19.92718279852541,True,-54.79162148592487,-94.12383290852534,33.49443303639417
2024,011210,2.510556921922135,28.552293174399182,1.3950473006732056,81.21451520327582,True,4.662768010288976,8.062136105414508,-21.39927910955558
2024,011790,0.43169971755540215,,-12.928097056706605,178.5713270911122,False,-49.958694504058954,-198.20432165817388,-8.905852417302796
2024,012330,1.8569479926299037,6.395453077178584,8.420326708210903,44.103835025293996,True,14.15641066874107,13.261726566235609,6.567333331736069
2024,012450,0.39874714241038645,12.024912584582806,20.855494334527194,317.2066585053127,True,43.112692758350015,83.2149968722469,193.02722474107568
2024,012630,10.477857431051731,2.2474615729844385,4.246540205263193,131.74941480093088,True,17.112975083022963,97.20712386305385,87.6159386288256
2024,012750,0.7600899861632602,11.094859279203828,11.858047639914338,36.397529625967536,True,6.193384326033291,4.149339599651669,6.752903713222569
2024,014680,0.4414002487345456,19.624196417493277,11.544511066646557,43.494175986847466,True,-12.853744171819814,-33.25217534510486,-39.83172323269463
2024,014820,0.651512502724343,18.462699250623135,8.313464571576123,98.41821842302755,True,-11.15858499275716,-11.964546797961194,-20.852903573014615
2024,015760,2.741484144630784,,-12.65577791344367,543.2753875981994,False,23.803124716215528,,-1.917082085799926
2024,016360,2.1482479661146363,5.6317318400920096,8.265585514710896,753.2445883171674,False,,,24.787889081233814
2024,016380,2.9042777712255874,2.7674361806763237,12.441829187484203,69.02326216728667,True,-10.206088108179534,-17.61140755979953,-14.43546505652813
2024,017670,1.1913974713506177,8.956785726773107,9.37111227724905,146.30556297680505,True,1.754050699761267,8.754830745563158,11.434893120846423
2024,017800,1.096513344035473,4.0369162404397025,22.591046017101355,157.76605064547627,True,22.204380134480296,92.06843365175293,50.057829916806476
2024,017940,4.2373513852419595,1.8692986662837556,12.624867366396714,170.7302873098955,True,-2.040239852063286,-66.57165199652457,-2.061598823647648
2024,017960,0.8326207548310713,,-2.9581670929300063,74.2925296529311,False,60.97056092618911,-33.60075290766707,35.54359063981267
2024,018260,0.7310705283122874,17.505842846263807,7.813717366073843,37.27287507590608,True,-22.96468146601749,-11.772310312857215,-26.959145159022178
2024,018670,1.9690712826254724,4.155926373514937,12.219986233209898,134.97267933088784,True,-13.313776486221174,-22.248905499230343,63.875546936303884
2024,018880,0.4128873654145756,103.17213432169281,2.3475021121590847,268.5251699408879,True,10.7977525512446,8.06289265560225,-38.682432432432435
2024,020150,0.7812827051655312,,-2.295220219432945,21.69126256075051,False,10.919548113769029,-86.07410830063043,-53.59001040582727
2024,020560,0.34721031465643387,12.927775946719617,22.27837782284331,1506.3207083725479,True,22.825108545345273,3.53476601631022,-12.09179170344219
2024,021240,0.7021927853629802,7.9752978229030775,17.85651599023489,83.90510615192501,True,2.862630252700238,7.95368058809931,44.23117085917856
2024,022100,0.0638141595927672,78.48999376655243,19.964969509802295,92.82878139569327,True,28.90614601256456,70.97009337743445,-49.18964680234957
2024,023530,5.741576200589443,11.15592912130526,1.5612164571512714,182.7927918434471,False,-5.945784803579935,31.63413785494282,-15.29774112883253
2024,023590,6.92612837737918,1.6354381306324446,8.828264649349759,861.0330934772327,True,6.99770658125185,-10.96547130935448,3.9005346983158162
2024,024110,3.4040053404820663,3.4939076787128447,8.408109172395015,1309.405812866998,False,,,17.698655483090707
2024,025540,1.5867522591693721,8.05990181023759,7.8191784298889955,52.94138835888206,True,11.026549299097411,73.90245487117537,9.60436007256471
2024,026960,1.0119451837223334,10.961673156098215,9.015008980030242,4.383892274287874,True,-12.002277521780657,11.684491770945261,53.44122846953647
2024,028050,0.7186717043414296,6.597814768343472,21.0896481983085,136.5251200170856,True,5.674893687050675,41.28156541843144,-15.906584419325975
2024,028260,1.615163689008428,9.084451969914586,6.815296025278974,65.74390995160607,True,-2.9330947359274218,13.511809552950327,-22.6554864263141
2024,028670,2.2965868650929964,8.375449990401917,5.198870188110327,66.63189310535115,True,-32.0752324809137,-51.13409268785666,-14.466372472367217
2024,029780,2.141326749958253,6.234363544886467,7.490743635113706,254.06736969424898,False,,,16.640705505136076
2024,030000,0.6628211271485799,10.298353790286042,14.649940119495556,122.65258945126536,False,-2.7059140895583034,-1.2491444298119103,0.535106640330385
2024,030190,0.6782072874895255,9.723431746898624,15.164146724551808,33.57954406971796,True,1.2180511158493612,-8.779063726394165,27.898978885825777
2024,030200,2.163777992274305,8.675997861037404,5.326818071543785,130.10434112953317,True,2.831429584961964,-2.385319580992229,35.55966895605751
2024,030610,3.681085020297952,7.548709720810743,3.5987479166765737,730.6384114857502,False,,,24.571764394200436
2024,032350,0.07952772766630643,,-308.62095669543805,2590.851844783975,False,70.71199904406029,,-20.502901353965186
2024,032640,2.3009568479412708,6.038506808505973,7.197173391832733,129.54320563996947,True,3.355647458397426,-7.697408578880194,10.010186348202343
2024,032830,2.621894291578946,8.315083887370317,4.586888539643052,609.6824780663368,False,,,-4.465505126033764
2024,033240,0.70306161375931,,-6.432043564100639,82.39565817082435,False,72.17675350289898,,-52.160000000000004
2024,033780,1.072199778366692,9.39874166008618,9.923264659731348,37.41303193621042,True,0.19143487016402005,-7.913380687168015,18.027197901405746
2024,034020,0.9800242047594532,21.37588945780757,4.773522819304892,127.28232840918601,False,14.064077935086484,32.65443047491705,38.100752750434275
2024,034220,1.6196757156048014,,-29.37935206755704,307.72041050133265,False,-18.43454562425404,,-18.65189289012004
2024,034230,1.290698404936394,17.25196830809127,4.490932990523685,102.65192487045766,True,69.18581001582189,1299.9467206107593,-26.031463186959602
2024,034310,3.160449954105936,21.94061641895646,1.4421228477746002,164.44523052287488,True,,-33.225339861370095,-7.375817371373438
2024,034730,6.575462878340079,,-0.5218181269545532,165.75858847790258,False,-2.4628187180563588,-36.83246488629819,-22.936602484671077
2024,035250,1.1824976876362485,9.124250964365057,9.268351111122431,20.956384102531338,True,9.277396299870698,29.737198980957324,1.0290534374260751
2024,035420,0.8071270075765486,30.486728152925505,4.063940137916565,47.44545222711542,True,17.64660557593365,14.115189896868152,1.7317845656472652
2024,035720,0.5831970554129141,,-13.10860485705812,81.69202047120305,False,,-19.056244506048216,-21.442895329871405
2024,036460,4.264412814688042,,-7.606612405725903,482.6831296411843,False,-13.85865728471176,-36.940609938608546,42.86237430032522
2024,036530,5.891355445640604,2.0175317487111535,8.413261664679418,38.35348058893269,True,16.335729759198525,23.70807281235483,54.58314856472255
2024,036570,0.7433366589198145,20.45796692226756,6.575851189329954,35.06799492020829,True,-30.79406177701517,-75.44150095330343,-25.83936880536576
2024,039490,1.7206963502038242,6.466592335232367,8.987114592754274,961.2840202973346,False,,,13.256450501644368
2024,042660,0.5035064277958852,53.511922653735525,3.7114569345082478,223.38275953497777,False,52.42969631141181,,147.94275491949912
2024,042700,0.04263429036783303,50.2083976350215,46.71588706803952,26.567729303468596,True,-51.4614215649164,-69.09387662733042,-50.62833932943905
2024,047040,2.611684896202419,2.9824498458717006,12.838257240563298,176.79395893564492,True,11.791559659733908,-12.827385048392914,-15.323645970937916
2024,047050,0.7571246747040687,12.859564271796787,10.270849051696798,150.8429443679424,True,-12.78446850703212,28.875678903453263,-4.997209155916337
2024,047810,0.3220569178302965,22.718864552632724,13.667237625932025,340.73080786460605,True,37.04691379817322,74.77373257336568,54.00587420421943
2024,051600,0.8493085218591414,9.2108156962661,12.783107049809454,25.517685015288098,True,7.3317332560299375,52.71651987484587,19.25246542747039
2024,051900,0.9316275872284947,36.423740490205404,2.9469523697576046,30.120408987687615,True,-5.301037850480816,-31.519403860302642,-22.009827573919928
2024,051910,1.3608156370927973,14.650432573163236,5.015916069557065,89.22845260482359,True,6.526374837635829,-15.572397484659673,-43.11023048980614
2024,052690,0.22437847126763547,74.69793443880754,5.966370551350468,56.220652645897594,True,7.8768506523107185,104.89487775302257,-12.178075106882403
2024,055550,2.8619290565103257,4.394748980542495,7.950731034918677,1128.2891076138903,False,,,9.045583733650432
2024,058650,6.980864276049237,3.3767514830488583,4.242205535394858,86.28956788060147,True,-4.841498702919333,2.3687623437064653,-12.416628990006684
2024,064350,0.3991796752091011,26.31667773027695,9.519201442525315,218.24897743085478,True,13.404766905159615,42.417342139580086,179.22428364676298
2024,064960,1.7210147961182634,6.301707703177254,9.220556657418111,28.394547962026795,True,8.749450402174407,4.202459967079131,20.987085494632684
2024,066570,1.5323989732803611,13.32724654208169,4.896522064183062,156.35977066826632,True,0.911071564561361,-0.053450153929679445,-18.41560137045255
2024,066970,0.15770906994954698,,-17.560728918703912,201.93504682043118,False,19.4684711277765,-183.46943234319616,-65.78034682080924
2024,068270,0.45255167256801937,70.11725352344206,3.1514246605308953,16.30137522295591,True,-4.7082959778152915,0.661813914067344,-2.0405837234937385
2024,069260,1.1472753921986256,5.4354911409585,16.03590701148525,30.846928062763183,True,-14.81979043670404,3.496165751802427,-16.995409766885217
2024,069620,0.6346433832783087,11.978629456469353,13.154159777096872,94.05322877389803,True,7.4398484599862424,27.970353153099836,-9.070630448636408
2024,069960,5.658866107101098,,-0.6334670635960667,86.5321611147186,False,154.1172604409872,20.323920716644395,9.61182455599876
2024,071050,2.4644480716652257,4.8396115730664455,8.384358155313349,1035.590218274456,False,,,17.095537860136
2024,071320,5.628528186256293,1.8652222830947627,9.525210007243224,280.67281110588067,False,-5.2558855623173635,,36.92209958502237
2024,071970,0.5559869701976116,12.811080592742154,14.039434754474126,101.44739406592966,True,36.63264091156826,58.03892088704412,128.03347280334728
2024,073240,0.8325377830392129,9.778805022536204,12.28316429617019,245.30267617797662,False,13.549655094407221,1676.5229591594984,-18.034188034188038
2024,075580,0.6612961720095631,15.413392380300897,9.810830144788154,134.80863642750492,True,-6.159491497226743,34.75979659857937,8.887737581588606
2024,077970,0.4944122507131277,92.37232436939314,2.189620773858586,246.30826471109333,False,15.873651936230404,,62.844036697247695
2024,078930,4.434673177022186,2.517501143664312,8.95712643179267,95.44989431322604,True,-9.724951635066947,-25.640208530173158,-16.385318202693245
2024,079160,0.28173380231575096,,-47.21820148788925,1122.7071016251903,False,20.645590539756164,,-18.392857142857146
2024,079550,0.27125155915806415,22.174181116204505,16.62570867686827,262.59097889670255,True,3.9544816189108545,4.057076970127471,45.99734437498715
2024,081660,1.3509145701174854,12.35169364139689,5.993018287431442,95.00030093326316,True,-5.095580379145337,-30.24297519476402,2.653622107458431
2024,082640,3.4205497927959896,3.136872040451445,9.319814748690728,1031.8755245558339,False,,,-1.8382352941176516
2024,082740,0.27578142310180004,,-0.1902430796321661,407.19019962379343,False,11.794885289656687,,129.9794661190965
2024,085620,4.748044930356242,5.23050100368163,4.026631533139543,1036.8908480315927,False,,,-1.6538037486218293
2024,086280,1.254621212207495,5.797828497584889,13.74744558783606,89.17220443459843,True,-4.813170024910052,-13.59365193343638,38.599991216890395
2024,086790,2.879381854180517,4.023514391889207,8.631676939041704,1373.1227015510563,False,,,14.344768359804672
2024,088350,6.284854484393353,2.9810409815302648,5.337486956878217,855.741559777543,False,,,-8.818342151675484
2024,089860,1.4749424356025826,8.034808630459086,8.438191781492796,392.06776666503947,True,,-87.89911770495678,9.567541626853494
2024,090430,0.6577950370008767,42.60225516889544,3.5684270126056266,20.8058077337513,True,-11.148160643585992,-49.50771920178604,-17.09647107826916
2024,090460,1.1183331754681556,6.855493359227963,13.043377898610359,67.44947943826214,True,-5.2979662347977685,-35.4051624725538,-21.458027213024877
2024,093050,4.073215418416754,5.255058575106497,4.6718087930023335,60.8139792716579,True,-3.4449149526366907,-69.0111656189354,-1.3234720862528304
2024,093370,0.37827073254855687,,-25.459994278248494,157.4525683768367,False,-14.310110480045847,-143.7559991133242,-44.67564259485924
2024,096770,1.5399868921555049,35.13038812611078,1.8484173134421473,169.2724874402165,True,-0.984478240415676,-51.398501622678204,-4.519109050982495
2024,097230,1.128705937284134,,-33.53328718261604,747.8976979396442,False,20.91028614281807,-1742.0679245283018,80.56801195814649
2024,097950,2.6510484732996074,7.942456128523517,4.749277068824339,151.32788364051615,True,-3.510828808138944,-22.413885794436005,-18.488324364372623
2024,100090,0.789370893052323,15.383736258536446,8.23487603762384,104.89706479817535,True,33.824131582229455,5.092406043173692,-9.950599858856734
2024,100840,1.4613514707974786,8.310461846036183,8.234176256342767,53.312165990517755,True,58.69371842498501,483.3901932873303,230.27031853222505
2024,103140,1.480494063344292,8.48824844944345,7.957474341948245,86.20108660447133,True,-5.664750634182436,-1.2879191976913007,29.033334811722234
2024,103590,0.4000173519488282,,,150.2782501134796,False,7.042597069366208,92.93371890563861,29.30328177402306
2024,105560,2.606101100208187,4.950347722268325,7.751273030172756,1115.7260259360312,False,,,19.8978694090717
2024,108320,0.7913298938009755,12.19652981254903,10.361106698411577,23.373227199442407,True,-10.281495046778478,-58.459207333320904,-30.543177613694773
2024,111770,2.0710945447366185,3.2498561970329547,14.857164466914927,47.6356511398807,True,-7.839093408482634,-22.585022138776,19.9268288320819
2024,112610,0.41113661100571713,121.30629269670186,2.0050745198708793,199.93551987327547,False,10.56582324072357,148.48357134966145,-37.611792933072365
2024,114090,0.5185022003439931,18.113109619227735,10.647714084680219,55.257920861127054,False,51.34592875455255,,-18.3293016107268
2024,120110,2.759662364942391,20.90679851959052,1.7332312677410353,104.89492893569738,True,-5.706886703269875,-34.9987588284043,-17.7543557460455
2024,128940,0.26398457809044856,25.202904716913366,15.03041065031751,72.57316915218934,True,11.966600612019285,39.598096169744814,-29.09915160238421
2024,137310,2.0550981611441017,,-16.524684058996513,33.8078389696373,False,-77.6372376828704,-121.63607983949154,-20.758052175460996
2024,138040,0.7439927228633113,6.38551217453959,21.049199054538988,912.5182614028126,False,,,50.187676795934564
2024,138930,4.931741421185518,3.1879085805609058,6.3605378821958105,1265.8207132240602,False,,,41.99506034612583
2024,139130,5.1044730265846106,2.9865240509098996,6.559686290552069,1385.7798949664848,False,,,12.420920122830449
2024,139480,7.8606101889715925,,-1.3550902892238208,141.74720041753613,False,0.4767219271679668,-134.5999627039862,22.54517600370636
2024,161390,1.5747589386843523,8.390500922473551,7.568294590715367,32.54307291972478,True,6.497560716886119,88.1427157242529,-23.89061748246436
2024,161890,1.1936174147330267,47.27665559180962,1.7720995164907025,112.14227423062812,False,15.540521281183327,85.78400651587931,27.69893362751219
2024,175330,2.4099197192701944,3.5151302911029574,11.804728349573393,1139.339125675583,False,,,51.565702890983836
2024,178920,0.48288439180496645,,-0.5702025569355901,64.46959916489322,False,-21.270783967656413,-107.55325008574417,-26.82302841050457
2024,180640,0.7005746842275474,10.49012701193891,13.607076101802532,32.62393079246822,True,37.63213030302215,195.73076055402564,29.564993657932703
2024,181710,2.540938873747085,,-1.160632759387467,73.36872749384389,False,7.317001248812938,42.36460718829906,-22.72107467586998
2024,185750,0.5677351648779431,6.725807819924242,26.188447379312674,71.94310510948274,True,12.165172935957958,124.3727739915823,-25.976270647029065
2024,192080,1.416219580831115,4.380701771565448,16.11854057866424,7.610387520863761,False,,16.009464984907495,25.292344085112184
2024,192400,1.8616990172387144,4.448899012148427,12.073633343976653,15.808285294108797,True,2.1985663140652534,-1.4186462357102414,30.530463874007662
2024,192820,0.25079155909399675,37.823269046948916,10.542121632034993,334.25675608730705,False,11.08467105710671,117.86048899919375,33.16891171144351
2024,195870,0.6029626455247346,10.117678821490445,16.391877631878447,33.7203817362643,True,-19.90958570421504,-49.85132843257776,-49.78753018582645
2024,204320,1.5244759697093881,9.99709010289876,6.561540452490493,166.82030580034487,True,11.667161310205598,12.565383704831401,13.621042565001428
2024,207940,0.16926365622259743,67.71432452528313,8.724805049510264,63.22882451997421,True,23.09981270486898,13.221735799699985,29.65685583441724
2024,229640,0.27078708715936656,134.20892239090537,2.7516339559087464,162.47254068112136,False,-10.681420197879543,7.421639606463337,61.91709445462319
2024,241560,0.0009597456869919091,6816.882121530609,15.28473968723276,74.17431125016545,True,-99.91329369994747,-99.9006423810643,-7.786633308505619
2024,248070,0.32316622437702347,10.36411334992849,29.85670530775843,134.70086894920343,True,15.139410386660735,104.3731312837684,-35.19231018845394
2024,251270,0.9914949726289296,,-5.983117870485902,55.85342754129516,False,-6.409521419158204,,-35.81637053384381
2024,259960,0.48505434887103555,19.291308597334176,10.686805589246,15.86013429409718,True,,2.187186766876903,35.72854088011859
2024,267250,4.483237285022814,6.594198324568276,3.3825659271689714,192.62783048698287,True,0.7915157588406219,-40.01893622188103,10.070194773495889
2024,267260,0.1655772341562837,24.605031671487957,24.54570146554833,175.31471951562202,True,28.42955551358426,136.93321663991992,69.42516698156531
2024,267270,0.6077687460634513,22.864020751651115,7.19629621027815,86.15566703488462,True,8.799462567301951,50.769825512891174,5.659597768917424
2024,268280,0.5532134516077324,36.245988657000794,4.987091290253249,23.6243208796603,True,-28.44387408912894,-72.13827924585159,7.212812737571883
2024,271560,0.8350242920305041,9.193652677528823,13.02605169476723,19.147778453113755,True,1.3612224511672544,5.515139425432891,26.71386356449976
2024,272210,0.6353793332085412,9.881855212665808,15.92679642780491,108.12201716230004,False,12.115032560932582,286.60371146816846,88.2112556705748
2024,278470,0.1083557817335474,22.28940455422358,41.40468105146539,45.88024294105194,True,31.710294590670006,165.6073507477535,40.8366499084581
2024,280360,2.0022467154635937,15.790116802661325,3.16298452781689,95.97797640187366,True,26.945243283877886,57.51076665385904,-3.7251155419437243
2024,281820,0.5520895193330221,25.8613152704167,7.0038992234703485,10.458775889212758,True,-24.13668649891144,-45.797756713653946,-21.293577145608523
2024,282330,0.5471367643432139,10.02718811175297,18.227409044853346,199.60160008349555,True,7.602442715847313,0.30909534209504486,-12.231616616659291
2024,285130,2.5328654328166547,22.08336605331626,1.7878151435643994,55.423246391204174,True,-4.396127487006507,-63.8570619123646,-36.65141885031286
2024,293940,0.8697830212001317,10.015576799903618,11.479239284589683,201.61040104995598,True,,-4.977182163288707,-10.429466596193858
2024,294870,2.761673153454442,6.29995737932005,5.747647304972614,133.25228400269899,True,27.059048708590904,67.82408284089585,23.072845756750617
2024,298020,1.2157872748124925,13.072229986489763,6.292058133563991,159.47349475252338,True,-15.263448197523244,72.65710493575939,-29.86508487103977
2024,298040,0.46375292797551126,20.00935282019652,10.776563524239887,288.9444610638917,True,22.518381130825805,79.99260980562124,48.433218797201725
2024,298050,0.5062102022827926,31.356971727527256,6.299919379468374,304.53599557890243,True,-16.63576214028508,-45.29018546469692,-46.65724233062177
2024,300720,2.135153423641769,4.530902102729956,10.336802872889042,66.81563773954443,True,20.96878014098833,108.93915395528624,37.17555208537837
2024,302440,0.35141072760380104,217.25405378169648,1.3098365232365194,8.720450749540703,True,-19.096863313129496,-110.42290904053115,-36.165048543689316
2024,307950,0.4040437200817286,28.086859576256277,8.811877599278985,78.54894660145675,True,11.272689375607925,27.431004023712923,-16.696826640838147
2024,316140,3.660824105723285,3.472901112771462,7.865543189024085,1391.1448016003599,False,,,27.13553775085067
2024,322000,1.334998969143432,,-0.7707776426947772,35.12247953644919,False,-44.54580398101198,-80.54379309518373,-4.225352112676061
2024,323410,0.48268602654779535,35.71102701094629,5.801401639245114,790.6649629746111,False,,,-16.320447243753613
2024,326030,0.044546739420934796,,-11.023323513601735,125.32104239785954,False,44.15989280291848,,10.217391304347823
2024,329180,0.41636768595749163,506.57064525961084,0.47411420064841797,229.0218819426084,False,32.264129107035224,,141.61871957582107
2024,330590,1.2552138112194928,264.59850255443564,0.3010890135189818,119.20756390748383,True,2.5812336076063147,5.938340987615853,13.021616976234318
2024,336260,0.3727379042092557,,-1.658064654313605,108.88298084860423,False,-16.42247217202143,,-34.523809523809526
2024,352820,0.3192433233353694,53.101894964673576,5.898860929885077,71.89156430337486,True,22.629471303201896,24.792490905644236,3.841894988968808
2024,353200,0.6698436084732544,51.081083847226395,2.922580475347146,29.85013010315601,True,-30.886129116030816,-89.7936797924045,-39.88520595249352
2024,361610,0.4044863595536284,72.57089321622013,3.406698120991035,69.33621596263924,False,10.88593731832761,,-69.9588477366255
2024,365550,1.197549677422873,78.68948132027268,1.0611817665039502,109.85691789535541,True,8.063575341433783,7.2974240923251665,11.852688616595831
2024,373220,0.26336357742552435,56.50051740400553,6.720349540150333,86.42019907761332,True,31.825405044469402,78.23186421239183,-17.067003792667514
2024,375500,3.4380583724381886,6.860860162619454,4.2394370048558425,95.94228244740586,True,6.592657882105524,-33.46428075485856,13.80472411463034
2024,377300,0.3658069523893428,,-1.1839472833870608,105.01016230180528,False,,,-21.35549872122762
2024,383220,0.48213898877599326,6.430590635156255,32.25350255922532,52.1617199247727,True,9.375946734576445,5.134966286366871,-16.049937782535395
2024,383800,3.3634845696423885,6.270547762401658,4.741383457778462,2.145656127318913,True,-83.99741682776319,-53.950713620459645,-3.412817293321335
2024,395400,1.1759785742618427,235.27114858061717,0.36143642514357727,225.08142435008708,True,81.4714210829414,68.1196095473541,26.23920337180703
2024,402340,1.5896187323032982,,-8.313043889498555,13.615456550895496,False,,,23.046358398128696
2024,448730,0.9044424762733647,900.5277800676743,0.12277839020049619,98.8933428964809,False,,,-7.08473623931285
2024,450080,0.08581350352482799,1845.7341961209956,0.631357302629585,38.185308956699274,True,43.18313116234245,-77.4989058473841,-57.11026615969581
2024,451800,0.42062416456187707,294.8980533603713,0.806183444265781,105.9021842216763,False,,,-23.466493124548226
2024,453340,1.7015646184967301,9.392298738904856,6.257194514246415,40.06393224753603,False,,,20.64144371839387
2024,454910,0.07973666113024246,,-3.6174215527894757,4.014052290276226,False,,,-42.815076560659605
2024,456040,1.3179069943333621,14.295429167441988,5.307842642180602,102.38066336078873,False,,,-33.78123966737668
2024,457190,0.009853766717694645,,-6.532952113428321,129.45941099055668,False,,,-86.36363636363636
2025,000080,0.8435451819627825,14.234041750827961,8.32843528423264,199.3955181264265,True,3.13476845915861,67.96473478109984,-12.918167781780754
2025,000100,0.2467848405877237,157.98062942146885,2.564942783605467,36.796850385676116,True,11.232356985491698,-3.3112794909618826,-9.063030044686638
2025,000120,2.174974447009232,7.2407021512023775,6.349874736105905,130.59106061143052,True,2.9645703290123837,10.500737835752227,27.398830165379053
2025,000150,2.5034798705642807,15.713957337646868,2.5419694482905144,153.52713431922433,True,-5.213011558517433,-30.113109090433877,277.9286905285555
2025,000210,6.973706042398184,7.236529066263637,1.9815546401606352,161.91136194918744,False,11.908621181538216,173.74138706767343,91.7557251908397
2025,000240,3.2204325037718187,3.942522876518501,7.876106439769819,15.350824045803382,True,27.65316148159027,63.02723373249164,71.64901397363779
2025,000270,1.6020136376098852,3.5658626895708383,17.505284578564922,66.10917034860964,True,7.654997444103406,9.125409969595633,73.9458692537568
2025,000370,6.095536610877585,1.5332797689287778,10.69957803661209,571.6424416365778,True,,,60.48192771084337
2025,000400,1.4394186200414025,22.780595283514824,3.04963466195602,1856.7747516898628,True,,,20.922384701912257
2025,000500,0.6646031102811768,26.924291396500628,5.588475462460311,129.8595623059892,True,15.247306668909655,2.9545696590225434,152.50721017433486
2025,000640,1.6841193003319337,10.972898923140994,5.411351791573303,90.84615813834102,True,17.77617206681752,6.780469621818153,0.6239921644427993
2025,000660,0.5167131807342619,7.2258666799793065,26.783079817517535,62.15121079006431,False,102.0189454716376,,357.98190155077475
2025,000670,5.4097665975046905,,-8.225469099207409,43.0684233589662,False,-25.900784801440423,,46.19857350959165
2025,000720,2.3981247082649935,,-7.924172853098735,179.28670540807389,False,10.181358647430528,-260.8571101180245,341.6038215715329
2025,000810,1.0081348772699728,7.452009751148951,13.310916089632732,459.3404139138614,True,,,30.974010115326188
2025,000880,13.11776660051438,1.7840936156461522,4.27289736805028,537.0720003607522,True,674.3405380561011,1306.4644383127845,166.05063553780718
2025,000990,1.051090558092674,8.297986235476248,11.465345727933352,19.80129860307,True,-1.9975270266664902,-28.104086751483848,96.55952969989852
2025,001040,5.273630849192855,22.256687985612526,0.8519806598665645,167.6431888458396,True,5.5473248127903,24.93434633429379,73.84203080873122
2025,001060,0.6737366372438464,7.519110026898658,19.739829424858986,83.49706983160758,True,-3.8944437349491157,-17.76167862412802,49.03564296916616
2025,001120,3.5590807024002484,3.4610192075738686,8.118170247298199,169.03345046072334,True,14.628438994446235,12.947249389855497,111.93588971801698
2025,001270,3.0362591778545727,8.196059232194214,4.018426887729431,114.38951111401725,True,-4.400465337208315,,205.34653427404353
2025,001430,3.3565425457530953,29.852833791978956,0.9979810171974387,88.37422089377849,True,-10.956776802813351,-73.39360231909393,320.12393267147337
2025,001440,0.6632072335267334,30.406558249408057,4.9588786530749545,76.63954130849595,True,15.728639481028805,44.27981383217015,161.07732406602952
2025,001450,2.5120518093972777,2.2200768382151734,17.930954226351876,922.9794856423679,True,,,41.986455981941305
2025,001510,2.66301978369697,,-14.888923019095532,992.3567057301964,False,,,372.4669603524229
2025,001530,0.614953805064476,366.64993745504586,0.4435125277120305,79.63593920116126,True,-4.5611069872802945,23.887721356434444,-51.46622440733945
2025,001570,0.780918489182733,,-37.62916680422759,154.16410821552262,False,1.1176122948066247,,0.0
2025,001680,1.8568253912268,8.063075777690498,6.67925758579278,142.45913327336035,True,3.594425598233064,43.021290560440285,-9.781121828210015
2025,001720,1.444250245422194,7.825928545962433,8.847522417238915,528.3748512098507,False,,,179.2734022537599
2025,001740,2.625792461376925,16.89226823948919,2.254507236855242,151.16185630121913,True,-16.166055406762545,-51.99192525381085,43.90856611491161
2025,001800,5.2985575567632655,1.9201530697483258,9.828935672350617,21.61319028866613,True,8.173846584477552,24.854773594500102,55.08774190872825
2025,001820,1.0272777761680223,11.805429536121062,8.245752855562834,22.761817105433032,True,5.215560591846913,-24.69448375320028,130.92898318863595
2025,002350,3.67045688799451,4.023961142851442,6.770583434645652,144.4139542817109,True,5.411548085903206,-7.943762263117559,40.589447430327084
2025,002380,2.293945994823645,7.490044787248351,5.820126124390625,160.12561400142516,True,5.888895341037537,50.743265534433824,96.58390292018935
2025,002790,4.533410611886065,2.3622671329807274,9.33782940838204,22.152284745359125,True,5.931940168818817,63.99677848762402,43.52078095196967
2025,002840,0.4871527634701874,16.262286049332896,12.622728279437348,19.535461895644268,True,3.42467178239394,-10.84622836786262,-25.606665429286736
2025,002960,0.3140593713739059,11.05606308423662,28.799684817216665,50.30068155155764,True,2.0852519221276955,8.649585231742929,52.05065387896075
2025,003090,1.3643959368599872,15.99195023921008,4.5830875420181165,81.07830884736438,True,,44.12271228133384,31.202881447587515
2025,003160,0.42870603186499656,141.20031028191494,1.6519798848999092,90.53945360964647,True,-0.2724559603508925,-49.811367905804225,119.87881152597927
2025,003230,0.1302486246941434,23.43666763035879,32.75902690210181,92.59878979582507,True,44.85655487714266,133.58388925653236,55.937311660298384
2025,003240,5.366940006510753,3.4264326153498184,5.437898086035629,17.599291514848918,False,-6.33975820131284,,68.30372796105651
2025,003300,5.719188163752229,2.029617682481936,8.61492253891555,60.9653360302043,True,-4.837575455929144,6.597382391161966,31.163320280791808
2025,003470,3.379947492528641,6.61918970753322,4.469770430989106,927.9741016033465,True,-4.9834193607640636,,90.67543335325763
2025,003490,1.4271164816508717,5.559223726752425,12.604523315834532,328.8173235464364,True,10.916985158383019,17.88239875606683,17.91408014996898
2025,003530,2.41722831615558,18.15005889019204,2.279314684390984,721.5846644892699,True,26.753694374418636,,115.19756838905776
2025,003540,4.40773951894188,5.216835126942284,4.348875422790994,696.1692691390775,True,6.207460126942266,,136.37422221870162
2025,003550,2.97005220702222,11.982750312632573,2.8098258701913896,12.464670477164367,True,-3.624161488480837,-39.154556948243965,39.187107933793584
2025,003570,0.8019037238240482,10.25243465698264,12.163281551055068,30.83991607014836,True,26.442615461616015,165.67144254029333,66.16475456827871
2025,003620,0.37041486201927937,113.31271945052406,2.382500135844124,118.53987291825815,True,4.515089934829586,-88.58020750489959,-81.37203166226912
2025,003670,0.3135597297733612,,-6.966958307773716,138.89311313224252,False,-22.267980417154742,-97.98996118569782,78.48530285084338
2025,003690,2.6169254798850865,4.166577699419142,9.171263242597878,281.1436300734061,True,,,66.7511291585515
2025,003850,1.0725691577101621,10.503580719767498,8.8764092685159,48.38522514387224,True,18.319729808238282,3.2302664276226967,11.423471500881499
2025,004000,2.5832630115149873,25.20404855149272,1.535893374375644,14.571956604752534,True,-5.545332743400855,-67.45503222292382,40.685947309375756
2025,004020,5.974766637961001,367.1194505400898,0.04559021685798365,79.70709375518645,True,-10.374857099287526,-80.02167100113962,46.60658150915469
2025,004170,5.041730548822567,6.775599773221047,2.927336337502422,136.43117009879737,True,3.3556900339934526,-25.43939333868279,134.35718576891298
2025,004370,1.099783308975797,15.416403086707565,5.898068588067215,34.60656469675798,True,0.826007927304917,-23.10181821213285,-5.384724592188683
2025,004490,1.7058169284871407,5.129600395762197,11.428363508807411,38.88211327643301,True,22.241455487051564,38.29553584720182,-3.725952159667534
2025,004800,3.1956100950748865,1.6183769309760319,19.33599550163929,73.32683920180895,False,-33.86782904959059,134.33455700145944,194.98713119307683
2025,004990,4.463713338118521,,-10.283718956946924,146.31367547030655,False,3.9393704474997904,-31.035821222370195,38.05846593183326
2025,005070,0.3962585437294903,70.8613711571013,3.561326646907083,58.3229597263342,True,-9.506385311361122,-22.652102371256422,41.03585657370519
2025,005090,3.021340225604453,8.190227579187592,4.041144665174196,286.86809340489333,True,-22.124575364541343,77.50082117605521,193.59062847318285
2025,005180,0.3942762290821558,17.73574580069137,14.300458110618774,38.960140724663304,True,4.928929801682291,16.954462999119556,-63.446490893186194
2025,005300,1.6508756271233458,15.931553774152771,3.802134801880376,177.02283913756284,True,24.803165063544853,-12.219559344715215,14.130114608537902
2025,005380,3.08655534294316,2.9454241403619004,10.999630325045992,182.51572906110817,True,7.726114276632257,-5.865768540430061,155.21905530539416
2025,005440,7.8463190810476195,1.1252371572947326,11.326349791041824,44.23111127810635,True,181.7758346471244,,193.7795925520474
2025,005490,2.8807158859456132,22.51168621102156,1.5420254656416266,68.27270933992602,True,-5.755497561028166,-38.45048931582593,28.140583056778446
2025,005690,0.13885267076865648,98.325244346827,7.324546290153065,14.837193280797567,True,15.337590106242004,259.2322097053884,54.41392621500691
2025,005810,2.90712511023373,3.838853100020641,8.960552406904059,18.258739716777285,True,10.48983838097135,54.412543157382885,33.57697981110059
2025,005830,1.6745301189182622,3.0262370203176396,19.73349894866801,608.1733968840814,True,,,96.32797487504128
2025,005850,1.4175447365148812,4.427456034417917,15.933418710327881,54.296264053077735,True,2.7780849978710664,2.3249264397261937,61.50017665154712
2025,005880,4.4146540151657305,3.146729459130887,7.198531696915719,100.04441236657702,True,25.034340057174063,31.47652273570676,50.28002489110144
2025,005930,1.1919237743308178,9.794420910793448,8.565895145570622,27.931897811908623,True,16.195311176612968,398.3414131557661,228.22272268654592
2025,005940,1.6564542791648305,7.138631951735488,8.45679017667506,668.8659672937638,True,,,139.90289252520478
2025,006040,2.1606216362526873,13.230762953258747,3.4981335899475643,120.49605978921242,True,-0.04848615891134278,7.872534215700999,14.866183008306045
2025,006110,0.6528044385309776,,-3.840334617294325,79.04157693997519,False,-6.077857958994692,-354.35168393131244,39.410948217343304
2025,006120,9.749947298829255,20.736371793393744,0.4946123553987089,133.64116652019612,True,1.122984709060404,-32.778937140415096,40.75469014441744
2025,006260,2.1365308736420405,8.226282805256504,5.689671483834177,198.32121157602512,True,12.515633206067323,19.25908718046758,169.30681799433324
2025,006280,0.9907111140542036,,-2.8789069791847335,85.26986856746653,False,3.273496332702508,-6.762719775105708,16.091306838888308
2025,006340,0.5437622339539206,30.814610084180956,5.968075136407433,99.386708754681,True,7.251702482555289,9.203504745216184,103.37078651685391
2025,006360,3.577447700898161,5.387906988811455,5.188079430678894,249.96776305221627,False,-4.263502792228002,,68.81602971771485
2025,006380,0.14255428757557276,18.637635584144483,37.6382047195693,171.2288669832554,False,-90.64405434577371,,0.0
2025,006400,1.4083078573830443,26.60983693732752,2.668456849508658,88.23618586164035,True,-26.933110272224802,-77.757354823097,127.32327420171075
2025,006650,3.1103637511539004,,-0.4718035078388635,22.79770494047922,False,12.005332812991231,,49.87075045821025
2025,006800,2.3714741926154503,5.587801040270458,7.546414622831031,1018.5604866362455,True,9.248103489757975,,620.6473805491017
2025,007070,2.791285568687276,116.40500540066245,0.3077684337903164,138.3026923519159,True,0.12376572542993625,-39.306603347015404,62.84245353651965
2025,007310,1.3673256790733201,11.59500988390481,6.307494880208366,64.90263513739087,True,2.4481464377257067,-12.89922661049303,-8.060774716713048
2025,007340,1.8659903663244217,3.655653031838115,14.659718597186336,130.6106960637638,True,5.056191894931339,6.6329105285524825,101.80033448676417
2025,007660,0.12332682894759552,35.87213997110201,22.603992247823513,141.24333867517072,True,23.91920193570545,63.87386051734261,200.18658005666506
2025,007700,7.3171907315391875,1.430313464676837,9.554861525280062,19.684677186105297,True,-4.430100985233388,-19.056486244046944,56.1872040909964
2025,007810,2.683762938035752,,-18.93939484378766,84.29102028397887,False,5.608782278746327,,613.3718279027373
2025,008770,0.8611508958996105,,-4.788548248653943,196.9518123342622,False,10.623220250690935,-105.68267439885435,16.447368421052634
2025,008930,0.4708505257881884,31.41920933481724,6.759610757980989,60.85286288984434,True,2.846841491869978,-20.568040544602027,45.90176227971503
2025,009150,0.9464613280122103,13.546137476077934,7.799767327687582,41.88786637190692,True,15.541416452655143,14.948165719575446,248.14721201970409
2025,009240,0.38579864516274026,6.013946965319734,43.10024192809283,204.35173517878945,False,-2.977013240072246,1504.293318809998,1.6029516772088526
2025,009410,0.6647508386000976,11.871715946310333,12.671487788664093,720.1692319917422,False,-19.885571732759843,,-29.60600375234521
2025,009420,0.11592136136024545,,-1.0720691620431637,26.450151869492288,False,2.990042243103397,-89.57768380649938,110.43165467625897
2025,009450,0.6512661672051026,8.58761788610055,17.880051717778517,95.40363350225178,True,12.419245358925268,25.177393238723056,-9.95186453895258
2025,009540,1.0113230310130528,9.622928979434189,10.275496646063258,159.39263886036795,True,19.920787143318176,408.07299615785365,88.34308019307062
2025,009830,3.099262776282825,,-12.906562081424186,183.18316885515947,False,-6.732924214301228,-149.6647767716099,88.7242591662481
2025,009970,4.391878113950078,2.2910699986674175,9.938283078546915,31.874304057231512,True,-1.1351242784637838,-40.74535438458929,156.67387730133083
2025,010060,3.9764008933732713,10.69311392254622,2.3518284708318395,67.37846188390627,True,35.01129540573342,-80.88772154570863,197.8492470436525
2025,010120,0.3594038656262319,21.70990630932845,12.816200908375713,137.3004735410499,True,7.596169332029445,19.958093362472983,352.94089923912287
2025,010130,0.48054115989067797,81.14724808883987,2.564458121713762,94.75298318752789,True,24.19899945825894,9.627727434650657,99.47041700740213
2025,010140,0.30325550835918796,229.48470594003462,1.4369364275235057,358.59078155705606,False,23.642731481966493,115.43173532715278,91.81494661921707
2025,010780,3.2587720278368706,,-10.286999031738517,128.23088194525772,False,-25.36992985943469,-50.17277174063099,69.30382353146214
2025,010950,1.366452777475106,,-2.2199843208906707,181.19164680902986,False,2.5480583230007126,-68.83341134017726,99.11816148237659
2025,011070,1.432935744724782,8.316285944052064,8.391582529630464,112.52332660610607,True,2.889864690086874,-15.018945047326504,116.63597624011675
2025,011170,7.221655396127329,,-9.133283955864526,72.86584881515313,False,2.4263978323255664,,26.111023775492235
2025,011200,1.4812895642525683,4.972048353734921,13.57765262096479,21.514632778307973,True,39.27231489605545,500.72284829933136,2.0737352245006058
2025,011210,3.4141477251486805,9.108520875192188,3.2156578535275195,75.74430016250656,True,-4.7661808948588185,-4.53982269998604,85.86675453636632
2025,011780,2.027932344321644,8.546994052068888,5.7694330261645295,38.03262232389293,False,,,3.4325558059206784
2025,011790,0.43041001845138027,,-19.847736284982005,194.35086404514962,False,9.601312295164831,,-14.192104574022347
2025,012330,1.9766561705147903,5.746431868518184,8.803808871077278,44.404722626834435,True,-3.40458654173994,33.903081274474104,58.470843856028274
2025,012450,0.33013773294493753,13.55302018550406,22.34954830117,281.3416560721179,True,20.099522391221903,150.5921042406145,99.37534177526628
2025,012630,5.678726305442691,3.4493726439537644,5.1051551770433825,143.16132408677828,True,4.9418002216047086,10.253034413067397,88.2986384489014
2025,012750,0.7399757280514602,12.699402183100263,10.64141175742864,39.86506244945093,True,7.018016835153484,-1.5814202294532897,46.12309942512576
2025,014680,0.8348718544798155,10.275627225976274,11.65659853095157,36.70142565566521,True,0.6093832630229112,3.7706303923284556,140.54722917623414
2025,014820,0.8895088464976317,12.967456310866037,8.669517645281603,85.62268187713494,True,4.512306119987586,13.671155885629528,-21.68959893016893
2025,015760,3.10244738998962,3.6809612186891125,8.756576223877122,496.68977460997417,False,5.871079851644079,,110.41965905552473
2025,016360,1.9038698006001367,4.27903394876391,12.274873434393665,750.2471889269481,True,,,127.94980193397171
2025,016380,3.5192839566038434,4.204767566862537,6.757774514443341,70.45923721345916,True,-3.7571977541090207,-26.53051992815031,-2.1444992313833344
2025,017670,1.0341028839828625,8.245707432807478,11.727577975442934,157.9996557215078,True,1.8860084194512572,4.004382832802111,46.012792976766235
2025,017800,0.7151245006897105,9.678782392610184,14.447663458445623,166.24469891078365,True,10.8834296556791,173.2238273048564,80.40494222491239
2025,017940,5.5773290296517395,5.983395667372009,2.996580929489756,564.1967067579443,True,42.98400312743227,133.54481272736442,71.75110122759764
2025,017960,0.6408077501404438,36.4217054174186,4.284616608901269,85.32446807566019,False,24.784514500008203,176.00547946347112,187.30947106136554
2025,018260,1.0822983313299763,11.358364488760673,8.134618875330098,36.40100110450634,True,4.153003683854828,12.727297914103852,34.608446356430875
2025,018670,1.271213441200084,12.117543864982398,6.491826781595073,175.3358734306458,True,1.4822776632413381,-5.408148428460901,10.727747940166243
2025,018880,0.8049584874806753,,-11.958221828574377,254.15733947892195,False,4.596505197345269,-65.54463516491602,8.1267217630854
2025,020150,1.6287360240605249,40.54911047919004,1.5141467415731322,19.982944411032058,False,11.52599073678935,-645.8921057270912,89.91031390134529
2025,020560,0.4889301832747619,,-41.17300239851785,1240.8041453221078,False,9.119600071632462,-55.52869162954664,-28.815261044176708
2025,021240,0.5899093993710931,9.581671948860643,17.691855608315574,80.2675969971904,True,8.663059729006207,8.76831973046006,-6.935206937502924
2025,022100,0.14313369357263858,41.46962559093942,16.847210693227947,69.70094260809753,True,-0.8469719888884897,-1.4216367176256295,29.48257881229006
2025,023530,10.65506261365844,,-5.835961050642466,128.97687486877464,False,-3.911039666981675,-6.941470970610341,85.82527859533083
2025,023590,7.557274595609023,0.9764134354659012,13.551926906962036,808.1828967181499,True,17.96683086906907,83.57846959098119,140.44204783111223
2025,024110,3.111598162732179,4.144584610753853,7.754172953470867,1279.5056605119598,True,,,57.45230730025697
2025,025540,1.6721899139213556,4.515834355877445,13.24269562273791,45.34379101647973,True,16.411820108740717,53.30719329806421,18.184197345116072
2025,026960,0.6946932375486113,15.472005196647547,9.303799146159646,4.075516636638675,True,-0.17054454311022926,1.6558608854609247,13.039254647414666
2025,028050,1.0094005107143516,6.042942467375059,16.394116628661983,157.03289246788717,True,-6.196439817369715,-2.166605050318493,92.47247803653633
2025,028260,1.950165320437757,6.892222386152275,7.439937526699595,66.37910933808611,True,0.4954133829050855,3.9448091052946443,132.1490799216046
2025,028670,3.220509700214541,6.546623016523855,4.7430538493500265,81.68777880430179,True,18.34990376020813,22.113545537949598,53.78421750510296
2025,029780,1.9148730792537267,6.668319975578327,7.831475171762927,247.5542541295197,True,9.464684996434269,,39.08128859745232
2025,030000,0.7488421496734404,9.447962484026664,14.13421061784182,124.31989725138904,True,4.977482044511783,4.291656754020479,12.79601734722753
2025,030190,0.5978980320553532,9.167394767551091,18.24428898049104,40.535956792707175,True,10.153771590822092,32.84776058440095,41.318893691152645
2025,030200,1.5476289912172445,27.879721693108063,2.3176332306821714,132.71104365620317,True,0.20825914260138578,-50.93443101903654,30.188358018484053
2025,030610,3.12570031906707,5.398520207228217,5.926222207458476,700.6315395042433,True,-15.407268419730457,,119.92907536780133
2025,032350,0.47770444111857785,,-37.23643699716873,592.076459203652,False,50.365347284913106,,120.43795620437959
2025,032640,2.0943545281279508,13.307841939298577,3.5879151665319213,124.759103136395,True,1.757312825088464,-13.516714410674613,59.464260151101534
2025,032830,2.0264485032845694,7.147566729196485,6.904086272281532,853.6914351734689,True,,,178.5459552951151
2025,033240,1.550050197285016,15.548403611131121,4.149238811669871,79.18076158931092,False,35.32753712882484,,201.00334448160538
2025,033780,0.9146435579697785,8.782682600982168,12.448612031994562,48.798301858264146,True,0.78777226790534,1.8399158425680406,62.333570439690945
2025,034020,0.7632911832158032,38.707395777688255,3.3846658614819267,125.66355706652517,True,-7.713708762202199,-30.648995956731184,317.61006289308176
2025,034220,1.8326463110102156,,-29.844637683026487,307.0401534435296,False,24.774144865229974,,29.05788876276958
2025,034230,2.0280884522862177,9.243829110210998,5.3341005694990455,89.56068787719207,True,7.83644346478225,-6.6645552794990515,52.98958062594041
2025,034310,3.6069960032138386,3.8274761003479267,7.243389702581913,152.86910048772066,True,,79.68059490889472,24.989460354338465
2025,034730,8.796414037279247,17.260080130216163,0.6586451974313922,167.75981019021432,False,-4.988985725599737,-53.41942394338398,156.57495030660039
2025,035250,1.2359346828390574,6.877511629926308,11.764491138791941,21.036284043996776,True,2.757537462728088,1.2496996312993947,16.628414678896398
2025,035420,0.8838262330228782,15.812834744003096,7.1552264005187345,41.35772988115132,True,11.034174505672523,32.94173106255005,8.139895072514825
2025,035720,0.7469017019041457,,-1.1609538544618294,84.84704831861211,False,4.164223493956154,-0.14010484015024582,14.259410128750405
2025,036460,3.288858857802345,2.864987350010281,10.612850713573431,432.6781883026939,False,-13.841582963071586,93.33890439852138,0.25403091969271596
2025,036530,4.16312794809487,2.0786138562578076,11.555970471628244,32.785389753502216,True,-3.9669166835192615,29.1413545660663,89.3208357386331
2025,036570,0.9439624306649556,34.48363544600772,3.072078047452577,29.062405663474657,True,-11.333077171779394,-179.5546178841659,52.34693945287865
2025,039490,1.7447574179241891,3.866269911659787,14.824251586233434,888.8078897974436,True,18.182744296652764,,255.89883722827275
2025,042660,0.22903114052961684,40.200548450618335,10.861091840304688,266.90366850481627,True,45.45829802021315,,82.82828282828282
2025,042700,0.08167130357085471,43.395226224010464,28.21555230409034,31.426939814094002,True,251.5013925922922,638.7364227427654,293.61176913581374
2025,047040,3.290984680678594,5.422937677256124,5.603243886392292,192.06709895457635,True,-9.823242961893241,-39.15246286091162,504.3681747269891
2025,047050,0.8841304751501039,16.512682917901113,6.8496124194542345,135.88561718522342,True,-2.3904642501152096,-3.9713111557649783,61.052515755272196
2025,047810,0.22296315156341065,45.32870596912656,9.894493884560207,364.6622180084714,True,-4.8595323705042714,-2.744195990578102,136.31189702171156
2025,051600,0.7434646628397901,10.362189406573279,12.980401995047133,27.229843886636473,True,1.514815989133389,5.076962705732502,47.07294308006378
2025,051900,1.2240361440955834,22.783236525911093,3.5858353067411612,30.247769465146078,True,0.10403458813554867,-5.736424967266441,-18.27527791896135
2025,051910,2.804379076579239,33.23127177521545,1.0730410080636164,95.55548823437748,True,-11.463720628053121,-63.75140558501595,29.30986979622674
2025,052690,0.26957417476339757,36.61069673687088,10.132432554851164,63.963650682154324,True,1.5173968541673188,91.88185255003663,197.95677424435772
2025,055550,2.7409833802453236,4.707992111884225,7.749217869057146,1157.6526087190614,True,,,100.0255502140322
2025,058650,8.079211332582314,11.410706864866455,1.0847220860258666,93.82016637539024,True,-6.268340188985954,-50.597685905805825,76.47757339256493
2025,062040,0.27916912346149814,18.589276870047005,19.269485593898644,13.456166479161952,False,,,180.08309123505563
2025,064350,0.17439188634892447,28.42751940035126,20.17134047967938,163.07469533587806,True,21.999756489303437,117.36393116662485,78.95875715322116
2025,064400,0.46115139902645164,12.614691634555086,17.190156510063336,112.1954822306295,True,6.73160907874506,10.519526796842648,24.809548035660445
2025,064960,1.4850087451904836,6.355375356629994,10.595703164147668,26.099876520485914,True,-14.730708750886423,-15.862782102359185,33.470176116036
2025,066570,2.0152338084499197,21.155361598809904,2.345600829838126,160.31438860997036,True,4.155894436947238,-3.645993292898375,46.34246570047602
2025,066970,0.30033765870221923,,-52.63431647625604,287.06567010774967,False,-58.92675719401912,,148.81756756756758
2025,068270,0.474232893173428,88.49845333361239,2.3827179996244223,19.767620820299502,True,63.446609878668546,-24.47742665969229,23.07573326532055
2025,069260,1.4388051143025935,7.8509789364906135,8.852668768194421,33.52866509802188,True,12.876487936237258,-33.34795005506294,20.605635860208093
2025,069620,0.709201187775513,55.98621747314464,2.5185432829732557,113.26968102217371,True,3.4431441703950627,20.678559510994088,51.13894734465616
2025,069960,5.1259030371304135,,-0.01208686873262654,79.9314037345649,False,-0.4715069067933064,-6.401716536088642,41.04593322107264
2025,071050,2.426011331834282,3.8365941978370426,10.743883963933703,1021.9852085665826,True,1.3437895672704148,,211.08768502024697
2025,071320,4.454431539572318,2.4263190299265736,9.25251519348606,268.6648683445714,True,-9.696942949835762,4.201362051413371,72.13090873949497
2025,071970,0.33469031085998185,12.19874128578741,24.49299192566344,59.98824395331788,True,28.884568387438136,85.18078748193203,161.651376146789
2025,073240,1.3828981637450506,3.9173570031559652,18.459360348809064,181.54004615442753,True,12.143422822163231,43.206004231621975,29.092805005213762
2025,075580,0.6537303731362548,17.323550097961622,8.830075975877811,148.957031079965,True,-8.425200729756554,7.22626711270129,151.3960765058511
2025,077970,0.32341526408866667,31.421238580958434,9.840477811411262,250.29512648430105,True,14.948643095480962,123.85433030527876,51.87793427230047
2025,078930,5.558023942527519,3.848433274253766,4.675150820049164,89.836070295559,True,-2.6215030016751517,-17.777383106355472,86.73093113226811
2025,079160,0.7621715450102696,,-30.42410879357179,593.0300810822974,False,26.655098378627695,54.75906640368975,7.330415754923414
2025,079550,0.21846699831132171,26.144510191015446,17.50788351708323,394.99678687508055,True,41.92066766035531,23.28646681334845,208.3944450887535
2025,081660,1.4099705494586188,9.342669375960991,7.591349359967819,102.33133574074147,True,6.5420496471401135,18.88343061643227,14.764150651030516
2025,082640,2.3599178457650423,2.6515799940253846,15.980795054296221,1656.612936157005,True,,,63.108614232209746
2025,082740,0.21040681971789826,23.613272391352417,20.1272300702596,259.2975034478755,False,40.710046625939064,719.5129413144942,99.77678571428572
2025,085620,4.2521856968320595,4.429367626200331,5.30940739754403,1167.472728962147,True,,,272.86995515695065
2025,086280,1.0244609897716612,7.820941713677306,12.48088912381682,91.26403379093063,True,10.606845868327785,12.794773008182991,90.13786562477877
2025,086790,2.730933184698521,4.234222392432859,8.647991630983984,1363.7276120916006,True,,,92.22886095497138
2025,088350,6.359486189671376,2.592549080622009,6.06528181419778,1021.6306380084806,True,,,84.13926499032883
2025,089860,1.4480056031797572,9.874477054932363,6.993839355744069,377.09969974393533,True,1.457089492706931,-6.6778266455916,10.981769118763363
2025,090430,0.8672598522900169,10.207393770627277,11.296291450593191,27.36571071633635,True,5.747120260589278,103.82618257512507,35.82167095598878
2025,090460,1.6215863812882367,5.888607017210156,10.472426947005404,78.14433742043437,True,10.204163588714232,2.6669565677562845,62.323953303041705
2025,093050,4.270525316183976,4.581742168409177,5.110790196466948,64.42924661577183,True,2.922179548999382,119.8352761244509,74.68508094538176
2025,093370,0.6863688262284919,,-25.05178285630179,148.31956735252362,False,-16.32228640043626,,64.15929203539822
2025,096770,2.130205908830722,,-5.983728219000991,178.77210332755013,False,-3.327165309623148,-83.4292449771896,3.996366939146223
2025,097230,0.6296427415683788,104.37968952344498,1.521562506370178,541.9476582497808,False,-12.770660380107424,,294.8675496688742
2025,097950,3.380141906552547,10.009999921026193,2.9555001964444254,146.26746101973706,True,1.1563361664273186,20.24146677506671,-9.430845860448912
2025,100090,0.8949911832949056,47.2526364791188,2.3645864567478814,99.28944748578772,True,-28.430525623726666,-44.715730190242894,130.0156739811912
2025,100840,0.49099239618010426,18.009931267861983,11.308712890217432,68.67088240672855,True,-8.600995792290023,7.038311539819997,63.77496741374924
2025,103140,1.2835599004908012,7.258921577674285,10.732768318025142,86.26740174353516,True,10.402910283143264,41.60858847251774,52.92459014759561
2025,103590,0.4170305775844529,,,149.65301732384546,False,26.510574633881912,31.24848039366195,198.5068138167466
2025,105560,2.208374692122399,5.3863063491149,8.406905932458852,1166.9785819088302,True,,,92.8028319705263
2025,108320,1.2592460275723538,6.569100287555257,12.088809069559527,38.923737193534215,True,-1.8840112125492192,29.48111286159465,-3.8174095883501957
2025,111770,1.8750592016990273,7.053871773834194,7.560620767858602,38.35222960438566,True,-2.4009625380768895,-50.46968816795998,74.67660741944022
2025,112610,0.8375218111792168,9.97515474591063,11.969726641970043,200.72384305077153,True,102.11852179308747,144.09235310129014,87.44612584863822
2025,114090,0.6375446247611531,19.620305826892803,7.994358850320647,49.011898395851425,True,-0.07654060195518841,-24.880169116133956,13.192394141018159
2025,120110,4.321288399289977,7.892341095935373,2.932114338212631,92.10304794039051,True,-4.31037311062007,0.6965846037933376,186.04317657121175
2025,128940,0.41989057165502214,21.04192835361234,11.318225424446764,62.872287029279725,True,0.3094876007923908,-2.0412593566448867,139.316744192159
2025,137310,2.6857111969879184,,-3.346871713509534,32.60886947479128,False,5.932389105625258,,-13.403683911868303
2025,138040,0.5362356279118217,8.73515214506133,21.348819275358498,957.437018658411,True,-20.464802006189952,,-5.008210180623973
2025,138930,3.6273742824639204,4.09770297481612,6.727708335905902,1267.7458741284997,True,,,81.8780341810386
2025,139130,4.484282159843669,6.865888072715412,3.247957585633782,1417.1185367542043,True,,,96.59678734597712
2025,139480,6.113004788471633,,-4.349414815636528,157.36075985491365,False,-1.5314442088954383,,24.11379243507643
2025,161390,2.405404592270518,4.1146233601540025,10.103731039883925,41.58064227504802,True,5.283517347832811,32.705786940933464,50.117997087554485
2025,161890,0.9921300650774756,12.109959208320756,8.323168928624066,107.65269578344994,True,13.749193432588648,42.38700501940893,22.250011163843595
2025,175330,1.779246189141807,4.64298263621389,12.105058600249267,1065.4879773197515,True,,,75.0245467679334
2025,178920,0.7080605855455966,20.414583130306273,6.918135503013348,56.1146749852948,False,15.464138544423701,,38.76056657279632
2025,180640,0.6277320006618177,10.305017417340473,15.458843518391166,26.9832057917126,True,5.958986655910703,14.820729845359715,47.61610602239046
2025,181710,2.917154999385578,,-10.909884080599348,80.87136998813091,False,8.216944696224694,-158.67011208868732,109.72493686581726
2025,185750,0.8428883466409438,9.542744238089917,12.432448426273108,62.73992615361706,True,-4.970254134473484,-59.66673280579218,18.369631115994967
2025,192080,1.4700273110304753,4.351202287289893,15.63382774310379,5.7767840752754,True,8.782021658013672,16.61667103119422,1.9938006893018612
2025,192400,1.5833007237859609,5.513984328697309,11.4543661656004,14.498370244922077,True,7.968859953943053,19.162182221322198,32.009779400937234
2025,192820,0.26724066002536234,21.533554336029223,17.377277791636484,280.04591901154066,True,21.861963551519437,51.61351665115925,19.10199598671578
2025,195870,1.296940007058441,7.307248353460407,10.551792558224175,42.76966364636319,True,-10.301548618236966,-44.523716324706754,121.55923176367676
2025,204320,1.5220083665215653,11.096871885815672,5.9208272244453,163.84923586645436,True,5.422260982355476,28.46055049636471,36.37336470254971
2025,207940,0.14481239239324822,69.51074266350798,9.934416023225943,58.98038832987375,True,23.08060417857338,18.530670265942216,-3.363408296362047
2025,214320,1.558181560681458,5.702922350261208,11.253418783903408,163.07142741143977,False,,,9.508173745790028
2025,229640,0.2116971655411069,26.323629831554065,17.94482311474456,148.09282709777963,True,18.8625738310505,51.812678402700875,45.97390518446118
2025,241560,0.001056981961063329,10743.297261339303,8.806327488375079,74.19108474183814,True,-16.138009781590632,-39.99688040919752,34.491884342920784
2025,248070,0.5415715790122693,21.280725475966015,8.676762410542036,126.25160351259888,True,-18.279320780571783,-55.287743379108534,-1.0316269812713275
2025,251270,1.6648607096337098,1022.2905706810609,0.05875539372095965,49.38390715319778,False,6.463788021089623,,28.089787452177074
2025,259960,0.4390379608335958,11.941387317637762,19.074059918353612,15.965894776906033,True,41.83020465478266,53.960607336040134,-22.286749473669765
2025,267250,4.62591039885239,2.95504343527984,7.315414093880136,179.95597596349575,True,10.491091841886746,46.84072884005672,239.16266543004045
2025,267260,0.13937905261798883,21.70093286857381,33.06161683051579,151.7745924426652,True,22.922518205212448,112.22458633883865,198.66459867972114
2025,267270,0.5826050634923317,35.81597069296459,4.792355415688998,85.33665541247214,True,-10.115239858092828,-25.971787481646125,126.9260700389105
2025,268280,0.562035353832166,13.249485335623284,13.4288046524172,26.027318390061744,True,16.357946578611692,160.87226242484388,-16.59636689543178
2025,271560,0.7969067807393307,8.410820970845057,14.919493822199689,20.548251382074564,True,6.59192727201825,10.397552593821358,14.321213251726238
2025,272210,0.378693822201116,14.326960398133382,18.431374319618506,136.88007340462775,True,14.292505006881996,136.1834763969915,281.6328989986161
2025,278470,0.12638324903085157,23.792683067738974,33.25577433545968,74.68361974338526,True,37.980324752210805,17.766731737429573,398.3833949927715
2025,280360,2.1610045706140415,12.56708896803144,3.682219087375406,95.012729306271,True,-0.5444506673801475,-11.251213246152659,1.7614846544962592
2025,281820,0.7467626677686513,12.247112711135287,10.934116245626434,13.965476479968109,True,34.339817287749796,52.22554919801505,45.44072907343322
2025,282330,0.6870222857873413,8.82897037812705,16.48614499915792,187.34865938739375,True,6.150318746748251,-0.6108140547361418,38.786857522621055
2025,285130,4.5320361054597225,,-0.14390974420211003,76.95708489686612,False,-0.6861271217544651,-154.2307557890291,40.35915335384546
2025,293940,0.8665497930804946,133.96548169233282,0.8614172555368007,299.71263266276486,True,,34.36013996864165,6.186604254403116
2025,294870,2.323431984351222,8.60862463028196,4.9996115783589135,139.578079332313,True,1.5616407015923262,-5.4661862079432355,5.214891679114175
2025,298020,2.0110742140757187,4.922735976119106,10.101022972900806,159.57938153136163,True,3.31006961077398,26.868300220983656,91.28765433962197
2025,298040,0.5246384310352359,17.57579516939874,10.844884144939847,202.5275817374996,True,13.82160739612537,40.584772859603206,531.6060648699172
2025,298050,1.4641992163161983,10.109985580623741,6.755372378241723,230.1334797573221,True,3.4005425237177533,27.468028477972474,25.54115046030723
2025,300720,1.6647939258398463,5.549963908561075,10.823042365544556,62.51371632311486,True,-3.2136534428164554,10.090151623603095,10.464328804498901
2025,302440,0.6534344542787202,,-2.4780348835796517,40.60139806633104,False,-27.593768236378867,,10.392902408111526
2025,307950,0.5271287579508688,18.740050838224867,10.12307664700261,93.55480888185747,True,21.161466245471395,23.714071824162787,224.9515643221299
2025,316140,3.094819196239087,3.6571389357625264,8.835339832667085,1364.6869480209216,True,,,104.84761010786418
2025,322000,1.3868688826605642,2333.5692844783352,0.030898962428655006,22.746631321987305,False,-22.659604774856447,-80.03332806332217,471.8487394957983
2025,323410,0.6166575785553796,24.100471839838175,6.728687850442139,860.3061773533282,True,18.10616889430623,,11.11753501550201
2025,326030,0.07228143608743803,34.986312547457956,39.54349542640922,80.63401232102832,False,54.29960918778978,,-2.3668639053254448
2025,329180,0.18877122819386835,48.62170083187733,10.895171021195972,239.92675622543936,True,21.084446317183847,294.77363477987694,56.475311124389506
2025,330590,1.2305895923578576,89.54158502054963,0.9075320774642335,124.33977086805947,True,10.458469258788217,16.25264451154853,41.38973105708021
2025,336260,0.5539970928801777,,-2.0995818962026807,136.45309178457086,False,57.84036704805524,,164.72727272727275
2025,352820,0.34735623945655625,,-0.09766827492638268,55.93432009512763,False,3.560936088388633,-37.74752120466572,23.365981684066828
2025,353200,1.1234849841890235,32.79438658213977,2.714146064011641,24.35253193351639,True,-1.925526797387822,-52.55575492966016,457.40235599993264
2025,361610,1.297810485224113,,-10.609128294493564,78.53458208251347,False,-66.46009090606722,-1008.5640872089103,1.82648401826484
2025,365550,1.039733102710301,289.73724429766736,0.33195086422543196,132.80855289913106,True,7.399304009576135,9.740385563128573,-0.952947435676077
2025,373220,0.40346235928705443,226.67320334788334,1.0934446250587286,94.74821906985225,True,-24.079928357791434,-73.40153677318311,24.085365853658548
2025,375500,3.069749851488028,6.8864411181339635,4.730446929482408,100.43300150586514,True,4.096811564528813,-18.059227245324138,77.7145393186237
2025,377300,0.4593779513563056,,-1.1271443481383498,131.0389702954368,False,24.517620589183675,,65.52845528455285
2025,383220,0.6874400796594741,6.445817244977736,22.567692876214114,44.92533540483885,True,-4.169124686390124,-18.32028184159573,6.350481287579601
2025,383800,3.9147397874123615,2.979243408790084,8.574150710843682,1.9092422517610605,True,7.279824862184481,113.20788236580302,29.87409882129839
2025,395400,0.8916578392511039,607.3376972725251,0.18465944645734947,250.52853201786215,True,-0.43176496650322305,-1.1072945161466508,34.75236682883482
2025,402340,1.5997279497457375,3.353764075416512,18.638946379231687,11.92538427191867,False,-16.24843839775656,,439.2895802196601
2025,443060,0.1265729746328339,26.81128721450628,29.46736809999781,48.95623618423227,False,,,36.79950839154811
2025,448730,1.0938283777582258,1061.0358325839047,0.0861629903060174,110.43993638215153,True,9.834426042591016,5.746479196083887,31.119534010370266
2025,450080,0.18468289875840296,,-5.787152395969184,74.92233847588999,False,-68.52082467014732,-837.7362957188282,28.72340425531914
2025,451800,0.5237333423838683,224.22332488930124,0.8515477162713126,382.5116441236638,True,43.98819239314238,54.052863523883765,44.040675867360044
2025,453340,1.5040330942616764,5.984354863919526,11.110286773334341,42.58365247721058,True,24.270506345312114,49.0961217344885,14.768609390574273
2025,454910,0.1278995543448902,,-9.08341472546486,4.767636136403324,False,-11.705541088252925,,74.25334706488155
2025,456040,2.512501073399253,5.511103986673902,7.221960993151232,83.87603497657567,True,71.88403823503904,92.32422282546146,70.1086956521739
2025,457190,0.0925466801855385,125.0508439645243,8.640771655207953,146.22732922198557,False,182.54384100327843,,118.39080459770118
2025,462870,0.24786534402329533,20.841258484693434,19.357989550237605,5.157975009226534,False,,,-35.61904761904762
2025,475150,0.5146991347136648,21.005529151486137,9.249386670776923,202.38721792543913,False,,,292.0289855072464
2025,489790,0.2891146667271917,888.43919954792,0.38931592052617187,92.93009909745045,False,,,33.628318584070804
2025,499790,3.517134906947486,,-0.09193888982295077,83.51015055918218,False,,,150.3989312047309
